object,otype,majaxis_arcmin,minaxis_arcmin
*   1 Cas,*,,
*   1 Gem,**,0.0017,0.0
*   1 Vul,SB*,,
*   2 And,**,,
*   2 Cet,*,,
*   2 Cyg,**,,
*   2 Sco,**,,
*   2 Sex,PM*,,
*   2 UMi,PM*,,
*   3 Cen,**,,
*   3 Cet,s*r,,
*   3 Gem,s*b,0.01,0.0
*   4 CVn,dS*,,
*   5 LMi,PM*,,
*   5 UMi,*,,
*   6 Cep,Be*,,
*   6 Gem,s*r,,
*   6 Leo,*,,
*   8 Lac A,Be*,,
*   8 Lep,SB*,,
*   9 Aur,gD*,,
*   9 Cep,s*b,,
*   9 Cyg,SB*,,
*   9 Peg,*,,
*   9 Pup,**,,
*   9 Sge,s*b,,
*   9 Sgr,Y*O,,
*  10 Cas,Be*,,
*  10 LMi,RS*,,
*  10 Lac,**,0.06,0.0
*  10 Per,s*b,,
*  10 UMa,SB*,0.01,0.0
*  10 Vul,*,,
*  11 Aql,PM*,,
*  11 CMa,*,,
*  11 Cam,Be*,,
*  11 Gem,bC*,,
*  11 Sco,*,,
*  11 Sgr,Or*,,
*  12 Com,SB*,,
*  12 Peg,s*r,,
*  13 Cep,s*b,,
*  13 Lyn,*,,
*  13 Lyr,LP*,,
*  13 Tau,Be*,,
*  14 Aur,dS*,,
*  14 Com,*,,
*  14 Peg,SB*,,
*  15 Boo,PM*,,
*  15 Cyg,PM*,,
*  15 Mon,Be*,,
*  15 Peg,PM*,,
*  15 Sgr,s*b,,
*  16 Lac,bC*,,
*  16 Per,dS*,,
*  16 Ser,SB*,,
*  16 Tau,*,,
*  17 Com,a2*,,
*  17 Cyg,PM*,,
*  17 Lep,Sy*,,
*  17 Per,PM*,,
*  17 Tau,Be*,,
*  18 Aqr,PM*,,
*  18 Oph,*,,
*  18 Tau,PM*,,
*  19 Psc,C*,,
*  20 Aql,*,,
*  20 Boo,PM*,,
*  20 CVn,dS*,,
*  20 Cap,a2*,,
*  20 Crt,PM*,,
*  20 Eri,a2*,0.0017,0.0
*  20 UMi,PM*,,
*  21 Aql,a2*,,
*  21 LMi,dS*,,
*  21 Lyn,PM*,,
*  21 Ori,PM*,,
*  21 Per,a2*,,
*  22 And,*,,
*  22 Lyn,PM*,,
*  22 Psc,*,,
*  22 Tau,**,,
*  23 Ori,SB*,,
*  23 Tau,Be*,,
*  24 Psc,**,,
*  24 Tau,*,,
*  24 UMi,PM*,,
*  25 Gem,*,,
*  25 Her,**,,
*  25 Mon,dS*,,
*  25 Peg,Be*,,
*  25 Ser,SB*,,
*  26 Aur,**,0.0033,0.0
*  26 Cep,s*b,,
*  26 Dra,SB*,,
*  26 Hya,**,,
*  27 CMa,Be*,0.0017,0.0
*  27 Mon,PM*,,
*  28 Tau,Be*,,
*  29 Ari,SB*,,
*  29 CMa,SB*,,
*  29 Per,Pu*,,
*  31 Com,*,,
*  31 Crt,SB*,,
*  31 Cyg,SB*,,
*  31 Lyn,LP*,,
*  32 Aqr,SB*,,
*  32 Boo,PM*,,
*  32 Ori,**,,
*  33 Vel,**,,
*  34 Per,*,,
*  35 Peg,PM*,,
*  36 And,**,,
*  36 Tau,SB*,,
*  36 UMa,PM*,,
*  37 Cam,*,,
*  37 Gem,*,,
*  37 Peg,**,0.0017,0.0
*  37 Tau,PM*,,
*  37 UMa,PM*,,
*  39 Ari,PM*,,
*  39 Cet,RS*,,
*  39 Cru,Be*,,
*  39 Cyg,SB*,,
*  40 Cas,RG*,,
*  40 Cnc,BS*,,
*  40 Gem,**,,
*  41 And,PM*,,
*  41 Ari,**,,
*  44 Eri,*,,
*  45 Ori,*,,
*  45 Tau,PM*,,
*  47 Ari,PM*,,
*  47 Cyg,s*r,0.005,0.0
*  47 Lib,**,,
*  47 Oph,SB*,,
*  48 Cas,**,,
*  49 Cas,*,,
*  49 Cyg,**,,
*  49 Her,a2*,,
*  49 Leo,**,,
*  49 Ser A,**,,
*  50 Per,RS*,,
*  51 Gem,LP*,,
*  51 UMa,PM*,,
*  52 Her,a2*,,
*  54 Cam,RS*,,
*  55 Cas,**,,
*  55 Cyg,s*b,,
*  55 Eri B,a2*,,
*  55 Hya,*,,
*  55 Tau,**,0.0083,0.0
*  56 Leo,LP?,,
*  56 Peg,SB*,,
*  56 Tau,a2*,,
*  57 Cyg,SB*,,
*  57 Vir,PM*,,
*  58 And,PM*,,
*  58 Eri,BY*,,
*  58 Leo,**,,
*  59 UMa,PM*,,
*  60 Cyg,Be*,,
*  60 Peg,PM*,,
*  61 Cyg A,BY*,,
*  61 Cyg B,PM*,,
*  61 Vir,PM*,,
*  63 Aur,*,,
*  63 Her,dS*,,
*  63 Oph,*,,
*  63 Tau,SB*,,
*  64 Aql,RG*,,
*  66 Oph,Be*,,
*  67 Oph,s*b,,
*  68 Cyg,SB*,,
*  69 Dra,PM*,,
*  69 Vir,PM*,,
*  70 Oph,SB*,,
*  70 Oph A,SB*,,
*  70 Tau,SB*,,
*  70 Vir b,Pl,,
*  71 Tau,dS*,,
*  72 Peg,**,,
*  73 Dra,a2*,,
*  74 Dra,PM*,,
*  74 Oph,*,,
*  77 Aqr,PM*,,
*  77 Dra,*,,
*  77 Ori,*,,
*  78 Psc,PM*,,
*  78 UMa,**,,
*  80 Tau,**,,
*  81 Tau,SB*,,
*  82 Gem,**,0.005,0.0
*  83 Aqr,**,0.0033,0.0
*  83 Leo,**,,
*  85 Peg,SB*,,
*  87 Psc,SB*,,
*  88 Tau,SB*,,
*  90 Leo,**,,
*  93 Her,*,,
* 101 Tau,PM*,,
* 107 Psc,PM*,,
* 111 Her,PM*,,
* 125 Tau,SB*,,
* 171 Pup,SB*,,
* A Cen,Be*,,
* A Pup,Ce*,,
* B Cen,PM*,,
* B Vel,SB*,,
* D Hya,*,,
* G CMi,PM*,,
* I Car,*,,
* I Hya,Be*,,
* J Cen,**,,
* J Vel,Be*,,
* P Cyg,s*b,,
* P Pup,**,,
* Q Cen,**,,
* U Sge,SB*,,
* a Car,SB*,,
* a Vel,*,,
* alf And,a2*,,
* alf Aql,dS*,,
* alf Aqr,*,,
* alf Ari,PM*,,
* alf Aur,SB*,,
* alf Boo,RG*,,
* alf CMa,SB*,,
* alf CMa B,WD*,,
* alf CMi,SB*,,
* alf Cam,s*b,,
* alf Car,*,,
* alf Cen,SB*,,
* alf Cet,LP?,,
* alf Col,Be*,,
* alf Com A,PM*,,
* alf CrB,SB*,,
* alf Crv,PM*,,
* alf Cyg,sg*,,
* alf Del,**,,
* alf Dra,SB*,,
* alf Equ,SB*,,
* alf Eri,Be*,,
* alf Gem B,SB*,,
* alf Gru,PM*,,
* alf Her B,SB*,,
* alf Hya,*,,
* alf Lac,PM*,,
* alf Leo,PM*,,
* alf Lep,*,,
* alf Lup,bC*,,
* alf Lyr,dS*,,
* alf Mon,PM*,,
* alf Ori,s*r,,
* alf Peg,PM*,,
* alf Per,V*,,
* alf PsA,PM*,0.212,0.0
* alf Psc,a2*,,
* alf Psc B,*,,
* alf Pyx,*,,
* alf Scl,*,,
* alf Sco,s*r,,
* alf Sco B,Em*,,
* alf Sct,PM*,,
* alf Ser,PM*,,
* alf Sex,*,,
* alf Sge,*,,
* alf Tau,LP?,,
* alf Tri,SB*,,
* alf UMa,SB*,,
* alf Vir,bC*,,
* alf Vul,PM*,,
* alf01 CVn,PM*,,
* alf01 Cap,**,,
* alf02 CVn,a2*,,
* alf02 Cru,*,,
* b And,SB*,,
* b Aql,PM*,,
* b Eri,**,,
* b Leo,Pe*,,
* b Tau,PM*,,
* b Vel,s*y,,
* b01 Aqr,PM*,,
* b01 Car,bC*,,
* b02 Cyg,Be*,,
* b03 Hya,PM*,,
* bet And,PM*,,
* bet Ari,SB*,,
* bet CMa,bC*,,
* bet CMi,Be*,,
* bet CVn,**,,
* bet Cae,PM*,,
* bet Cam,*,,
* bet Car,PM*,,
* bet Cas,dS*,,
* bet Cep,bC*,,
* bet Cet,PM*,,
* bet Cnc,PM*,,
* bet Com,PM*,,
* bet CrB,a2*,,
* bet Dra,*,,
* bet Eri,PM*,,
* bet Gem,PM*,,
* bet Gru,LP?,,
* bet Her,SB*,,
* bet Hyi,PM*,,
* bet Lac,**,0.0033,0.0
* bet Leo,dS*,,
* bet Lib,PM*,,
* bet Lup,**,,
* bet Lyr,SB*,,
* bet Mon,**,,
* bet Mon A,Be*,,
* bet Mon B,*,,
* bet Oph,PM*,,
* bet Ori,s*b,,
* bet Peg,LP*,,
* bet Per,SB*,0.0167,0.0
* bet Pic,PM*,,
* bet Psc,Be*,,
* bet Pyx,*,,
* bet Scl,PM*,,
* bet Sex,a2*,,
* bet UMa,PM*,,
* bet UMi,*,,
* bet Vir,PM*,,
* bet01 Cyg,**,,
* bet01 Sco,bC*,,
* bet02 Cyg,Be*,,
* bet02 Sco,SB*,,
* c Boo,PM*,,
* c Gem,*,,
* c Her,**,,
* c Ori,Y*O,,
* c Per,Be*,,
* c Vir,RG*,,
* chi Car,bC*,,
* chi Cnc,PM*,,
* chi Cyg,S*,,
* chi Dra,SB*,,
* chi Her,PM*,,
* chi Leo,PM*,,
* chi Lup,SB*,,
* chi Oph,Be*,,
* chi Peg,PM*,,
* chi Pup,*,,
* chi Ser,a2*,,
* chi Vir,**,,
* chi01 Ori,SB*,,
* chi02 Ori,s*b,,
* d Boo,SB*,,
* d Dra,*,,
* d Lup,Be*,,
* d Oph,PM*,,
* d Sco,PM*,,
* del And,SB*,,
* del Aql,**,,
* del Aqr,PM*,,
* del Aur,SB*,,
* del CMa,s*y,,
* del Cet,bC*,,
* del Col,SB*,,
* del Crt,PM*,,
* del Cyg,PM*,,
* del Del,dS*,,
* del Gem,SB*,0.093,0.0
* del Hyi,PM*,,
* del Ind,**,0.0017,0.0
* del Lep,PM*,,
* del Lup,bC*,,
* del Oph,PM*,,
* del Ori,**,,
* del Per,Be*,,
* del Sco,SB*,0.0033,0.0
* del Sct,dS*,,
* del Tau,SB*,,
* del Tri,SB*,,
* del UMa,PM*,,
* del Vir,RG*,,
* del Vol,*,,
* del01 Tel,SB*,,
* del02 Ori,SB*,,
* del02 Tau,PM*,,
* del03 Tau,a2*,,
* e Cyg,*,,
* e Eri,PM*,,
* e Gem,PM*,,
* e Lup,SB*,,
* e Oph,PM*,,
* e Ori,*,,
* e Tau,Pu*,,
* e UMa,dS*,,
* e01 Sgr,PM*,,
* eps And,PM*,,
* eps Aps,Be*,,
* eps Aqr,*,,
* eps Ari A,*,,
* eps Ari B,*,,
* eps Aur,SB*,,
* eps Boo,PM*,,
* eps CMa,*,,
* eps Cap,Be*,,
* eps Cep,SB*,,
* eps Cyg,**,,
* eps Dra,PM*,,
* eps Eri,BY*,,
* eps Gem,*,,
* eps Her,SB*,,
* eps Hya C,SB*,,
* eps Leo,*,,
* eps Lep,PM*,,
* eps Mon A,*,,
* eps Nor,SB*,,
* eps Ori,s*b,,
* eps Pav,PM*,,
* eps Peg,LP*,,
* eps Per,bC*,,
* eps Psc,PM*,0.005,0.0
* eps Sex,PM*,,
* eps Tau,**,,
* eps UMa,a2*,,
* eps Vir,PM*,,
* eta CMa,s*b,,
* eta Cap,**,0.0067,0.0
* eta Car,s*b,,
* eta Cas,PM*,,
* eta Cen,Be*,,
* eta Cep,PM*,,
* eta CrB A,*,,
* eta Cru,SB*,,
* eta Cyg,*,,
* eta Gem,RG*,,
* eta Her,PM*,,
* eta Hya,bC*,,
* eta Lep,PM*,,
* eta Oph,**,,
* eta Ori,bC*,,
* eta Per,*,,
* eta Psc,**,0.01,0.0
* eta Scl,LP*,,
* eta Sco,PM*,,
* eta Sct,PM*,,
* eta Ser,PM*,,
* eta Tau,Be*,,
* eta UMa,PM*,,
* f Car,Be*,,
* f Cen,Pu*,,
* f UMa,PM*,,
* f01 Cyg,Be*,,
* f01 Ori,Be*,,
* f02 Cyg,*,,
* g Her,AB*,,
* gam Aql,*,,
* gam CMi,SB*,,
* gam Cap,a2*,,
* gam Cas,HXB,,
* gam Cep,SB*,,
* gam Cnc,PM*,,
* gam CrB A,PM*,,
* gam Cyg,*,,
* gam Eri,LP?,,
* gam Gem,SB*,,
* gam Her,PM*,,
* gam Hyi,PM*,,
* gam Mon,*,,
* gam Oph,PM*,,
* gam Ori,*,,
* gam Peg,bC*,,
* gam Sct,*,,
* gam Sge,PM*,,
* gam UMa,Em*,,
* gam Vir,PM*,,
* gam01 And,*,0.163,0.0
* gam01 Ari,PM*,,
* gam01 Leo,PM*,,
* gam02 Leo,PM*,,
* gam02 Vel,WR*,,
* h Cen,SB*,,
* h Dra,SB*,,
* h Ori,SB*,,
* i Boo,**,,
* i Cen,SB*,,
* i Per,sg*,,
* i Sco,*,,
* i Tau,dS*,,
* iot Ara,Be*,,
* iot Cas,a2*,,
* iot Cen,PM*,,
* iot Cet,*,,
* iot CrB,SB*,,
* iot Del,SB*,,
* iot Dra,RG*,,
* iot Her,bC*,,
* iot Hya,PM*,,
* iot Lep,**,,
* iot Lib,SB*,,
* iot Ori,SB*,,
* iot Peg,SB*,,
* iot Per,PM*,,
* iot Psc,PM*,,
* iot UMa A,SB*,,
* iot Vir,PM*,,
* iot Vol,*,,
* iot01 Nor,**,0.005,0.0
* k Per,PM*,,
* k Sco,s*b,,
* kap Aql,*,,
* kap Aur,PM*,,
* kap Cap,PM*,,
* kap Cas,s*b,,
* kap Cen,bC*,,
* kap Cru,SB*,,
* kap Cyg,PM*,,
* kap Del,PM*,,
* kap Dra,Be*,,
* kap Gem,PM*,,
* kap Her A,*,,
* kap Ori,s*b,,
* kap Sco,bC*,,
* kap UMa,**,0.005,0.0
* kap Vir,PM*,,
* kap01 Cet,BY*,,
* kap02 Aps,Pu*,,
* kap02 Boo,dS*,,
* ksi Boo,BY*,,
* ksi Boo A,PM*,,
* ksi Boo B,PM*,,
* ksi Cep,**,,
* ksi Cep A,SB*,0.0017,0.0
* ksi Cyg,SB*,,
* ksi Her,LP*,,
* ksi Leo,PM*,,
* ksi Sco B,PM*,,
* ksi UMa,RS*,,
* ksi UMa A,SB*,,
* ksi UMa B,SB*,,
* ksi01 Cet,SB*,,
* ksi02 Cen,SB*,,
* l Cen,**,,
* lam And,RS*,,
* lam Aql,PM*,,
* lam Aqr,LP*,,
* lam Cep,s*b,,
* lam Eri,Be*,,
* lam Lep,**,,
* lam Lib,SB*,,
* lam Nor,**,0.0067,0.0
* lam Ori,**,,
* lam Ori A,Em*,,
* lam Peg,PM*,,
* lam Sco,bC*,,
* lam Ser,PM*,,
* lam Tau,SB*,,
* lam Tel,*,,
* lam UMi,LP*,,
* m Tau,**,,
* mu. And,PM*,,
* mu. Cas,SB*,,
* mu. Cep,s*r,,
* mu. Dra B,SB*,,
* mu. Eri,SB*,,
* mu. Gem,LP*,,
* mu. Leo,PM*,,
* mu. Lep,a2*,,
* mu. Ori,SB*,,
* mu. Ori B,SB*,,
* mu. Sgr,s*b,,
* mu. Vel,PM*,,
* mu. Vir,PM*,,
* mu.01 Cyg,Pe*,,
* mu.01 Her,**,,
* mu.02 Cnc,PM*,,
* mu.02 Her,**,,
* n Leo,SB*,,
* nu. Cap,*,,
* nu. Gem,Be*,,
* nu. Lib,*,,
* nu. Ori,SB*,,
* nu. UMa,*,,
* nu.01 CrB,*,,
* nu.01 Dra,PM*,,
* nu.02 CMa,PM*,,
* nu.02 Sco,**,,
* nu.02 Sgr,PM*,,
* o Leo,SB*,,
* o Tau,*,,
* o Vir,a2*,,
* ome Aur,PM*,,
* ome Car,Be*,,
* ome Oph,a2*,,
* ome Ori,Be*,,
* ome Sco,bC*,,
* omi And,Be*,,
* omi Aqr,Be*,,
* omi Cas,Be*,,
* omi Cet,Mi*,,
* omi Her,Be*,,
* omi Leo,SB*,,
* omi Lup,**,0.0017,0.0
* omi Per,SB*,,
* omi Pup,Be*,,
* omi Tau,SB*,,
* omi Vel,Pu*,,
* omi01 CMa,s*r,,
* omi02 Eri,PM*,,
* p Tau,dS*,,
* phi Cas,s*y,,
* phi Cen,Pu*,,
* phi Per,Be*,,
* phi01 Lup,PM*,,
* phi01 Pav,PM*,,
* phi02 Ori,PM*,,
* pi. Aqr,Be*,,
* pi. Aur,LP*,,
* pi. CMa,PM*,,
* pi. Cap,SB*,,
* pi. Cet,SB*,,
* pi. Her,*,,
* pi. Lup,**,,
* pi. Sco,SB*,,
* pi. Ser,*,,
* pi. Vir,SB*,,
* pi.01 Cyg,SB*,,
* pi.01 UMa,BY*,,
* pi.01 UMi A,PM*,,
* pi.02 Cyg,SB*,0.0017,0.0
* pi.03 Ori,PM*,,
* pi.04 Ori,SB*,,
* psi And,**,,
* psi Cen,PM*,,
* psi Per,Be*,,
* psi UMa,PM*,,
* psi01 Ori,Be*,,
* psi02 Aqr,Be*,,
* psi02 Aur,PM*,,
* psi02 Ori,bC*,,
* q Pup,PM*,,
* q Tau,SB*,,
* r Her,SB*,,
* rho Aur,SB*,,
* rho Boo,PM*,,
* rho Cas,LP*,,
* rho Cet,*,,
* rho Gem,PM*,,
* rho Her B,*,,
* rho Leo,s*b,,
* rho Oph A,SB*,,
* rho Oph B,*,,
* rho Ori,SB*,,
* rho Per,LP*,,
* rho Psc,*,,
* rho Pup,dS*,,
* rho Vir,dS*,,
* rho01 Cnc,PM*,,
* rho03 Eri,PM*,,
* s Eri,SB*,,
* sig Ara,*,,
* sig Ari,*,,
* sig Boo,PM*,,
* sig Cyg,s*b,,
* sig Gem,RS*,0.075166665,0.067833334
* sig Leo,PM*,,
* sig Lup,El*,,
* sig Ori E,Y*O,0.005,0.0
* sig Pup,SB*,,
* sig Sco,bC*,,
* sig Sgr,**,,
* sig02 UMa,PM*,,
* t Vel,**,,
* tau Boo,PM*,,
* tau CMa,SB*,,
* tau Cas,PM*,,
* tau Cnc,*,,
* tau CrB,PM*,,
* tau Cyg,dS*,0.015,0.0
* tau Dra,PM*,,
* tau Gem,PM*,,
* tau Her,Pu*,,
* tau Lib,SB*,,
* tau Ori,*,,
* tau Pav,*,,
* tau Peg,dS*,,
* tau Per,SB*,,
* tau Sco,*,,
* tau Tau,SB*,,
* tau UMa,SB*,,
* tau07 Ser,**,,
* tau09 Eri,a2*,,
* tet And,**,,
* tet Boo,PM*,,
* tet Car,SB*,,
* tet Cen,PM*,,
* tet Cir,Be*,,
* tet CrB,Be*,0.013,0.0
* tet Cyg,PM*,,
* tet Dra,SB*,,
* tet Her,*,,
* tet Leo,PM*,,
* tet Lyr,*,,
* tet Mus,WR*,,
* tet Oph,bC*,,
* tet Per,PM*,,
* tet Psc,PM*,,
* tet Sco,*,,
* tet UMa,PM*,,
* tet Vir,**,,
* tet01 Mic,a2*,0.0033,0.0
* tet01 Ori A,Ae*,,
* tet01 Ori B,EB*,,
* tet01 Ori C,SB*,,
* tet01 Ori D,Y*O,,
* tet01 Ori G,Y*O,,
* tet01 Tau,SB*,,
* tet02 Ori A,SB*,,
* tet02 Ori B,Y*O,,
* tet02 Tau,dS*,,
* ups And,PM*,,
* ups Cyg,Be*,,
* ups Oph,SB*,0.015,0.0
* ups Ori,SB*,,
* ups Peg,PM*,,
* ups Per,PM*,,
* ups Sco,*,,
* ups Sgr,Be*,,
* ups02 Cas,Pe*,,
* ups02 Eri,PM*,,
* v Cen,*,,
* y Car,sg*,,
* y Vel,Pe*,,
* z Vel,*,,
* zet CMa,Ce*,,
* zet Cas,bC?,,
* zet Crv,Be*,,
* zet Dra,**,,
* zet Eri,SB*,,
* zet Her,SB*,,
* zet Hya,PM*,,
* zet Leo,*,,
* zet Lep,*,,
* zet Mon,*,,
* zet Oph,Be*,,
* zet Ori A,SB*,,
* zet Ori B,*,,
* zet Per,s*b,,
* zet Psc B,SB*,,
* zet Pup,BY*,,
* zet Sgr,**,0.01,0.0
* zet Tau,Be*,,
* zet UMi,V*,,
* zet01 Aqr,PM*,,
* zet01 Cnc,**,,
* zet01 Sco,s*b,,
* zet04 Lib,*,,
** LCS    9,Y*?,,
14P  8,Rad,,
15V  8,Rad,,
15V 30,Rad,,
15V 44,Rad,,
18P  59,HII,2.3,1.4
19P 39,Rad,,
1A 0535-668,HXB,,
1AXG J012052-7335,X,,
1AXG J034514+2440,X,,
1AXG J043244+1802,X,,
1B 910424,gB,,
1B 910429,gB,,
1B 910518B,gB,,
1B 910601,gB,,
1B 910626,gB,,
1B 910629,gB,,
1B 910814,gB,,
1B 910905,gB,,
1B 911016,gB,,
1B 911118,gB,,
1B 911202,gB,,
1B 911210,gB,,
1E 0354.6-3650,**,,
1E 0439.3-1102,X,,
1E 0630.4+1848,X,,
1E 114125+2007.2,X,,
1E 114211+1954.3,X,,
1E 1408+52.3,*,,
1ES 0215-02.1,X,,
1ES 0303+06.7,X,,
1ES 0737+39.5,X,,
1ES 1047+07.0,X,,
1ES 1241+72.3,X,,
1ES 1457+03.3,X,,
1ES 1616+43.6,X,,
1ES 1702+48.2,X,,
1ES 2039+75.8,X,,
1H 0055+753,X,,
1H 0102+017,X,,
1H 0130+473,QSO,,
1H 0201-029,QSO,,
1H 0219+625,X,,
1H 0247-370,X,,
1H 0256-617,X,,
1H 0324+674,X,,
1H 0326+787,X,,
1H 0336-434,X,,
1H 0342-392,X,,
1H 0410+529,X,,
1H 0427+177,X,,
1H 0443+836,X,,
1H 0451-560,X,,
1H 0455+134,X,,
1H 0504-290,X,,
1H 0520+121,X,,
1H 0525+340,X,,
1H 0543-289,X,,
1H 0546-439,X,,
1H 0613+479,X,,
1H 0627-563,X,,
1H 0633+049,X,,
1H 0637+535,X,,
1H 0646+152,X,,
1H 0655+375,X,,
1H 0705-812,X,,
1H 0707+443,X,,
1H 0723-749,X,,
1H 0725-132,X,,
1H 0757-384,X,,
1H 0802-469,X,,
1H 0806-545,X,,
1H 0823+301,X,,
1H 0834-793,X,,
1H 0921+633,X,,
1H 0926-362,X,,
1H 1005-365,X,,
1H 1006-472,X,,
1H 1109-783,X,,
1H 1120+423,X,,
1H 1247+755,X,,
1H 1303-047,X,,
1H 1305+466,X,,
1H 1356+566,X,,
1H 1357+033,X,,
1H 1426+120,X,,
1H 1427+013,X,,
1H 1448+415,X,,
1H 1521+083,X,,
1H 1521+308,X,,
1H 1530-754,X,,
1H 1645-519,X,,
1H 1652-180,X,,
1H 1715-321,LXB,,
1H 1905+550,X,,
1H 1911-389,X,,
1H 1917+141,X,,
1H 1926+182,X,,
1H 1942+607,X,,
1H 1948+276,X,,
1H 2017-021,X,,
1H 2018-529,X,,
1H 2044-032,err,,
1H 2108+019,X,,
1H 2118-342,X,,
1H 2150+171,X,,
1H 2159+642,X,,
1H 2200+609,X,,
1H 2206-052,X,,
1H 2217-392,X,,
1H 2251+450,X,,
1H 2336-864,X,,
1RXH J153456.1+232822,GrG,,
1RXS J091657.6-194613,WD*,,
1RXS J124830.1-594449,Or*,,
1RXS J175548.3+623641,ClG,29.944,29.944
1RXS J194343.1+500440,WD*,,
1RXS J225352.8+624354,HXB,,
22P 27,Rad,,
22P 58,Rad,,
22P 62,Rad,,
22P 69,Rad,,
22P 73,Rad,,
22P 82,Rad,,
23P  3,Rad,,
23P 15,Rad,,
23P 26,Rad,,
23P 29,Rad,,
23P 32,Rad,,
23P 37,Rad,,
23P 42,Rad,,
23P 58,Rad,,
23P 59,Rad,,
26P   3,Sy1,,
28P  86,Rad,,
29P 25,Rad,,
29P 32,Rad,,
29P 38,Rad,,
2A 0251+413,ClG,,
2A 0626-541,SCG,,
2B 920318,gB,,
2B 920408,gB,,
2B 920615B,gB,,
2B 920730,gB,,
2B 921214,gB,,
2B 930131,gB,,
2C   26,BLL,,
2C   94,Sy2,0.526897,0.443805
2C  317,LIN,0.313,0.169
2C  524,Sy2,,
2C  608,rG,,
2C 1473,Sy2,0.467,0.42
2E   115,Sy1,,
2E   123,X,,
2E   141,Sy1,0.177,0.138
2E   152,X,,
2E   157,XB?,,
2E   164,XB?,,
2E   171,ClG,,
2E   280,AGN,,
2E   407,X,,
2E   418,GlC,,
2E   437,Sy1,,
2E   711,ClG,,
2E   756,ULX,,
2E   792,Sy1,,
2E   962,Sy1,,
2E  1485,ClG,,
2E  1831,LXB,,
2E  2334,Sy2,0.408647,0.39083
2E  2370,Sy1,,
2E  2592,Sy1,,
2E  2688,Sy1,0.14,0.14
2E  3546,Sy1,0.34,0.29
2E  3716,Sy1,,
2E  3938,HXB,,
2E  4144,Sy1,,
2E  4784,*,,
2E  4802,ClG,,
2E 0012.7-7307,X,,
2E 0105.9-7259,X,,
2E 0132.0+3014,X,,
2E 0233.7+0649,*,,
2E 0420.0-3838,X,,
2E 0458.3-6830,X,,
2E 1022.1-5730,X,,
2E 1216.1+2819,*,,
2E 1257.9+3609,X,,
2E 1621.6+2724,X,,
2E 1704.7+6054,X,,
2E 1842.9+2036,X,,
2E 2112.3-6804,X,,
2EG J0506+3424,gam,,
2EG J2354+3811,gam,,
2EUVE J0051-41.0,UV,,
2EUVE J0113-64.1,UV,,
2EUVE J0224+37.4,*,,
2EUVE J0229-01.5,UV,,
2EUVE J0437-47.5,Sy1,,
2EUVE J1531-19.4,UV,,
2EUVE J1639-57.6,UV,,
2EUVE J1717-23.1,UV,,
2EUVE J1745-88.3,UV,,
2EUVE J1951-58.5,UV,,
2EUVE J1958+55.0,UV,,
2EUVE J2041-36.8,UV,,
2EUVE J2228+11.6,UV,,
2EUVE J2323-24.7,UV,,
2EUVE J2323-26.8,UV,,
2FGL J1959.6-2931,Bla,,
2LC 359.872+0.178,rG,,
2MASS J00040863+2040195,*,,
2MASS J00144470-2303126,Q?,,
2MASS J00263301+1708492,*,,
2MASS J00320079+8511465,RG*,,
2MASS J00330933+4832245,*,,
2MASS J00331281+4828500,*,,
2MASS J00363876+4216285,*,,
2MASS J00372537-3146226,*,,
2MASS J00384781+4041056,G,,
2MASS J00395435+4024089,*,,
2MASS J00401151+5836007,*,,
2MASS J00401337+4024523,*,,
2MASS J00401704+4051266,*,,
2MASS J00402727+4129098,G,,
2MASS J00403355+4036473,s*r,,
2MASS J00405948+4045425,s*r,,
2MASS J00410859+4033486,Pe*,,
2MASS J00410968+4048220,*,,
2MASS J00411486+4050013,*,,
2MASS J00412835-2803154,*,,
2MASS J00413713-2734195,*,,
2MASS J00414867+4044129,*,,
2MASS J00420119+4122320,*,,
2MASS J00420663-2854471,*,,
2MASS J00422404+4118322,Gl?,,
2MASS J00423644+4116578,PN,,
2MASS J00423822-2455218,AGN,,
2MASS J00423857+4114088,PN,,
2MASS J00424214+4114241,PN,,
2MASS J00424589+4115149,PN,,
2MASS J00424684+4116146,AG?,,
2MASS J00425759+4117400,Gl?,,
2MASS J00430078+4117466,Gl?,,
2MASS J00430085+4024009,*,,
2MASS J00430399+4116182,Gl?,,
2MASS J00442694-2735004,*,,
2MASS J00444145-2851213,*,,
2MASS J00462418+4030110,*,,
2MASS J00462636-2726183,*,,
2MASS J00464808-2435533,*,,
2MASS J00465990-3054505,*,,
2MASS J00470583-2558223,*,,
2MASS J00484931-2513018,UV,,
2MASS J00493033-2630121,*,,
2MASS J00520621-2541571,*,,
2MASS J00524683-2752496,UV,,
2MASS J00525142-2630131,HS?,,
2MASS J00542783-2454520,*,,
2MASS J00551124-2451236,*,,
2MASS J00565964+3003475,PM*,,
2MASS J00574883-2500564,*,,
2MASS J00575531-3021533,*,,
2MASS J00594410-3334543,*,,
2MASS J00595191-3347436,Ev*,,
2MASS J00595698-3344168,Ev*,,
2MASS J00595754-3348540,RG*,,
2MASS J01000552-3340160,Ev*,,
2MASS J01000746-3343198,Pe*,,
2MASS J01001690-3343514,Ev*,,
2MASS J01002000-3345446,*,,
2MASS J01002287-3341266,*,,
2MASS J01002495-3344567,*,,
2MASS J01004628-3342338,RG*,,
2MASS J01005748-3003520,*,,
2MASS J01020342+3141176,PM*,,
2MASS J01024512-7052105,RG*,,
2MASS J01035902+3047202,PM*,,
2MASS J01045962+0152210,Q?,,
2MASS J01051747-2637291,*,,
2MASS J01060605-3023525,UV,,
2MASS J01061061-7142016,Ce*,,
2MASS J01065621-2737283,*,,
2MASS J01101610-2842574,*,,
2MASS J01201296+6701057,PM*,,
2MASS J01325640+3035490,s?r,,
2MASS J01330981+3023535,s*r,,
2MASS J01331258+3040160,blu,,
2MASS J01332486+3017541,s*r,,
2MASS J01332834+3031273,s*r,,
2MASS J01332882+3100415,s*r,,
2MASS J01333140+3033517,Ce*,,
2MASS J01333993+3034188,GlC,,
2MASS J01334208+3051127,s*r,,
2MASS J01334880+3019131,s?r,,
2MASS J01334894+3039005,*,,
2MASS J01340235+3045437,s?r,,
2MASS J01340693+3025528,s?r,,
2MASS J01341224+3053141,s*r,,
2MASS J01341506+3037473,*,,
2MASS J01342151+3055412,s*r,,
2MASS J01343181+3027213,s*r,,
2MASS J01352541+3032285,*,,
2MASS J01395577+0619225,Sy1,,
2MASS J01542798+0448183,Sy1,0.12,0.12
2MASS J02044138+5708529,*,,
2MASS J02044856+5708154,SB*,,
2MASS J02045447+5706455,*,,
2MASS J02050126+5708242,*,,
2MASS J02210980+6158441,NIR,,
2MASS J02222161+6149443,NIR,,
2MASS J02225763+6158426,NIR,,
2MASS J02241320+6154255,NIR,,
2MASS J02241725+6203375,NIR,,
2MASS J02254334+6206154,Y*O,,
2MASS J02254485+6203413,Y*O,,
2MASS J02261314+6147537,NIR,,
2MASS J02261528+6127403,*,,
2MASS J02263724+6148278,*,,
2MASS J02265336+6157006,Y*O,,
2MASS J02272227+6154426,Y*?,,
2MASS J02274721+6155251,NIR,,
2MASS J02294961+6135426,Y*O,,
2MASS J02295504+6118060,Y*O,,
2MASS J02302948+6119446,Y*O,,
2MASS J02303569+6134487,Y*O,,
2MASS J02310240+6133293,Y*O,,
2MASS J02310810+6132015,Y*O,,
2MASS J02313092+6135142,Y*O,,
2MASS J02314056+6145142,Y*O,,
2MASS J02314978+6132414,Y*O,,
2MASS J02315280+6141094,Y*O,,
2MASS J02315442+6121180,Y*O,,
2MASS J02321128+6112138,Y*O,,
2MASS J02324129+6130581,Y*O,,
2MASS J02324149+6127452,Y*O,,
2MASS J02324603+6127568,Y*O,,
2MASS J02325397+2806272,PM*,,
2MASS J02330859+6120523,Y*O,,
2MASS J02334867+6144487,Y*O,,
2MASS J02335330+6118262,Y*O,,
2MASS J02340144+6147368,Y*O,,
2MASS J02340884+5659267,*,,
2MASS J02341209+6111209,Y*O,,
2MASS J02341742+6144055,Y*O,,
2MASS J02343221+6147078,Y*O,,
2MASS J02343565+6129263,Y*O,,
2MASS J02344193+6130254,Y*O,,
2MASS J02344988+5923298,*,,
2MASS J02345341+6125504,Y*O,,
2MASS J02353126+6110057,Y*O,,
2MASS J02360953+6133522,dS*,,
2MASS J02362718+6117290,Y*O,,
2MASS J02383626-3445200,PM*,,
2MASS J02394011-3434024,RG*,,
2MASS J02394336-3413485,RG*,,
2MASS J02400007-3429507,RG*,,
2MASS J02424404-0001196,,,
2MASS J02522071+0602212,RS*,,
2MASS J03022876+0007117,LM*,,
2MASS J03024078+0010235,G,,
2MASS J03181744+1824202,PM*,,
2MASS J03222421+4732120,Y*?,,
2MASS J03223353-3715123,*,,
2MASS J03224302-3708597,*,,
2MASS J03283107+3117040,LM*,,
2MASS J03283254+3108351,*,,
2MASS J03283450+3100510,Y*O,0.237,0.189
2MASS J03283641+3128569,Y*?,,
2MASS J03283900+3108076,NIR,,
2MASS J03283954+3121571,*,,
2MASS J03285110+3112564,Y*?,,
2MASS J03285216+3122453,Or*,,
2MASS J03285496+3118153,Y*O,0.167,0.167
2MASS J03285558+3130322,Y*O,,
2MASS J03285573+3130580,*,,
2MASS J03285663+3118356,Or*,,
2MASS J03285694+3116222,Y*O,,
2MASS J03285741+3119505,Or*,,
2MASS J03285842+3122175,Y*O,,
2MASS J03290268+3119056,Y*O,,
2MASS J03290332+3123148,Y*O,,
2MASS J03290386+3121487,Or*,,
2MASS J03290794+3122515,Y*O,,
2MASS J03290842+3115284,NIR,,
2MASS J03290915+3121445,Y*O,,
2MASS J03290964+3122564,Y*O,,
2MASS J03291184+3121557,Y*?,,
2MASS J03291243+3114565,Or*,,
2MASS J03291655+3121025,Y*O,,
2MASS J03291667+3116182,Y*O,,
2MASS J03292130+3123464,Y*O,,
2MASS J03292141+3115552,*,,
2MASS J03292588+3130276,NIR,,
2MASS J03292681+3126475,Or*,,
2MASS J03292805+3118391,*,,
2MASS J03292895+3107408,*,,
2MASS J03293431+3123427,*,,
2MASS J03294116+3144371,*,,
2MASS J03320732+3029361,AB?,,
2MASS J03333534+4902133,Y*O,,
2MASS J03383114-3528099,*,,
2MASS J03414461-0141413,Sy1,,
2MASS J03433521+2524312,Y*O,,
2MASS J03434860+2332218,Y*O,,
2MASS J03445991-2451593,Sy1,,
2MASS J03450400+2515282,Y*O,,
2MASS J03460275+2344146,Y*O,,
2MASS J03460651+2350204,Y*O,,
2MASS J03461174+2437203,Y*O,,
2MASS J03472534+2402570,Y*O,,
2MASS J03481705+2337435,*,,
2MASS J04074820-1211041,PM*,,
2MASS J04182147+1658470,TT*,,
2MASS J04193697+1433329,LM*,,
2MASS J04193856+2146142,*,,
2MASS J04213020+1508249,*,,
2MASS J04244506+2701447,TT*,,
2MASS J04285859+1517386,LM*,,
2MASS J04311242+1750475,Y*?,,
2MASS J04314444+1808315,Y*O,,
2MASS J04325119+1730092,Or*,,
2MASS J04484817+2538123,AB?,,
2MASS J04521581-6919547,*,,
2MASS J04522342-6922365,*,,
2MASS J04531074-7001255,*,,
2MASS J04533852-6959459,*,,
2MASS J04540684-6957191,*,,
2MASS J04541082-6957590,*,,
2MASS J04541398-6957501,*,,
2MASS J04541531-6959265,*,,
2MASS J04542049-6959020,LP*,,
2MASS J04544306-6713180,*,,
2MASS J04545320-6712116,*,,
2MASS J04550248-6712114,*,,
2MASS J04551267-6713298,*,,
2MASS J04551271-6709288,*,,
2MASS J04553105-6711185,*,,
2MASS J04553561-6708556,Pe*,,
2MASS J04562393-6629355,*,,
2MASS J04564440-6626569,*,,
2MASS J04564649-6623094,*,,
2MASS J04564698-6628199,*,,
2MASS J04565079-6629367,*,,
2MASS J04565104-6624521,*,,
2MASS J04565572-6627389,*,,
2MASS J04570157-6627484,*,,
2MASS J04570366-6624117,*,,
2MASS J04570608-6623331,*,,
2MASS J04590306-6559223,LP*,,
2MASS J04591166-6600262,LP*,,
2MASS J04591866-7009092,*,,
2MASS J04591942-7007265,*,,
2MASS J04592623-7009312,*,,
2MASS J04593111-7009020,*,,
2MASS J04593416-7007298,*,,
2MASS J04594124-7013476,*,,
2MASS J04595011-7009502,*,,
2MASS J04595308-7011350,*,,
2MASS J04595316-7014132,*,,
2MASS J05001031-7010373,*,,
2MASS J05001105-7014318,*,,
2MASS J05001164-7011581,*,,
2MASS J05002386-7010595,*,,
2MASS J05003113-7010199,*,,
2MASS J05050146-6802137,*,,
2MASS J05051336-6803295,*,,
2MASS J05051381-6802460,LP*,,
2MASS J05091011-6841368,LP*,,
2MASS J05091423-6907448,LP*,,
2MASS J05094237-6845160,LP*,,
2MASS J05135384-6726248,*,,
2MASS J05135828-6726562,*,,
2MASS J05140335-6728429,*,,
2MASS J05165464+0716192,Y*O,,
2MASS J05215494-6753534,*,,
2MASS J05221392-6758372,*,,
2MASS J05222057-6756482,*,,
2MASS J05222317-6753576,*,,
2MASS J05224097-7119067,pA?,0.19,0.19
2MASS J05252537-6729556,*,,
2MASS J05253532-6728566,*,,
2MASS J05254070-6730412,*,,
2MASS J05255033-6727114,LP*,,
2MASS J05260895-6917385,*,,
2MASS J05261099-6918094,*,,
2MASS J05261191-6731517,*,,
2MASS J05261340-6919515,*,,
2MASS J05262209-6731592,*,,
2MASS J05262346-6918564,LP*,,
2MASS J05263076-6919328,*,,
2MASS J05263085-6850579,*,,
2MASS J05263267-6918402,*,,
2MASS J05263369-6919260,*,,
2MASS J05263733-6849405,*,,
2MASS J05263884-6848284,*,,
2MASS J05264258-6850499,*,,
2MASS J05264486-6918073,*,,
2MASS J05264488-6850358,*,,
2MASS J05265086-6849124,*,,
2MASS J05265189-6850479,*,,
2MASS J05284449-6614039,C*,,
2MASS J05314705-6840374,*,,
2MASS J05314857-6839089,*,,
2MASS J05315112-6839265,*,,
2MASS J05321381-6839358,*,,
2MASS J05321631-6740275,*,,
2MASS J05330623-6743365,*,,
2MASS J05331437-6742472,*,,
2MASS J05332188-6743200,*,,
2MASS J05332429-6742440,LP*,,
2MASS J05340535-0513380,*,,
2MASS J05340944-0512381,*,,
2MASS J05341036-0519391,Y*O,,
2MASS J05341393-0524311,*,,
2MASS J05341527-0539532,*,,
2MASS J05342153-0510535,RG*,,
2MASS J05342457-0534187,*,,
2MASS J05342566-0521576,Or*,,
2MASS J05343202-0510231,PM*,,
2MASS J05343382-0527181,Or*,,
2MASS J05343417-0505170,TT*,,
2MASS J05343568-0535520,TT*,,
2MASS J05343594-0515241,TT*,,
2MASS J05343635-0540076,*,,
2MASS J05343672-0538331,*,,
2MASS J05343736-0653559,Or*,,
2MASS J05344000-0526040,Or*,,
2MASS J05344361-0519186,*,,
2MASS J05344416-0506432,*,,
2MASS J05344441-0526061,TT*,,
2MASS J05344700-0523575,Y*O,,
2MASS J05344765-0537250,Y*O,,
2MASS J05344797-0539404,*,,
2MASS J05344845-0531072,Or*,,
2MASS J05344907-0528089,Or*,,
2MASS J05345009-0517121,Or*,,
2MASS J05345030-0515046,*,,
2MASS J05345235-0533491,Y*O,,
2MASS J05345267-0521252,Or*,,
2MASS J05345483-0525125,TT*,,
2MASS J05345586-0508211,*,,
2MASS J05345612-0528558,Y*O,,
2MASS J05345737-0514334,TT*,,
2MASS J05345801-0516019,Ir*,,
2MASS J05345819-0511536,TT*,,
2MASS J05345946-0530054,*,,
2MASS J05350067-0532532,Ir*,,
2MASS J05350132-0518212,Or*,,
2MASS J05350141-0538591,*,,
2MASS J05350182-0530193,Or*,,
2MASS J05350278-0540310,Y*O,,
2MASS J05350299-0538405,Or*,,
2MASS J05350344-0523327,Or*,,
2MASS J05350458-0528266,Or*,,
2MASS J05350545-0525558,Or*,,
2MASS J05350566-0520214,Y*?,,
2MASS J05350589-0508382,Y*O,,
2MASS J05350775-0531538,*,,
2MASS J05350786-0517053,Or*,,
2MASS J05350798-0518266,Y*O,,
2MASS J05350841-0522302,Y*?,,
2MASS J05350863-0538305,Y*O,,
2MASS J05350904-0520172,Or*,,
2MASS J05350947-0520588,Or*,,
2MASS J05350985-0519339,Or*,,
2MASS J05351021-0523215,Or*,,
2MASS J05351165-0524213,Or*,,
2MASS J05351165-0531011,TT*,,
2MASS J05351194-0529327,Y*O,,
2MASS J05351272-0515432,Y*O,,
2MASS J05351277-0520349,Or*,,
2MASS J05351304-0525218,*,,
2MASS J05351331-0537158,Or*,,
2MASS J05351382-0527368,Or*,,
2MASS J05351397-0521233,Or*,,
2MASS J05351431-0523082,*,,
2MASS J05351463-0516461,Or*,,
2MASS J05351466-0508520,Or*,,
2MASS J05351494-0523392,LM*,,
2MASS J05351534-0519021,Or*,,
2MASS J05351543-0523454,Or*,,
2MASS J05351553-0508588,Ir*,,
2MASS J05351559-0534466,Or*,,
2MASS J05351577-0524247,Y*O,,
2MASS J05351609-0524112,Or*,,
2MASS J05351674-0528372,Y*O,,
2MASS J05351685-0507478,Y*O,,
2MASS J05351691-0518410,Y*O,,
2MASS J05351743-0530253,TT*,,
2MASS J05351754-0525427,Or*,,
2MASS J05351775-0522307,Y*?,,
2MASS J05351797-0516451,Or*,,
2MASS J05351809-0515461,TT*,,
2MASS J05351820-0516340,Or*,,
2MASS J05351826-0529538,Or*,,
2MASS J05351836-0524267,Or*,,
2MASS J05351839-0520203,Or*,,
2MASS J05351875-0522021,Or*,,
2MASS J05351885-0521411,Or*,,
2MASS J05351894-0522187,Or*,,
2MASS J05351898-0537234,Y*O,,
2MASS J05351925-0519120,Y*O,,
2MASS J05351945-0516083,Y*O,,
2MASS J05351979-0514053,Or*,,
2MASS J05352005-0522268,Or*,,
2MASS J05352050-0645408,TT*,,
2MASS J05352054-0524208,Or*,,
2MASS J05352062-0524464,Or*,,
2MASS J05352066-0509028,Y*O,,
2MASS J05352132-0524114,Or*,,
2MASS J05352184-0523065,Or*,,
2MASS J05352192-0528273,TT*,,
2MASS J05352208-0524327,Or*,,
2MASS J05352211-0522340,Or*,,
2MASS J05352247-0523018,Y*?,,
2MASS J05352260-0513283,Or*,,
2MASS J05352350-0534233,Or*,,
2MASS J05352365-0523319,Or*,,
2MASS J05352365-0523463,Or*,,
2MASS J05352380-0523342,Or*,,
2MASS J05352411-0518544,Y*O,,
2MASS J05352431-0528441,Or*,,
2MASS J05352474-0506563,*,,
2MASS J05352496-0524014,Y*?,,
2MASS J05352530-0529127,Y*O,,
2MASS J05352543-0523332,Or*,,
2MASS J05352547-0534028,TT*,,
2MASS J05352574-0505579,Y*O,,
2MASS J05352576-0514321,*,,
2MASS J05352605-0521210,Or*,,
2MASS J05352630-0527439,Or*,,
2MASS J05352676-0520532,Y*?,,
2MASS J05352742-0509038,LM*,,
2MASS J05352795-0522469,*,,
2MASS J05352796-0539105,*,,
2MASS J05352804-0517202,TT*,,
2MASS J05352877-0541339,TT*,,
2MASS J05352929-0527221,*,,
2MASS J05353033-0527370,Or*,,
2MASS J05353071-0524312,Or*,,
2MASS J05353264-0515514,Or*,,
2MASS J05353360-0522098,Y*O,,
2MASS J05353415-0527271,*,,
2MASS J05353433-0624227,Or*,,
2MASS J05353522-0526550,Or*,,
2MASS J05353534-0511114,TT*,,
2MASS J05353652-0539332,*,,
2MASS J05353737-0623330,*,,
2MASS J05353812-0528336,Or*,,
2MASS J05353845-0510090,*,,
2MASS J05353856-0508033,Y*O,,
2MASS J05353883-0512154,*,,
2MASS J05353920-0516355,Y*O,,
2MASS J05353964-0527502,Or*,,
2MASS J05354007-0527589,Y*O,,
2MASS J05354060-0522321,Y*O,,
2MASS J05354100-0537083,Em*,,
2MASS J05354112-0535342,Y*O,,
2MASS J05354257-0533489,Or*,,
2MASS J05354360-0542322,Y*O,,
2MASS J05354365-0517257,Y*O,,
2MASS J05354379-0514392,*,,
2MASS J05354417-0628163,Or*,,
2MASS J05354562-0513361,Or*,,
2MASS J05354661-0522243,TT*,,
2MASS J05354754-0507098,*,,
2MASS J05355145-0508020,NIR,,
2MASS J05355192-0514169,*,,
2MASS J05355498-0522355,Or*,,
2MASS J05355853-0532487,*,,
2MASS J05360046-0505539,*,,
2MASS J05360259-0534313,*,,
2MASS J05360282-0504236,*,,
2MASS J05360282-0532543,TT*,,
2MASS J05360401-0513527,*,,
2MASS J05360725-0531147,*,,
2MASS J05360738-0530274,TT*,,
2MASS J05361252-0539028,*,,
2MASS J05361679-0517410,Ir*,,
2MASS J05361754-0537573,*,,
2MASS J05361847-0531027,Y*O,,
2MASS J05361878-0512182,TT*,,
2MASS J05362204-0535216,*,,
2MASS J05362208-0530557,*,,
2MASS J05362314-0511465,Or*,,
2MASS J05362773-0621573,Y*O,,
2MASS J05363058-0538194,*,,
2MASS J05374535-0648282,*,,
2MASS J05375661-0638009,HB*,,
2MASS J05380160-0722218,Y*?,,
2MASS J05380752-0708291,Y*O,,
2MASS J05383630-6900420,*,,
2MASS J05384336-0701348,Y*O,,
2MASS J05384418-0700404,Y*O,,
2MASS J05385527-0651184,*,,
2MASS J05400596-0819354,*,,
2MASS J05402949-0749015,*,,
2MASS J05403266-0712300,*,,
2MASS J05403688-0853481,Y*O,,
2MASS J05403837-0800361,Y*O,,
2MASS J05404470-0738048,Or*,,
2MASS J05413093-7122027,*,,
2MASS J05414049-7122074,*,,
2MASS J05420240-7121586,*,,
2MASS J05421913+3739179,*,,
2MASS J05424524-6750126,*,,
2MASS J05424706-0817069,Y*O,,
2MASS J05430957-0829271,Y*O,0.127,0.127
2MASS J05431360-6748133,*,,
2MASS J05431548-0915251,*,,
2MASS J05432409-6748385,*,,
2MASS J05432472-6752181,*,,
2MASS J05433272-6750160,*,,
2MASS J05440011-6747266,*,,
2MASS J05454234+0017128,*,,
2MASS J05455289+0034123,*,,
2MASS J05455691+0027365,*,,
2MASS J05461186+0032259,Or*,,
2MASS J05462509+0005412,Or*,,
2MASS J05463489+0004206,TT*,,
2MASS J05465644+0005120,Y*O,,
2MASS J06041555+2308281,blu,,
2MASS J06041692+2404144,*,,
2MASS J06042096+2429025,*,,
2MASS J06052358+2445199,blu,,
2MASS J06064084+2223126,blu,,
2MASS J06071946-0623208,Y*O,,
2MASS J06071965-0621307,*,,
2MASS J06072028-0616136,*,,
2MASS J06072127-0628129,*,,
2MASS J06072199-0620093,Y*O,,
2MASS J06072467-0617005,*,,
2MASS J06072545-0620114,Y*O,,
2MASS J06072989-0621468,Y*O,,
2MASS J06073001-0623000,*,,
2MASS J06073127-0627371,Y*O,,
2MASS J06073921-0620430,*,,
2MASS J06073944-0620250,Y*O,,
2MASS J06074118-0619100,Y*O,,
2MASS J06074165-0620588,*,,
2MASS J06074221-0620178,*,,
2MASS J06074302-0624101,Y*O,,
2MASS J06074399-0620490,Y*O,,
2MASS J06074426-0623256,Y*O,,
2MASS J06074426-0624330,Y*O,,
2MASS J06074439-0622068,*,,
2MASS J06074461-0619348,*,,
2MASS J06074478-0619215,Y*O,,
2MASS J06074479-0620303,*,,
2MASS J06074515-0625436,Y*O,,
2MASS J06074522-0622007,*,,
2MASS J06074545-0617036,*,,
2MASS J06074615-0623046,Y*O,,
2MASS J06074710-0623338,Y*O,,
2MASS J06074768-0616126,Y*O,,
2MASS J06074779-0624100,*,,
2MASS J06074838-0621255,Y*O,,
2MASS J06074856-0621543,*,,
2MASS J06074869-0619193,*,,
2MASS J06074965-0623227,*,,
2MASS J06074971-0622014,Y*O,,
2MASS J06074988-0623577,*,,
2MASS J06075130-0624142,*,,
2MASS J06075174-0620361,Y*O,,
2MASS J06075224-0615580,*,,
2MASS J06075224-0629189,*,,
2MASS J06075245-0623066,Y*O,,
2MASS J06075312-0619441,Y*O,,
2MASS J06075387-0618287,*,,
2MASS J06075408-0617457,Y*O,,
2MASS J06075529-0624351,*,,
2MASS J06075530-0619076,*,,
2MASS J06075530-0623393,*,,
2MASS J06080045-0622254,*,,
2MASS J06080324-0622438,*,,
2MASS J06080877-0624209,*,,
2MASS J06081035-0622050,*,,
2MASS J06081225-0625583,Y*O,,
2MASS J06081242-0616107,*,,
2MASS J06081271-0619531,*,,
2MASS J06081308-0625437,*,,
2MASS J06081618-0627434,Y*O,,
2MASS J06081697-0619357,Y*O,,
2MASS J06081710-0624504,LP?,,
2MASS J06081774-0620109,*,,
2MASS J06081807-0622108,Y*O,,
2MASS J06082889-7350136,LP*,,
2MASS J06125506+2210136,CV*,,
2MASS J06212569+0403289,*,,
2MASS J06245752+2226314,blu,,
2MASS J06250061+2106436,blu,,
2MASS J06273463+0900195,*,,
2MASS J06324853+0003293,*,,
2MASS J06410084-5105479,C*,,
2MASS J06411054-5055528,RG*,,
2MASS J06430499-5049324,RR*,,
2MASS J06431801-5046435,RR*,,
2MASS J06464313+0117428,NIR,,
2MASS J06464413+0118300,NIR,,
2MASS J06464454+0117277,NIR,,
2MASS J06464534+0116195,NIR,,
2MASS J06464545+0121005,NIR,,
2MASS J06464623+0120447,NIR,,
2MASS J06464699+0117521,*,,
2MASS J06464968+0118262,Y*?,,
2MASS J06465133+0119504,NIR,,
2MASS J06465147+0118114,Y*?,,
2MASS J06465163+0116251,Y*?,,
2MASS J06465202+0120456,*,,
2MASS J06465263+0119374,*,,
2MASS J06465407+0118403,NIR,,
2MASS J06465418+0121339,NIR,,
2MASS J06465502+0118532,NIR,,
2MASS J06465627+0116239,NIR,,
2MASS J06465760+0120569,NIR,,
2MASS J06465770+0116420,*,,
2MASS J06470065+0117429,NIR,,
2MASS J06470212+0120418,NIR,,
2MASS J06470244+0119587,Y*?,,
2MASS J06470309+0117161,*,,
2MASS J06470326+0118411,*,,
2MASS J06504875-0217385,LP*,,
2MASS J06543524-0042221,Y*O,0.295,0.165
2MASS J06563376+0431382,*,,
2MASS J06563582+0429502,*,,
2MASS J06563645+0428594,RG*,,
2MASS J06564269+0429290,*,,
2MASS J07091922-1049512,Y*?,,
2MASS J07183408-2458010,Y*O,,
2MASS J07183467-2456118,Y*O,,
2MASS J07183625-2500000,Y*O,,
2MASS J07215104+6704330,GiC,,
2MASS J07371099-2623023,*,,
2MASS J07380988+3852006,LP*,,
2MASS J07460906-3038576,*,,
2MASS J07474206-3353165,*,,
2MASS J07492728-3250464,*,,
2MASS J07571292-3202435,*,,
2MASS J08031311-3244285,*,,
2MASS J08064260-3630068,Em*,,
2MASS J08091123-3609001,EmO,,
2MASS J08091665-3113093,*,,
2MASS J08254384-5100326,Y*O,,
2MASS J08290917+5612356,Sy1,,
2MASS J08490880+0206220,BLL,,
2MASS J08514740+1150369,G,0.28273,0.205827
2MASS J09122021-6452204,LP*,,
2MASS J09134545+4056282,Sy2,,
2MASS J10123587-0141152,RG*,,
2MASS J10124155-0131571,RG*,,
2MASS J10124182-0145273,RG*,,
2MASS J10172166+5028153,LM*,,
2MASS J10235266-5746016,Y*?,,
2MASS J10235955-5745225,Y*?,,
2MASS J10275592+1715246,*,,
2MASS J10435197-5936466,Y*O,,
2MASS J10435397-5930395,Y*O,,
2MASS J10445220-5944212,Ae*,,
2MASS J10451484-5943341,Y*O,,
2MASS J10470063-5957242,Y*O,,
2MASS J10582651+0101210,Q?,,
2MASS J11031293+4141549,Sy1,,
2MASS J11074556+4602261,*,,
2MASS J11115320-6118224,Y*O,,
2MASS J11132766+2210396,RG*,,
2MASS J11385877+4503385,Sy1,,
2MASS J11531324-6205210,TT*,,
2MASS J11565449+0932410,rG,,
2MASS J12005101+3417025,Sy1,,
2MASS J12061110-6115019,Y*?,,
2MASS J12081803-2938000,BLL,,
2MASS J12112940+4528202,*,,
2MASS J12252710+1810352,*,,
2MASS J12254116+2352480,PM*,,
2MASS J12311026+3352185,QSO,,
2MASS J12390683-2642469,RG*,,
2MASS J12391146-2645161,AB*,,
2MASS J12392019-2648159,RG*,,
2MASS J12392149-2642307,RG*,,
2MASS J12392482-2646086,RG*,,
2MASS J12392597-2644068,RG*,,
2MASS J12392619+4625462,Sy1,,
2MASS J12392830-2642344,RG*,,
2MASS J12392936-2643319,RG*,,
2MASS J12392944-2645142,RG*,,
2MASS J12393095-2644315,RG*,,
2MASS J12393564-2644493,RG*,,
2MASS J12393649-2641223,RG*,,
2MASS J12393863-2641270,RG*,,
2MASS J12394351-2642157,RG*,,
2MASS J12563033-6302498,EB*,,
2MASS J13082768+2928047,Pe*,,
2MASS J13192801+2744559,rG,0.364767,0.203029
2MASS J13225789+3622599,Sy1,,
2MASS J13253597-4731309,RG*,,
2MASS J13261120-4728435,RG*,,
2MASS J13261217-4725305,RG*,,
2MASS J13263483-4734110,RG*,,
2MASS J13264822-4732412,RG*,,
2MASS J13265554-4734234,RG*,,
2MASS J13294360+3153368,Sy1,0.26,0.23
2MASS J13393860+2730339,Q?,,
2MASS J13403169+2705418,AGN,0.0851993,0.0851993
2MASS J13420657+0505237,Sy1,,
2MASS J13421508+2823256,LP*,,
2MASS J13473599-6037037,Sy2,,
2MASS J13563279+2103523,Sy1,,
2MASS J14411756+3450535,Sy1,,
2MASS J14544044+4550088,Sy1,,
2MASS J15155478-0006549,RG*,,
2MASS J15160199-0008027,RG*,,
2MASS J15180987+0210088,AB*,,
2MASS J15182382+0201069,AB*,,
2MASS J15182681+0204085,RG*,,
2MASS J15183103+0205540,RG*,,
2MASS J15183351+0206360,RG*,,
2MASS J15183505+0201068,RG*,,
2MASS J15183626+0201165,RG*,,
2MASS J15183661+0204191,RG*,,
2MASS J15184014+0203060,RG*,,
2MASS J15184734+0202509,AB*,,
2MASS J15184766+0203127,RG*,,
2MASS J15184946+0207037,RG*,,
2MASS J15220907+1358339,QSO,,
2MASS J15322111+0457326,GiC,0.43287,0.263834
2MASS J15343735-5955086,Pu*,,
2MASS J15574819-5424541,HXB,,
2MASS J16043466+1742483,GiC,0.3,0.26
2MASS J16044026+2103267,*,,
2MASS J16045872-5513192,Pu*,,
2MASS J16151905-0936132,Sy1,,
2MASS J16231442-2636055,RG*,,
2MASS J16232845-2632541,RG*,,
2MASS J16234268-2631209,AB*,,
2MASS J16235946-2627572,AB*,,
2MASS J16240301-2624034,AB*,,
2MASS J16251521-2511540,Or*,,
2MASS J16251727-2511054,Y*O,,
2MASS J16340367-2442572,Y*?,,
2MASS J16354349-2443388,Y*?,,
2MASS J16400347-4851541,NIR,,
2MASS J16400445-4851451,Or*,,
2MASS J16411850+3620036,RG*,,
2MASS J16411958+3621154,AB*,,
2MASS J16412735+3629304,RG*,,
2MASS J16412815+3625274,AB*,,
2MASS J16412884+3631454,RG*,,
2MASS J16412908+3623544,RG*,,
2MASS J16414108+3627550,AB*,,
2MASS J16414255+3626563,RG*,,
2MASS J16414256+3629576,RG*,,
2MASS J16414661+3630050,RG*,,
2MASS J16420331+3627553,RG*,,
2MASS J16420662+3628587,RG*,,
2MASS J16421093+3624332,RG*,,
2MASS J16445089-2356195,Y*?,,
2MASS J16490082-1417108,TT*,,
2MASS J16564039-0409169,RG*,,
2MASS J17004888-4139214,HXB,,
2MASS J17163427+4307363,AB*,,
2MASS J17163636+4306562,RG*,,
2MASS J17164620+4304586,RG*,,
2MASS J17164867+4306240,RG*,,
2MASS J17170033+4311478,AB*,,
2MASS J17170434+4304107,RG*,,
2MASS J17171967+4314422,AB*,,
2MASS J17172238+4306563,AB*,,
2MASS J17190684-1832427,LP*,,
2MASS J17194237+5758376,C*,,
2MASS J17195571-3557412,*,,
2MASS J17195602-3554516,Y*O,,
2MASS J17195603-3609253,NIR,,
2MASS J17195888-3556056,NIR,,
2MASS J17195942-3556135,NIR,,
2MASS J17200040-3558218,NIR,,
2MASS J17200072-3556079,Y*O,,
2MASS J17200085-3557061,NIR,,
2MASS J17200154-3557577,NIR,,
2MASS J17200288-3558058,Y*O,,
2MASS J17200722+5755434,*,,
2MASS J17201417-3554561,Y*O,,
2MASS J17203451-3550450,NIR,,
2MASS J17203462-3552361,NIR,,
2MASS J17204938-3546484,Y*O,,
2MASS J17205357-3546362,Y*O,,
2MASS J17205531-3547327,Y*?,,
2MASS J17244018-4957309,LP*,,
2MASS J17303052-2128457,*,,
2MASS J17360070-1529466,AG?,,
2MASS J17460334+1337437,PM*,,
2MASS J17530107-3436418,NIR,,
2MASS J17534087-3435104,*,,
2MASS J17540896-3438039,*,,
2MASS J17542825-3450351,*,,
2MASS J17543113-3439541,SB*,,
2MASS J17543987-3440304,*,,
2MASS J18181344-1348591,*,,
2MASS J18181866-1401345,*,,
2MASS J18182831-1348099,Y*O,,
2MASS J18183594-1346419,Y*O,,
2MASS J18183742-1349221,Y*O,,
2MASS J18183978-1347352,Or*,,
2MASS J18184096-1345296,Y*O,,
2MASS J18184247-1348469,Y*O,,
2MASS J18185360-1344550,Y*O,,
2MASS J18185553-1348019,Y*O,,
2MASS J18191051-2046578,Y*O,,
2MASS J18191220-2047297,Y*O,,
2MASS J18192109-2045558,Y*?,,
2MASS J18193096-1346347,Y*?,,
2MASS J18193970-1328039,*,,
2MASS J18194506-1328299,*,,
2MASS J18201920-1338398,*,,
2MASS J18202084-1349565,*,,
2MASS J18202980-1342450,*,,
2MASS J18203470-1353194,*,,
2MASS J18203490-1350537,*,,
2MASS J18204148-1352057,*,,
2MASS J18204286-1350489,*,,
2MASS J18295571+0114315,Y*O,0.14,0.14
2MASS J18295741+0114503,Y*O,,
2MASS J18295760+0113004,Y*O,,
2MASS J18300151+0120363,*,,
2MASS J18300209+0113587,Y*O,0.66,0.132
2MASS J18300341+0116191,Or*,,
2MASS J18312866-0205297,Y*?,,
2MASS J18361751-2354263,LP*,,
2MASS J18505944-0612435,RG*,,
2MASS J18530937-0843127,LP*,,
2MASS J19000157-3637054,TT*,,
2MASS J19010971-3647528,TT*,,
2MASS J19014041-3651422,Y*O,,
2MASS J19014055-3644320,TT*,,
2MASS J19014549-3653433,NIR,,
2MASS J19015833-3700267,Y*O,,
2MASS J19015865-3656170,Y*?,,
2MASS J19020142-3658520,Y*O,,
2MASS J19021201-3703093,Y*O,,
2MASS J19022213-3655409,TT*,,
2MASS J19050981-3654267,Em*,,
2MASS J19203259+4401066,GiC,0.213,0.111
2MASS J19203678+4411140,GiC,0.34,0.17
2MASS J19211488+4357091,GiC,0.173,0.139
2MASS J19233220+0802321,LP*,,
2MASS J19251110+0813303,LP*,,
2MASS J19254423+0709172,LP*,,
2MASS J19273878+0636446,LP*,,
2MASS J19425497+2324147,Or*,,
2MASS J19492941-3942394,Pe*,,
2MASS J19533864+1847554,RG*,,
2MASS J19534282+1846129,AB*,,
2MASS J19534721+1846537,AB*,,
2MASS J20194114-4051157,Pe*,,
2MASS J20202561+4120465,*,,
2MASS J20203272+4122259,*,,
2MASS J20304071+4119381,*,,
2MASS J20310218+4131223,*,,
2MASS J20310910+4133297,*,,
2MASS J20311008+4130552,*,,
2MASS J20311728+4133348,*,,
2MASS J20314155+4130550,*,,
2MASS J20315322+4129246,*,,
2MASS J20315709+4120575,*,,
2MASS J20320565+4127489,*,,
2MASS J20321464+4117499,*,,
2MASS J20323835+4128567,*,,
2MASS J20324675+4126160,*,,
2MASS J20324713+4135022,*,,
2MASS J20330068+4120175,*,,
2MASS J20330772+4127009,*,,
2MASS J20331663+4126421,*,,
2MASS J20332076+4114169,*,,
2MASS J20332419+4131038,*,,
2MASS J20332533+4130283,*,,
2MASS J20333369+4126491,Y*?,,
2MASS J20333568+4129017,*,,
2MASS J20333933+4129500,*,,
2MASS J20334216+4122440,*,,
2MASS J20334913+4109465,*,,
2MASS J20335407+4109302,*,,
2MASS J20335593+4115084,*,,
2MASS J20335862+4139569,*,,
2MASS J20341974+4140420,*,,
2MASS J20342619+4141165,*,,
2MASS J21033149-6621588,Pe*,,
2MASS J21145258+0607423,Sy1,,
2MASS J21152960-3724512,Pe*,,
2MASS J21185296-0732275,Sy1,,
2MASS J21295623+1209273,RG*,,
2MASS J21295835+1208392,RG*,,
2MASS J21295981+1211107,RG*,,
2MASS J21300090+1208571,RG*,,
2MASS J21300277+1206557,RG*,,
2MASS J21300730+1210506,RG*,,
2MASS J21304412+1211226,RG*,,
2MASS J21314511+5115353,*,,
2MASS J21333432-0051285,AB*,,
2MASS J21403031-2306519,RG*,,
2MASS J21403633-2311443,RG*,,
2MASS J21404860+5816009,Y*O,,
2MASS J21424707+6610512,Y*O,,
2MASS J21430343+6605264,Or*,,
2MASS J21455858+4736013,Y*?,,
2MASS J21472920-3925192,Pe*,,
2MASS J21523325+4710505,Or*,,
2MASS J21534523+4712351,Y*?,,
2MASS J22141474-4002108,Pe*,,
2MASS J22175666-5941309,Sy1,,
2MASS J22274331-0048010,LM*,,
2MASS J22360767+1343554,Sy1,,
2MASS J22533602+6236494,Y*O,,
2MASS J22561127+6202111,Y*O,,
2MASS J22561768+6202235,*,,
2MASS J23054976+6230011,Y*O,,
2MASS J23123476-3404202,BLL,,
2MASS J23245722-3423235,Pe*,,
2MASS J23281909+1441562,*,,
2MASS J23283818+1440587,*,,
2MASS J23300731+2211132,G,,
2MASS J23321568-0118184,*,,
2MASS J23325062-3441401,Pe*,,
2MASSI J0352305-071102,Sy1,,
2MASX J00052399+1613091,GiC,0.578187,0.375012
2MASX J00055718-3606494,IG,0.697337,0.422447
2MASX J00060648-3440431,GiC,0.123,0.123
2MASX J00062605-3444339,GiC,0.14,0.14
2MASX J00065471-3437045,GiC,0.15,0.15
2MASX J00164721+1550440,G,0.177,0.101
2MASX J00294466+1202322,GiC,0.153,0.153
2MASX J00304925+0234280,AGN,0.21,0.16
2MASX J00335020-5337500,G,0.689593,0.389138
2MASX J00340565+0620345,BiC,0.627967,0.422747
2MASX J00350474+4235316,G,0.167,0.13
2MASX J00372579+4004539,G,0.14,0.14
2MASX J00375486+1820555,GiC,0.217,0.199
2MASX J00382894-4659451,G,0.367167,0.348882
2MASX J00391023-0823499,G,0.73349,0.465106
2MASX J00391515+4129160,G,0.15,0.15
2MASX J00414145+2124103,rG,0.545527,0.442859
2MASX J00414490+4016065,G,0.16,0.16
2MASX J00420023+4138329,G,0.18,0.119
2MASX J00423385+4302064,GlC,0.16,0.16
2MASX J00452222+4220563,G,0.15,0.15
2MASX J00461582+2038096,GiC,0.21,0.118
2MASX J00461931+2029416,GiC,0.207,0.169
2MASX J00464384+4149098,G,0.177,0.131
2MASX J00470565+4108117,G,0.12,0.12
2MASX J00474940+4139102,G,0.217,0.195
2MASX J00482990+3939188,*,0.143,0.143
2MASX J00483175+0125487,GiC,0.404233,0.280619
2MASX J00490124+4215391,G,0.15,0.15
2MASX J00491538+4219032,G,0.18,0.155
2MASX J00492845+4002506,G,0.353,0.254
2MASX J00494131+4245308,G,0.147,0.147
2MASX J00495508+2107284,EmG,0.187,0.175
2MASX J00502993+4035285,G,0.207,0.182
2MASX J00525775+0022080,Sy1,0.349323,0.207428
2MASX J00533997-2144007,rG,0.417,0.133
2MASX J00534265-0105066,Sy1,0.606387,0.490203
2MASX J00540847+1655002,G,0.350423,0.246628
2MASX J01020571+1443255,Sy2,0.133,0.133
2MASX J01054056-4621361,GiC,0.563247,0.186773
2MASX J01064500-4215393,G,0.66842,0.442427
2MASX J01075131-4643032,GiC,0.52648,0.220279
2MASX J01100594-4559264,GiC,0.157,0.157
2MASX J01101993-4551184,GiC,0.920483,0.428301
2MASX J01104105-6723564,G,0.347,0.277
2MASX J01104774-4547016,GiC,0.31,0.242
2MASX J01115251-4549022,GiC,0.761017,0.436063
2MASX J01142750-0116339,Sy1,0.133,0.133
2MASX J01202313-0004443,rG,0.828647,0.586848
2MASX J01220223-3806034,G,0.448143,0.355064
2MASX J01230774+2210364,G,0.393983,0.297733
2MASX J01242404+0138328,Sy1,0.456753,0.346447
2MASX J01250755-0115317,GiC,0.19,0.133
2MASX J01251278-1041573,GiC,0.17,0.116
2MASX J01264561-2313159,G,0.372447,0.33144
2MASX J01313188-6145479,G,0.688253,0.557761
2MASX J01343699-1019477,GiC,0.362307,0.335931
2MASX J01362248-0802565,GiC,0.177,0.1
2MASX J01364138-6225336,G,1.05523,0.787729
2MASX J01384054+1848111,rG,0.386507,0.32942
2MASX J01385522-0745553,GiC,0.604837,0.308164
2MASX J01395483-1020426,GiC,0.13,0.13
2MASX J01410994+1213522,rG,0.15,0.15
2MASX J01460178-4251365,G,0.604507,0.30449
2MASX J01533430-0118087,BLL,0.137,0.137
2MASX J02220023+8619522,GiC,0.13,0.13
2MASX J02222784+4300488,G,0.207,0.169
2MASX J02314070+0248357,LSB,0.317,0.222
2MASX J02421416+0134391,AGN,0.167,0.14
2MASX J02424266-5450036,G,0.193,0.139
2MASX J02441717+2606410,G,0.173,0.114
2MASX J02513583+4315117,LIN,0.337,0.29
2MASX J02554269+0620543,GiC,0.707317,0.324305
2MASX J02562908+0611415,GiC,0.54615,0.334735
2MASX J02570210+0613352,GiC,0.483867,0.318239
2MASX J02572290+0556473,GiC,0.61069,0.273711
2MASX J02575838+0546592,GiC,0.603457,0.282056
2MASX J02585105+0622259,GiC,0.771353,0.329214
2MASX J02585422+0606589,GiC,0.307,0.301
2MASX J02590063+1336373,GiC,0.223,0.21
2MASX J02591569+1336177,GiC,0.22,0.185
2MASX J03113407-1211543,rG,0.421703,0.367767
2MASX J03171317+4139032,GiG,0.67,0.348
2MASX J03182783-5408116,G,0.521197,0.454848
2MASX J03194782+4135472,GiG,0.487,0.37
2MASX J03195296+4118082,GiG,0.583,0.35
2MASX J03201276-1051478,G,0.382887,0.31592
2MASX J03231788-5727434,G,0.911127,0.747488
2MASX J03275206-5326099,GiC,0.618567,0.460832
2MASX J03292654-5230273,GiC,0.351153,0.309717
2MASX J03295642-5232351,LIN,0.61026,0.168249
2MASX J03321499-3915182,GiC,0.317373,0.219432
2MASX J03375764-4855392,G,0.51391,0.331986
2MASX J03382518-5422403,G,0.660077,0.455915
2MASX J03384056+0958119,LIN,0.857,0.634
2MASX J03445210-3244325,BiC,0.299747,0.290694
2MASX J03451407-3656123,GiC,0.71116,0.673255
2MASX J03481433-5441052,G,0.534937,0.473633
2MASX J03495857-3605170,GiC,0.44307,0.2794
2MASX J03531341-6416442,G,0.51992,0.373355
2MASX J03553770+0202484,LSB,0.417,0.192
2MASX J03590229-6040293,G,0.803033,0.769226
2MASX J04000032-4435162,G,0.153,0.153
2MASX J04005486+3443105,rG,0.37,0.296
2MASX J04022647-1933123,G,0.524727,0.477711
2MASX J04035227+2454312,G,0.253,0.117
2MASX J04125893+1035156,GiC,0.273,0.219
2MASX J04144528+0629389,G,0.377,0.226
2MASX J04160989-4913501,G,0.50443,0.40652
2MASX J04240801-6115233,G,0.173,0.118
2MASX J04243078-6313173,G,0.347,0.305
2MASX J04245098-6047476,G,0.28,0.213
2MASX J04265446-6152221,GiC,0.223,0.161
2MASX J04280321-6159166,GiC,0.223,0.174
2MASX J04281554-6110106,GiC,0.153,0.153
2MASX J04285875-6049022,GiC,0.283643,0.210889
2MASX J04291864-6103382,GiC,0.213,0.115
2MASX J04291896-6114192,GiC,0.147,0.147
2MASX J04294478-6130550,GiC,0.187,0.116
2MASX J04295058-6216361,G,0.349893,0.275261
2MASX J04295475-6126231,GiC,0.18,0.158
2MASX J04302767-6147140,GiC,0.163,0.163
2MASX J04305861-6109554,GiC,0.133,0.133
2MASX J04311213-6057504,GiC,0.147,0.147
2MASX J04315832-6125569,GiC,0.34892,0.153944
2MASX J04362281-5510342,G,0.664667,0.499165
2MASX J04373216-6439459,G,0.31,0.26
2MASX J04383776-6151098,G,1.16384,0.854028
2MASX J04420730+0528008,GiC,0.43,0.37
2MASX J04430750-6219396,G,0.51549,0.39569
2MASX J04475334+0225084,rG,0.173,0.146
2MASX J04480299-2026384,rG,0.42848,0.291538
2MASX J04494090-6436213,Sy1,0.207,0.153
2MASX J04505369-6228398,G,0.357,0.278
2MASX J04542188+0403323,GiC,0.343,0.206
2MASX J04580565+0551449,GiC,0.33,0.251
2MASX J05005480+0122212,GiC,0.407,0.179
2MASX J05013782-0415294,G,0.473,0.256
2MASX J05014535-1525503,G,0.35,0.259
2MASX J05104713+1801490,G,0.51,0.459
2MASX J05113171-6658315,Cl*,0.32,0.256
2MASX J05165381+5311301,Sy2,0.427,0.307
2MASX J05173550+0308589,GiC,0.42,0.176
2MASX J05182633-5614124,rG,0.737057,0.505695
2MASX J05201258+0550152,GiC,0.567,0.238
2MASX J05295547+4434388,Sy1,0.713,0.357
2MASX J05323295+1259471,HH,0.43,0.189
2MASX J05373599+0120038,GiC,0.327,0.281
2MASX J05450523-2551290,GiC,0.342297,0.172004
2MASX J05593646-5519555,G,1.01849,0.622501
2MASX J06024929-6506390,G,0.217,0.182
2MASX J06103430-5411516,G,0.58935,0.452208
2MASX J06154822-5845408,G,0.518373,0.247212
2MASX J06211863-4430291,G,0.411667,0.298458
2MASX J06220983-4214578,G,0.267,0.155
2MASX J06233053-4326204,G,0.40292,0.3422
2MASX J06242927-5339383,GiC,0.14,0.14
2MASX J06242949-5343163,GiC,0.217,0.104
2MASX J06243016-5407360,GiC,0.32695,0.187571
2MASX J06243910-5414210,GiC,0.163,0.163
2MASX J06244877-3721205,G,0.443,0.39
2MASX J06250489-5409412,GiC,0.173,0.142
2MASX J06251466-4129228,G,0.383,0.253
2MASX J06254458-5359521,GiC,0.187,0.142
2MASX J06254991-5403001,GiC,0.34378,0.0927175
2MASX J06255017-5339299,GiC,0.183,0.128
2MASX J06255123-5418222,GiC,0.19,0.122
2MASX J06261526-5419368,GiC,0.123,0.123
2MASX J06263457-5421250,EmG,0.443393,0.390097
2MASX J06263467-5425560,GiC,0.143,0.143
2MASX J06264007-5420020,GiC,0.157,0.157
2MASX J06264636-5423250,EmG,0.247,0.113
2MASX J06270373-5339040,GiC,0.22,0.141
2MASX J06271493-5425345,GiC,0.271553,0.259089
2MASX J06271917-5425156,GiC,0.25,0.23
2MASX J06272637-5431026,GiC,0.8314,0.388264
2MASX J06273625-5424057,GiC,0.13,0.13
2MASX J06280651-5349070,GiC,0.324337,0.215003
2MASX J06281662-5431400,GiC,0.48769,0.393712
2MASX J06282328-5435550,GiC,0.357737,0.307081
2MASX J06283015-5416240,GiC,0.207,0.116
2MASX J06290935-5428587,GiC,0.451,0.437876
2MASX J06300684-5435164,GiC,0.37548,0.223035
2MASX J06441952-6700433,G,0.283,0.232
2MASX J06473228+2922106,rG,0.83,0.266
2MASX J06474279-0605227,G,0.29,0.197
2MASX J06494021-0332523,Y*O,0.337,0.195
2MASX J06503094-1959267,Sy2,0.393,0.275
2MASX J06530123+3455245,G,0.920343,0.815056
2MASX J07001066-4806299,G,0.373,0.343
2MASX J07005969+2209531,G,0.36,0.18
2MASX J07051191-4647301,G,0.26,0.172
2MASX J07073722+3505029,rG,0.19,0.16
2MASX J07094173+3622093,GiG,0.90464,0.466432
2MASX J07100922+2817401,G,0.73882,0.624229
2MASX J07170056+4239340,G,1.11574,0.488804
2MASX J07212396+2231557,G,0.603,0.29
2MASX J07215855+2929502,LSB,0.61276,0.510307
2MASX J07241567+6649062,GiC,0.133,0.133
2MASX J07250073+6656236,GiC,0.307,0.08
2MASX J07260072+3722159,G,0.600703,0.378323
2MASX J07260863+0159013,G,0.69,0.538
2MASX J07265037+6654160,GiC,0.203,0.13
2MASX J07301727+3956292,G,0.415173,0.301374
2MASX J07340705+1841503,G,0.921903,0.300909
2MASX J07374566+2138198,G,0.393,0.228
2MASX J07375774+1011353,LSB,0.567,0.408
2MASX J07421401+0642164,G,0.29,0.244
2MASX J07524264+1450263,SyG,0.554103,0.470932
2MASX J07531776+2727381,LIN,0.605697,0.52096
2MASX J07541814+0322597,G,0.413,0.306
2MASX J07570800+1035475,LIN,0.845633,0.476599
2MASX J07585850+0313075,G,0.470977,0.376405
2MASX J08141100+1826208,GiP,0.54392,0.148817
2MASX J08191301+2045265,EmG,0.77846,0.480232
2MASX J08273152+2130037,LSB,0.177,0.124
2MASX J08312752+3219270,rG,0.52628,0.500071
2MASX J08352325+2953146,rG,0.157,0.157
2MASX J08555806+1713121,rG,0.458703,0.210591
2MASX J09060457+7801222,G,0.267,0.101
2MASX J09062052+4752079,rG,0.187,0.153
2MASX J09094781+3742280,LIN,0.736547,0.47905
2MASX J09101004+4813419,Sy1,0.167,0.167
2MASX J09180128-1205068,G,0.203,0.11
2MASX J09262824+2205103,GiG,0.42489,0.312804
2MASX J09381300-2729502,G,0.277,0.1
2MASX J09404961+5639414,G,0.48421,0.454964
2MASX J09412556+2121495,rG,0.143,0.143
2MASX J09442656+5451037,LIN,0.44626,0.401054
2MASX J09501979-4526037,G,0.283,0.227
2MASX J09594994-2057343,G,0.34,0.252
2MASX J10041582+5551319,G,0.40351,0.320952
2MASX J10095550+1401547,LIN,0.133,0.133
2MASX J10131442-0046419,GiC,0.173,0.159
2MASX J10131579-1855433,G,0.23,0.138
2MASX J10183820-1819501,G,0.487,0.214
2MASX J10185923+3409134,G,0.433943,0.280892
2MASX J10222310+1854115,GiC,0.33141,0.168257
2MASX J10232941+1232305,GiC,0.23,0.143
2MASX J10261907+1054524,BiC,0.163,0.163
2MASX J10263649+1056068,GiC,0.633633,0.336903
2MASX J10270507+1604170,GiG,0.534197,0.390284
2MASX J10271776+1059533,GiC,0.71804,0.206652
2MASX J10272673+1105443,GiC,0.481007,0.256809
2MASX J10361527-2703249,GiC,0.193,0.155
2MASX J10363628-2712192,GiC,0.247,0.163
2MASX J10370641+3607525,G,0.157,0.157
2MASX J10471268+3520102,G,0.54399,0.422408
2MASX J10481627+3316031,Sy2,0.12,0.12
2MASX J10523275+6125211,Sy1,0.117,0.117
2MASX J11004623-4811452,G,0.177,0.124
2MASX J11004734-2228153,GiC,0.17,0.126
2MASX J11012402-2243170,GiC,0.153,0.153
2MASX J11014455-2300020,GiC,0.17,0.119
2MASX J11015557+2737573,LSB,0.19,0.137
2MASX J11031209+4539561,G,0.351187,0.284531
2MASX J11035805+4103579,G,0.569673,0.402702
2MASX J11070121+1825488,Sy1,0.24005,0.14631
2MASX J11072800+3232006,G,0.28002,0.198198
2MASX J11083025+2950131,Sy2,0.69375,0.381077
2MASX J11103514+3712100,G,0.570757,0.397418
2MASX J11134732+4532237,G,0.374913,0.307166
2MASX J11175266+2918162,Sy1,0.53311,0.449305
2MASX J11180379+3109125,AG?,0.243,0.195
2MASX J11183376-5029225,G,0.28,0.134
2MASX J11213532+0253379,BiC,0.608573,0.554228
2MASX J11215882+1752219,GiC,0.224977,0.172737
2MASX J11291587-3427023,SyG,0.323,0.155
2MASX J11313402+3255151,G,0.526757,0.371627
2MASX J11375037-4446490,GiG,0.633,0.279
2MASX J11421561+2002550,GiC,0.50374,0.267839
2MASX J11424122+4624363,Sy1,0.313943,0.250464
2MASX J11425910+2005129,GiG,0.753647,0.439451
2MASX J11430634+1956199,GiC,0.4421,0.401162
2MASX J11433269+3127279,EmG,0.439023,0.353545
2MASX J11435785+6141059,BiC,0.21406,0.191905
2MASX J11444664+1945279,GiC,0.441613,0.269031
2MASX J11445486+1946349,GiG,0.723713,0.560733
2MASX J11445585+1929379,GiC,0.343,0.199
2MASX J11450584+1947329,GiC,0.173,0.107
2MASX J11455594+3312185,GiG,0.537227,0.215589
2MASX J11530689+3501228,rG,0.373,0.261
2MASX J11534549+4625015,AGN,0.147,0.147
2MASX J11551256+3759408,AG?,0.203,0.171
2MASX J11554068+4348403,Sy1,0.59342,0.351364
2MASX J11561219+3039564,G,0.302113,0.262174
2MASX J11592965+2528079,GiC,0.882077,0.465031
2MASX J12021136+3846018,G,0.371517,0.299888
2MASX J12034257+2757528,BLL,0.153,0.153
2MASX J12055974-0254323,G,0.238077,0.149203
2MASX J12060952+4230408,rG,0.147,0.147
2MASX J12080391+0041506,LSB,0.446087,0.295577
2MASX J12115945+0121011,LSB,0.71009,0.325505
2MASX J12155329+1312568,GiP,0.71664,0.609287
2MASX J12160446+0110491,LSB,0.485677,0.350221
2MASX J12185173+3144231,GiC,0.469767,0.201201
2MASX J12201020+2823202,GiG,0.57777,0.344062
2MASX J12211820+3242397,EmG,0.495737,0.46971
2MASX J12213795+0430264,Sy2,0.123,0.123
2MASX J12235767+1253130,GiC,0.534593,0.511499
2MASX J12240490+0111236,Sy1,0.6623,0.442218
2MASX J12274040+3055530,GiC,0.525233,0.459579
2MASX J12291656+1206150,GiC,0.344107,0.253847
2MASX J12315516+3232407,Sy1,0.187,0.175
2MASX J12324983+2857312,SBG,0.47678,0.249785
2MASX J12443128-4304049,G,0.333,0.22
2MASX J12443766-4552099,G,0.237,0.137
2MASX J12490902-4141153,GiC,0.16,0.16
2MASX J12490965-4111334,GiC,0.167,0.117
2MASX J12502980+3136255,GiC,0.360237,0.255732
2MASX J12532093-1220428,G,0.163,0.163
2MASX J12541481-1250554,G,0.187,0.127
2MASX J12552447-1301093,G,0.117,0.117
2MASX J12553526-1225223,G,0.2,0.112
2MASX J12561178-1245506,G,0.2,0.116
2MASX J12564235+2732538,GiC,0.19,0.114
2MASX J12570175-1219314,G,0.2,0.128
2MASX J12580605+2725075,GiC,0.374643,0.230668
2MASX J12581504+2807327,GiG,0.513063,0.243808
2MASX J12583190+2802587,GiC,0.207,0.178
2MASX J12585766+2747079,GiC,0.327,0.137
2MASX J12590459+2754389,GiC,0.5054,0.265638
2MASX J12591389+2804349,GiC,0.711037,0.687217
2MASX J12591764+2811048,GiC,0.123,0.123
2MASX J12592438-1825428,G,0.28,0.218
2MASX J12592491+2744198,LSB,0.505177,0.242939
2MASX J12592581+2811128,GiC,0.15,0.15
2MASX J12595140+2804232,GiC,0.207,0.157
2MASX J12595178+2805542,GiC,0.2693,0.200117
2MASX J12595489+2747453,LIN,0.183,0.143
2MASX J12595511+2807422,GiC,0.379903,0.373331
2MASX J13000626+2741072,GiC,0.41529,0.351834
2MASX J13001027+2751502,GiC,0.243,0.195
2MASX J13004111+2753416,GiC,0.207,0.12
2MASX J13004737+2755196,GiC,0.527473,0.292167
2MASX J13005921+2753592,EmG,0.729707,0.277726
2MASX J13012280+2811456,GiC,0.600573,0.43986
2MASX J13014385+2955367,EmG,0.24,0.182
2MASX J13015411+2811387,GiC,0.41759,0.18992
2MASX J13020015+2746579,SyG,0.590947,0.193358
2MASX J13032529+2800504,GiC,0.598873,0.355851
2MASX J13042266+2848382,EmG,0.511133,0.431754
2MASX J13052139+3552174,G,0.643927,0.265813
2MASX J13053172-1945034,G,0.35,0.182
2MASX J13075529+3455101,GiC,0.570383,0.444215
2MASX J13085483+2932394,SBG,0.38221,0.201845
2MASX J13092180+3055217,EmG,0.348293,0.288457
2MASX J13092300+2933250,GiC,0.123,0.123
2MASX J13115954-0108058,GiC,0.193,0.131
2MASX J13125969+2936028,LIN,0.19,0.144
2MASX J13135414+0657391,LIN,1.10035,0.420115
2MASX J13150821+3024134,EmG,0.614533,0.404056
2MASX J13150930+2938103,SBG,0.652193,0.29427
2MASX J13171068+3032337,GiC,0.868063,0.440195
2MASX J13172128+3103345,EmG,0.551137,0.314975
2MASX J13191600+3721099,G,0.16,0.16
2MASX J13200976+3402249,,0.23,0.129
2MASX J13220213+3116418,rG,0.52987,0.224294
2MASX J13243528-1945114,Sy2,0.423,0.389
2MASX J13272961-3123237,rG,0.617,0.506
2MASX J13273164-3124407,GiC,0.17,0.139
2MASX J13274780-3124507,GiC,0.32,0.179
2MASX J13281821-3148178,GiC,0.207,0.136
2MASX J13282429-3114388,GiC,0.28,0.129
2MASX J13284434-3114138,GiC,0.297,0.184
2MASX J13292324-3124008,GiC,0.417,0.133
2MASX J13301188-0207094,GiG,0.17,0.139
2MASX J13341162+3719310,AG?,0.377953,0.358489
2MASX J13362981-5504481,GiG,0.527,0.485
2MASX J13393814-3536327,GiC,0.363,0.356
2MASX J13424143+2628134,GiC,0.420657,0.203219
2MASX J13425743+2625300,GiC,0.137,0.137
2MASX J13465605+3022062,G,0.41358,0.300631
2MASX J13480743+2628542,GiC,0.21,0.164
2MASX J13484906+2646588,LIN,0.386853,0.214278
2MASX J13490974+2644338,GiC,0.163,0.163
2MASX J13525116+6541132,Sy2,0.14,0.14
2MASX J13580605+2140206,rG,0.635,0.567118
2MASX J13582468+2255378,EmG,0.498297,0.341084
2MASX J14031290-4738066,G,0.303,0.14
2MASX J14043416+3853344,G,0.197,0.142
2MASX J14045857-2238103,G,0.17,0.116
2MASX J14073925+5447404,GiG,0.978173,0.717979
2MASX J14090136+6201305,BiC,0.368067,0.286061
2MASX J14125787+3909374,G,0.482743,0.149361
2MASX J14134221+4930035,G,0.37866,0.343899
2MASX J14134450+4757105,G,0.23,0.143
2MASX J14142763+4908081,G,0.233,0.182
2MASX J14183816+4432485,G,0.326393,0.238594
2MASX J14200427+4707163,Sy1,0.41538,0.280008
2MASX J14200737+4301533,EmG,0.223,0.152
2MASX J14204196+2508441,rG,0.501643,0.432868
2MASX J14210192+4802262,G,0.386317,0.157076
2MASX J14222018+2942550,Sy1,0.415803,0.349774
2MASX J14224237+3638374,LIN,0.19,0.137
2MASX J14252238+6311524,BiC,0.41,0.205
2MASX J14271680+3822099,EmG,0.173,0.132
2MASX J14320736+3320344,EmG,0.401657,0.296864
2MASX J14323811+6257510,G,0.36581,0.33435
2MASX J14335491+4946138,Sy2,0.263,0.205
2MASX J14382188+0340138,rG,0.317537,0.255522
2MASX J14405642+0331455,GiC,0.81187,0.278471
2MASX J14410437+5320088,Sy2,0.157,0.157
2MASX J14420893+3752240,H2G,0.371953,0.261706
2MASX J14430136+2458391,EmG,0.419713,0.373461
2MASX J14431089+3820448,LSB,0.82771,0.280842
2MASX J14463092+4432363,G,0.504463,0.219391
2MASX J14463231+4339183,EmG,0.265487,0.243372
2MASX J14483702+5143311,AGN,0.351467,0.226837
2MASX J14500834+4026274,G,0.536203,0.423654
2MASX J14550682+4719077,EmG,0.29167,0.199006
2MASX J14560658+4258065,G,0.366897,0.199849
2MASX J14575384+2832188,Sy2,0.281373,0.21058
2MASX J15005129+5250249,G,0.32778,0.301689
2MASX J15034357+4302565,G,0.167,0.167
2MASX J15062289-1936491,G,0.22,0.185
2MASX J15085291+6814074,Sy2,0.500703,0.436663
2MASX J15092819+0733247,rG,0.74707,0.586301
2MASX J15101031+0534158,GiC,0.347,0.159
2MASX J15103238+0553296,BiC,0.392027,0.313269
2MASX J15103506+0539246,GiC,0.203,0.134
2MASX J15104042+0557216,GiC,0.14,0.14
2MASX J15105878+0541308,GiC,0.127,0.127
2MASX J15111519+0552199,GiC,0.187,0.116
2MASX J15111693+0549499,GiC,0.153,0.153
2MASX J15112726+4105236,AG?,0.586967,0.417275
2MASX J15120209+3254551,EmG,0.673457,0.484956
2MASX J15170926+3353250,Sy2,0.373953,0.327396
2MASX J15195598+4050206,G,0.418813,0.172551
2MASX J15213882+2110374,G,0.545567,0.37224
2MASX J15220186+3759317,G,0.227,0.172
2MASX J15241023+4204079,SBG,0.197,0.173
2MASX J15242648+0809082,rG,0.233,0.168
2MASX J15265942+3558372,LIN,0.17,0.167
2MASX J15301463+4606391,rG,0.265777,0.193804
2MASX J15312990+3954445,EmG,0.432897,0.255972
2MASX J15313680+2514340,PaG,0.44257,0.36127
2MASX J15391980+2152329,GiC,0.270973,0.181796
2MASX J15392453+2140139,GiC,0.340153,0.312329
2MASX J15392560+2131319,GiC,0.22,0.176
2MASX J15392941+2150219,GiC,0.183,0.125
2MASX J15393532+2144259,GiC,0.394037,0.280278
2MASX J15395663+2149100,GiC,0.21,0.147
2MASX J15401721+2154541,GiC,0.46436,0.412166
2MASX J15410775+2207337,GiC,0.360817,0.330616
2MASX J15463573+4650377,rG,0.273563,0.192807
2MASX J15484236+6811399,G,0.62765,0.203735
2MASX J15494814+4159105,GiG,0.689747,0.545314
2MASX J15520920+2005237,SyG,0.17,0.156
2MASX J15533719-1923445,G,0.307,0.141
2MASX J15570334+2718127,GiC,0.438227,0.163283
2MASX J15582091+2720010,BiC,0.39609,0.354144
2MASX J15582102+2705260,GiC,0.18,0.148
2MASX J15583996+2706201,GiC,0.153,0.153
2MASX J15584536+2711520,BiC,0.336133,0.321411
2MASX J15585587+2726303,GiC,0.247193,0.221263
2MASX J15585911+3754223,G,0.183,0.121
2MASX J15592139+2711479,GiC,0.187,0.149
2MASX J15592393+2715169,GiC,0.25356,0.208071
2MASX J16010893+4152509,EmG,0.197,0.149
2MASX J16033258+1728456,LIN,0.514373,0.432228
2MASX J16033924+1711057,GiC,0.193,0.143
2MASX J16041086+3006263,BiC,0.237,0.151
2MASX J16043904+1721002,GiC,0.369493,0.272132
2MASX J16043993+1801563,GiC,0.460097,0.167705
2MASX J16054903+1807129,GiC,0.408793,0.174555
2MASX J16061374+1757152,GiC,0.437793,0.378341
2MASX J16061612+1810152,AGN,0.447857,0.196296
2MASX J16062637+1715151,GiC,0.203,0.1
2MASX J16065292+1813222,GiC,0.56145,0.338217
2MASX J16071043+1634331,LIN,0.606063,0.310123
2MASX J16071693+1741451,GiC,0.521053,0.206858
2MASX J16181481+1247363,AGN,0.58201,0.346238
2MASX J16214686-6125313,GiG,0.49,0.245
2MASX J16255437+3927244,GiC,0.30024,0.248809
2MASX J16281689+3248480,G,0.46847,0.169399
2MASX J16355685+6611547,G,0.187,0.131
2MASX J16355720+6611077,G,0.15,0.15
2MASX J16401034+3847122,Q?,0.187,0.123
2MASX J16401814+4628539,AGN,0.21,0.155
2MASX J16405305-6636335,G,0.383,0.253
2MASX J16443006+7749489,G,0.462543,0.312263
2MASX J16493728+2722175,EmG,0.233,0.112
2MASX J16545364-1657072,G,0.69,0.386
2MASX J16554861+6716569,G,0.45835,0.215929
2MASX J16594397+3236549,rG,0.605773,0.448272
2MASX J17011279-1924086,G,0.173,0.118
2MASX J17030269+7835549,rG,0.287,0.252
2MASX J17032234+1214474,G,0.674067,0.475217
2MASX J17054421+1136591,G,0.585913,0.37059
2MASX J17064135+0454152,GiG,0.84419,0.289979
2MASX J17091496+0913399,G,0.926097,0.472958
2MASX J17093637+3406390,G,0.468923,0.441163
2MASX J17122319+1634081,G,0.619083,0.319942
2MASX J17131169+1303293,G,0.546337,0.515305
2MASX J17150874+0827224,G,0.867127,0.726826
2MASX J17193582+5006197,G,0.143,0.143
2MASX J17193703+4942257,G,0.147,0.147
2MASX J17210298+5002097,G,0.15,0.15
2MASX J17223254+0821219,G,0.684537,0.517647
2MASX J17235808+1235304,G,0.95028,0.397692
2MASX J17271690+4455104,G,0.303,0.249
2MASX J17315701+0628087,G,0.41,0.336
2MASX J17354374-0720527,rG,0.893,0.643
2MASX J17372516+1259367,GiG,1.11667,0.657047
2MASX J17385618+0612402,G,0.313,0.219
2MASX J17450463+4802401,Sy1,0.62607,0.295129
2MASX J17493810-6034460,G,0.317,0.234
2MASX J17504116+3956586,Bla,0.722887,0.565008
2MASX J17505561+1708273,G,0.704447,0.553413
2MASX J17524055+4458570,G,0.4,0.344
2MASX J17584010-0015337,rG,0.253,0.233
2MASX J18110093+6533203,G,0.381843,0.308606
2MASX J18144387+3721414,G,0.193,0.116
2MASX J18160476+1746590,rG,0.27,0.189
2MASX J18164065+2206462,GiG,0.78,0.281
2MASX J18171663+2611341,Sy1,0.143,0.143
2MASX J18312894+1607221,GiG,0.73,0.511
2MASX J18322607+3404520,G,0.750083,0.53871
2MASX J18334627+4727027,Sy2,0.197,0.11
2MASX J18372702+1850456,GiG,0.65,0.559
2MASX J18421613-6336596,GiG,0.54,0.497
2MASX J18431666+2158213,G,0.6,0.36
2MASX J18431697-6312294,GiC,0.393,0.323
2MASX J18441144-6318286,GiC,0.257,0.205
2MASX J18444704-6309562,GiC,0.267,0.117
2MASX J18544202+3937130,G,0.60352,0.426266
2MASX J19194300+4405083,GiC,0.183,0.128
2MASX J19200996+4347316,GiC,0.257,0.221
2MASX J19203516+4357461,GiC,0.21,0.113
2MASX J19203895+4335411,GiC,0.263,0.142
2MASX J19205915+4353241,GiC,0.157,0.157
2MASX J19210641+4347472,GiC,0.183,0.139
2MASX J19211127+4354263,GiC,0.263,0.226
2MASX J19212244+4402164,GiC,0.15,0.15
2MASX J19212515+4806246,G,0.137,0.137
2MASX J19220445+4402290,GiC,0.243,0.175
2MASX J19224313+4345336,GiC,0.217,0.191
2MASX J20130788-5648302,G,0.625787,0.528602
2MASX J20235284-5243293,G,0.40148,0.385903
2MASX J20290290+1822311,G,0.42,0.269
2MASX J20322022+2038293,G,0.367,0.242
2MASX J20363721+1707530,G,0.323,0.194
2MASX J20413473-2035308,G,0.42,0.344
2MASX J20480770+1622597,G,0.47,0.235
2MASX J20482341-5230377,GiC,0.326627,0.197054
2MASX J20483077-5233066,GiC,0.380783,0.207146
2MASX J20500862-5235365,GiC,0.569767,0.218562
2MASX J20502889-5218356,GiC,0.14,0.14
2MASX J20503259-5246216,GiC,0.163,0.163
2MASX J20505361-5254381,GiC,0.15,0.15
2MASX J20520042-5236273,GiC,0.346803,0.191782
2MASX J20520749-5245417,GiC,0.173,0.159
2MASX J20545682+0015378,BLL,0.137,0.137
2MASX J20570093-6439482,GiC,0.15,0.15
2MASX J21000817-4144071,G,0.881593,0.458781
2MASX J21043629-6832222,G,0.28,0.196
2MASX J21084982-4417208,G,0.55351,0.353693
2MASX J21141914-4700146,G,0.685157,0.393348
2MASX J21522066-4712191,G,0.594157,0.330589
2MASX J22093711-5837166,G,0.371693,0.214058
2MASX J22502534+1419519,Sy1,0.133,0.133
2MASX J22535622-1737281,BiC,0.513,0.359
2MASX J23022347-2201312,G,0.167,0.143
2MASX J23052285-4400028,G,0.622667,0.389291
2MASX J23053572+1912313,EmG,0.644197,0.301613
2MASX J23055746-7826296,G,0.373,0.329
2MASX J23085085+2004104,EmG,0.606523,0.527433
2MASX J23085314-1954033,rG,0.213,0.149
2MASX J23112633-2023547,G,0.13,0.13
2MASX J23130142-2138039,BiC,0.43,0.224
2MASX J23171850+1844219,G,0.2,0.128
2MASX J23192784+2044521,G,0.31808,0.201154
2MASX J23252346+2234403,G,0.207,0.124
2MASX J23275038+8535267,PaG,0.6,0.288
2MASX J23304029-4114225,G,0.56545,0.515521
2MASX J23315772-1846203,Sy2,0.413,0.331
2MASX J23353165+0238046,AGN,0.147,0.147
2MASX J23425202-5156476,G,0.305127,0.206784
2MASX J23472568+1844502,Sy2,0.143,0.143
2MASX J23512997+2714105,GiC,0.706247,0.395074
2MASX J23532761-3651437,G,0.604923,0.390055
2MASX J23533957+2337576,EmG,0.15,0.15
2MASX J23541380+0021247,G,0.23,0.179
2MASX J23584935-6039382,GiC,0.153,0.153
2MASX J23590519-6054244,GiC,0.15,0.15
2MASX J23591093-6057064,GiC,0.117,0.117
2MASXI J0429326-611453,GiC,0.65619,0.556055
2MASXI J0429438-613659,GiC,0.153,0.153
2MASXI J0430395-613508,GiC,0.18,0.13
2MASXI J0431423-613139,GiC,0.19,0.148
2MASXI J0432246-611206,GiC,0.6008,0.364325
2MASXI J0432250-612244,GiC,0.367057,0.218876
2MASXI J0432270-611252,GiC,0.31,0.18
2MASXI J0432553-611911,GiC,0.620063,0.15514
2MASXI J0433141-612034,GiC,0.147,0.147
2MASXI J0433473-613521,GiC,0.392247,0.124225
2MASXI J0433475-612603,GiC,0.55374,0.140373
2MASXI J1420130+402052,LSB,0.73537,0.149648
2MASXI J2301194+303158,LSB,0.621643,0.35272
2MFGC 10317,GiC,0.754577,0.218827
2MFGC 10339,LIN,0.88577,0.255013
2MFGC 11149,LIN,0.64931,0.145316
2MFGC 11559,rG,0.783157,0.156553
2MFGC 12529,G,0.881067,0.224408
2MFGC 12598,GiC,0.841677,0.142328
2MFGC 12915,GiC,1.16056,0.227354
2MFGC 12939,GiC,0.811247,0.204272
2MFGC 3097,G,0.377,0.113
2MFGC 4113,G,0.523,0.126
2MFGC 6171,G,0.97205,0.287144
2MFGC 9193,GiC,0.545823,0.251188
2MFGC 9256,GiC,1.00412,0.262878
2PIGG n1671,GrG,,
2QZ J005740.1-282311,AGN,,
2QZ J105823.2+015001,WD?,,
2QZ J105832.3+002605,QSO,,
2QZ J222321.6-313702,Bz?,,
2SLAQ J000228.90-004142.8,G,,
2U 1954-68,ClG,,
2XMM J004241.6+411635,XB*,,
2XMM J030229.4+000649,G,,
2XMM J033938.8-352509,EmG,0.47,0.35
2XMM J034615.6+681112,UX?,,
2XMM J034648.5+680547,G?,,
2XMM J053600.4-704127,Sy1,,
2XMM J061515.0+710203,Sy1,,
2XMM J080535.0+240951,Sy2,0.41362,0.335529
2XMM J130025.4+281345,GiC,,
2XMM J133834.1+273010,AGN,,
2XMM J135315.8+634546,Sy1,,
2dFGRS TGN172Z047,rG,0.664657,0.51903
2dFGRS TGN216Z072,GiC,0.490457,0.468778
2dFGRS TGN216Z250,LSB,0.602717,0.377481
2dFGRS TGN220Z039,LSB,0.32394,0.282702
2dFGRS TGN222Z062,GiC,0.583557,0.417068
2dFGRS TGN223Z081,BiC,0.706827,0.665195
2dFGRS TGN235Z234,LSB,0.26,0.19
2dFGRS TGN243Z163,LIN,0.57678,0.483169
2dFGRS TGN255Z104,BiC,0.69959,0.516577
2dFGRS TGN259Z027,GiC,,
2dFGRS TGN259Z028,GiC,0.22,0.17
2dFGRS TGN259Z029,GiC,0.081892,0.081892
2dFGRS TGN260Z001,GiC,,
2dFGRS TGN260Z068,GiC,,
2dFGRS TGN261Z020,GiC,0.35014,0.135679
2dFGRS TGN270Z088,LSB,,
2dFGRS TGN289Z151,LSB,0.560727,0.511495
2dFGRS TGN305Z079,LSB,,
2dFGRS TGN311Z094,H2G,0.738437,0.359471
2dFGRS TGN340Z007,LSB,0.505267,0.423363
2dFGRS TGN348Z004,LSB,,
2dFGRS TGN348Z124,LSB,0.59813,0.346557
2dFGRS TGN353Z233,LSB,0.3,0.21
2dFGRS TGN383Z237,GiG,0.862487,0.373025
2dFGRS TGN431Z106,LSB,,
2dFGRS TGN431Z145,LSB,0.269497,0.182018
2dFGRS TGN432Z106,LSB,0.419253,0.180237
2dFGRS TGS005Z206,Sy2,0.187,0.134
2dFGRS TGS119Z286,G,0.44,0.255
2dFGRS TGS341Z097,Sy2,0.22,0.19
2dFGRS TGS382Z225,LSB,0.548427,0.50883
2dFGRS TGS478Z227,Sy2,0.217,0.178
2dFGRS TGS550Z066,GiC,0.22,0.18
2dFGRS TGS550Z115,GiC,0.173,0.118
2dFGRS TGS551Z221,GiC,0.1366807,0.1366807
2dFGRS TGS551Z260,GiC,0.0461852,0.0461852
2dFGRS TGS551Z295,GiC,,
2dFGRS TGS554Z036,G,0.514137,0.444214
2dFGRS TGS808Z324,G,0.387673,0.36732
2dFGRS TGS808Z342,G,0.368063,0.31543
2dFGRS TGS826Z458,G,0.873857,0.58461
2dFS   755,cC*,,
30P   1,Rad,,
30P  20,Rad,,
30P  30,Rad,,
30P  32,Rad,,
30P  49,Rad,,
30P  63,Rad,,
30P  65,Rad,,
30P  68,Rad,,
30P  71,Rad,,
30P  86,Rad,,
30P  88,Rad,,
30P  90,Rad,,
30P  93,Rad,,
30P 104,Rad,,
30P 117,Rad,,
30P 120,Rad,,
30P 124,Rad,,
30P 136,Rad,,
30P 154,Rad,,
30P 156,Rad,,
30P 159,Rad,,
30P 222,Rad,,
31P 12,Rad,,
31P 47,Rad,,
31P 53,Rad,,
31P 62,Rad,,
31P 77,Rad,,
31P 80,Rad,,
3A 1510-590,Psr,35.0,35.0
3B 930605,gB,,
3B 930811,gB,,
3B 931007,gB,,
3B 931221,gB,,
3B 940217,gB,,
3B 940301,gB,,
3C   4,Rad,,
3C   6.1,BLL,,
3C  15,SyG,0.465427,0.435081
3C  18.0,Sy1,,
3C  20,Sy2,,
3C  21,rG,0.45745,0.410012
3C  22.0,Sy1,,
3C  34.0,rG,,
3C  35,QSO,0.313,0.226
3C  41.0,rG,,
3C  42,rG,,
3C  43,QSO,,
3C  44,rG,,
3C  48,QSO,,
3C  52,rG,0.123,0.123
3C  55.0,rG,,
3C  63,BLL,0.25,0.17
3C  65,rG,,
3C  66A,BLL,,
3C  68.2,rG,,
3C  75,PaG,0.741,0.489
3C  79.0,Sy2,0.113,0.113
3C  82,QSO,,
3C  84,Bla,2.63,1.78
3C  86,BLL,,
3C  88,QSO,0.633,0.418
3C  93.0,BLL,,
3C  93.1,BLL,,
3C  95,Sy1,,
3C  99.0,Sy2,,
3C 103,rG,,
3C 105.0,Sy2,0.123,0.123
3C 108,QSO,1.4666667e-05,9e-06
3C 111,Sy1,0.25,0.2
3C 118,Rad,,
3C 129,rG,0.673,0.593
3C 131,Rad,,
3C 132,rG,0.167,0.167
3C 134,rG,0.1,0.1
3C 149,Rad,0.234,0.162
3C 152,Rad,,
3C 154.0,QSO,,
3C 158,Rad,,
3C 159,Sy2,,
3C 167,Rad,,
3C 168,Rad,,
3C 169,Rad,,
3C 171.0,Sy2,,
3C 173.1,rG,0.16,0.16
3C 174,Rad,,
3C 175.1,rG,,
3C 180,Sy2,,
3C 184,rG,,
3C 184.1,Sy2,,
3C 185,QSO,,
3C 186,QSO,,
3C 187.0,rG,,
3C 190,QSO,,
3C 194.0,QSO,,
3C 196,Sy1,,
3C 196.1,Sy2,0.163,0.163
3C 197.1,BLL,0.173,0.132
3C 198.0,rG,0.29,0.21
3C 205,Sy1,,
3C 206,Sy1,,
3C 208,QSO,,
3C 208.1,QSO,,
3C 210,rG,,
3C 213.1,Sy2,0.0929257,0.0929257
3C 217,Rad,,
3C 219,Sy1,0.193,0.155
3C 220.2,QSO,,
3C 220.3,rG,,
3C 223.0,Sy2,0.24912,0.189854
3C 226.0,Sy1,,
3C 230,rG,,
3C 234.0,Sy2,0.16,0.16
3C 237.0,rG,,
3C 238,rG,,
3C 246,Sy1,,
3C 247,QSO,,
3C 249,rG,,
3C 257,rG,,
3C 258,rG,,
3C 265.0,Sy1,,
3C 266,rG,,
3C 267,rG,,
3C 268.1,rG,,
3C 271,Rad,,
3C 273,BLL,,
3C 275,rG,,
3C 277.3,BLL,0.3519,0.318082
3C 278,QSO,,
3C 279,Bla,,
3C 286,Sy1,,
3C 288,rG,0.415533,0.331637
3C 288.1,QSO,,
3C 289,QSO,,
3C 292,rG,,
3C 293.0,BLL,1.14267,0.589277
3C 293.1,rG,,
3C 295,Sy1,0.157,0.157
3C 298.0,Bla,,
3C 300,Sy2,,
3C 300.1,rG,,
3C 305.1,rG,,
3C 306.1,rG,,
3C 314.1,rG,0.24,0.16
3C 318.0,QSO,,
3C 320,QSO,,
3C 321,Sy1,0.448867,0.299798
3C 324.0,Sy1,,
3C 326.1,rG,,
3C 332.0,Sy1,0.18,0.115
3C 337,QSO,,
3C 339,Rad,,
3C 340,rG,,
3C 341,rG,,
3C 342,QSO,,
3C 344,rG,,
3C 346.0,BLL,0.237,0.118
3C 349,rG,,
3C 351.0,Bla,,
3C 352,rG,,
3C 356,QSO,,
3C 368.0,rG,,
3C 372,rG,,
3C 388.0,SyG,0.723923,0.584568
3C 391.0,SNR,7.0,5.0
3C 394,Rad,,
3C 401,SyG,0.28,0.18
3C 403.0,Sy2,0.32,0.237
3C 407,Bla,,
3C 411.0,BLL,,
3C 418.0,Bla,1.0666667e-05,5e-06
3C 423,Rad,1.7,0.4
3C 424,BLL,,
3C 427.1,rG,,
3C 432.0,QSO,,
3C 433.0,Sy2,0.227,0.195
3C 434,rG,,
3C 435,rG,,
3C 435.1,rG,,
3C 436,Sy2,,
3C 441,rG,,
3C 446,BLL,,
3C 454.3,Bla,1.2166666e-05,5.1666666e-06
3C 455.0,QSO,,
3C 456,Sy2,,
3C 458,rG,,
3C 460,Sy2,,
3C 463,QSO,0.25,0.22
3C 469.1,rG,,
3CR 431,Rad,,
3XMM J134941.2+264301,LIN,0.720407,0.335637
3XMM J170011.1+323515,LIN,0.402213,0.301861
45P  26,Y*O,,
48P  2,Rad,,
48P  4,Rad,,
48P 10,Rad,,
48P 11,Rad,,
48P 14,Rad,,
48P 15A,Rad,,
48P 24,Rad,,
48P 26,Rad,,
48P 32,Rad,,
48P 45,Rad,,
48P 55,Rad,,
48P 61,Rad,,
48P 64,Rad,,
4C -00.01,QSO,,
4C -00.11,Rad,,
4C -00.47,Bla,,
4C -00.81,rG,,
4C -01.11,QSO,,
4C -01.19,rG,,
4C -02.19,Bla,1.25e-05,4.666667e-06
4C -02.55,Bla,,
4C -02.91,Rad,,
4C -03.07,Bla,,
4C -03.79,Bla,,
4C -03.81,QSO,,
4C -04.72,Rad,,
4C -05.26,Rad,,
4C -05.29,Rad,,
4C -05.64,Bla,,
4C -05.73,Rad,,
4C -05.78,Rad,,
4C -06.22,Rad,,
4C -06.35,QSO,,
4C 00.04,QSO,,
4C 00.34,QSO,,
4C 00.37,LIN,0.583363,0.461265
4C 00.79,PaG,,
4C 01.02,Bla,,
4C 01.55,Rad,,
4C 01.63,Rad,,
4C 01.68,Rad,,
4C 02.03,Rad,,
4C 02.49,Rad,,
4C 02.55,Rad,,
4C 03.23,Bla,,
4C 03.46,BLL,,
4C 03.48,Rad,,
4C 03.49,rG,,
4C 04.15,Rad,,
4C 04.81,QSO,,
4C 05.07,rG,,
4C 05.11,Rad,,
4C 05.14,rG,,
4C 05.16,Sy1,,
4C 05.41,rG,,
4C 05.51,rG,,
4C 05.55,QSO,,
4C 05.64,Bla,1.2833333e-05,5.6666668e-06
4C 05.77,Rad,,
4C 05.79,Rad,,
4C 05.81,QSO,,
4C 06.04,rG,,
4C 06.11,Bla,1.38333335e-05,6e-06
4C 06.56,rG,,
4C 06.63,Rad,,
4C 06.69,Bla,1.38333335e-05,6.1666665e-06
4C 07.04,Sy2,,
4C 07.54,Rad,,
4C 07.58,Rad,,
4C 08.06,BLL,,
4C 08.62,QSO,,
4C 08.64,QSO,,
4C 09.01,QSO,,
4C 09.52,QSO,,
4C 09.57,BLL,9.666666e-06,4.3333334e-06
4C 09.72,BLL,,
4C 10.06,Sy1,,
4C 10.34,QSO,,
4C 10.43,Bla,,
4C 10.45,Bla,8.666667e-06,4.3333334e-06
4C 10.70,Bla,,
4C 10.73,Bla,,
4C 11.32,QSO,,
4C 11.37,Rad,,
4C 11.69,Bla,,
4C 11.72,BLL,,
4C 12.17,QSO,,
4C 12.35,QSO,,
4C 12.37,QSO,,
4C 12.39,Bla,,
4C 12.47,rG,,
4C 12.52,Rad,,
4C 12.57,Q?,,
4C 13.39,QSO,,
4C 13.58,rG,,
4C 13.71,Rad,,
4C 14.27,Sy1,,
4C 14.46,QSO,,
4C 15.05,Bla,1.1833334e-05,5.3333333e-06
4C 15.09,QSO,,
4C 15.55,QSO,,
4C 15.58,QSO,,
4C 15.64,Rad,,
4C 15.78,Rad,,
4C 16.14,QSO,,
4C 16.35,Rad,,
4C 16.36,Rad,,
4C 16.37,rG,,
4C 16.52,rG,0.984117,0.802153
4C 17.09,QSO,,
4C 17.18,Q?,,
4C 17.71,rG,,
4C 17.73,QSO,,
4C 17.78,Rad,,
4C 18.35,BiC,0.611417,0.497021
4C 18.47,BLL,,
4C 19.33,Rad,,
4C 19.34,Bla,1.4166667e-05,5.6666668e-06
4C 20.23,rG,,
4C 21.59,QSO,,
4C 22.21,BLL,,
4C 22.22,Q?,,
4C 23.04,Rad,,
4C 23.40,Rad,,
4C 23.43,Bla,,
4C 23.56,rG,,
4C 24.08A,rG,,
4C 24.17,Rad,,
4C 24.21,Rad,,
4C 24.28,rG,,
4C 24.32B,QSO,,
4C 24.47,Rad,,
4C 25.05,Bla,1.3666667e-05,5.1666666e-06
4C 25.30,Rad,,
4C 25.45,Rad,,
4C 26.36,Rad,,
4C 26.41,rG,0.823423,0.363212
4C 26.47,Sy2,0.14,0.14
4C 26.48A,QSO,,
4C 27.05,Rad,,
4C 27.09,Rad,,
4C 27.30,Rad,,
4C 27.38,QSO,,
4C 28.32,Rad,,
4C 28.40,QSO,,
4C 29.01,QSO,,
4C 29.02,Sy1,,
4C 29.27,QSO,,
4C 29.41,rG,0.7837,0.528684
4C 29.44,rG,,
4C 30.13,QSO,,
4C 30.23,Rad,,
4C 30.24,Rad,,
4C 30.29,rG,,
4C 31.04,rG,0.997483,0.579638
4C 31.06,QSO,,
4C 31.27,Rad,,
4C 31.36,Rad,,
4C 31.42,Rad,,
4C 31.47,rG,0.203,0.15
4C 32.03,rG,,
4C 32.13,Rad,,
4C 32.19,Rad,,
4C 32.26,rG,0.79923,0.567293
4C 32.38,Rad,,
4C 32.43,Rad,,
4C 33.34,Rad,,
4C 33.38,Bla,,
4C 33.42,Rad,,
4C 33.44,Rad,,
4C 34.26,Rad,,
4C 34.28A,Rad,,
4C 34.31,Rad,,
4C 34.40,Rad,,
4C 34.45,BiC,0.54521,0.364473
4C 35.03,rG,1.21,0.75
4C 35.16,rG,0.3,0.24
4C 35.18,Rad,,
4C 35.27,rG,,
4C 35.28,Bla,,
4C 35.31,Rad,,
4C 36.16,Rad,,
4C 36.21,Rad,,
4C 36.25,Rad,,
4C 36.39,Rad,,
4C 37.13,Rad,,
4C 37.24,QSO,,
4C 37.32,Sy2,0.22,0.18
4C 37.34,Rad,,
4C 37.45,QSO,,
4C 37.48,rG,0.384857,0.270054
4C 37.58,Rad,,
4C 38.20,QSO,,
4C 38.25,rG,0.213,0.124
4C 39.04,rG,0.193,0.131
4C 39.61,Rad,,
4C 40.46,rG,,
4C 41.04,QSO,,
4C 41.17,rG,,
4C 41.18,BLL,,
4C 42.01,QSO,,
4C 42.15,Rad,,
4C 42.23,rG,,
4C 42.34,rG,,
4C 43.14,QSO,,
4C 43.21,QSO,,
4C 43.51,Rad,,
4C 46.13,Rad,,
4C 46.17,rG,,
4C 46.29,Bla,,
4C 46.32,QSO,,
4C 47.08,BLL,1.1833334e-05,4.833333e-06
4C 47.51,rG,,
4C 48.11,Rad,,
4C 48.26,QSO,,
4C 48.39,rG,,
4C 48.54,Rad,,
4C 50.18,Rad,,
4C 51.11,Rad,,
4C 52.19,Rad,,
4C 52.27,QSO,,
4C 52.31,BLL,,
4C 53.16,rG,1.24766,0.737993
4C 54.15,BLL,9.333334e-06,5e-06
4C 55.29,Rad,,
4C 55.31,rG,,
4C 56.16A,Bla,8.166667e-06,6.6666666e-06
4C 57.06,Rad,,
4C 57.15,BLL,,
4C 58.17,Bla,1.2166666e-05,6e-06
4C 58.23,rG,0.517063,0.422286
4C 58.27,QSO,,
4C 58.29,QSO,,
4C 59.01,Rad,,
4C 61.19,QSO,,
4C 62.04,Rad,,
4C 65.04,Rad,0.141,0.091
4C 67.11B,Rad,,
4C 67.16,Rad,,
4C 67.21,rG,,
4C 68.21,rG,0.469507,0.42711
4C 69.10,Rad,,
4C 69.21,Bla,,
4C 71.07,Bla,,
4FGL J1844.8-3248,BLL,,
4U 0009-33,X,,
4U 0457-35,X,,
4U 0513-40,LXB,,
4U 1246-58,LXB,,
4U 1253-00,X,,
4U 1314+59,X,,
4U 1323-62,LXB,,
4U 1636+05,X,,
4U 1642-45,LXB,,
4U 1651-06,X,,
4U 1722-30,LXB,,
4U 1730-22,LXB,,
4U 1758-25,LXB,,
4U 1850-086,LXB,,
4U 2129+12,LXB,,
4W 1256+28W04b,Rad,,
4W 1601+15W01b,Rad,,
5C  3.125,Rad,,
5C  3.126,AG?,,
5C  5.223,LIN,0.26,0.22
5C  5.244,rG,,
5C  6.213,BLL,,
5C  7.18,Bla,,
6C 012317+383521,rG,,
6C 021252+733537,BLL,7.5e-06,5.8333335e-06
6C 033321+320838,Bla,1.1166667e-05,5.1666666e-06
6C 035545+504923,Bla,,
6C 073128+652027,QSO,,
6C 074842+332048,Bla,,
6C 082426+353503,Bla,,
6C 0854+3957,Sy2,,
6C 0908+3736,rG,0.387,0.263
6C 091739+622838,Bla,7.3333335e-06,6.333333e-06
6C 091740+445437,Bla,,
6C 095456+654857,BLL,,
6C 1148+3842,QSO,,
6C 120031+515631,rG,0.840143,0.550462
6C 121520+302351,BLL,,
6C 121837+460525,BLL,,
6C 131730+361726,rG,0.153,0.153
6C 131905+425044,Sy2,0.432213,0.262959
6C 143045+411613,QSO,,
6C 161147+342017,Bla,1.1666667e-05,4.666667e-06
6C 163852+395305,Bla,1.0666667e-05,7.166667e-06
6C 174400+554318,AGN,1.40324,1.0673
6C 235239+493337,BLL,,
6dFGS gJ002354.1-621619,EmG,0.32,0.294
6dFGS gJ003743.4-334208,G,0.237,0.156
6dFGS gJ003745.0-334221,G,0.317,0.26
6dFGS gJ012210.4-023344,GiC,0.84475,0.596309
6dFGS gJ020404.0-602300,G,0.757607,0.385622
6dFGS gJ023901.3-193650,EmG,0.217,0.195
6dFGS gJ030627.3-664623,AG?,0.173,0.17
6dFGS gJ033312.8-360103,GiC,0.532687,0.446125
6dFGS gJ033704.6-353524,GiC,0.53627,0.51675
6dFGS gJ034205.4-370322,Sy1,,
6dFGS gJ034432.9-351146,GiC,0.48934,0.385208
6dFGS gJ045403.6-425427,G,0.63462,0.549137
6dFGS gJ050304.0-663346,Sy1,0.237,0.156
6dFGS gJ055133.0-321437,BiC,0.580793,0.473985
6dFGS gJ062248.8-650303,GiC,0.237,0.17
6dFGS gJ062622.1-534126,G,0.91,0.419
6dFGS gJ084159.7-253109,G,0.43,0.138
6dFGS gJ093528.7-162828,AG?,0.24,0.187
6dFGS gJ095928.4-190251,LSB,0.343,0.185
6dFGS gJ101425.7-005219,GiC,0.886847,0.605007
6dFGS gJ130900.4-342937,GiC,0.28,0.174
6dFGS gJ184806.7-630619,GiC,0.407,0.211
6dFGS gJ195355.0-225229,G,0.267,0.235
6dFGS gJ205156.5-520346,GiC,0.203,0.183
6dFGS gJ205237.0-515839,GiC,0.386823,0.255884
6dFGS gJ205440.0-430435,G,0.58702,0.374108
6dFGS gJ215226.0-081025,Sy1,0.67923,0.278009
6dFGS gJ220538.6-053533,LIN,0.60064,0.569106
6dFGS gJ223201.8-430524,G,0.203,0.163
6dFGS gJ223424.6-374331,BiC,0.247,0.197
7C 021706.90+414353.00,QSO,,
7C 022237.39+401812.00,rG,0.203,0.146
7C 022401.00+391814.00,Bla,,
7C 064253.00+445430.00,Bla,1.13333335e-05,6.333333e-06
7C 070337.20+332311.00,BLL,0.526537,0.294123
7C 071105.79+353949.00,Bla,,
7C 080458.39+495918.00,Bla,9e-06,5.3333333e-06
7C 081451.89+423206.00,BLL,9e-06,5.6666668e-06
7C 084600.69+374251.00,rG,,
7C 093818.10+395820.00,Sy2,0.34234,0.205541
7C 095241.70+470407.00,QSO,,
7C 095248.9+354740,QSO,,
7C 100329.50+302818.00,rG,0.19,0.171
7C 100725.89+414711.00,Sy1,,
7C 1010+3500,Bla,,
7C 101146.4+280358,QSO,,
7C 1015+3557,Bla,,
7C 102536.1+241636,QSO,,
7C 103230.7+263046,QSO,,
7C 104907.3+213551,Bla,1.2666666e-05,4.833333e-06
7C 112451.20+570647.00,Bla,,
7C 1147+2434,BLL,1.1833334e-05,5e-06
7C 120500.2+340922,BLL,0.398807,0.366782
7C 1208+3213,Sy1,,
7C 121100.10+510113.00,Bla,1.65888,1.16271
7C 121132.7+332625,QSO,,
7C 1218+3359,QSO,,
7C 1219+2830,BLL,,
7C 132816.2+252436,QSO,,
7C 134042.1+285857,Bla,,
7C 142237.3+201352,QSO,,
7C 1424+2401,BLL,,
7C 142632.60+293227.00,QSO,,
7C 1459+2146,rG,0.264693,0.157334
7C 154914.09+625020.00,QSO,,
7C 162329.50+410025.00,Bla,1.88144,1.27675
7C 1638+5552,rG,0.163,0.163
7C 165211.80+395026.00,BLL,1.49514,1.13526
7C 173240.70+385949.00,BLL,1.2333333e-05,5e-06
7C 173836.20+473929.00,BLL,9e-06,5.6666668e-06
7C 174604.90+465932.00,BLL,,
7C 1749+7006,BLL,1.3333333e-05,7.833333e-06
7P  5,Rad,,
7P 16,Rad,,
7P 29,Rad,,
7P 33,Rad,,
7P 48,Rad,,
87GB 000331.7+003711,rG,,
87GB 004432.0+030343,Sy1,,
87GB 005314.6+260945,rG,0.167,0.133
87GB 025547.6+132220,GiC,0.283,0.176
87GB 032059.1+544556,HII,,
87GB 042903.8+172530,Rad,,
87GB 052440.1+010340,Sy1,,
87GB 085431.7+210032,rG,0.21,0.202
87GB 090404.3+035425,Sy2,,
87GB 094424.0+095725,rG,,
87GB 105632.5+024048,BLL,,
87GB 150204.9+094101,Q?,,
87GB 171639.0+501052,rG,,
87GB 172040.9+243904,Bla,0.16,0.16
87GB 211207.1+074044,BLL,,
87GB 211244.7+372955,QSO,,
87GB 212442.0+022006,AG?,,
87GB 224704.1+104011,rG,0.15,0.15
87GB 232811.8+164632,Sy1,,
87GB 233038.8+003151,rG,0.37,0.13
87GB 233856.4+030039,LIN,,
87GB 235238.9+093803,rG,0.233,0.177
8C 0857+628,LIN,0.58534,0.391944
8C 0958+561,QSO,,
8C 1435+638,Bla,,
8C 1634+589,QSO,,
8P 47,Rad,,
9C J0034+2754,QSO,,
9C J0949+2920,QSO,,
A2  10,SBG,0.153,0.153
A2 225,WD*,,
A2 294,QSO,,
A2 296,QSO,,
A2 344,*,,
A2 369,QSO,,
A2 434,*,,
A2 468,QSO,,
AB   6,QSO,,
AB 155,QSO,,
ACH 15,GlC,0.0123,0.0123
ACO     6,ClG,,
ACO    13,ClG,18.333334,18.333334
ACO    14,ClG,18.554,18.554
ACO    21,ClG,18.938,18.938
ACO    22,ClG,14.333333,14.333333
ACO    43,ClG,,
ACO    44,ClG,,
ACO    72,ClG,,
ACO    74,ClG,,
ACO    76,ClG,36.196,36.196
ACO    77,ClG,21.792,21.792
ACO    95,ClG,,
ACO   102,ClG,,
ACO   119,ClG,24.166666,24.166666
ACO   121,ClG,,
ACO   126,ClG,,
ACO   134,ClG,,
ACO   140,ClG,12.434,12.434
ACO   147,ClG,25.524,25.524
ACO   150,ClG,,
ACO   151,ClG,29.448,29.448
ACO   154,ClG,,
ACO   160,ClG,15.0,15.0
ACO   168,ClG,31.516,31.516
ACO   171,ClG,,
ACO   179,ClG,,
ACO   189,ClG,,
ACO   193,ClG,31.604,31.604
ACO   194,ClG,54.326,54.326
ACO   195,ClG,,
ACO   204,ClG,,
ACO   216,ClG,,
ACO   225,ClG,,
ACO   240,ClG,18.978,18.978
ACO   242,ClG,,
ACO   245,ClG,,
ACO   252,ClG,,
ACO   260,ClG,34.438,34.438
ACO   262,ClG,21.666666,21.666666
ACO   267,ClG,10.18,10.18
ACO   273,ClG,,
ACO   279,ClG,,
ACO   293,ClG,,
ACO   318,ClG,,
ACO   323,ClG,,
ACO   363,ClG,,
ACO   370,ClG,,
ACO   372,ClG,,
ACO   389,ClG,,
ACO   397,ClG,,
ACO   399,ClG,7.0,7.0
ACO   400,ClG,20.0,20.0
ACO   401,ClG,30.502,30.502
ACO   407,ClG,,
ACO   415,ClG,,
ACO   423,ClG,,
ACO   426,ClG,12.0,12.0
ACO   434,ClG,,
ACO   465,ClG,,
ACO   468,ClG,,
ACO   479,ClG,,
ACO   484,ClG,,
ACO   496,ClG,22.5,22.5
ACO   500,ClG,16.666666,16.666666
ACO   505,ClG,,
ACO   514,ClG,21.61,21.61
ACO   518,ClG,,
ACO   526,ClG,,
ACO   533,ClG,,
ACO   543,ClG,13.07,13.07
ACO   548,ClG,,
ACO   568,ClG,,
ACO   569,ClG,,
ACO   571,ClG,,
ACO   578,ClG,8.75,8.75
ACO   585,ClG,,
ACO   602,ClG,1.84,1.84
ACO   614,ClG,,
ACO   620,ClG,,
ACO   625,ClG,,
ACO   630,ClG,,
ACO   634,ClG,,
ACO   636,ClG,,
ACO   644,ClG,,
ACO   646,ClG,16.866,16.866
ACO   655,ClG,16.16,16.16
ACO   665,ClG,10.0,10.0
ACO   671,ClG,25.892,25.892
ACO   680,ClG,,
ACO   685,ClG,,
ACO   692,ClG,,
ACO   732,ClG,,
ACO   733,ClG,,
ACO   739,ClG,,
ACO   744,ClG,,
ACO   750,ClG,13.982,13.982
ACO   754,ClG,16.0,16.0
ACO   756,ClG,,
ACO   762,ClG,,
ACO   763,ClG,,
ACO   786,ClG,,
ACO   787,ClG,,
ACO   801,ClG,,
ACO   819,ClG,,
ACO   820,ClG,,
ACO   834,ClG,,
ACO   838,ClG,,
ACO   841,ClG,,
ACO   854,ClG,,
ACO   921,ClG,,
ACO   922,ClG,,
ACO   924,ClG,,
ACO   928,ClG,,
ACO   945,ClG,,
ACO   950,ClG,,
ACO   963,ClG,12.916667,12.916667
ACO   975,ClG,,
ACO   978,ClG,22.522,22.522
ACO   993,ClG,,
ACO   999,ClG,,
ACO  1001,ClG,,
ACO  1016,ClG,,
ACO  1020,ClG,,
ACO  1035,ClG,12.916667,12.916667
ACO  1046,ClG,,
ACO  1062,ClG,,
ACO  1069,ClG,22.42,22.42
ACO  1087,ClG,,
ACO  1123,ClG,14.172,14.172
ACO  1124,ClG,,
ACO  1142,ClG,,
ACO  1146,ClG,,
ACO  1167,ClG,,
ACO  1170,ClG,,
ACO  1173,ClG,19.276,19.276
ACO  1180,ClG,,
ACO  1185,ClG,32.17,32.17
ACO  1187,ClG,,
ACO  1190,ClG,21.336,21.336
ACO  1213,ClG,23.874,23.874
ACO  1225,ClG,,
ACO  1227,ClG,14.026,14.026
ACO  1228,ClG,,
ACO  1232,ClG,,
ACO  1238,ClG,,
ACO  1254,ClG,,
ACO  1267,ClG,,
ACO  1268,ClG,,
ACO  1271,ClG,,
ACO  1281,ClG,,
ACO  1307,ClG,22.69,22.69
ACO  1332,ClG,,
ACO  1333,ClG,,
ACO  1361,ClG,,
ACO  1362,ClG,,
ACO  1364,ClG,,
ACO  1365,ClG,,
ACO  1367,ClG,63.188,63.188
ACO  1368,ClG,,
ACO  1372,ClG,,
ACO  1377,ClG,23.134,23.134
ACO  1380,ClG,,
ACO  1381,ClG,,
ACO  1399,ClG,,
ACO  1412,ClG,,
ACO  1413,ClG,14.583333,14.583333
ACO  1436,ClG,21.248,21.248
ACO  1455,ClG,,
ACO  1456,ClG,,
ACO  1461,ClG,,
ACO  1474,ClG,,
ACO  1484,ClG,,
ACO  1493,ClG,,
ACO  1530,ClG,,
ACO  1559,ClG,,
ACO  1569,ClG,,
ACO  1583,ClG,,
ACO  1588,ClG,,
ACO  1593,ClG,,
ACO  1630,ClG,,
ACO  1631,ClG,33.988,33.988
ACO  1638,ClG,,
ACO  1650,ClG,17.666666,17.666666
ACO  1656,ClG,30.0,30.0
ACO  1689,ClG,4.0,4.0
ACO  1691,ClG,21.47,21.47
ACO  1722,ClG,,
ACO  1725,ClG,,
ACO  1731,ClG,,
ACO  1735,ClG,12.5,12.5
ACO  1736,ClG,37.466,37.466
ACO  1743,ClG,,
ACO  1749,ClG,,
ACO  1775,ClG,21.666666,21.666666
ACO  1793,ClG,,
ACO  1795,ClG,23.333334,23.333334
ACO  1825,ClG,18.456,18.456
ACO  1831,ClG,23.816,23.816
ACO  1836,ClG,12.333333,12.333333
ACO  1837,ClG,17.5,17.5
ACO  1849,ClG,,
ACO  1890,ClG,22.496,22.496
ACO  1900,ClG,,
ACO  1904,ClG,20.61,20.61
ACO  1911,ClG,,
ACO  1914,ClG,7.5,7.5
ACO  1926,ClG,,
ACO  1927,ClG,18.414,18.414
ACO  1939,ClG,,
ACO  1940,ClG,13.108,13.108
ACO  1947,ClG,,
ACO  1961,ClG,,
ACO  1982,ClG,,
ACO  1983,ClG,16.25,16.25
ACO  1990,ClG,,
ACO  1991,ClG,16.666666,16.666666
ACO  1999,ClG,,
ACO  2021,ClG,,
ACO  2028,ClG,,
ACO  2029,ClG,6.0,6.0
ACO  2033,ClG,22.02,22.02
ACO  2036,ClG,,
ACO  2040,ClG,26.488,26.488
ACO  2052,ClG,20.416666,20.416666
ACO  2061,ClG,7.5,7.5
ACO  2063,ClG,19.666666,19.666666
ACO  2064,ClG,,
ACO  2065,ClG,20.416666,20.416666
ACO  2069,ClG,5.0,5.0
ACO  2079,ClG,,
ACO  2089,ClG,,
ACO  2092,ClG,19.212,19.212
ACO  2093,ClG,,
ACO  2100,ClG,,
ACO  2105,ClG,,
ACO  2119,ClG,,
ACO  2125,ClG,,
ACO  2142,ClG,15.833333,15.833333
ACO  2145,ClG,18.228,18.228
ACO  2147,ClG,46.116,46.116
ACO  2151,ClG,37.066,37.066
ACO  2152,ClG,24.558,24.558
ACO  2158,ClG,,
ACO  2162,ClG,,
ACO  2163,ClG,11.0,11.0
ACO  2169,ClG,,
ACO  2175,ClG,15.833333,15.833333
ACO  2178,ClG,,
ACO  2179,ClG,,
ACO  2184,ClG,,
ACO  2197,ClG,30.22,30.22
ACO  2198,ClG,,
ACO  2199,ClG,21.666666,21.666666
ACO  2218,ClG,2.0,2.0
ACO  2220,ClG,,
ACO  2244,ClG,22.224,22.224
ACO  2246,ClG,7.9166665,7.9166665
ACO  2249,ClG,22.146,22.146
ACO  2255,ClG,10.0,10.0
ACO  2256,ClG,12.0,12.0
ACO  2271,ClG,21.756,21.756
ACO  2275,ClG,,
ACO  2283,ClG,,
ACO  2295,ClG,,
ACO  2306,ClG,15.136,15.136
ACO  2311,ClG,16.862,16.862
ACO  2312,ClG,16.666666,16.666666
ACO  2317,ClG,,
ACO  2328,ClG,13.333333,13.333333
ACO  2345,ClG,15.666667,15.666667
ACO  2347,ClG,,
ACO  2356,ClG,,
ACO  2366,ClG,,
ACO  2377,ClG,15.0,15.0
ACO  2384,ClG,14.333333,14.333333
ACO  2390,ClG,2.0,2.0
ACO  2402,ClG,19.568,19.568
ACO  2415,ClG,28.422,28.422
ACO  2424,ClG,,
ACO  2433,ClG,,
ACO  2440,ClG,20.342,20.342
ACO  2458,ClG,,
ACO  2462,ClG,,
ACO  2500,ClG,,
ACO  2511,ClG,,
ACO  2521,ClG,,
ACO  2524,ClG,,
ACO  2525,ClG,,
ACO  2550,ClG,,
ACO  2556,ClG,,
ACO  2559,ClG,,
ACO  2565,ClG,,
ACO  2597,ClG,5.0,5.0
ACO  2607,ClG,,
ACO  2619,ClG,,
ACO  2651,ClG,,
ACO  2657,ClG,20.0,20.0
ACO  2660,ClG,,
ACO  2661,ClG,,
ACO  2666,ClG,,
ACO  2670,ClG,20.0,20.0
ACO  2675,ClG,20.532,20.532
ACO  2691,ClG,,
ACO  2700,ClG,16.0,16.0
ACO  2707,ClG,,
ACO  2744,ClG,7.0,7.0
ACO  2806,ClG,35.412,35.412
ACO  2911,ClG,,
ACO  3103,ClG,,
ACO  3186,ClG,,
ACO  3266,ClG,25.833334,25.833334
ACO  3381,ClG,,
ACO  3526,ClG,16.666666,16.666666
ACO  3528,ClG,,
ACO  3530,ClG,18.0,18.0
ACO  3555,ClG,,
ACO  3558,ClG,20.416666,20.416666
ACO  3559,ClG,,
ACO  3562,ClG,5.0,5.0
ACO  3565,ClG,,
ACO  3566,ClG,,
ACO  3571,ClG,21.0,21.0
ACO  3744,ClG,29.904,29.904
ACO  4038,ClG,20.0,20.0
ACO  4041,ClG,,
ACO  4059,ClG,14.583333,14.583333
ACO S  301,ClG,17.5,17.5
ACO S  373,ClG,11.666667,11.666667
ACO S  910,ClG,,
ACO S 1077,ClG,,
ACS-GC 12012235,Sy1,,
ACS-GC 50009298,rG,0.0081,0.0081
ACT-S J012834-525520,rG,,
AGAL G029.927-00.042,Y*O,0.5,0.33333334
AGAPE V1576,No*,,
AGC 120682,GiC,0.863957,0.444419
AGC 332096,LSB,0.5,0.4
AGC 332149,LSB,,
AGC 332150,LSB,,
AGC 332152,LSB,,
AJG  44,Psr,10.0,10.0
AKARI-IRC-V1 J1907155+075239,Y*O,0.09,0.09
AKARI-IRC-V1 J1936490+061503,LP?,,
ALS 15135,*,,
ALS 15167,*,,
ALS 15182,*,,
ALS 15184,*,,
ALS 15189,*,,
ALS 15451,*,,
ALS 15541,*,,
ALS 15570,*,,
ALS 15584,*,,
ALS 15619,*,,
ALS 15678,*,,
ALS 15697,*,,
ALS 15709,*,,
ALS 16012,*,,
ALS 16041,*,,
ALS 16047,*,,
ALS 18026,LP*,,
ALS 19444,*,,
ALS 19468,*,,
ALW Carina  9,C*,,
ALW Leo    I  1,C*,,
ALW Leo    I  9,C*,,
ALW Leo    I 11,C*,,
AM 0309-321,G,,
AM 0529-442,G,,
AM 0656-745,Sy1,,
AM 0658-590,G,,
AM 0707-273,G,,
AM 1010-263,G,,
AM 1128-420,G,,
AM 1332-262,G,,
AM 2238-272,G,,
AP J05514661-7542210,LP?,,
AP J13272394-4723536,RB?,,
APG  24,G,,
APG  52,IG,0.49,0.314
APG  65,IG,,
APG  82,PaG,,
APG 121,IG,,
APG 126,IG,,
APG 131,IG,,
APG 146,IG,0.295663,0.244543
APG 167,GrG,,
APG 173,IG,,
APG 240,PaG,,
APG 251,GrG,,
APG 270,PaG,,
APG 271,IG,,
APG 277,IG,0.3,0.15
APG 283,PaG,,
APG 284,PaG,,
APG 290,GrG,,
APG 293,G,,
APG 294,GrG,,
APG 321,IG,1.74,1.74
APG 326,IG,,
APMUKS (BJ) B130901.41-010417.1,Sy1,,
ASAS J180955-3210.2,Mi*,,
ASP03   31,GiC,,
ASP03 2630,GiC,,
ASP03 3469,GiC,,
ASR   6,Y*O,0.5,0.5
ASR  21,IR,,
ASR  71,IR,,
ASR  79,Y*O,,
ASR  80,Y*O,,
ASR  85,Y*O,,
ASV  3,G,,
AT20G J032410-763000,rG,,
AT20G J045339-000421,rG,,
AT20G J182338-345412,BLL,,
AT20G J234910-043804,rG,,
AT20G J235524-072943,rG,,
ATO J041.0594+40.3959,RR*,,
ATO J091.9524-06.4913,*,,
ATO J116.4169+03.6443,EB*,,
ATO J118.1227-30.7693,EB*,,
ATO J146.9381+07.4223,Sy1,0.15,0.15
ATO J167.8477+41.5375,RR*,,
ATO J178.4553+11.4751,Sy1,,
ATO J291.4298+07.4656,LP*,,
ATO J293.5832+05.1624,EB*,,
ATO J294.5238+06.5822,LP*,,
ATO J355.5115-04.5180,Mi*,,
AWM 1,ClG,,
AWM 4,ClG,18.666666,18.666666
AWM 6,ClG,,
AX J1226.8-6249,X,,
AX J1745.6-2901,LXB,,
AX J1808.6-2024,ISM,,
Anon 0609-33.1,G,,
Anon 1523+26,G,,
Anon 1837-6317,GiC,,
Anon 2333-1637,G,,
Ass Aur OB 2,As*,,
Ass CMa OB 1,As*,,
Ass Cam OB 1,As*,,
Ass Cep OB 1,As*,,
Ass Cep OB 4,As*,,
Ass Cha T 1-10,Y*O,,
Ass Cha T 1-19,Or*,,
Ass Cha T 1-8,TT*,,
Ass Cha T 2-21,TT*,,
Ass Cyg OB 1,As*,,
Ass Cyg OB 2,As*,,
Ass Gem OB 1,As*,,
Ass Mon R 2,As*,,
Ass Mon R 2-27,*,,
Ass Per OB 2,As*,,
AzV   8,*,,
AzV  53,sg*,,
AzV 102,HXB,,
AzV 149,Em*,,
AzV 214,s*b,,
AzV 217,SB*,,
AzV 277,s*b,,
AzV 282,*,,
AzV 291,*,,
B2 0131+29,Rad,,
B2 0606+29,Rad,,
B2 0738+33 A,Rad,,
B2 0917+26,Rad,,
B2 1225+26 A,Rad,0.233,0.173
B2 1241+24,Rad,,
B2 1423+35,Rad,,
B2 1648+35,Rad,,
B2 1741+39,rG,0.247,0.212
B2.1 1959+33 A,Y*O,,
B3 0000+394,Q?,,
B3 2111+472,Rad,,
B3 2113+467A,,,
BA 1-139,EmO,1.55,0.6
BA 1-415,SNR,,
BA 1-416,SNR,0.123333335,0.123333335
BA 1-443,HII,0.0344,0.0344
BA 1-449,SNR,0.11666667,0.11666667
BA 1-490,HII,,
BA 1-548,EmO,0.7191667,0.6285
BA 1-608,HII,0.1,0.1
BA 1-633,Rad,0.4,0.15
BA 3-10,G,,
BA 3-12,G,,
BA 3-13,GlC,,
BASV 134,RR*,,
BASW   1,cC*,,
BASW   2,V*,,
BASW   5,cC*,,
BASW  10,cC*,,
BASW  11,V*,,
BASW  14,cC*,,
BASW  16,cC*,,
BASW  19,s*b,0.15,0.15
BASW  20,Er*,,
BASW  28,cC*,,
BASW  29,cC*,,
BASW  35,cC*,,
BASW  36,cC*,0.050998,0.0339872
BASW  44,V*,,
BASW  46,cC*,,
BASW  48,cC*,,
BASW  62,LP*,,
BASW 105,WV*,,
BASW 125,cC*,,
BASW 162,LP*,,
BASW 199,cC*,,
BASW 228,cC*,,
BASW 264,cC*,,
BASW 273,cC*,,
BASW 276,EB*,,
BASW 277,cC*,,
BASW 294,cC*,,
BASW 310,cC*,,
BASW 312,EB*,,
BASW 317,cC*,,
BASW 318,cC*,,
BASW 350,cC*,,
BASW 372,cC*,,
BASW 384,cC*,,
BASW 416,cC*,,
BASW 426,cC*,,
BASW 435,cC*,,
BASW 437,cC*,,
BASW 440,cC*,,
BASW 446,cC*,,
BASW 447,cC*,,
BASW 460,cC*,,
BASW 462,cC*,,
BAT99  80,WR*,,
BAT99 108,WR*,,
BAT99 110,WR*,,
BAT99 112,WR*,,
BAT99 113,WR*,,
BAX 139.9941+01.0044,ClG,7.6666665,7.6666665
BAX 168.5709-38.1786,ClG,15.382,15.382
BAX 220.1796+03.4530,ClG,44.914,44.914
BAX 233.1222+04.6817,ClG,16.25,16.25
BBB SMC  33,EB*,,
BBB SMC 227,sg*,,
BBB SMC 259,s*b,,
BBRCG 43,Y*O,,
BBRCG 54,TT*,,
BBRW W49 (c2),HII,0.033333335,0.033333335
BCLMP  221,GlC,,
BCLMP  257,HII,,
BCLMP  281,HII,1.05,0.85
BCLMP  623,HII,,
BCLMP  651,HII,,
BCLMP  691,HII,,
BCLMP  700,HII,,
BCLMP  735,HII,,
BD+00    15,*,,
BD+00  4260,*,,
BD+01  2916,Pe*,,
BD+02  1483,**,,
BD+02  2711,*,,
BD+02  3336,C*,,
BD+03  4465,PM*,,
BD+04  4135,*,,
BD+04  4143,*,,
BD+05  1318,*,,
BD+05  4124,*,,
BD+05  4127,*,,
BD+05  4130,*,,
BD+05  4134,*,,
BD+05  4138,*,,
BD+05  4142,*,,
BD+05  4169,*,,
BD+05  4187,*,,
BD+05  4193,*,,
BD+05  4207,PM*,,
BD+05  4211,*,,
BD+06  1390,*,,
BD+06  4119,*,,
BD+06  4120,*,,
BD+06  4125,*,,
BD+06  4127,*,,
BD+06  4134,*,,
BD+06  4146,*,,
BD+06  4149,*,,
BD+06  4162,*,,
BD+06  4182,V*,,
BD+06  4192,*,,
BD+06  4193,*,,
BD+06  4194,*,,
BD+06  4214,*,,
BD+06  4224,*,,
BD+07  4069,*,,
BD+07  4096,*,,
BD+07  4121,*,,
BD+07  4126,*,,
BD+07  4152,*,,
BD+08     5,**,,
BD+08   102,CV*,,
BD+08   578,Em*,,
BD+08  1677,*,,
BD+08  4117,PM*,,
BD+08  4121,*,,
BD+08  4138,*,,
BD+08  4141,*,,
BD+09  1340,Y*O,,
BD+09  2860,Pe*,,
BD+10  1222,Y*O,,
BD+11  2998,HB*,,
BD+12   237,*,,
BD+12  1919,*,,
BD+12  1924,*,,
BD+12  1926,RG*,,
BD+12  1930,BS*,,
BD+12  4499,SB*,,
BD+14  2146,**,,
BD+16  2708,PM*,,
BD+16  3926,*,,
BD+17   356,**,,
BD+17   515,**,,
BD+17   706,TT*,,
BD+17  1416,*,,
BD+17  1498,*,,
BD+17  2150,**,0.005,0.0
BD+17  4708,SB*,,
BD+18   368,*,,
BD+18   492,SB*,,
BD+18  1524,**,,
BD+18  2647,HS*,,
BD+18  2709,*,,
BD+19  2034,*,,
BD+19  2836,Pe*,,
BD+19  5116,**,,
BD+19  5116B,PM*,,
BD+20  2157,*,,
BD+22   560,*,,
BD+22  1268,SB*,,
BD+23   501A,TT?,,
BD+23   501B,Y*O,,
BD+23   513,SB*,,
BD+23   518,*,,
BD+23   533,Em*,,
BD+23   551,*,,
BD+24  1063,Em*,,
BD+24  1083,*,,
BD+25  2534,HS*,,
BD+25  4677,**,,
BD+26  2606,SB*,,
BD+26  4170,*,,
BD+27  2853,**,0.0033,0.0
BD+28  4211,HS*,,
BD+28  4592,S*,,
BD+30   539,**,,
BD+30   543,Y*?,,
BD+30   549,Or*,,
BD+30  4526,*,,
BD+31  1611,*,,
BD+31  4391,S*,,
BD+32  2359,*,,
BD+32  4348,SB*,,
BD+33  4256,*,,
BD+34  4216,SB*,,
BD+35  1201,*,,
BD+35  4277,*,,
BD+35  4292,*,,
BD+35  4440,*,,
BD+36   367,Pe*,,
BD+36   372,*,,
BD+36   373,SB*,,
BD+36  1855,AB*,,
BD+36  2322,BY*,,
BD+36  2766,*,,
BD+36  4256,*,,
BD+36  4518,*,,
BD+36  4654,*,,
BD+37   419,*,,
BD+37   431,SB*,,
BD+37   434,*,,
BD+37  4108,*,,
BD+37  4409,*,,
BD+38   118,SB*,,
BD+38  2289,*,,
BD+38  4058,EB*,,
BD+38  4207,*,,
BD+38  4370,*,,
BD+38  4387,*,,
BD+39  4263,*,,
BD+39  4721,*,,
BD+40  2325,SB*,,
BD+40  4124,Ae*,,
BD+40  4212,SB*,,
BD+40  4215,*,,
BD+40  4220,s*b,,
BD+40  4234,*,,
BD+40  4415,*,,
BD+41   516,*,,
BD+41  3731,Be*,,
BD+41  3802,Pu*,,
BD+41  3808,*,,
BD+41  4152,*,,
BD+41  4155,*,,
BD+42   587,*,,
BD+42   594,*,,
BD+42  2309,HB*,,
BD+42  3861,*,,
BD+42  4138,*,,
BD+42  4143,*,,
BD+42  4218,*,,
BD+43  3740,*,,
BD+43  3859,Em*,,
BD+43  3863,*,,
BD+43  3913,Be*,,
BD+43  4017,**,,
BD+44  1005,*,,
BD+44  2051B,Em*,,
BD+45   264,AB*,,
BD+45  3426,*,,
BD+46  1889,**,,
BD+46  3242,*,,
BD+46  3471,Ae*,,
BD+46  3474,**,,
BD+47   837,Y*O,,
BD+47  3129,HXB,,
BD+47  3431,*,,
BD+47  3438,*,,
BD+47  3453,*,,
BD+47  3638,*,,
BD+47  4218,*,,
BD+48  2138,**,,
BD+49   913,PM*,,
BD+49  2137,*,,
BD+49  3437,SB*,,
BD+51   756,SB*,,
BD+51  2044,*,,
BD+52   913,WD*,,
BD+53  2790,HXB,,
BD+53  2911,**,,
BD+54  2676,Be*,,
BD+55    81,Be*,,
BD+55  1823,SB*,,
BD+56   510,*,,
BD+56   521,*,,
BD+56   563,Be*,,
BD+56   574,*,,
BD+56   579,bC?,,
BD+56  2811,Em*,,
BD+57   238,*,,
BD+57   246,Em*,,
BD+57   263,Em*,,
BD+57   266,*,,
BD+57   273,Be?,,
BD+57   449,*,,
BD+57   495B,*,,
BD+57   513,*,,
BD+57   515,Be*,,
BD+57  2465,*,,
BD+58   353,*,,
BD+58   435,*,,
BD+58   441,*,,
BD+59   372,s*r,,
BD+59   377,*,,
BD+59   388,*,,
BD+59   418A,Em*,,
BD+59   419,*,,
BD+59   473,*,,
BD+59   522,*,,
BD+59  2786,Em*,,
BD+60   261,*,,
BD+60   344,Em*,,
BD+60   358,Em*,,
BD+60   405,*,,
BD+60   449,*,,
BD+60   478,*,,
BD+60   493,s*b,,
BD+60   498,Y*O,,
BD+60   505,Y*O,,
BD+60   512,Y*O,,
BD+60   513,Y*O,,
BD+60   518,Y*O,,
BD+60   519,Y*O,,
BD+60   520,Y*O,,
BD+60  2493,Em*,,
BD+60  2522,Em*,,
BD+61    39,Be*,,
BD+61    40,Em*,,
BD+61   122,Be*,,
BD+61   154,Ae*,,
BD+61   364,*,,
BD+61   412,*,,
BD+61  2127,*,,
BD+62   249,*,,
BD+62   271,Be*,,
BD+62   300,Be*,,
BD+62   424,*,,
BD+62  2143,*,,
BD+63    82,Em*,,
BD+64    13,*,,
BD+65  1637,Ae*,,
BD+65  1638,Or*,,
BD+65  1664,**,,
BD+65  1966,*,,
BD+66  1651,Be*,,
BD+66  1669B,*,,
BD+68   193,*,,
BD+68  1411,*,,
BD+68  1413,*,,
BD+69  1231,Y*O,,
BD+73   454,SB*,,
BD+75   325,HS*,,
BD+89    12,*,,
BD-00  1665,AB?,,
BD-02   891,S*,,
BD-03  3841,LP?,,
BD-03  3908,SB*,,
BD-04  4661,*,,
BD-05  1298,Em*,,
BD-05  1300,Em*,,
BD-05  1340,*,,
BD-05  1377,SB*,,
BD-06  1178,pA?,,
BD-06  1217,PM*,,
BD-06  1230,Em*,,
BD-06  1236,Y*O,,
BD-06  1243,*,,
BD-06  1253,Ae*,,
BD-06  1260,Y*O,,
BD-06  1273,Em*,,
BD-07  1135,*,,
BD-07  3477,HS*,,
BD-07  3632,WD*,,
BD-07  4003,BY*,,
BD-08  1900,S*,,
BD-09  4394,PM*,,
BD-09  4858,Em*,,
BD-10  1867,PM*,,
BD-12  4523,BY*,,
BD-12  4975,*,,
BD-13   114,*,,
BD-13  4921,Y*O,,
BD-13  4924,*,,
BD-13  4930,Y*O,,
BD-13  5073,Be*,,
BD-14  5055,Em*,,
BD-15   564,Pe*,,
BD-16   202,*,,
BD-16  4823,Y*O,,
BD-16  4957,*,,
BD-17   148,*,,
BD-17   209,*,,
BD-17  1959,PM*,,
BD-18   271,Pe*,,
BD-18  4305,*,,
BD-18  4365,*,,
BD-18  4551,*,,
BD-18  4989,*,,
BD-18  5801,Ro*,,
BD-19  4567,*,,
BD-19  5060,*,,
BD-20   193,*,,
BD-20  1530,*,,
BD-20  1536,SB*,,
BD-20  1540,*,,
BD-20  1559,*,,
BD-20  1566,*,,
BD-20  5318,*,,
BD-21  1074A,*,,
BD-22  5336,*,,
BFS 46,HII,,
BFS 65,HII,12.933333,12.933333
BG 0713-11,Rad,,
BGLO Cen A Knot C,PoC,,
BI  39,s*b,,
BI 229,Pu*,,
BIRS   5,IR,,
BIRS   9,IR,,
BIRS  11,IR,,
BIRS  22,IR,,
BIRS  27,IR,,
BIRS  36,*,,
BIRS  66,IR,,
BIRS 101,IR,,
BIRS 105,IR,,
BIRS 127,IR,,
BKGS  7,X,,
BKGS 21,X,,
BKGS 31,X,,
BKLT J162714-245132,TT*,,
BKLT J162715-245137,TT*,,
BKLT J162800-244819,TT*,,
BKLT J162854-244743,TT*,0.15,0.13333334
BM   IV  14,C*,,
BM   IV 122,C*,,
BMB   2,AB*,,
BMB   5,AB*,,
BMB  24,AB*,,
BMB  38,AB*,,
BMB  60,AB*,,
BMB  77,AB*,,
BMB  83,AB*,,
BMB  93,AB*,,
BMB  99,AB*,,
BMB 101,AB*,,
BMB 106,AB*,,
BMB 109,AB*,,
BMB 117,AB*,,
BMB 118,AB*,,
BMB 120,AB*,,
BMB 121,AB*,,
BMB 133,AB*,,
BMB 149,AB*,,
BMB 162,AB*,,
BMB 168,AB*,,
BMB 186,AB*,,
BMB 189,AB*,,
BMB 198,AB*,,
BMB 199,AB*,,
BMB 208,Mi*,,
BMB 223,AB*,,
BMB 228,AB*,,
BMB 240,AB*,,
BMB 257,AB*,,
BMB 271,AB*,,
BMB 284,AB*,,
BMB 299,AB*,,
BMB 302,AB*,,
BMB 304,AB*,,
BMB 305,AB*,,
BMB-B   7,C*,,
BMB-B  12,C*,,
BMB-B  34,C*,,
BMB-B  60,C*,,
BMB-B  61,AB*,,
BMB-B  65,C*,,
BMB-B  68,C*,,
BMB-BW   1,C*,,
BMB-BW   4,LP*,,
BMB-BW  10,LP*,,
BMB-BW  14,Mi*,,
BMB-BW  18,C*,,
BMB-BW  19,C*,,
BMB-BW  24,C*,,
BMB-BW  34,C*,,
BMB-BW  35,C*,,
BMB-BW  37,C*,,
BMB-BW  38,C*,,
BMB-BW  45,AB*,,
BMB-BW  47,C*,,
BMB-BW  55,C*,,
BMB-BW  58,C*,,
BMB-BW  65,C*,,
BMB-BW  69,C*,,
BMB-BW  75,C*,,
BMB-BW  79,C*,,
BMB-BW  81,C*,,
BMB-BW  82,LP*,,
BMB-BW  86,C*,,
BMB-BW  88,C*,,
BMB-BW  89,C*,,
BMB-BW  94,C*,,
BMB-BW  98,C*,,
BMB-BW 105,C*,,
BMB-BW 106,C*,,
BMB-BW 110,C*,,
BMB-BW 117,LP*,,
BMB-BW 133,LP*,,
BMB-BW 134,AB*,,
BMB-BW 136,AB*,,
BMB-BW 138,LP*,,
BMB-BW 144,LP*,,
BMB-BW 152,LP*,,
BMB-BW 156,LP*,,
BMB-BW 157,AB*,,
BMB-BW 176,LP*,,
BMB-BW 204,LP*,,
BMB-BW 305,LP*,,
BMB-BW 320,AB*,,
BMB-BW 325,AB*,,
BMB-BW 335,PM*,,
BMB-BW 336,LP*,,
BMB-BW 343,LP*,,
BMB-BW 344,AB*,,
BMB-BW 350,AB*,,
BMB-O   1,C*,,
BMB-O   5,LP*,,
BMB-O   9,C*,,
BMB-O  12,C*,,
BMB-O  17,C*,,
BMB-O  28,C*,,
BMB-O  29,C*,,
BMB-O  33,C*,,
BMB-O  38,LP*,0.05,0.05
BMB-O  49,LP*,,
BMB-O  58,C*,,
BMB-O  68,LP*,,
BMB-O  89,C*,,
BMB-O  90,C*,,
BMB-O  98,C*,,
BMB-R  27,C*,,
BMB-R  40,C*,,
BMB-R  48,C*,,
BMB-W   5,C*,,
BMB-W  26,C*,,
BMB-W  27,C*,,
BMB-W  43,C*,,
BMB-W  53,C*,,
BMG 192,OpC,0.9,0.8
BOW ACO  370 CC080,GiC,,
BOW ACO  370 CC105,GiC,,
BOW ACO  370 CC106,GiC,,
BOW ACO  370 CC219,GiC,,
BOW ACO  963 CC071,GiC,,
BOW ACO  963 CC132,GiC,,
BOW ACO 2111 CC048,GiC,,
BP  88,Rad,,
BPM 46420,*,,
BPM 46425,PM*,,
BPM 46763,PM*,,
BPS BS 16026-0008,HB*,,
BPS BS 16026-0061,*,,
BPS BS 16081-0039,*,,
BPS BS 16081-0051,PM*,,
BPS BS 16090-0038,HS*,,
BPS BS 16542-0001,BY*,,
BPS BS 16547-0049,Pe*,,
BPS CS 22172-0017,PM*,,
BPS CS 22876-0040,Pe*,,
BPS CS 22881-0036,Pe*,,
BPS CS 22881-0070,Pe*,,
BPS CS 22882-0012,Pe*,,
BPS CS 22885-0105,*,,
BPS CS 22891-0200,Pe*,,
BPS CS 22894-0001,HB*,,
BPS CS 22896-0028,Pe*,,
BPS CS 22936-0209,*,,
BPS CS 22946-0014,*,,
BPS CS 22948-0093,Pe*,,
BPS CS 22948-0104,Pe*,,
BPS CS 22949-0013,HB*,,
BPS CS 22953-0023,Pe*,,
BPS CS 22964-0039,*,,
BPS CS 22964-0067,*,,
BPS CS 22964-0214,Pe*,,
BPS CS 22968-0043,Pe*,,
BPS CS 29506-0051,WD*,,
BPS CS 30344-0015,Pe*,,
BRAN  16,HII,,
BRAN 166,HII,,
BRAN 195A,RNe,,
BRAN 237A,RNe,,
BRAN 309B,RNe,,
BRAN 309D,RNe,,
BRAN 372C,RNe,,
BRHT 46a,OpC,0.65,0.55
BRHT 46b,OpC,0.8,0.6
BRHT 48b,Cl*,0.8,0.65
BRHT 55a,OpC,1.0,0.95
BRRG  28,*,,
BRRG  43,*,,
BRRG  61,*,,
BRRG  68,*,,
BRRG  75,EB*,,
BRRG  77,*,,
BRRG  85,*,,
BRRG 100,*,,
BRRG 101,*,,
BRRG 124,*,,
BRRG 141,*,,
BRRG 159,*,,
BSD   8-1728,*,,
BSD  47-501,*,,
BSD  47-514,Em*,,
BSD  47-517,PM*,,
BSD  49-2159,*,,
BSD 112-797,SB*,,
BWE 0805+0105,QSO,,
BWE 1552+0349,BLL,,
BWE 1742+0112,BLL,0.18,0.104
BWE 2239+0716,BLL,,
BWE 2248+1915,QSO,,
BWE 2311+1342,Bla,,
BWE 2318+0014,Bla,,
BWE 2318+0240,QSO,,
BWE 2318-0007,QSO,,
BWI 105,V*,,
BYB 31,*,,
BYB 40,*,,
Barnard  35,DNe,,
Barnard  42,DNe,,
Barnard 217,DNe,,
Basel SA  57-481,*,,
Basel SA  57-778,*,,
Bol   5,GlC,,
Bol   6,GlC,,
Bol   9,GlC,,
Bol  11,GlC,,
Bol  19,GlC,,
Bol  20,GlC,0.028,0.028
Bol  24,GlC,,
Bol  33,GlC,,
Bol  34,GlC,,
Bol  37,GlC,,
Bol  38,GlC,,
Bol  55,GlC,,
Bol  70,GlC,,
Bol  75,GlC,,
Bol  78,GlC,,
Bol  81,GlC,,
Bol  84,GlC,,
Bol  86,GlC,,
Bol 100,GlC,,
Bol 101,GlC,,
Bol 105,GlC,,
Bol 106,GlC,,
Bol 107,GlC,0.018,0.018
Bol 109,GlC,,
Bol 112,GlC,0.0127,0.0127
Bol 114,GlC,0.013666667,0.013666667
Bol 123,GlC,,
Bol 125,GlC,,
Bol 126,GlC,0.0163,0.0163
Bol 131,GlC,0.016,0.016
Bol 134,GlC,0.017,0.017
Bol 140,GlC,,
Bol 143,GlC,0.013333334,0.013333334
Bol 145,GlC,0.015,0.015
Bol 148,GlC,0.017,0.017
Bol 153,GlC,0.0137,0.0137
Bol 158,GlC,0.0193,0.0193
Bol 161,GlC,0.017,0.017
Bol 165,GlC,0.0217,0.0217
Bol 170,GlC,,
Bol 171,GlC,0.0217,0.0217
Bol 174,GlC,,
Bol 185,GlC,0.11,0.11
Bol 189,GlC,0.029,0.029
Bol 191,G,,
Bol 197,GlC,0.021333333,0.021333333
Bol 209,GlC,0.015666667,0.015666667
Bol 211,GlC,0.1,0.1
Bol 214,GlC,0.015666667,0.015666667
Bol 219,GlC,0.163,0.163
Bol 221,GlC,0.217,0.101
Bol 231,GlC,0.07666667,0.07666667
Bol 232,GlC,0.123333335,0.123333335
Bol 233,GlC,0.1,0.1
Bol 236,GlC,,
Bol 279,GlC,0.05666667,0.05666667
Bol 292,GlC,,
Bol 293,GlC,,
Bol 298,GlC,,
Bol 302,GlC,,
Bol 304,GlC,,
Bol 309,GlC,,
Bol 311,GlC,,
Bol 313,GlC,0.19,0.125
Bol 328,GlC,,
Bol 330,GlC,,
Bol 331,GlC,,
Bol 333,GlC,,
Bol 336,GlC,,
Bol 337,GlC,,
Bol 338,GlC,,
Bol 339,GlC,0.137,0.137
Bol 341,GlC,,
Bol 344,GlC,,
Bol 347,GlC,,
Bol 351,GlC,,
Bol 352,GlC,,
Bol 361,GlC,,
Bol 364,G,,
Bol 372,GlC,0.147,0.147
Bol 376,GlC,0.083333336,0.083333336
Bol 379,GlC,,
Bol 383,GlC,,
Bol 390,*,,
Bol 398,GlC,,
Bol 402,GlC,0.117,0.117
Bol 406,G,0.173,0.132
Bol 410,G,,
Bol 416,G,0.143,0.143
Bol 419,G,,
Bol 421,G,,
Bol 449,GlC,,
Bol 453,GlC,,
Bol 454,G,,
Bol 455,G,,
Bol 456,G,,
Bol 457,GlC,,
Bol 475,GlC,0.10666667,0.10666667
Bol 480,GlC,0.08,0.08
Bol 486,GlC,,
Bol 510,*,,
Bol D150,GlC,,
Bol D176,*,,
Bol D187,G,,
Bol D206,GlC,,
Bol D209,*,,
Bol D212,*,,
Bol D224,*,,
Bol D230,G,,
Bol D248,*,,
Bol D25,G,,
Bol D255,GlC,,
Bol D267,GlC,,
Bol D309,*,,
Bol D53,GlC,,
Bol D6,GlC,,
Bol D80,*,,
Brey   2,WR*,,
Brey  10a,WR*,,
Brey  44a,WR*,,
Brey  52,WR*,,
Brey  60,WR*,,
Brey  69,WR*,,
Brey  70a,WR*,,
Brey  77,WR*,,
Brey  78,WR*,,
Brey  84,HXB,,
Brey  93a,WR*,,
Bruck  73,Em*,0.37,0.37
Brun 1003,*,,
Brun 101,RG*,,
Brun 1037,*,,
Brun 1112,*,,
Brun 1118,*,,
Brun 166,Or*,,
Brun 183,Y*O,,
Brun 240,SB*,,
Brun 33,*,,
Brun 359,Or*,,
Brun 361,*,,
Brun 471,Or*,,
Brun 474,*,,
Brun 49,*,,
Brun 538,*,,
Brun 590,Or*,,
Brun 70,*,,
Brun 750,Or*,,
Brun 773,TT*,,
Brun 79,*,,
Brun 902,Or*,,
Brun 926,**,,
Brun 939,*,,
C 1806-240,OpC,,
C* 3036,C*,,
C84  23,X,,
C84  24,X,,
C84  25,X,,
C84  27,XB?,,
C84  32,X,,
C84  91,X,,
C84  95,X,,
C84 110,X,,
C84 111,X,,
CAIRNS J113731.30+183536.3,LSB,,
CAIRNS J122101.13+303744.9,GiC,,
CAIRNS J125853.01+275309.4,GiC,,
CAIRNS J125935.95+275421.4,GiC,,
CAIRNS J125954.07+275100.6,GiC,,
CAIRNS J130002.78+280122.8,GiC,,
CAIRNS J130225.89+294732.7,EmG,,
CAIRNS J130251.23+301050.0,rG,,
CAIRNS J130714.85+292607.3,GiC,,
CAIRNS J130758.40+292830.5,GiC,,
CAIRNS J130809.21+292331.1,GiC,,
CAIRNS J130823.33+292141.8,GiC,,
CAIRNS J130834.88+291318.6,GiC,,
CAL  8,X,,
CAL 29,X,,
CAL 58,X,,
CAL 64,X,,
CAL 65,X,,
CAL 66,X,,
CAL 75,X,,
CAL 96,X,,
CAL E,HXB,,
CASG   84,G,,
CASG  113,EmG,,
CASG  177,EmG,,
CASG  206,G,,
CASG  292,G,,
CASG  349,G,,
CASG  610,G,,
CASG  620,G,,
CASG  746,G,,
CASG 1074,G,,
CBF   4,GlC,,
CBS  47,**,,
CBS  51,WD*,,
CBS 104,*,,
CBS 121,Sy1,,
CBS 145,*,,
CBS 166,Sy1,,
CBS 179,WD*,,
CBS 226,WD*,,
CBS 228,HS*,,
CBS 233,HS?,,
CBS 238,WD*,,
CBS 245,*,,
CBS 253,WD*,,
CBS 283,WD*,,
CBS 318,WD*,,
CBS 448,WD*,,
CD-22   245,*,,
CD-22   427,SB*,,
CD-22  3880,*,,
CD-22 12196,Or*,,
CD-23    72,*,,
CD-23 12840,**,,
CD-24   266,BS*,,
CD-24   721,PM*,,
CD-24  5170,Y*O,,
CD-24 12683,TT*,,
CD-24 12689,Or*,,
CD-24 12692,TT*,,
CD-24 12697,TT*,,
CD-24 13830,Ae*,,
CD-25   101,*,,
CD-25   224,PM*,,
CD-25  5191,Em*,,
CD-25 11466,*,,
CD-25 11481,LP?,,
CD-26   296,PM*,,
CD-26 10405,*,,
CD-26 10411,*,,
CD-26 11312,RG*,,
CD-26 11313,AB*,,
CD-27  4612,Em*,,
CD-28   330,*,,
CD-28  4944,Em*,,
CD-28  4985,*,,
CD-28  5205,*,,
CD-28  5227,*,,
CD-29  8887,TT*,,
CD-29 18906,PM*,,
CD-30   248,*,,
CD-30  4977,*,,
CD-30  5382,Be*,,
CD-30  6006,*,,
CD-30  6016,*,,
CD-30  6040,SB*,,
CD-30  8774,Pe*,,
CD-30  9005,Pe*,,
CD-30 17706,WD*,,
CD-31   306,BS*,,
CD-31  3344,RG*,,
CD-31  3345,*,,
CD-31  3359,RG*,,
CD-31  3364,*,,
CD-31  3369,*,,
CD-31  4409,*,,
CD-31  4426,SB*,,
CD-31  4444,*,,
CD-31  4460,*,,
CD-31  4532,*,,
CD-31  5475,Be*,,
CD-31  5607,*,,
CD-31 16460s,*,,
CD-31 19507,*,,
CD-32  5021,*,,
CD-32 14436,*,,
CD-32 17773,PM*,,
CD-33   421,*,,
CD-33   532,SB*,,
CD-33  4141,*,,
CD-33 10685,Or*,,
CD-33 12256,*,,
CD-34    99,*,,
CD-34   111,*,,
CD-34   239,PM*,,
CD-34   727,*,,
CD-34  4496,s*b,,
CD-34 12211,*,,
CD-34 12816,**,,
CD-35   621,*,,
CD-35 15910,HS*,,
CD-36 13163,TT*,,
CD-36 13211B,*,,
CD-36 15978,*,,
CD-37   316,Be*,,
CD-37 13013,*,,
CD-38  3758,*,,
CD-38  4168,*,,
CD-38 10980,WD*,,
CD-39   542,*,,
CD-40  1782,*,,
CD-40 15194,*,,
CD-41   449,*,,
CD-41  7736,Pu*,,
CD-41 11030,SB*,,
CD-41 11034,Y*?,,
CD-41 11037,SB*,,
CD-41 11042,Y*O,,
CD-42  2048,SB*,,
CD-42  6963,*,,
CD-42  6977,*,,
CD-44  3732,*,,
CD-44  9590B,Or*,,
CD-45   981,*,,
CD-45  3901,PM*,,
CD-45  4666,*,,
CD-45  4826,Be*,,
CD-45  4924,*,,
CD-45 10108,*,,
CD-46 10801,Em*,,
CD-47  4550,*,,
CD-47  4551,s*b,,
CD-47  4563,*,,
CD-48  4352,**,,
CD-49  4202,Em*,,
CD-49  4265,*,,
CD-49 11415,*,,
CD-50  2679,PM*,,
CD-50 10459,Em*,,
CD-50 10813,Em*,,
CD-51  9813,*,,
CD-51  9842,*,,
CD-51  9869,**,,
CD-51  9907,*,,
CD-51  9935,*,,
CD-51  9950,s*b,,
CD-51 10100,*,,
CD-51 10105,*,,
CD-51 10150,PM*,,
CD-51 13128,PM*,,
CD-52  2472,SB*,,
CD-52  2482,*,,
CD-52  3048,*,,
CD-52  7162,*,,
CD-52  7171,*,,
CD-52  7178,*,,
CD-52  7291,*,,
CD-52  7294,*,,
CD-52  7301,*,,
CD-52  7327,*,,
CD-52  7342,Em*,,
CD-52  7354,*,,
CD-52  7398,*,,
CD-52  7448,*,,
CD-53  6332,**,,
CD-53  6350,EB*,,
CD-53  6365,*,,
CD-53  6393,*,,
CD-53  6397,*,,
CD-53  6401,*,,
CD-53  6446,*,,
CD-53  6498,*,,
CD-53  6541,*,,
CD-53  6551,*,,
CD-53  6553,*,,
CD-53  6556,*,,
CD-53  6570,*,,
CD-53  6579,*,,
CD-53  6609,*,,
CD-53  6671,*,,
CD-53  6676,*,,
CD-53  6678,*,,
CD-53  6689,Be*,,
CD-54  6006,*,,
CD-54  6489,*,,
CD-54  6495,**,,
CD-54  6497,*,,
CD-54  6572,*,,
CD-54  6588,*,,
CD-54  6589,*,,
CD-54  6594,*,,
CD-54  6599,*,,
CD-54  6621,*,,
CD-54  6675,*,,
CD-54  6677,*,,
CD-54  6695,*,,
CD-54  6697,*,,
CD-54  6707,*,,
CD-54  6770,*,,
CD-54  6771,*,,
CD-54  6773,*,,
CD-54  6778,*,,
CD-54  6779,*,,
CD-54  6784,*,,
CD-54  6786,*,,
CD-55  6459,*,,
CD-55  6511,*,,
CD-55  6532,*,,
CD-55  6553,*,,
CD-55  6561,*,,
CD-55  6573,*,,
CD-55  6591,*,,
CD-55  6608,*,,
CD-55  6617,*,,
CD-55  6629,*,,
CD-55  6633,*,,
CD-55  6649,*,,
CD-55  6652,*,,
CD-55  6678,*,,
CD-55  6704,*,,
CD-55  6738,Pu*,,
CD-56  6236,*,,
CD-56  6251,*,,
CD-58  3526,Y*?,,
CD-58  5970,s*b,,
CD-59  3030,*,,
CD-59  3633,*,,
CD-61  3676,*,,
CD-61  3731,*,,
CD-61  3943,Pu*,,
CD-62   653,Em*,,
CD-68   294,As*,,
CD-75   518,*,,
CDS90 R110,rG,,
CDS90 R140,rG,,
CDS90 R182A,rG,,
CDS90 R226,rG,,
CDS90 R252,rG,,
CDS90 R295,rG,,
CEMM F1835.22CR,ClG,,
CEMM J1834.3TC,ClG,,
CEMM J1836.3CR,ClG,,
CFRS 00.0492,?,,
CFRS 00.0499,G,,
CFRS 00.0525,G,,
CFRS 00.0699,G,,
CFRS 00.1013,G,,
CFRS 00.1020,*,,
CFRS 00.1561,?,,
CFRS 00.1649,G,,
CFRS 00.1825,G,,
CFRS 00.1894,?,,
CFRS 03.0090,?,,
CFRS 03.0246,*,,
CFRS 03.0286,?,,
CFRS 03.0400,G,,
CFRS 03.0466,G,,
CFRS 03.0485,G,,
CFRS 03.0579,G,,
CFRS 03.0624,*,,
CFRS 03.0625,*,,
CFRS 03.0657,*,,
CFRS 03.0660,G,,
CFRS 03.0668,?,,
CFRS 03.0692,G,,
CFRS 03.0772,*,,
CFRS 03.0879,G,,
CFRS 03.0907,?,,
CFRS 03.0954,*,,
CFRS 03.0964,?,,
CFRS 03.0968,G,,
CFRS 03.1027,G,,
CFRS 03.1031,G,,
CFRS 03.1035,G,,
CFRS 03.1050,G,,
CFRS 03.1109,G,,
CFRS 03.1110,?,,
CFRS 03.1127,*,,
CFRS 03.1168,G,,
CFRS 03.1217,*,,
CFRS 03.1264,*,,
CFRS 03.1318,G,,
CFRS 03.1347,G,,
CFRS 03.1384,G,,
CFRS 03.1428,G,,
CFRS 03.1480,?,,
CFRS 03.1650,G,,
CFRS 03.9002,*,,
CFRS 10.0185,*,,
CFRS 10.0230,G,,
CFRS 10.0274,*,,
CFRS 10.0285,G,,
CFRS 10.0300,?,,
CFRS 10.0309,*,,
CFRS 10.0656,?,,
CFRS 10.0818,G,,
CFRS 10.0829,G,,
CFRS 10.1155,G,,
CFRS 10.1189,G,,
CFRS 10.1207,G,,
CFRS 10.1220,G,,
CFRS 10.1257,G,,
CFRS 10.1259,G,,
CFRS 10.1261,?,,
CFRS 10.1270,G,,
CFRS 10.1613,G,,
CFRS 10.1617,?,,
CFRS 10.1899,?,,
CFRS 10.1902,*,,
CFRS 10.1919,?,,
CFRS 10.2141,?,,
CFRS 10.2153,*,,
CFRS 10.2173,?,,
CFRS 10.2197,G,,
CFRS 10.2422,*,,
CFRS 10.2505,?,,
CFRS 14.0027,G,,
CFRS 14.0071,G,,
CFRS 14.0117,G,,
CFRS 14.0147,G,,
CFRS 14.0315,?,,
CFRS 14.0664,G,,
CFRS 14.0666,*,,
CFRS 14.0739,G,,
CFRS 14.0821,G,,
CFRS 14.0875,G,,
CFRS 14.0899,G,,
CFRS 14.1068,G,,
CFRS 14.1080,G,,
CFRS 14.1116,G,,
CFRS 14.1136,G,,
CFRS 14.1273,G,,
CFRS 14.1275,G,0.0123,0.0123
CFRS 14.1311,G,0.0313,0.0313
CFRS 14.1315,G,,
CFRS 14.1321,G,,
CFRS 14.1352,G,,
CFRS 14.1395,G,,
CFRS 14.1490,G,,
CFRS 14.9027,?,,
CFRS 22.0240,G,,
CFRS 22.0242,G,,
CFRS 22.0375,G,,
CFRS 22.0434,G,,
CFRS 22.0612,G,,
CFRS 22.0641,G,,
CFRS 22.0661,G,,
CFRS 22.0664,G,,
CFRS 22.0693,G,,
CFRS 22.0801,G,,
CFRS 22.0812,G,,
CFRS 22.0855,G,,
CFRS 22.0857,G,,
CFRS 22.0951,G,,
CFRS 22.0953,G,,
CFRS 22.1013,G,,
CFRS 22.1019,G,,
CFRS 22.1084,G,,
CFRS 22.1231,G,,
CFRS 22.1294,G,,
CFRS 22.1350,G,,
CFRS 22.1356,G,,
CFRS 22.1365,G,,
CFRS 22.1412,G,,
CFRS 22.1451,G,,
CFRS 22.1528,G,,
CGG* SGP 104,*,,
CGG* SGP 120,*,,
CGG* SGP 164,PM*,,
CGRaBS J1936-0402,Bla,,
CHX  6a,PM*,,
CHX  7a,X,,
CHX 13,X,,
CHXR 77,X,,
CLASS J215942.3462+062835.488,QSO,,
CLS   1,*,,
CLS  20,PM*,,
CLS  36,*,,
CLS  50,C*,,
CLS  75,*,,
CLS  90,Pe*,,
CLS  94,**,,
CLS 107,C*?,,
CLS 112,C*,,
CN A370  46,GiC,,
CN AC103   1,GiC,,
CN AC114  40,GiC,,
CN AC114 121,GiC,,
CNOC ACO  2390 100129,GiC,,
CNOC ACO  2390 100287,GiC,,
CNOC ACO  2390 100585,GiC,,
CNOC ACO  2390 100604,GiC,,
CNOC ACO  2390 100630,rG,0.1517,0.0333
CNOC ACO  2390 100639,GiC,,
CNOC ACO  2390 100686,GiC,,
CNOC ACO  2390 100693,GiC,,
CNOC ACO  2390 100722,GiC,,
CNOC ACO  2390 100816,GiC,,
CNOC ACO  2390 100850,GiC,,
CNOC ACO  2390 101164,GiC,,
CNOC ACO  2390 101197,GiC,,
CNOC ACO  2390 101349,GiC,,
CNOC ACO  2390 101506,GiC,,
CNOC ACO  2390 101509,GiC,,
CNOC ACO  2390 101559,GiC,,
CNOC ACO  2390 101795,GiC,,
CNOC ACO  2390 101982,GiC,,
CNOC ACO  2390 102123,GiC,,
CNOC ACO  2390 102162,GiC,,
CNOC ACO  2390 131835,GiC,,
CNOC ACO  2390 132142,GiC,,
CNOC ACO  2390 200221,GiC,,
CNOC ACO  2390 200253,GiC,,
CNOC ACO  2390 200461,GiC,,
CNOC ACO  2390 200638,GiC,,
CNOC ACO  2390 200802,GiC,,
CNOC ACO  2390 200804,GiC,,
CNOC ACO  2390 201030,GiC,,
CNOC ACO  2390 210557,GiC,,
CNOC ACO  2390 300003,GiC,,
CNOC ACO  2390 300185,GiC,,
CNOC ACO  2390 300371,GiC,,
CNOC ACO  2390 300398,GiC,,
CNOC ACO  2390 300513,GiC,,
CNOC ACO  2390 300536,GiC,,
CNOC ACO  2390 301046,GiC,,
CNOC ACO  2390 301131,GiC,,
CNOC ACO  2390 301240,GiC,,
CNOC ACO  2390 301280,GiC,,
CNOC ACO  2390 301285,GiC,,
CNOC ACO  2390 350666,GiC,,
CNOC ACO  2390 350807,GiC,,
CNOC ACO  2390 400033,GiC,,
CNOC ACO  2390 400065,GiC,,
CNOC ACO  2390 400322,GiC,,
CNOC ACO  2390 400718,GiC,,
CNOC ACO  2390 400750,GiC,,
CNOC ACO  2390 400922,GiC,,
CNOC ACO  2390 500377,GiC,,
CNOC ACO  2390 500407,GiC,,
CNOC ACO  2390 501055,GiC,,
CNOC ACO  2390 501106,GiC,,
CNOC MS 0015  100955,GiC,,
CNOC MS 0015  101010,GiC,,
CNOC MS 0015  101320,GiC,,
CNOC MS 0015  101371,GiC,,
CNOC MS 0015  101424,GiC,,
CO 292.10-31.00,MoC,50.0,25.0
CO 292.70-19.80,MoC,60.0,60.0
CO 293.20-30.90,MoC,30.0,25.0
CO 295.30-36.20,MoC,45.0,30.0
CO 300.80-31.50,MoC,60.0,30.0
CORNISH G011.9446-00.0369,Y*O,0.244,0.244
CORNISH G018.8338-00.3002,Y*O,0.112,0.112
CORNISH G028.2003-00.0494,HII,0.015,0.01
CORNISH G029.9559-00.0168,Y*O,0.16,0.16
CORNISH G030.5313+00.0205,HII,0.086666666,0.086666666
CORNISH G034.2572+00.1535,HII,0.096,0.096
CORNISH G037.5457-00.1120,Y*O,0.136,0.136
CORNISH G037.8683-00.6008,Y*O,0.083333336,0.083333336
CORNISH G043.1701+00.0078,HII,0.123333335,0.123333335
CORNISH G045.4545+00.0591,HII,0.127,0.127
COUP   239,Or*,,
COUP   442,Or*,,
COUP   460,Or*,,
COUP   512,Y*?,,
COUP   553,Y*?,,
COUP   562,Or*,,
COUP   578,Y*O,,
COUP   620,*,,
COUP   621,Y*O,,
COUP   622,Y*?,,
COUP   629,Y*?,,
COUP   648,Or*,,
COUP   663,Or*,,
COUP   668,Or*,,
COUP   673,Ir*,,
COUP   685,Or*,,
COUP   727,Or*,,
COUP   774,Or*,,
COUP   796,Or*,,
COUP   800,Or*,0.0033333334,0.0018333333
COUP   813,Or*,,
COUP   841,Y*?,,
COUP   856,Or*,,
COUP   924,Y*?,,
COUP   934,Or*,,
COUP   943,Or*,,
COUP   955,Or*,,
COUP   958,Y*?,,
COUP   987,Or*,,
COUP   998,Y*?,,
COUP  1000,Or*,,
COUP  1058,Or*,,
COUP  1200,Y*?,,
COUP J053514.0-052222,Y*O,0.0011666666,0.0005
COUP J053516.0-052146,Or*,,
CPD-19  6274,PM*,,
CPD-19  6494,*,,
CPD-19  6873,*,,
CPD-19  6890,*,,
CPD-19  6895,*,,
CPD-19  6897,SB*,,
CPD-19  6901,*,,
CPD-19  6924,*,,
CPD-20  1568,*,,
CPD-20  1571,*,,
CPD-20  1607,SB*,,
CPD-20  1619,*,,
CPD-20  1627,*,,
CPD-20  7240,*,,
CPD-20  7252,*,,
CPD-20  7264,*,,
CPD-24  2199,Y*O,,
CPD-24  2217,Y*O,,
CPD-24  2229,Y*O,,
CPD-24  2234,Y*O,,
CPD-24  2240,Y*O,,
CPD-24  6151,Y*O,,
CPD-32  2038,Be*,,
CPD-34  7174,*,,
CPD-34  7267,*,,
CPD-34  7283,*,,
CPD-36  8779,*,,
CPD-45  3206,Em*,,
CPD-51  6744,PN,0.183,0.183
CPD-52  6163,*,,
CPD-52  9243,AB*,,
CPD-52  9411,*,,
CPD-52  9585,*,,
CPD-52  9641,*,,
CPD-53  6258,*,,
CPD-53  6269,*,,
CPD-53  6957,*,,
CPD-53  7700,LP?,,
CPD-53  7792,*,,
CPD-53  7954,*,,
CPD-54  6862,*,,
CPD-54  6935,*,,
CPD-54  6990,*,,
CPD-54  7046,*,,
CPD-54  7052,*,,
CPD-54  7124,*,,
CPD-54  7169,*,,
CPD-54  7317,*,,
CPD-54  7362,*,,
CPD-54  7472,*,,
CPD-54  7586,*,,
CPD-55  6958,*,,
CPD-55  6991,*,,
CPD-55  7275,*,,
CPD-55  7294,*,,
CPD-56  2177,*,,
CPD-56  5362,*,,
CPD-56  7371,*,,
CPD-57  3494,*,,
CPD-57  3509,*,,
CPD-57  3544,*,,
CPD-59  2571,Y*O,,
CPD-59  2581,*,,
CPD-59  2582,*,,
CPD-59  2616,SB*,,
CPD-59  2624,SB*,,
CPD-59  2640,*,,
CPD-59  2935,*,,
CPD-59  4537,*,,
CPD-59  4541,*,,
CPD-59  4552,*,,
CPD-59  4562,bC*,,
CPD-59  4568,*,,
CPD-60  3727,*,,
CPD-61  3549,*,,
CPD-61  3587,Y*O,,
CPD-61  3612,SB*,,
CPD-61  4110,Pu*,,
CPD-61  4130,*,,
CPD-62  3258,*,,
CPD-64  1108,*,,
CPD-69   463,s*y,,
CPD-72    77,sg*,,
CPD-72    80,*,,
CPM 35,cor,0.647,0.362
CPM 37,HII,0.827,0.38
CPM 40,LP*,,
CPM P13,*,,
CPM P14,*,,
CPSDP 196,HII,,
CPSDP 263,HII,,
CRATES J203425-052326,QSO,,
CRSS J2235.3+1340,QSO,,
CSI-38-17091,*,,
CSO  124,*,,
CSO  137,*,,
CSO  148,blu,,
CSO  153,blu,,
CSO  157,*,,
CSO  163,blu,,
CSO  180,blu,,
CSO  192,Pe*,,
CSO  205,blu,,
CSO  234,blu,,
CSO  415,*,,
CSO  439,PM*,,
CSO  445,WD*,,
CSO  452,*,,
CSO  463,blu,,
CSO  472,*,,
CSO  476,PM*,,
CSO  483,*,,
CSO  527,QSO,,
CSO  546,QSO,,
CSO  552,HS*,,
CSO  558,WD*,,
CSO  562,*,,
CSO  572,WD*,,
CSO  640,blu,,
CSO  645,SB*,,
CSO  646,QSO,,
CSO  666,QSO,,
CSO  669,QSO,,
CSO  675,blu,,
CSO  681,WD*,,
CSO  697,*,,
CSO  723,*,,
CSO  725,blu,,
CSO  745,WD*,,
CSO  748,*,,
CSO  787,*,,
CSO  795,*,,
CSO  828,*,,
CSO  858,*,,
CSO  862,*,,
CSO  863,*,,
CSO  872,*,,
CSO  909,blu,,
CSO  913,QSO,,
CSO  930,blu,,
CSO  932,blu,,
CSO  962,blu,,
CSO  969,blu,,
CSO  971,blu,,
CSO 1002,blu,,
CSO 1007,blu,,
CSO 1025,WD*,,
CSO 1126,blu,,
CSO 1132,blu,,
CSO 1133,blu,,
CSO 1134,blu,,
CSO 1145,WD*,,
CSO 1149,blu,,
CSO 1155,HS*,,
CSO 1158,blu,,
CSO 1165,blu,,
CSO 1193,blu,,
CSO 1222,blu,,
CSO 1225,blu,,
CSO 1239,blu,,
CSO 1245,blu,,
CSO 1247,WD*,,
CSO 1263,blu,,
CSO 1282,**,,
CSRG  594,G,,
CSRG  880,EmG,0.343,0.192
CSRG 1158,EmG,0.39,0.226
CSS  254,S*,,
CTB 1,SNR,34.0,34.0
CTD  72,Rad,,
CTI 000139.9+275821,*,,
CTI 000537.5+275850,**,,
CTI 000928.8+280436,PM*,,
CTI 005100.5+280430,**,,
CTI 010332.0+280234,LM*,,
CTI 011708.6+275850,LM*,,
CTI 014716.6+280142,PM*,,
CTI 015812.8+280439,*,,
CTI 090928.9+280324,*,,
CTI 091716.8+280531,LM*,,
CTI 111035.6+275951,*,,
CTI 131631.6+280541,*,,
CTI 133857.8+280437,*,,
CTI 150225.7+280231,*,,
CTI 160557.4+280437,*,,
CTI 162342.9+280305,*,,
CTI 180120.1+280410,PM*,,
CTI 180350.6+280133,*,,
CTI 185818.3+275940,*,,
CTI 192853.3+280415,*,,
CTIO85  61,*,,
CTIO85  69,*,,
CTIO85  79,*,,
CTIO85  82,*,,
CTIO85 140,*,,
CTIO85 145,*,,
CTIO85 153,*,,
CTIO85 155,*,,
CTIO85 159,*,,
CTIO85 164,*,,
CTIO85 165,*,,
CTIO85 172,*,,
CTIO85 173,*,,
CTIO85 174,*,,
CTIO85 183,*,,
CTIO85 187,*,,
CTIO85 195,*,,
CTIO85 197,*,,
CTIO85 203,*,,
CTIO85 220,*,,
CW Blue   7,*,,
CW Blue  10,*,,
CW Blue  12,*,,
CW Blue  14,*,,
CW Blue  18,*,,
CW Blue  34,*,,
CW Blue  43,*,,
CW Blue  46,*,,
CW Blue  58,*,,
CW Blue  66,*,,
CW Blue  72,*,,
CW Blue  83,*,,
CW Blue  86,*,,
CW Blue  95,*,,
CW Blue 108,*,,
CW Blue 109,*,,
CW Blue 110,*,,
CW Blue 124,*,,
CW Blue 133,*,,
CW Blue 134,*,,
CW Blue 154,*,,
CW Blue 159,*,,
CW Blue 161,*,,
CW Blue 166,*,,
CW Blue 178,*,,
CW Blue 179,*,,
CW Blue 184,*,,
CW Blue 199,*,,
CW Blue 201,*,,
CW Blue 208,*,,
CW Blue 212,*,,
CW Blue 213,*,,
CW Blue 241,*,,
CW Blue 251,*,,
CW Blue 264,*,,
CW Red 35,*,,
CW Red 37,*,,
CW Red 38,*,,
CW Red 43,*,,
CW Red 52,*,,
CW Red 55,s*r,,
CXOHDFN J123639.6+621230,Sy1,,
CXOHDFN J123647.0+621238,EmG,0.0078,0.0078
CXOM31 J004220.5+412640,AG?,,
CXOM31 J004233.8+411620,XB?,,
CXOM31 J004244.3+411605,PN,,
CXOM31 J004245.0+411523,PN,,
CXOM31 J004247.8+411533,X,,
CXOM31 J004306.8+411912,AG?,,
CXOMP J234811.9+010301,G,,
CXONGC1333 J032930.6+312729,LM*,,
CXOONC J053553.2-051933,*,,
CXOSEXSI J141129.1+521332,G,,
CXOU J003737.6-334254,HII,,
CXOU J003738.7-334316,HII,,
CXOU J003740.7-334330,HII,,
CXOU J013256.3+303558,*,,
CXOU J013436.3+305500,X,,
CXOU J060746.1-062205,Y*O,,
CXOU J060746.5-062237,Y*O,,
CXOU J132554.5-425924,GlC,0.0057,0.0057
CasHII 101639.9+3555.7 a,HII,,
CasHII PGC 36188,HII,,
CasHII PGC 37229 b,HII,,
CasHII PGC 38778,HII,,
CasHII PGC 40596 b,HII,,
CasHII PGC 40596 e,HII,,
CasHII PGC 40973 h,HII,,
CasHII PGC 41326 b,HII,,
CasHII Z 159-065 a,HII,,
CasHII Z 159-065 e,HII,,
CasHII Z 159-065 h,HII,,
CasHII Z 159-065 j,HII,,
CasHII Z 183-030 a,HII,,
CasHII Z 184-030 d,HII,,
CasHII Z 187-032 c,HII,,
CasHII Z 188-016 d,HII,,
CasHII Z 188-016 e,HII,,
CasHII Z 188-016 m,HII,,
CasHII Z 220-018 a,HII,,
CasHII Z 247-006 a,HII,,
CasHII Z 247-035 b,HII,,
CasHII Z 272-021 h,HII,,
CasHII Z 272-021 m,HII,,
CasHII Z 272-021 n,HII,,
CasHII Z 272-021 q,HII,,
CasHII Z 272-021 v,HII,,
CasHII Z 272-025 a,HII,,
Case  118,C*,,
Case  646,C*,,
Case A-F   38,HB*,,
Case A-F   44,*,,
Case A-F   71,*,,
Case A-F  103,*,,
Case A-F  105,*,,
Case A-F  123,*,,
Case A-F  170,HB*,,
Case A-F  203,*,,
Case A-F  221,*,,
Case A-F  227,*,,
Case A-F  240,*,,
Case A-F  247,*,,
Case A-F  268,*,,
Case A-F  270,*,,
Case A-F  274,*,,
Case A-F  286,*,,
Case A-F  293,*,,
Case A-F  303,*,,
Case A-F  327,*,,
Case A-F  336,*,,
Case A-F  337,RR*,,
Case A-F  339,*,,
Case A-F  343,*,,
Case A-F  348,*,,
Case A-F  379,*,,
Case A-F  387,HB*,,
Case A-F  391,*,,
Case A-F  409,*,,
Case A-F  412,*,,
Case A-F  426,HB*,,
Case A-F  464,*,,
Case A-F  490,*,,
Case A-F  502,*,,
Case A-F  515,*,,
Case A-F  527,*,,
Case A-F  528,*,,
Case A-F  533,*,,
Case A-F  537,HB*,,
Case A-F  555,RR*,,
Case A-F  559,*,,
Case A-F  561,*,,
Case A-F  569,*,,
Case A-F  595,HB*,,
Case A-F  604,*,,
Case A-F  611,*,,
Case A-F  654,*,,
Case A-F  659,dS*,,
Case A-F  676,HB*,,
Case A-F  679,*,,
Case A-F  695,BS*,,
Case A-F  705,*,,
Case A-F  706,HB*,,
Case A-F  708,*,,
Case A-F  711,*,,
Case A-F  715,*,,
Case A-F  716,RR*,,
Case A-F  720,BS*,,
Case A-F  722,*,,
Ced 176d,RNe,,
Ch90 4C 41.17 A,Rad,,
Ch90 4C 41.17 B1,Rad,,
Ch90 4C 41.17 C,Rad,,
Ch90 4C 41.17 N,Rad,,
Ch90 z,?,,
ChASeM33 388,HS?,,
ChASeM33 J013350.89+303936.6,SNR,,
Charon 30.05,*,,
Charon 30.09,*,,
Charon 32,*,,
Charon 34.01,*,,
Charon 38.02,*,,
Charon 38.06,*,,
Charon 39,*,,
Charon 45.02,*,,
Charon 47.01,*,,
Charon 49.03,*,,
Chiron  6,*,,
Chiron 21,*,,
Chiron 32,*,,
Chiron 49,*,,
Chiron 50,*,,
Chiron 53,*,,
Chiron 61,*,,
Chiron 66,*,,
Chiron 74,*,,
Chiron 85,*,,
Cl Berkeley   11,OpC,4.6,4.6
Cl Berkeley   19,OpC,4.0,4.0
Cl Berkeley   21     3,*,,
Cl Berkeley   21    19,*,,
Cl Berkeley   21    20,*,,
Cl Berkeley   21    26,*,,
Cl Berkeley   21    46,*,,
Cl Berkeley   21   107,*,,
Cl Berkeley   21   118,*,,
Cl Berkeley   21   144,BS*,,
Cl Berkeley   21   155,*,,
Cl Berkeley   21   156,RG*,,
Cl Berkeley   21   163,*,,
Cl Berkeley   21   202,*,,
Cl Berkeley   21   211,*,,
Cl Berkeley   21   257,*,,
Cl Berkeley   21   410,*,,
Cl Berkeley   21   412,*,,
Cl Berkeley   33,OpC,3.8,3.8
Cl Berkeley   59,OpC,16.4,16.4
Cl Berkeley   65,OpC,3.0,3.0
Cl Berkeley   68,OpC,12.0,12.0
Cl Berkeley   86,OpC,8.4,8.4
Cl Berkeley   87,OpC,11.2,11.2
Cl Collinder  228    61,*,,
Cl Collinder  394,OpC,23.5,23.5
Cl Collinder  394     5,*,,
Cl Lindsay    1,Cl*,4.6,4.6
Cl Lindsay  107,As*,1.8,1.6
Cl Melotte   22,OpC,76.86,76.86
Cl Melotte   22   673,PM*,,
Cl Melotte   22  1545,*,,
Cl Melotte   22  1857,Em*,,
Cl Melotte   22  2126,Y*O,,
Cl Melotte   22  2190,*,,
Cl Melotte   22  2880,Y*O,,
Cl Melotte   22  3050,*,,
Cl Mrk    6     1,*,,
Cl Pal   12,GlC,5.4,5.4
Cl Ruprecht   44   148,*,,
Cl Ruprecht   55,OpC,,
Cl Ruprecht   79     4,*,,
Cl Ruprecht   97     4,*,,
Cl Sher    1     7,*,,
Cl Stock    2     8,*,,
Cl Stock    2     9,*,,
Cl Stock    2    14,*,,
Cl Stock    2    16,*,,
Cl Stock    2    64,*,,
Cl Stock    2    69,*,,
Cl Stock    2   147,*,,
Cl Stock    2   165,*,,
Cl Stock   24,OpC,6.4,6.4
Cl Trumpler    1,OpC,3.7,3.7
Cl Trumpler   14,OpC,5.3,5.3
Cl Trumpler   14     6,Y*?,,
Cl Trumpler   14    10,Y*?,,
Cl Trumpler   14    25,*,,
Cl Trumpler   14    26,Y*?,,
Cl Trumpler   14    35,*,,
Cl Trumpler   14    60,*,,
Cl Trumpler   14    65,*,,
Cl Trumpler   15,OpC,52.0,52.0
Cl Trumpler   15     2,Y*?,,
Cl Trumpler   15     6,Y*?,,
Cl Trumpler   15    21,*,,
Cl Trumpler   15    34,Y*?,,
Cl Trumpler   16,OpC,7.3,7.3
Cl Trumpler   16    39,*,,
Cl Trumpler   16    42,*,,
Cl Trumpler   16    45,*,,
Cl Trumpler   16    59,EB*,,
Cl Trumpler   16    60,SB*,,
Cl Trumpler   16    63,*,,
Cl Trumpler   16    72,*,,
Cl Trumpler   16    73,*,,
Cl Trumpler   16   124,Y*?,,
Cl Trumpler   16   131,Y*?,,
Cl Trumpler   16   202,*,,
Cl Trumpler   16   212,*,,
Cl Trumpler   16   215,*,,
Cl Trumpler   16   236,*,,
Cl Trumpler   16   242,Ae*,,
Cl Trumpler   27    10,*,,
Cl Trumpler   27    33,*,,
Cl Trumpler   27    40,*,,
Cl Trumpler   27    50,*,,
Cl Trumpler   27    51,*,,
Cl Trumpler   27    56,*,,
Cl Trumpler   27    60,*,,
Cl VDB    1     7,*,,
Cl VDB    1    13,*,,
Cl VDB    1    24,*,,
Cl VDB    1    26,*,,
Cl VDB   85,OpC,4.8,4.8
Cl Westerlund    2,OpC,2.4,2.4
Cl* Berkeley   21    TPM      26,*,,
Cl* Haffner   19     FM    4052,*,,
Cl* Haffner   19     MC      54,*,,
Cl* IC  361     PS     109,*,,
Cl* IC  361     PS     203,*,,
Cl* IC  361     PS     213,*,,
Cl* IC  361     PS     303,*,,
Cl* IC  361     PS     401,*,,
Cl* IC 2602      A      G,WD*,,
Cl* IC 2602      A     205,*,,
Cl* IC 4499     FL      16,RR*,,
Cl* IC 4499    SBS       4,SX*,,
Cl* IC 4651    AMC    2101,*,,
Cl* IC 4651    AMC    2106,*,,
Cl* IC 4651    AMC    2109,*,,
Cl* IC 4651    AMC    3201,*,,
Cl* IC 4651    AMC    3207,*,,
Cl* IC 4651    AMC    3208,*,,
Cl* IC 4651    AMC    4202,*,,
Cl* IC 4651    AMC    I-88,*,,
Cl* IC 4651    MEI    6891,*,,
Cl* IC 4651    MEI    7104,*,,
Cl* IC 4651    MEI    7834,*,,
Cl* IC 4651    MEI    7921,*,,
Cl* IC 4651    MEI    8430,*,,
Cl* IC 4651    MEI    8804,*,,
Cl* IC 4651    MEI    8820,*,,
Cl* IC 4651    MEI    9258,*,,
Cl* IC 4651    MEI   10375,*,,
Cl* IC 4651    MEI   10379,*,,
Cl* IC 4651    MEI   10970,*,,
Cl* IC 4651    MEI   11195,*,,
Cl* IC 4651    MEI   11538,*,,
Cl* IC 4651    MEI   11810,*,,
Cl* IC 5146      W V14,Or*,,
Cl* Melotte   20     AP     129,Y*O,,
Cl* Melotte   20     AP     143,**,,
Cl* Melotte   20     AP     162,*,,
Cl* Melotte   20     AP     165,LM*,,
Cl* Melotte   20     AP     173,Y*O,,
Cl* Melotte   20     AP     190,*,,
Cl* Melotte   20     AP     214,*,,
Cl* Melotte   20     AP     239,*,,
Cl* Melotte   20     AP     280,*,,
Cl* Melotte   20     AP     285,*,,
Cl* Melotte   22     DH     338,Er*,,
Cl* Melotte   22     DH     484,Er*,,
Cl* Melotte   22     SK     488,Er*,,
Cl* Melotte   22    ALR     928,*,,
Cl* Melotte   22    HHJ     292,Er*,,
Cl* Melotte   22    PPL       1,LM*,,
Cl* Melotte   22    PPL       2,*,,
Cl* Melotte   25     LH       4,PM*,,
Cl* Melotte   25     LH     123,PM*,,
Cl* Melotte   25     LH     136,PM*,,
Cl* Melotte   25     LH     169,Em*,,
Cl* Melotte   25     LH     197,PM*,,
Cl* Melotte   25     LH     199,PM*,,
Cl* Melotte   25     LH     237,*,,
Cl* Melotte   25     LH     262,PM*,,
Cl* Melotte   25     OS     918,PM*,,
Cl* Melotte   25     VA       1,PM*,,
Cl* Melotte   25     VA      11,PM*,,
Cl* Melotte   25     VA      17,*,,
Cl* Melotte   25     VA      31,*,,
Cl* Melotte   25     VA      34,PM*,,
Cl* Melotte   25     VA      37,*,,
Cl* Melotte   25     VA      39,PM*,,
Cl* Melotte   25     VA      46,**,,
Cl* Melotte   25     VA      55,**,,
Cl* Melotte   25     VA      61,PM*,,
Cl* Melotte   25     VA      78,PM*,,
Cl* Melotte   25     VA      86,PM*,,
Cl* Melotte   25     VA     104,*,,
Cl* Melotte   25     VA     120,PM*,,
Cl* Melotte   25     VA     132,*,,
Cl* Melotte   25     VA     140,PM*,,
Cl* Melotte   25     VA     143,*,,
Cl* Melotte   25     VA     145,*,,
Cl* Melotte   25     VA     155,PM*,,
Cl* Melotte   25     VA     158,*,,
Cl* Melotte   25     VA     159,*,,
Cl* Melotte   25     VA     198,*,,
Cl* Melotte   25     VA     210,PM*,,
Cl* Melotte   25     VA     212,PM*,,
Cl* Melotte   25     VA     241,PM*,,
Cl* Melotte   25     VA     247,PM*,,
Cl* Melotte   25     VA     261,PM*,,
Cl* Melotte   25     VA     264,*,,
Cl* Melotte   25     VA     267,PM*,,
Cl* Melotte   25     VA     286,PM*,,
Cl* Melotte   25     VA     291,*,,
Cl* Melotte   25     VA     295,*,,
Cl* Melotte   25     VA     309,PM*,,
Cl* Melotte   25     VA     314,PM*,,
Cl* Melotte   25     VA     350,PM*,,
Cl* Melotte   25     VA     364,PM*,,
Cl* Melotte   25     VA     385,*,,
Cl* Melotte   25     VA     396,*,,
Cl* Melotte   25     VA     410,Em*,,
Cl* Melotte   25     VA     412,PM*,,
Cl* Melotte   25     VA     415,*,,
Cl* Melotte   25     VA     421,*,,
Cl* Melotte   25     VA     423,*,,
Cl* Melotte   25     VA     425,PM*,,
Cl* Melotte   25     VA     437,*,,
Cl* Melotte   25     VA     438,*,,
Cl* Melotte   25     VA     443,*,,
Cl* Melotte   25     VA     445,PM*,,
Cl* Melotte   25     VA     456,*,,
Cl* Melotte   25     VA     461,PM*,,
Cl* Melotte   25     VA     463,*,,
Cl* Melotte   25     VA     464,*,,
Cl* Melotte   25     VA     465,**,,
Cl* Melotte   25     VA     468,*,,
Cl* Melotte   25     VA     470,PM*,,
Cl* Melotte   25     VA     482,PM*,,
Cl* Melotte   25     VA     499,*,,
Cl* Melotte   25     VA     514,PM*,,
Cl* Melotte   25     VA     534,*,,
Cl* Melotte   25     VA     539,*,,
Cl* Melotte   25     VA     540,*,,
Cl* Melotte   25     VA     558,*,,
Cl* Melotte   25     VA     563,*,,
Cl* Melotte   25     VA     565,PM*,,
Cl* Melotte   25     VA     579,PM*,,
Cl* Melotte   25     VA     580,*,,
Cl* Melotte   25     VA     585,*,,
Cl* Melotte   25     VA     592,*,,
Cl* Melotte   25     VA     598,*,,
Cl* Melotte   25     VA     621,PM*,,
Cl* Melotte   25     VA     623,PM*,,
Cl* Melotte   25     VA     631,*,,
Cl* Melotte   25     VA     636,*,,
Cl* Melotte   25     VA     642,*,,
Cl* Melotte   25     VA     646,*,,
Cl* Melotte   25     VA     653,*,,
Cl* Melotte   25     VA     661,*,,
Cl* Melotte   25     VA     664,*,,
Cl* Melotte   25     VA     665,*,,
Cl* Melotte   25     VA     667,PM*,,
Cl* Melotte   25     VA     669,*,,
Cl* Melotte   25     VA     681,PM*,,
Cl* Melotte   25     VA     686,PM*,,
Cl* Melotte   25     VA     689,*,,
Cl* Melotte   25     VA     706,PM*,,
Cl* Melotte   25     VA     716,*,,
Cl* Melotte   25     VA     717,*,,
Cl* Melotte   25     VA     718,PM*,,
Cl* Melotte   25     VA     719,*,,
Cl* Melotte   25     VA     732,*,,
Cl* Melotte   25     VA     734,*,,
Cl* Melotte   25     VA     737,*,,
Cl* Melotte   25     VA     745,*,,
Cl* Melotte   25     VA     746,*,,
Cl* Melotte   25     VA     755,PM*,,
Cl* Melotte   25     VA     756,*,,
Cl* Melotte   25     VA     758,PM*,,
Cl* Melotte   25     VA     763,PM*,,
Cl* Melotte   25     VA     768,PM*,,
Cl* Melotte   25     VA     776,PM*,,
Cl* Melotte   25     VR       1,PM*,,
Cl* Melotte   25     VR       6,PM*,,
Cl* Melotte   25     VR       8,PM*,,
Cl* Melotte   25    DKJ     692d,LM*,,
Cl* Melotte   25    HAN     145,PM*,,
Cl* Melotte   25  REIDA     306,*,,
Cl* NGC  104     HH    2026,*,,
Cl* NGC  104     HH    9055,*,,
Cl* NGC  104    DPF    1206,*,,
Cl* NGC  104    LEE    3708,RG*,,
Cl* NGC  104    LEE    5406,*,,
Cl* NGC  104    LEE    5642,*,,
Cl* NGC  104    LEE    5644,*,,
Cl* NGC  104    LEE    6527,*,,
Cl* NGC  104    LEE    6602,*,,
Cl* NGC  104    LEE    6604,*,,
Cl* NGC  104    SAW V2,AB*,,
Cl* NGC  129     SS     190,PM*,,
Cl* NGC  129     SS     195,*,,
Cl* NGC  129     SS     333,*,,
Cl* NGC  129     SS     469,*,,
Cl* NGC  129     SS     482,*,,
Cl* NGC  129    HAR      65,*,,
Cl* NGC  188     MT       8,*,,
Cl* NGC  188     MT      54,*,,
Cl* NGC  188    DGV     233,*,,
Cl* NGC  188    DGV     921,*,,
Cl* NGC  188    DGV    1607,HB*,,
Cl* NGC  188    SMV   11152,HB*,,
Cl* NGC  288    ALC       4,*,,
Cl* NGC  288    ALC       7,*,,
Cl* NGC  288    ALC      20,*,,
Cl* NGC  288    ALC     213,RG*,,
Cl* NGC  288    SAN       1,HS?,,
Cl* NGC  288    SAN      24,*,,
Cl* NGC  288    SAN      28,HB*,,
Cl* NGC  330    ARP      16,s*b,,
Cl* NGC  330    ARP      27,Be*,,
Cl* NGC  330    ARP      31,*,,
Cl* NGC  330    ARP      44,Be*,,
Cl* NGC  330    ROB B26,*,,
Cl* NGC  346    ELS       7,*,,
Cl* NGC  346    ELS      98,*,,
Cl* NGC  346    MPG      15,*,,
Cl* NGC  346    MPG      16,*,,
Cl* NGC  346    MPG      24,*,,
Cl* NGC  346    MPG      25,*,,
Cl* NGC  346    MPG      29,*,,
Cl* NGC  346    MPG      31,*,,
Cl* NGC  346    MPG      32,*,,
Cl* NGC  346    MPG      37,*,,
Cl* NGC  346    MPG      53,*,,
Cl* NGC  346    MPG      56,*,,
Cl* NGC  346    MPG      66,*,,
Cl* NGC  346    MPG      74,*,,
Cl* NGC  346    MPG      78,*,,
Cl* NGC  346    MPG     106,*,,
Cl* NGC  346    MPG     107,*,,
Cl* NGC  346    MPG     110,*,,
Cl* NGC  346    MPG     117,*,,
Cl* NGC  346    MPG     139,*,,
Cl* NGC  346    MPG     157,*,,
Cl* NGC  346    MPG     163,*,,
Cl* NGC  346    MPG     164,*,,
Cl* NGC  346    MPG     166,*,,
Cl* NGC  346    MPG     169,*,,
Cl* NGC  346    MPG     210,*,,
Cl* NGC  346    MPG     214,*,,
Cl* NGC  346    MPG     225,*,,
Cl* NGC  346    MPG     226,*,,
Cl* NGC  346    MPG     229,*,,
Cl* NGC  346    MPG     241,*,,
Cl* NGC  346    MPG     245,*,,
Cl* NGC  346    MPG     258,*,,
Cl* NGC  346    MPG     261,*,,
Cl* NGC  346    MPG     271,*,,
Cl* NGC  346    MPG     281,*,,
Cl* NGC  346    MPG     288,*,,
Cl* NGC  346    MPG     297,*,,
Cl* NGC  346    MPG     309,*,,
Cl* NGC  346    MPG     322,*,,
Cl* NGC  346    MPG     323,*,,
Cl* NGC  346    MPG     328,*,,
Cl* NGC  346    MPG     329,*,,
Cl* NGC  346    MPG     340,*,,
Cl* NGC  346    MPG     345,RB?,,
Cl* NGC  346    MPG     360,*,,
Cl* NGC  346    MPG     393,*,,
Cl* NGC  346    MPG     399,*,,
Cl* NGC  346    MPG     405,*,,
Cl* NGC  346    MPG     406,*,,
Cl* NGC  346    MPG     425,*,,
Cl* NGC  346    MPG     451,*,,
Cl* NGC  346    MPG     468,*,,
Cl* NGC  346    MPG     489,*,,
Cl* NGC  346    MPG     515,*,,
Cl* NGC  346    MPG     521,*,,
Cl* NGC  346    MPG     539,*,,
Cl* NGC  346    MPG     542,*,,
Cl* NGC  346    MPG     544,*,,
Cl* NGC  346    MPG     547,*,,
Cl* NGC  346    MPG     561,*,,
Cl* NGC  346    MPG     583,*,,
Cl* NGC  346    MPG     588,*,,
Cl* NGC  346    MPG     599,*,,
Cl* NGC  346    MPG     600,*,,
Cl* NGC  346    MPG     609,*,,
Cl* NGC  346    MPG     610,*,,
Cl* NGC  346    MPG     624,*,,
Cl* NGC  346    MPG     635,*,,
Cl* NGC  346    MPG     647,*,,
Cl* NGC  346    MPG     663,*,,
Cl* NGC  346    MPG     664,*,,
Cl* NGC  346    MPG     672,*,,
Cl* NGC  346    MPG     683,*,,
Cl* NGC  346    MPG     699,*,,
Cl* NGC  346    MPG     710,*,,
Cl* NGC  346    MPG     719,*,,
Cl* NGC  346    MPG     727,Em*,,
Cl* NGC  346    MPG     737,*,,
Cl* NGC  346    MPG     738,*,,
Cl* NGC  346    MPG     752,*,,
Cl* NGC  346    MPG     757,*,,
Cl* NGC  346    MPG     763,*,,
Cl* NGC  346    MPG     773,*,,
Cl* NGC  346    MPG     790,*,,
Cl* NGC  346    MPG     795,*,,
Cl* NGC  346    MPG     800,*,,
Cl* NGC  346    MPG     801,*,,
Cl* NGC  346    MPG     808,*,,
Cl* NGC  346    MPG     811,Ev*,,
Cl* NGC  346    MPG     820,*,,
Cl* NGC  346    MPG     822,*,,
Cl* NGC  346    MPG     827,*,,
Cl* NGC  346    MPG     830,*,,
Cl* NGC  346    MPG     835,*,,
Cl* NGC  346    MPG     836,*,,
Cl* NGC  346    MPG     840,*,,
Cl* NGC  346    MPG     846,*,,
Cl* NGC  346    MPG     851,*,,
Cl* NGC  346    MPG     854,*,,
Cl* NGC  346    NMC      10,*,,
Cl* NGC  346    NMC      24,*,,
Cl* NGC  346    NMC      35,*,,
Cl* NGC  346    SSN       7,s*b,,
Cl* NGC  361    ARP    I-45,AB*,,
Cl* NGC  361   AAWL      B,*,,
Cl* NGC  362    HAR    1356,RG*,,
Cl* NGC  419    ARP    V-39,C*,,
Cl* NGC  663      L     513,*,,
Cl* NGC  663     MH      14,*,,
Cl* NGC  663     MH      18,*,,
Cl* NGC  663     MH      60,*,,
Cl* NGC  663     MH      63,*,,
Cl* NGC  663     MH      64,*,,
Cl* NGC  663     MH      78,*,,
Cl* NGC  663     MV    4354,*,,
Cl* NGC  663     MV   24012,*,,
Cl* NGC  663     MV   24015,*,,
Cl* NGC  663     MV   32071,*,,
Cl* NGC  663     MV   33014,*,,
Cl* NGC  663     MV   33031,*,,
Cl* NGC  663     MV   33038,*,,
Cl* NGC  663     MV   33086,*,,
Cl* NGC  663     MV   33100,*,,
Cl* NGC  663     MV   33105,*,,
Cl* NGC  663     MV   34015,*,,
Cl* NGC  663     MV   34026,*,,
Cl* NGC  663     MV   43059,*,,
Cl* NGC  663     MV   44004,*,,
Cl* NGC  663     MV   44028,*,,
Cl* NGC  663     PJ    1068,*,,
Cl* NGC  663     PJ    1879,*,,
Cl* NGC  869      W     102,*,,
Cl* NGC  869      W     221,*,,
Cl* NGC  869      W     230,*,,
Cl* NGC  869      W     293,*,,
Cl* NGC 1039      A   45149,*,,
Cl* NGC 1039     IS     142,*,,
Cl* NGC 1039     IS     182,*,,
Cl* NGC 1039     IS     220,*,,
Cl* NGC 1039     IS     233,*,,
Cl* NGC 1039     IS     245,*,,
Cl* NGC 1039     IS     250,*,,
Cl* NGC 1039     IS     256,*,,
Cl* NGC 1039     IS     267,*,,
Cl* NGC 1039     JP     140,*,,
Cl* NGC 1466      P      E,*,,
Cl* NGC 1466   WALK     289,*,,
Cl* NGC 1466   WALK     451,*,,
Cl* NGC 1851    ABK X2 b,*,,
Cl* NGC 1851    PML       2,HB*,,
Cl* NGC 1851    PML       5,RG*,,
Cl* NGC 1851    PML       8,HB*,,
Cl* NGC 1851    PML      12,*,,
Cl* NGC 1851    PML      13,*,,
Cl* NGC 1851    PML      15,RG*,,
Cl* NGC 1851    PML      21,*,,
Cl* NGC 1851    PML      43,HB*,,
Cl* NGC 1866      W    1897,*,,
Cl* NGC 1866      W    1898,*,,
Cl* NGC 1866      W    2613,*,,
Cl* NGC 1866      W    4105,*,,
Cl* NGC 1866      W    4155,*,,
Cl* NGC 1866      W    4592,*,,
Cl* NGC 1866    ARP      H,*,,
Cl* NGC 1978     LE      11,*,,
Cl* NGC 2070     MH      10,*,,
Cl* NGC 2070     MH      12,*,,
Cl* NGC 2070     MH      15,*,,
Cl* NGC 2070     MH      17,*,,
Cl* NGC 2070     MH      21,*,,
Cl* NGC 2070     MH      24,*,,
Cl* NGC 2070     MH      28,*,,
Cl* NGC 2070     MH      35,*,,
Cl* NGC 2070     MH      48,*,,
Cl* NGC 2070     MH      54,*,,
Cl* NGC 2070     MH      55,*,,
Cl* NGC 2070     MH      57,s*b,,
Cl* NGC 2070     MH      77,*,,
Cl* NGC 2070     MH      78,*,,
Cl* NGC 2070     MH      79,*,,
Cl* NGC 2070     MH      85,Be?,,
Cl* NGC 2070     MH      88,*,,
Cl* NGC 2070     MH      89,*,,
Cl* NGC 2070     MH     100,*,,
Cl* NGC 2070     MH     111,*,,
Cl* NGC 2070     MH     116,*,,
Cl* NGC 2070     MH     124,*,,
Cl* NGC 2070     MH     127,*,,
Cl* NGC 2070     MH     145,*,,
Cl* NGC 2070     MH     146,*,,
Cl* NGC 2070     MH     153,*,,
Cl* NGC 2070     MH     169,*,,
Cl* NGC 2070     MH     178,*,,
Cl* NGC 2070     MH     179,*,,
Cl* NGC 2070     MH     186,*,,
Cl* NGC 2070     MH     192,*,,
Cl* NGC 2070     MH     198,*,,
Cl* NGC 2070     MH     206,*,,
Cl* NGC 2070     MH     215,*,,
Cl* NGC 2070     MH     222,*,,
Cl* NGC 2070     MH     225,*,,
Cl* NGC 2070     MH     235,*,,
Cl* NGC 2070     MH     250,*,,
Cl* NGC 2070     MH     264,*,,
Cl* NGC 2070     MH     269,*,,
Cl* NGC 2070     MH     301,*,,
Cl* NGC 2070     MH     306,*,,
Cl* NGC 2070     MH     310,*,,
Cl* NGC 2070     MH     324,*,,
Cl* NGC 2070     MH     337,*,,
Cl* NGC 2070     MH     348,*,,
Cl* NGC 2070     MH     349,*,,
Cl* NGC 2070     MH     356,*,,
Cl* NGC 2070     MH     361,*,,
Cl* NGC 2070     MH     367,*,,
Cl* NGC 2070     MH     373,*,,
Cl* NGC 2070     MH     401,*,,
Cl* NGC 2070     MH     403,*,,
Cl* NGC 2070     MH     415,*,,
Cl* NGC 2070     MH     417,*,,
Cl* NGC 2070     MH     420,*,,
Cl* NGC 2070     MH     423,*,,
Cl* NGC 2070     MH     428,*,,
Cl* NGC 2070     MH     435,*,,
Cl* NGC 2070     MH     465,*,,
Cl* NGC 2070     MH     470,*,,
Cl* NGC 2070     MH     475,*,,
Cl* NGC 2070     MH     477,*,,
Cl* NGC 2070     MH     480,*,,
Cl* NGC 2070     MH     483,*,,
Cl* NGC 2070     MH     491,*,,
Cl* NGC 2070     MH     492,*,,
Cl* NGC 2070     MH     494,*,,
Cl* NGC 2070     MH     512,*,,
Cl* NGC 2070     MH     527,*,,
Cl* NGC 2070     MH     535,*,,
Cl* NGC 2070     MH     538,*,,
Cl* NGC 2070     MH     540,*,,
Cl* NGC 2070     MH     542,*,,
Cl* NGC 2070     MH     543,*,,
Cl* NGC 2070     MH     545,*,,
Cl* NGC 2070     MH     563,*,,
Cl* NGC 2070     MH     564,*,,
Cl* NGC 2070     MH     603,*,,
Cl* NGC 2070     MH     606,*,,
Cl* NGC 2070     MH     609,*,,
Cl* NGC 2070     MH     621,*,,
Cl* NGC 2070     MH     626,*,,
Cl* NGC 2070     MH     627,*,,
Cl* NGC 2070     MH     633,*,,
Cl* NGC 2070     MH     642,*,,
Cl* NGC 2070     MH     644,*,,
Cl* NGC 2070     MH     663,*,,
Cl* NGC 2070     MH     672,*,,
Cl* NGC 2070     MH     680,*,,
Cl* NGC 2070     MH     683,*,,
Cl* NGC 2070     MH     686,*,,
Cl* NGC 2070     MH     699,*,,
Cl* NGC 2070     MH     707,*,,
Cl* NGC 2070     MH     714,*,,
Cl* NGC 2070     MH     716,*,,
Cl* NGC 2070     MH     740,*,,
Cl* NGC 2070     MH     745,*,,
Cl* NGC 2070     MH     755,*,,
Cl* NGC 2070     MH     762,*,,
Cl* NGC 2070     MH     768,*,,
Cl* NGC 2070     MH     779,*,,
Cl* NGC 2070     MH     780,*,,
Cl* NGC 2070     MH     784,*,,
Cl* NGC 2070     MH     785,*,,
Cl* NGC 2070     MH     811,*,,
Cl* NGC 2070     MH     822,*,,
Cl* NGC 2070     MH     823,*,,
Cl* NGC 2070     MH     825,*,,
Cl* NGC 2070     MH     836,*,,
Cl* NGC 2070     MH     851,*,,
Cl* NGC 2070     MH     852,*,,
Cl* NGC 2070     MH     855,*,,
Cl* NGC 2070     MH     859,*,,
Cl* NGC 2070     MH     862,*,,
Cl* NGC 2070     MH     873,*,,
Cl* NGC 2070     MH     878,*,,
Cl* NGC 2070     MH     884,*,,
Cl* NGC 2070     MH     895,*,,
Cl* NGC 2070     MH     898,*,,
Cl* NGC 2070     MH     901,*,,
Cl* NGC 2070     MH     909,*,,
Cl* NGC 2070     MH     913,*,,
Cl* NGC 2070     MH     915,*,,
Cl* NGC 2070     MH     917,*,,
Cl* NGC 2070     MH     929,*,,
Cl* NGC 2070     MH     938,*,,
Cl* NGC 2070     MH     953,*,,
Cl* NGC 2070     MH     964,*,,
Cl* NGC 2070     MH     965,*,,
Cl* NGC 2070     MH     988,*,,
Cl* NGC 2070     MH     998,*,,
Cl* NGC 2070     MH    1000,*,,
Cl* NGC 2070     MH    1003,*,,
Cl* NGC 2070     MH    1004,*,,
Cl* NGC 2070    MEL      10,SB*,,
Cl* NGC 2070    MEL      52,*,,
Cl* NGC 2070    MEL      53b,*,,
Cl* NGC 2070    MEL      60,*,,
Cl* NGC 2070    SMB      88,*,,
Cl* NGC 2168      M       6,*,,
Cl* NGC 2168     CD     376,SB*,,
Cl* NGC 2168     CD     628,*,,
Cl* NGC 2168     CD     632,*,,
Cl* NGC 2168     RA       2,WD*,,
Cl* NGC 2168     SB     620,*,,
Cl* NGC 2168    BSB    5043,*,,
Cl* NGC 2168    BSB    5083,*,,
Cl* NGC 2168    CUD     366,*,,
Cl* NGC 2168    CUD     503,*,,
Cl* NGC 2172     FH      17,*,,
Cl* NGC 2210     HN       7,*,,
Cl* NGC 2210     HN      11,*,,
Cl* NGC 2210     HN      19,*,,
Cl* NGC 2210     HN      20,*,,
Cl* NGC 2210     HN      21,*,,
Cl* NGC 2210     HN      23,*,,
Cl* NGC 2210     HN      40,*,,
Cl* NGC 2210     HN      41,*,,
Cl* NGC 2210     HN      44,*,,
Cl* NGC 2210     HN      46,*,,
Cl* NGC 2210     HN      50,*,,
Cl* NGC 2210     HN      52,*,,
Cl* NGC 2210     HN      66,*,,
Cl* NGC 2210     HN      71,*,,
Cl* NGC 2210     HN      72,*,,
Cl* NGC 2210     HN      73,*,,
Cl* NGC 2210     HN      75,*,,
Cl* NGC 2210    ABW      22,*,,
Cl* NGC 2210    NEM       7F,*,,
Cl* NGC 2210    NEM       7G,*,,
Cl* NGC 2210    NEM      19C,*,,
Cl* NGC 2210    NEM      40A,*,,
Cl* NGC 2210    SOA      E,*,,
Cl* NGC 2210    SOA      K,*,,
Cl* NGC 2210    SOA      V,*,,
Cl* NGC 2210   HNNE       2,*,,
Cl* NGC 2210   HNNE       5,*,,
Cl* NGC 2210   HNSE       5,*,,
Cl* NGC 2210   HNSE       9,*,,
Cl* NGC 2210   HNSW       7,*,,
Cl* NGC 2210   HNSW      10,*,,
Cl* NGC 2243      V      Z,*,,
Cl* NGC 2257      P      A,*,,
Cl* NGC 2257     AA      C,*,,
Cl* NGC 2257     AA      H,*,,
Cl* NGC 2257    HHU    3502,RR*,,
Cl* NGC 2264    SBL     310,TT*,,
Cl* NGC 2287     RA       2,WD*,,
Cl* NGC 2353    FHR     178,*,,
Cl* NGC 2360    EGG      55,*,,
Cl* NGC 2360    EGG     155,*,,
Cl* NGC 2419     RH      36,RB?,,
Cl* NGC 2419     RH      E,*,,
Cl* NGC 2419    SAW V15,RR*,,
Cl* NGC 2419    SAW V21,RR*,,
Cl* NGC 2419    SAW V35,RR*,,
Cl* NGC 2419    SAW V8,LP*,,
Cl* NGC 2419    SKK       5,RG*,,
Cl* NGC 2419    SKK       8,*,,
Cl* NGC 2419    SKK      14,RG*,,
Cl* NGC 2419    SKK      19,*,,
Cl* NGC 2419    SKK      J,*,,
Cl* NGC 2419    SKK      N,*,,
Cl* NGC 2419    SKK      Q,*,,
Cl* NGC 2419    SKK      a,*,,
Cl* NGC 2419    SKK      l,*,,
Cl* NGC 2632      S     105,SB*,,
Cl* NGC 2632      S     118,*,,
Cl* NGC 2632      S     121,Er*,,
Cl* NGC 2632      S     145,Er*,,
Cl* NGC 2632      S     154,*,,
Cl* NGC 2632     JC       3,*,,
Cl* NGC 2632     JC      17,PM*,,
Cl* NGC 2632     JC      24,*,,
Cl* NGC 2632     JC      27,*,,
Cl* NGC 2632     JC      39,*,,
Cl* NGC 2632     JC      46,*,,
Cl* NGC 2632     JC      49,*,,
Cl* NGC 2632     JC      53,*,,
Cl* NGC 2632     JC      54,*,,
Cl* NGC 2632     JC      76,*,,
Cl* NGC 2632     JC      80,Er*,,
Cl* NGC 2632     JC     106,*,,
Cl* NGC 2632     JC     109,*,,
Cl* NGC 2632     JC     134,*,,
Cl* NGC 2632     JC     141,*,,
Cl* NGC 2632     JC     152,*,,
Cl* NGC 2632     JC     172,*,,
Cl* NGC 2632     JC     180,Er*,,
Cl* NGC 2632     JC     181,*,,
Cl* NGC 2632     JC     184,Er*,,
Cl* NGC 2632     JC     185,*,,
Cl* NGC 2632     JC     190,*,,
Cl* NGC 2632     JC     228,SB*,,
Cl* NGC 2632     JS     395,*,,
Cl* NGC 2660    MMU    9025,*,,
Cl* NGC 2682      H       1,*,,
Cl* NGC 2682      H      11,*,,
Cl* NGC 2682     ES    I-2,SB*,,
Cl* NGC 2682     ES    I-201,*,,
Cl* NGC 2682     ES    I-202,*,,
Cl* NGC 2682     ES    I-218,*,,
Cl* NGC 2682     ES    I-22,*,,
Cl* NGC 2682     ES    I-231,*,,
Cl* NGC 2682     ES    I-4,*,,
Cl* NGC 2682     ES    I-46,*,,
Cl* NGC 2682     ES    I-52,*,,
Cl* NGC 2682     ES    I-53,*,,
Cl* NGC 2682     ES    I-55,*,,
Cl* NGC 2682     ES    I-8,*,,
Cl* NGC 2682     ES   II-1,SB*,,
Cl* NGC 2682     ES   II-10,*,,
Cl* NGC 2682     ES   II-11,*,,
Cl* NGC 2682     ES   II-12,*,,
Cl* NGC 2682     ES   II-19,*,,
Cl* NGC 2682     ES   II-2,SB*,,
Cl* NGC 2682     ES   II-207,*,,
Cl* NGC 2682     ES   II-218,*,,
Cl* NGC 2682     ES   II-221,*,,
Cl* NGC 2682     ES   II-225,*,,
Cl* NGC 2682     ES   II-227,*,,
Cl* NGC 2682     ES   II-26,*,,
Cl* NGC 2682     ES   II-7,*,,
Cl* NGC 2682     ES   IV-1,*,,
Cl* NGC 2682     ES   IV-215,*,,
Cl* NGC 2682     ES   IV-29,*,,
Cl* NGC 2682     ES   IV-4,SB*,,
Cl* NGC 2682     ES   IV-6,SB*,,
Cl* NGC 2682     ES  III-10,SB*,,
Cl* NGC 2682     ES  III-13,*,,
Cl* NGC 2682     ES  III-18,SB*,,
Cl* NGC 2682     ES  III-19,*,,
Cl* NGC 2682     ES  III-207,*,,
Cl* NGC 2682     ES  III-29,*,,
Cl* NGC 2682     ES  III-8,SB*,,
Cl* NGC 2682     ES  III-9,*,,
Cl* NGC 2682     JS      i,SB*,,
Cl* NGC 2682     JS      m,*,,
Cl* NGC 2682     JS      s,*,,
Cl* NGC 2682     JS      v,*,,
Cl* NGC 2682     JS     aa,*,,
Cl* NGC 2682    FBC    2036,*,,
Cl* NGC 2682    FBC    2049,*,,
Cl* NGC 2682    FBC    2063,*,,
Cl* NGC 2682    FBC    2069,*,,
Cl* NGC 2682    FBC    2088,*,,
Cl* NGC 2682    FBC    2103,*,,
Cl* NGC 2682    FBC    2140,*,,
Cl* NGC 2682    FBC    2188,*,,
Cl* NGC 2682    FBC    2193,*,,
Cl* NGC 2682    FBC    2306,*,,
Cl* NGC 2682    FBC    2318,*,,
Cl* NGC 2682    FBC    2324,*,,
Cl* NGC 2682    FBC    2328,*,,
Cl* NGC 2682    FBC    2371,*,,
Cl* NGC 2682    FBC    2406,*,,
Cl* NGC 2682    FBC    2458,*,,
Cl* NGC 2682    FBC    2485,*,,
Cl* NGC 2682    FBC    2486,*,,
Cl* NGC 2682    FBC    2490,*,,
Cl* NGC 2682    FBC    2523,*,,
Cl* NGC 2682    FBC    2539,*,,
Cl* NGC 2682    FBC    2565,*,,
Cl* NGC 2682    FBC    2640,*,,
Cl* NGC 2682    FBC    2642,*,,
Cl* NGC 2682    FBC    2650,*,,
Cl* NGC 2682    FBC    2680,*,,
Cl* NGC 2682    FBC    2724,*,,
Cl* NGC 2682    FBC    2884,*,,
Cl* NGC 2682    FBC    2948,*,,
Cl* NGC 2682    FBC    3025,*,,
Cl* NGC 2682    FBC    3100,*,,
Cl* NGC 2682    FBC    3149,*,,
Cl* NGC 2682    FBC    3194,*,,
Cl* NGC 2682    FBC    3203,*,,
Cl* NGC 2682    FBC    3228,*,,
Cl* NGC 2682    FBC    3316,*,,
Cl* NGC 2682    FBC    3340,*,,
Cl* NGC 2682    FBC    3355,*,,
Cl* NGC 2682    FBC    3369,*,,
Cl* NGC 2682    FBC    3391,*,,
Cl* NGC 2682    FBC    3550,*,,
Cl* NGC 2682    FBC    3586,*,,
Cl* NGC 2682    FBC    3626,*,,
Cl* NGC 2682    FBC    3666,*,,
Cl* NGC 2682    FBC    3709,*,,
Cl* NGC 2682    FBC    3723,*,,
Cl* NGC 2682    FBC    3731,*,,
Cl* NGC 2682    FBC    3756,*,,
Cl* NGC 2682    FBC    3790,*,,
Cl* NGC 2682    FBC    3824,*,,
Cl* NGC 2682    FBC    3845,*,,
Cl* NGC 2682    FBC    3940,*,,
Cl* NGC 2682    FBC    3959,*,,
Cl* NGC 2682    FBC    3973,*,,
Cl* NGC 2682    FBC    3989,*,,
Cl* NGC 2682    FBC    4005,*,,
Cl* NGC 2682    FBC    4021,*,,
Cl* NGC 2682    FBC    4045,*,,
Cl* NGC 2682    FBC    4093,*,,
Cl* NGC 2682    FBC    4164,EB*,,
Cl* NGC 2682    FBC    4181,*,,
Cl* NGC 2682    FBC    4226,*,,
Cl* NGC 2682    FBC    4382,*,,
Cl* NGC 2682    FBC    4470,*,,
Cl* NGC 2682    FBC    4482,*,,
Cl* NGC 2682    FBC    4535,*,,
Cl* NGC 2682    FBC    4561,*,,
Cl* NGC 2682    FBC    4582,*,,
Cl* NGC 2682    FBC    4592,*,,
Cl* NGC 2682    FBC    4649,*,,
Cl* NGC 2682    FBC    4650,*,,
Cl* NGC 2682    FBC    4719,*,,
Cl* NGC 2682    FBC    4728,*,,
Cl* NGC 2682    FBC    4803,*,,
Cl* NGC 2682    FBC    4869,*,,
Cl* NGC 2682    FBC    4882,*,,
Cl* NGC 2682    FBC    4888,*,,
Cl* NGC 2682    FBC    4906,*,,
Cl* NGC 2682    FBC    4958,*,,
Cl* NGC 2682    FBC    4971,*,,
Cl* NGC 2682    FBC    4975,*,,
Cl* NGC 2682    FBC    4987,*,,
Cl* NGC 2682    MMJ    5102,*,,
Cl* NGC 2682    MMJ    5115,*,,
Cl* NGC 2682    MMJ    5201,*,,
Cl* NGC 2682    MMJ    5245,*,,
Cl* NGC 2682    MMJ    5293,WD?,,
Cl* NGC 2682    MMJ    5579,*,,
Cl* NGC 2682    MMJ    5942,*,,
Cl* NGC 2682    MMJ    5987,*,,
Cl* NGC 2682    MMJ    6124,*,,
Cl* NGC 2682    MMJ    6157,*,,
Cl* NGC 2682    MMJ    6189,*,,
Cl* NGC 2682    MMJ    6219,*,,
Cl* NGC 2682    MMJ    6346,*,,
Cl* NGC 2682    MMJ    6368,*,,
Cl* NGC 2682    MMJ    6386,*,,
Cl* NGC 2682    MMJ    6435,*,,
Cl* NGC 2682    MMJ    6449,*,,
Cl* NGC 2682    YBP    1101,*,,
Cl* NGC 2682   SAND     609,*,,
Cl* NGC 2682   SAND     624,*,,
Cl* NGC 2682   SAND     638,*,,
Cl* NGC 2682   SAND     733,*,,
Cl* NGC 2682   SAND     740,SB*,,
Cl* NGC 2682   SAND     755,*,,
Cl* NGC 2682   SAND     769,*,,
Cl* NGC 2682   SAND     787,*,,
Cl* NGC 2682   SAND     788,*,,
Cl* NGC 2682   SAND     791,*,,
Cl* NGC 2682   SAND     822,*,,
Cl* NGC 2682   SAND     839,SB*,,
Cl* NGC 2682   SAND     937,*,,
Cl* NGC 2682   SAND     947,*,,
Cl* NGC 2682   SAND     950,*,,
Cl* NGC 2682   SAND     957,*,,
Cl* NGC 2682   SAND     986,SB*,,
Cl* NGC 2682   SAND     996,SB*,,
Cl* NGC 2682   SAND    1070,RS*,,
Cl* NGC 2682   SAND    1095,*,,
Cl* NGC 2682   SAND    1101,*,,
Cl* NGC 2682   SAND    1102,SB*,,
Cl* NGC 2682   SAND    1111,*,,
Cl* NGC 2682   SAND    1112,RS*,,
Cl* NGC 2682   SAND    1190,SB*,,
Cl* NGC 2682   SAND    1222,*,,
Cl* NGC 2682   SAND    1264b,*,,
Cl* NGC 2682   SAND    1280,dS*,,
Cl* NGC 2682   SAND    1282,SB*,,
Cl* NGC 2682   SAND    1296,*,,
Cl* NGC 2682   SAND    1332,*,,
Cl* NGC 2682   SAND    1410,*,,
Cl* NGC 2682   SAND    1418,*,,
Cl* NGC 2682   SAND    1422,*,,
Cl* NGC 2682   SAND    1426,*,,
Cl* NGC 2682   SAND    1430,*,,
Cl* NGC 2682   SAND    1432,SB*,,
Cl* NGC 2682   SAND    1441,*,,
Cl* NGC 2682   SAND    1462,SB*,,
Cl* NGC 2682   SAND    1468,*,,
Cl* NGC 2682   SAND    1483,*,,
Cl* NGC 2682   SAND    2224,*,,
Cl* NGC 2682   SAND    2227,SB*,,
Cl* NGC 2808     WH      E,*,,
Cl* NGC 2808    HAR      K,*,,
Cl* NGC 2808    HAR      c,*,,
Cl* NGC 2808    HAR      d,*,,
Cl* NGC 2808    HAR      f,*,,
Cl* NGC 2808    HAR      g,*,,
Cl* NGC 2808    HAR      m,*,,
Cl* NGC 2808    SAW V6,RR*,,
Cl* NGC 3293    BVC     150,*,,
Cl* NGC 3293    ESL      54,*,,
Cl* NGC 3603    MDS      13,*,,
Cl* NGC 3603    MDS      16,*,,
Cl* NGC 3603    MDS      38,*,,
Cl* NGC 3603    MDS      40,*,,
Cl* NGC 3603    MDS      46,*,,
Cl* NGC 3603    MDS      54,*,,
Cl* NGC 3603    MDS      68,*,,
Cl* NGC 3603    MDS      B,WR*,,
Cl* NGC 3603    MDS      C,WR*,,
Cl* NGC 3603    MMM     116,*,,
Cl* NGC 3603    MTT      44,*,,
Cl* NGC 3603    MTT     122,*,0.5,0.5
Cl* NGC 4590    ALC      45,RG*,,
Cl* NGC 4590    ALC      60,RG*,,
Cl* NGC 4590    ALC      66,RG*,,
Cl* NGC 4590    ALC      73,RG*,,
Cl* NGC 4590    ALC      C,*,,
Cl* NGC 4590    HAR      F,*,,
Cl* NGC 4590    HAR      J,PM*,,
Cl* NGC 4590    HAR      V,*,,
Cl* NGC 4590    HAR     130,RG*,,
Cl* NGC 4590    HAR    2028,RG*,,
Cl* NGC 4590    HAR    I-2,RG*,,
Cl* NGC 4590    ZNG       1,*,,
Cl* NGC 4590   WALK       9,*,,
Cl* NGC 4590   WALK      17,*,,
Cl* NGC 4590   WALK      29,*,,
Cl* NGC 4590   WALK      55,*,,
Cl* NGC 4590   WALK      69,*,,
Cl* NGC 4590   WALK      98,*,,
Cl* NGC 4590   WALK     112,HB*,,
Cl* NGC 4590   WALK     120,*,,
Cl* NGC 4590   WALK     121,*,,
Cl* NGC 4590   WALK     122,*,,
Cl* NGC 4590   WALK     123,Pe*,,
Cl* NGC 4590   WALK     133,*,,
Cl* NGC 4590   WALK     138,*,,
Cl* NGC 4590   WALK     164,*,,
Cl* NGC 4590   WALK     165,*,,
Cl* NGC 4590   WALK     196,*,,
Cl* NGC 4590   WALK     198,*,,
Cl* NGC 4590   WALK     200,*,,
Cl* NGC 4590   WALK     216,*,,
Cl* NGC 4590   WALK     235,*,,
Cl* NGC 4590   WALK     250,*,,
Cl* NGC 4590   WALK     260,*,,
Cl* NGC 4590   WALK     278,*,,
Cl* NGC 4590   WALK     287,RR*,,
Cl* NGC 4590   WALK     291,RG*,,
Cl* NGC 4590   WALK     294,*,,
Cl* NGC 4590   WALK     303,RG*,,
Cl* NGC 4590   WALK     314,*,,
Cl* NGC 4590   WALK     322,*,,
Cl* NGC 4590   WALK     324,*,,
Cl* NGC 4590   WALK     328,*,,
Cl* NGC 4590   WALK     329,*,,
Cl* NGC 4590   WALK     362,*,,
Cl* NGC 4590   WALK     368,Pe*,,
Cl* NGC 4590   WALK     375,*,,
Cl* NGC 4590   WALK     376,Pe*,,
Cl* NGC 4590   WALK     385,*,,
Cl* NGC 4590   WALK     393,*,,
Cl* NGC 4590   WALK     422,*,,
Cl* NGC 4590   WALK     453,*,,
Cl* NGC 4590   WALK     460,*,,
Cl* NGC 4590   WALK     465,RG*,,
Cl* NGC 4590   WALK     477,*,,
Cl* NGC 4590   WALK     480,*,,
Cl* NGC 4590   WALK     484,*,,
Cl* NGC 4590   WALK     494,RG*,,
Cl* NGC 4590   WALK     502,*,,
Cl* NGC 4590   WALK     508,*,,
Cl* NGC 4590   WALK     509,*,,
Cl* NGC 4590   WALK     527,*,,
Cl* NGC 4590   WALK     549,*,,
Cl* NGC 4590   WALK     551,*,,
Cl* NGC 4590   WALK     561,*,,
Cl* NGC 4590   WALK     565,*,,
Cl* NGC 4590   WALK     567,RG*,,
Cl* NGC 4590   WALK     585,*,,
Cl* NGC 4590   WALK     588,RG*,,
Cl* NGC 4590   WALK     599,*,,
Cl* NGC 4590   WALK     608,*,,
Cl* NGC 5024    RLB     803,RR*,,
Cl* NGC 5024    SAN       2,*,,
Cl* NGC 5024    SAN       7,*,,
Cl* NGC 5024    SAN      11,*,,
Cl* NGC 5024    SAN      14,*,,
Cl* NGC 5024    SAN      16,*,,
Cl* NGC 5024    SAN      26,*,,
Cl* NGC 5053      P      B,*,,
Cl* NGC 5053      P      C,RG*,,
Cl* NGC 5053      P      E,RG*,,
Cl* NGC 5053     SM       4,RG*,,
Cl* NGC 5053     SM      18,RG*,,
Cl* NGC 5053     SM      20,RG*,,
Cl* NGC 5053    SAN       4,RR*,,
Cl* NGC 5053    SAN       6,*,,
Cl* NGC 5053    SAN       7,HB*,,
Cl* NGC 5053    SAN       8,HB*,,
Cl* NGC 5053    SKJ      Q,Pe*,,
Cl* NGC 5053    SKJ      W,*,,
Cl* NGC 5053    SKJ     AH,*,,
Cl* NGC 5053    ZNG       2,*,,
Cl* NGC 5139      B V114,RR*,,
Cl* NGC 5139      B V124,RR*,,
Cl* NGC 5139      B V125,RR*,,
Cl* NGC 5139      B V14,RR*,,
Cl* NGC 5139      B V46,RR*,,
Cl* NGC 5139      B V54,RR*,,
Cl* NGC 5139      B V69,RR*,,
Cl* NGC 5139      B V94,RR*,,
Cl* NGC 5139    HHB     766,*,,
Cl* NGC 5139    HHB     994,*,,
Cl* NGC 5139    HHB    1028,*,,
Cl* NGC 5139    HHB    1152,*,,
Cl* NGC 5139    HHB    1755,*,,
Cl* NGC 5139    HHB    2021,*,,
Cl* NGC 5139    HHB    2124,*,,
Cl* NGC 5139    HHB    2180,*,,
Cl* NGC 5139    HHB    2527,*,,
Cl* NGC 5139    NJL      53,RR*,,
Cl* NGC 5139    UIT       1,*,,
Cl* NGC 5272      B       1,WD*,,
Cl* NGC 5272      X      14,RR*,,
Cl* NGC 5272     KG       4,RR*,,
Cl* NGC 5272    BPQ      44,*,,
Cl* NGC 5272    FPF       1,*,,
Cl* NGC 5272    FPF       4,*,,
Cl* NGC 5272    FPF       5,*,,
Cl* NGC 5272    FPF      20,*,,
Cl* NGC 5272    FPF      27,*,,
Cl* NGC 5272    GYB    1600,RR*,,
Cl* NGC 5272    GYB    9016,*,,
Cl* NGC 5272    SAW V236,RG*,,
Cl* NGC 5286     FL V10,RR*,,
Cl* NGC 5286    ALC      63,*,,
Cl* NGC 5286    ALC      75,*,,
Cl* NGC 5286    ALC      79,*,,
Cl* NGC 5466    SAW V2,RR*,,
Cl* NGC 5466  FSBHB V13,RR*,,
Cl* NGC 5466  FSBHB V20,RR*,,
Cl* NGC 5634    BFI     238,RR*,,
Cl* NGC 5694    HAR      H,*,,
Cl* NGC 5694    HAR      P,*,,
Cl* NGC 5897     SK      O,*,,
Cl* NGC 5904     SB  2-74,RG*,,
Cl* NGC 5904     SB  4-259,HB*,,
Cl* NGC 5904     SB  4-60,HB*,,
Cl* NGC 5904    ARP    1024,HB*,,
Cl* NGC 5904    ARP    1040,RG*,,
Cl* NGC 5904    ARP    2048,*,,
Cl* NGC 5904    ARP    3008,HB*,,
Cl* NGC 5904    ARP    3039,RG*,,
Cl* NGC 5904    ARP    3052,RG*,,
Cl* NGC 5904    ARP    3094,RG*,,
Cl* NGC 5904    ARP    4095,*,,
Cl* NGC 5904    CUD       8,RG*,,
Cl* NGC 5904    CUD      11,*,,
Cl* NGC 5904    CUD      24,RG*,,
Cl* NGC 5904    MSB       6,RR*,,
Cl* NGC 5904    SAN      10,HB*,,
Cl* NGC 5904    SAN      14,HS?,,
Cl* NGC 5904    SAN      29,*,,
Cl* NGC 5904    SAN      32,*,,
Cl* NGC 5904    SAN      36,WD?,,
Cl* NGC 5904   ARPH      I,*,,
Cl* NGC 5904   ARPH      Q,*,,
Cl* NGC 5904   KUST     694,RR*,,
Cl* NGC 5904   KUST     756,RV*,,
Cl* NGC 5904   REES      94,*,,
Cl* NGC 5904   REES     104,*,,
Cl* NGC 5927    SAW V3,Mi*,,
Cl* NGC 5927   AWAL       7,*,,
Cl* NGC 6093    SAW V4,RR*,,
Cl* NGC 6121      Y     174,*,,
Cl* NGC 6121      Y     453,*,,
Cl* NGC 6121    ALC      30,RG*,,
Cl* NGC 6121    ALC      46,RG*,,
Cl* NGC 6121    ALC      57,RG*,,
Cl* NGC 6121    ALC      75,RG*,,
Cl* NGC 6121    ALC      85,*,,
Cl* NGC 6121    ALC      89,*,,
Cl* NGC 6121    ALC     129,RG*,,
Cl* NGC 6121    ALC     152,RG*,,
Cl* NGC 6121    ALC     167,*,,
Cl* NGC 6121    ALC     199,*,,
Cl* NGC 6121    ALC     200,*,,
Cl* NGC 6121    ALC     226,*,,
Cl* NGC 6121    ALC     256,RG*,,
Cl* NGC 6121    ALC     269,*,,
Cl* NGC 6121    ALC     279,*,,
Cl* NGC 6121    ALC     290,RG*,,
Cl* NGC 6121    ALC     291,*,,
Cl* NGC 6121    ALC     313,*,,
Cl* NGC 6121    ALC     316,*,,
Cl* NGC 6121    ALC     336,*,,
Cl* NGC 6121    ALC     360,RG*,,
Cl* NGC 6121    ALC     417,*,,
Cl* NGC 6121    ALC     435,RG*,,
Cl* NGC 6121    ALC     502,*,,
Cl* NGC 6121    LEE    1107,Pe*,,
Cl* NGC 6121    LEE    1205,*,,
Cl* NGC 6121    LEE    1209,*,,
Cl* NGC 6121    LEE    2105,*,,
Cl* NGC 6121    LEE    2118,RG*,,
Cl* NGC 6121    LEE    2312,*,,
Cl* NGC 6121    LEE    2320,*,,
Cl* NGC 6121    LEE    2422,RG*,,
Cl* NGC 6121    LEE    2613,*,,
Cl* NGC 6121    LEE    3113,*,,
Cl* NGC 6121    LEE    4125,*,,
Cl* NGC 6121    LEE    4602,RG*,,
Cl* NGC 6121    MVP   39100,*,,
Cl* NGC 6121    SAN       6,*,,
Cl* NGC 6121    SAW V10,RR*,,
Cl* NGC 6121    SAW V11,RR*,,
Cl* NGC 6121    SAW V32,RR*,,
Cl* NGC 6121    SAW V34,RR*,,
Cl* NGC 6121    SAW V5,RR*,,
Cl* NGC 6121    SAW V59,*,,
Cl* NGC 6171     SK      43,RG*,,
Cl* NGC 6171     SK      C,*,,
Cl* NGC 6171     SK      D,*,,
Cl* NGC 6171     SK      E,*,,
Cl* NGC 6171     SK      F,RG*,,
Cl* NGC 6171     SK      G,*,,
Cl* NGC 6171     SK      J,RG*,,
Cl* NGC 6171     SK      K,*,,
Cl* NGC 6171     SK      L,RG*,,
Cl* NGC 6171    FCF    1458,*,,
Cl* NGC 6171    FCF    1501,*,,
Cl* NGC 6171   DICK V18,RR*,,
Cl* NGC 6171   DICK V20,RR*,,
Cl* NGC 6205      J      45,RG*,,
Cl* NGC 6205     AJ      51,*,,
Cl* NGC 6205     AJ B63,HS?,,
Cl* NGC 6205     CM       4,*,,
Cl* NGC 6205     CM      20,RG*,,
Cl* NGC 6205    ARP    5015,*,,
Cl* NGC 6205    CGY    5546,*,,
Cl* NGC 6205    CGY    5610,*,,
Cl* NGC 6205    CGY    6275,RR*,,
Cl* NGC 6205    KAD     205,*,,
Cl* NGC 6205    KAD     208,HB*,,
Cl* NGC 6205    KAD     209,*,,
Cl* NGC 6205    KAD     225,*,,
Cl* NGC 6205    KAD     242,*,,
Cl* NGC 6205    KAD     252,RG*,,
Cl* NGC 6205    KAD     265,*,,
Cl* NGC 6205    KAD     454,HB*,,
Cl* NGC 6205    KAD     641,*,,
Cl* NGC 6205    KAD     659,RG*,,
Cl* NGC 6205    KAD     670,HB*,,
Cl* NGC 6205    SAN       4,WD?,,
Cl* NGC 6205    SAN       5,*,,
Cl* NGC 6205    SAW V41,LP*,,
Cl* NGC 6205   BAUM      21,*,,
Cl* NGC 6205   BAUM      23,*,,
Cl* NGC 6205   BAUM      24,*,,
Cl* NGC 6218    RAC    4176,*,,
Cl* NGC 6218    SAN       7,*,,
Cl* NGC 6218    SAN      15,*,,
Cl* NGC 6218   KUST       2,SB*,,
Cl* NGC 6254    CGW     145,*,,
Cl* NGC 6254    CGW     158,*,,
Cl* NGC 6254    CGW     357,RG*,,
Cl* NGC 6254    HRD      R,*,,
Cl* NGC 6254    HRD    1005,*,,
Cl* NGC 6259    MMU    1335,*,,
Cl* NGC 6266    HAR      e,*,,
Cl* NGC 6266    HAR      f,*,,
Cl* NGC 6284    SAW V8,*,,
Cl* NGC 6284    SAW V9,*,,
Cl* NGC 6333    SAW V18,RR*,,
Cl* NGC 6341     SW X14,*,,
Cl* NGC 6341     SW X15,*,,
Cl* NGC 6341     SW X17,*,,
Cl* NGC 6341    BBS    3787,RG*,,
Cl* NGC 6341    CUD       7,*,,
Cl* NGC 6341    CUD      14,RG*,,
Cl* NGC 6341    CUD      19,*,,
Cl* NGC 6341    CUD      22,Pe*,,
Cl* NGC 6341    CUD      30,HB*,,
Cl* NGC 6341    HAC       3,RR*,,
Cl* NGC 6341    HAC      10,RR*,,
Cl* NGC 6341    HAC      11,RR*,,
Cl* NGC 6341    SAN       1,HB*,,
Cl* NGC 6341    SAW V5,RR*,,
Cl* NGC 6341   BARN      14,Pe*,,
Cl* NGC 6341   BARN      23,*,,
Cl* NGC 6341   BUON       5,*,,
Cl* NGC 6341   BUON       8,*,,
Cl* NGC 6341   BUON     263,Pe*,,
Cl* NGC 6341   BUON     313,*,,
Cl* NGC 6341   BUON     417,Pe*,,
Cl* NGC 6341   BUON     459,*,,
Cl* NGC 6341   REES     396,*,,
Cl* NGC 6341   REES     573,*,,
Cl* NGC 6356    SAW V3,Mi*,,
Cl* NGC 6362    SAW V2,RR*,,
Cl* NGC 6362    SAW V23,RR*,,
Cl* NGC 6362    SAW V26,RR*,,
Cl* NGC 6362    SAW V5,RR*,,
Cl* NGC 6397      V      V,*,,
Cl* NGC 6397    SAW V34,CV*,,
Cl* NGC 6397  ABCPO     638,*,,
Cl* NGC 6397  ABCPO    1253,*,,
Cl* NGC 6402    SAW V7,cC*,,
Cl* NGC 6405      A   13078,*,,
Cl* NGC 6405      A   43058,*,,
Cl* NGC 6405      E      32c,*,,
Cl* NGC 6475     JJ       2,*,,
Cl* NGC 6475     JJ      19,*,,
Cl* NGC 6475     JJ      23,*,,
Cl* NGC 6475     JJ      30,*,,
Cl* NGC 6522    ARP    1258,*,,
Cl* NGC 6522    ARP    1306,*,,
Cl* NGC 6522    ARP    1326,*,,
Cl* NGC 6522    ARP    1328,*,,
Cl* NGC 6522    ARP    1371,*,,
Cl* NGC 6522    ARP    1372,*,,
Cl* NGC 6522    ARP    2001,*,,
Cl* NGC 6522    ARP    2013,*,,
Cl* NGC 6522    ARP    2018,*,,
Cl* NGC 6522    ARP    2022,*,,
Cl* NGC 6522    ARP    2026,*,,
Cl* NGC 6522    ARP    2031,*,,
Cl* NGC 6522    ARP    2044,*,,
Cl* NGC 6522    ARP    2115,*,,
Cl* NGC 6522    ARP    2117,*,,
Cl* NGC 6522    ARP    2121,*,,
Cl* NGC 6522    ARP    2193,*,,
Cl* NGC 6522    ARP    3124,*,,
Cl* NGC 6522    ARP    3270,*,,
Cl* NGC 6522    ARP    3276,*,,
Cl* NGC 6522    ARP    4020,*,,
Cl* NGC 6522    ARP    4123,*,,
Cl* NGC 6522    ARP    4132,*,,
Cl* NGC 6522    ARP    4164,*,,
Cl* NGC 6522    ARP    4175,*,,
Cl* NGC 6522    ARP    4294,*,,
Cl* NGC 6522    ARP    4320,*,,
Cl* NGC 6530    SCB     150,Y*O,,
Cl* NGC 6541   AWAL       1,LP?,,
Cl* NGC 6541   AWAL       8,*,,
Cl* NGC 6541   AWAL      14,*,,
Cl* NGC 6541   AWAL      15,*,,
Cl* NGC 6558    SAW V15,LP*,,
Cl* NGC 6604     FD       7,*,,
Cl* NGC 6604     FD      32,*,,
Cl* NGC 6604     FD      35,*,,
Cl* NGC 6604     FD      37,*,,
Cl* NGC 6604     FD      41,*,,
Cl* NGC 6604     FD      42,*,,
Cl* NGC 6604     FD      43,*,,
Cl* NGC 6604     FD      44,*,,
Cl* NGC 6604     FD      72,*,,
Cl* NGC 6604     FD      79,*,,
Cl* NGC 6604     FD      81,Y*?,,
Cl* NGC 6604     FD      M,*,,
Cl* NGC 6604    BCM       1,*,,
Cl* NGC 6611    BKP   22636,*,,
Cl* NGC 6611    BKP   22716,*,,
Cl* NGC 6611    BKP   22731,*,,
Cl* NGC 6611    BKP   24904,*,,
Cl* NGC 6611    BKP   24907,*,,
Cl* NGC 6611    BKP   24909,*,,
Cl* NGC 6611    BKP   24911,Y*?,,
Cl* NGC 6611    BKP   24953,*,,
Cl* NGC 6611    BKP   24962,*,,
Cl* NGC 6611    BKP   24964,*,,
Cl* NGC 6611    BKP   25069,*,,
Cl* NGC 6611    BKP   25082,Y*?,,
Cl* NGC 6611    BKP   25108,*,,
Cl* NGC 6611    BKP   25116,*,,
Cl* NGC 6611    BKP   25186,*,,
Cl* NGC 6611    BKP   27193,*,,
Cl* NGC 6611    BKP   27196,*,,
Cl* NGC 6611    BKP   27222,*,,
Cl* NGC 6611    BKP   27241,*,,
Cl* NGC 6611    BKP   27308,*,,
Cl* NGC 6611    BKP   27368,*,,
Cl* NGC 6611    BKP   27436,*,,
Cl* NGC 6611    BKP   27465,*,,
Cl* NGC 6611    BKP   27470,*,,
Cl* NGC 6611    BKP   27498,*,,
Cl* NGC 6611    BKP   27503,*,,
Cl* NGC 6611    BKP   27536,Y*?,,
Cl* NGC 6611    BKP   29481,*,,
Cl* NGC 6611    BKP   29818,Y*O,,
Cl* NGC 6611    BKP   29841,*,,
Cl* NGC 6611    BKP   29859,*,,
Cl* NGC 6611    BKP   29876,*,,
Cl* NGC 6611    BKP   29877,*,,
Cl* NGC 6611    BKP   31705,*,,
Cl* NGC 6611    BKP   31731,*,,
Cl* NGC 6611    BKP   31833,*,,
Cl* NGC 6611    BKP   31953,*,,
Cl* NGC 6611    BKP   33952,*,,
Cl* NGC 6611    BKP   33969,*,,
Cl* NGC 6611    BKP   34066,*,,
Cl* NGC 6611    BKP   34089,*,,
Cl* NGC 6611    BKP   34098,*,,
Cl* NGC 6611    BKP   35942,*,,
Cl* NGC 6611    BKP   35958,*,,
Cl* NGC 6611    BKP   35979,*,,
Cl* NGC 6611    BKP   36017,*,,
Cl* NGC 6611    BKP   36021,*,,
Cl* NGC 6611    BKP   38017,*,,
Cl* NGC 6611    BKP   38113,*,,
Cl* NGC 6611    ESL      79,*,,
Cl* NGC 6626    ALC      L,*,,
Cl* NGC 6652    SAW V1,V*,,
Cl* NGC 6656     PG       7,*,,
Cl* NGC 6656    ALC    2042,*,,
Cl* NGC 6656    ALC    2073,Pe*,,
Cl* NGC 6656    ALC    3042,*,,
Cl* NGC 6656    ALC    3112,Pe*,,
Cl* NGC 6656    ALC    3171,Pe*,,
Cl* NGC 6656    ALC    3177,Pe*,,
Cl* NGC 6656    CUD     175,Pe*,,
Cl* NGC 6656    CUD     635,Pe*,,
Cl* NGC 6656    CUD     697,Pe*,,
Cl* NGC 6681    HAR      J,*,,
Cl* NGC 6681    HAR      M,*,,
Cl* NGC 6681    HAR      T,*,,
Cl* NGC 6681    HAR      U,*,,
Cl* NGC 6712     SS C28,*,,
Cl* NGC 6712    NAS      C,*,,
Cl* NGC 6712    SAW V10,LP*,,
Cl* NGC 6712    SAW V12,RR*,,
Cl* NGC 6712    SAW V17,V*,,
Cl* NGC 6712    SAW V20,RR*,,
Cl* NGC 6712    ZNG       4,*,,
Cl* NGC 6715    HAR      C,*,,
Cl* NGC 6752     CS       9,Pe*,,
Cl* NGC 6752     CS     122,RG*,,
Cl* NGC 6752     GA      31,LP?,,
Cl* NGC 6752    HHB     868,*,,
Cl* NGC 6752    HHB    1074,*,,
Cl* NGC 6752    HHB    1092,*,,
Cl* NGC 6752    HHB    1207,*,,
Cl* NGC 6752    HHB    1268,*,,
Cl* NGC 6752    HHB    1336,*,,
Cl* NGC 6752    HHB    1348,*,,
Cl* NGC 6752    HHB    5006,V*,,
Cl* NGC 6752    PKD   38504,*,,
Cl* NGC 6791    ATT      90,*,,
Cl* NGC 6791    ATT     100,*,,
Cl* NGC 6791    ATT     110,*,,
Cl* NGC 6809    SAN       5,*,,
Cl* NGC 6809    SAN      19,*,,
Cl* NGC 6809    SAN      28,*,,
Cl* NGC 6838     AH      C,RG*,,
Cl* NGC 6838     AH      E,*,,
Cl* NGC 6838     AH      J,*,,
Cl* NGC 6838     AH A3,HB*,,
Cl* NGC 6838     AH A8,*,,
Cl* NGC 6838     CF      12,*,,
Cl* NGC 6838     KC     119,HB*,,
Cl* NGC 6838     KC     125,*,,
Cl* NGC 6838     KC     155,RG*,,
Cl* NGC 6838     KC     191,RG*,,
Cl* NGC 6838     KC     200,RG*,,
Cl* NGC 6838     KC     223,*,,
Cl* NGC 6838    ZDA       3,*,,
Cl* NGC 6838    ZDA      10,*,,
Cl* NGC 6864    HAR      H,*,,
Cl* NGC 6864    HAR      L,*,,
Cl* NGC 6864    HAR      M,*,,
Cl* NGC 6913    TIF     100,*,,
Cl* NGC 6934      T       1,*,,
Cl* NGC 6934      T       9,*,,
Cl* NGC 6934    SAW V1,RR*,,
Cl* NGC 6934    SAW V12,RR*,,
Cl* NGC 6934    SAW V16,RR*,,
Cl* NGC 6934    SAW V18,RR*,,
Cl* NGC 6934    SAW V31,RR*,,
Cl* NGC 6934    SAW V32,RR*,,
Cl* NGC 6934    SAW V38,RR*,,
Cl* NGC 6934    SAW V9,RR*,,
Cl* NGC 7078     AC       1,LP?,,
Cl* NGC 7078     AC     104,*,,
Cl* NGC 7078     AC     111,*,,
Cl* NGC 7078     AC     650,RG*,,
Cl* NGC 7078     AC     761,*,,
Cl* NGC 7078     FP     280,*,,
Cl* NGC 7078    BRO      12,*,,
Cl* NGC 7078    BRO      17,*,,
Cl* NGC 7078    CUD       5,*,,
Cl* NGC 7078    CUD      18,RG*,,
Cl* NGC 7078    GEB     968,RG*,,
Cl* NGC 7078    SAW V129,RR*,,
Cl* NGC 7078    SAW V161,RR*,,
Cl* NGC 7078    SAW V38,RR*,,
Cl* NGC 7078   YGBS      46,RR*,,
Cl* NGC 7078   YGBS     876,RR*,,
Cl* NGC 7089      D      E,*,,
Cl* NGC 7089      D      F,*,,
Cl* NGC 7089    HAR      L,AB*,,
Cl* NGC 7089    HAR    2132,*,,
Cl* NGC 7089    SAW V1,cC*,,
Cl* NGC 7092   PLAT    1543,*,,
Cl* NGC 7092   PLAT    1600,*,,
Cl* NGC 7092   PLAT    1704,*,,
Cl* NGC 7092   PLAT    2095,*,,
Cl* NGC 7092   PLAT    2153,*,,
Cl* NGC 7092   PLAT    2274,*,,
Cl* NGC 7092   PLAT    2315,*,,
Cl* NGC 7092   PLAT    2385,*,,
Cl* NGC 7092   PLAT    2398,*,,
Cl* NGC 7092   PLAT    2689,*,,
Cl* NGC 7099     AL      10,*,,
Cl* NGC 7099     AL      12,HB*,,
Cl* NGC 7099    SAN      22,HB*,,
Cl* NGC 7419    BMD     340,Em*,,
Cl* NGC 7419    BMD     633,Em*,,
Cl* NGC 7419   BNSW      e,s*r,,
Cl* NGC 7790      F      25,*,,
Cl* NGC 7790      S      C,*,,
Cl* NGC 7790      S      U,*,,
Cl* NGC 7790    PMF F11,*,,
Cl* NGC 7790    PMF F15,*,,
Cl* NGC 7790    PMF F29,*,,
Cl* NGC 7790    PMF F39,*,,
Cl* NGC 7790    PMF F42,*,,
Cl* NGC 7790    PMF F48,*,,
Cl* NGC 7790    PMF F60,*,,
Cl* NGC 7790    PMF F64,*,,
Cl* NGC 7790    PMF F66,*,,
Cl* NGC 7790    PMF F78,*,,
Cl* NGC 7790    PMF F9,*,,
Cl* Palomar    5     SH       8,*,,
Cl* Palomar    5     SH      14,*,,
Cl* Palomar    5     SH      15,*,,
Cl* Palomar    5     SH      17,*,,
Cl* Palomar    5     SH      S,BY*,,
Cl* Palomar    5     SH      Z,*,,
Cl* Palomar    5     SH     AC,*,,
Cl* Palomar    5    OGD       4,*,,
Cl* Sher    1    MSP     130,*,,
Cl* Sher    1    MSP     141,*,,
Cl* Stephenson    1     EG       2,*,,
Cl* Stock   16    DGT      15,*,,
Cl* Stock   16    DGT      21,*,,
Cl* Trumpler   14      Y       1,*,,
Cl* Trumpler   14      Y      11,Y*?,,
Cl* Trumpler   14      Y      12,*,,
Cl* Trumpler   14      Y      31,*,,
Cl* Trumpler   14      Y      41,*,,
Cl* Trumpler   14      Y      44,Y*?,,
Cl* Trumpler   14      Y      53,*,,
Cl* Trumpler   14      Y      60,*,,
Cl* Trumpler   14      Y      69,Y*?,,
Cl* Trumpler   14      Y      73,Y*?,,
Cl* Trumpler   14      Y      80,Y*?,,
Cl* Trumpler   14      Y      89,*,,
Cl* Trumpler   14      Y      90,Y*O,,
Cl* Trumpler   14      Y      92,*,,
Cl* Trumpler   14      Y     106,*,,
Cl* Trumpler   14      Y     143,*,,
Cl* Trumpler   14      Y     146,*,,
Cl* Trumpler   14      Y     147,*,,
Cl* Trumpler   14      Y     151,*,,
Cl* Trumpler   14      Y     200,*,,
Cl* Trumpler   14      Y     235,*,,
Cl* Trumpler   14      Y     236,*,,
Cl* Trumpler   14      Y     241,Y*?,,
Cl* Trumpler   14      Y     253,Y*O,,
Cl* Trumpler   14      Y     254,*,,
Cl* Trumpler   14      Y     264,*,,
Cl* Trumpler   14      Y     279,*,,
Cl* Trumpler   14      Y     282,*,,
Cl* Trumpler   14      Y     292,*,,
Cl* Trumpler   14      Y     314,*,,
Cl* Trumpler   14      Y     318,*,,
Cl* Trumpler   14      Y     320,*,,
Cl* Trumpler   14      Y     327,*,,
Cl* Trumpler   14      Y     328,*,,
Cl* Trumpler   14      Y     357,*,,
Cl* Trumpler   14      Y     367,*,,
Cl* Trumpler   14      Y     402,*,,
Cl* Trumpler   14      Y     410,*,,
Cl* Trumpler   14      Y     415,*,,
Cl* Trumpler   14      Y     443,*,,
Cl* Trumpler   14      Y     450,*,,
Cl* Trumpler   14      Y     451,*,,
Cl* Trumpler   14      Y     452,*,,
Cl* Trumpler   14      Y     459,Y*O,,
Cl* Trumpler   14      Y     460,Y*O,,
Cl* Trumpler   14      Y     467,*,,
Cl* Trumpler   14      Y     469,*,,
Cl* Trumpler   14      Y     485,*,,
Cl* Trumpler   14      Y     577,*,,
Cl* Trumpler   14      Y     584,Y*?,,
Cl* Trumpler   14      Y     587,*,,
Cl* Trumpler   14     MJ       3,*,,
Cl* Trumpler   14     MJ       5,*,,
Cl* Trumpler   14     MJ      15,*,,
Cl* Trumpler   14     MJ      28,*,,
Cl* Trumpler   14     MJ      37,*,,
Cl* Trumpler   14     MJ      51,*,,
Cl* Trumpler   14     MJ      85,*,,
Cl* Trumpler   14     MJ      96,Y*?,,
Cl* Trumpler   14     MJ     109,*,,
Cl* Trumpler   14     MJ     111,Y*?,,
Cl* Trumpler   14     MJ     118,*,,
Cl* Trumpler   14     MJ     167,*,,
Cl* Trumpler   14     MJ     232,*,,
Cl* Trumpler   14     MJ     298,*,,
Cl* Trumpler   14     MJ     307,*,,
Cl* Trumpler   14     MJ     315,Y*?,,
Cl* Trumpler   14     MJ     353,*,,
Cl* Trumpler   14     MJ     375,*,,
Cl* Trumpler   14     MJ     392,Y*?,,
Cl* Trumpler   14     MJ     398,*,,
Cl* Trumpler   14     MJ     429,*,,
Cl* Trumpler   14     MJ     500,*,,
Cl* Trumpler   14     MJ     536,*,,
Cl* Trumpler   16     MJ     560,*,,
Cl* Trumpler   16     MJ     561,SB*,,
Cl* Trumpler   16     MJ     566,*,,
Cl* Trumpler   16     MJ     603,*,,
Cl* Trumpler   16     MJ     607,*,,
Cl* Trumpler   16     MJ     630,*,,
Cl* Trumpler   16     MJ     636,*,,
Cl* Trumpler   16     MJ     658,*,,
Cl* Trumpler   16     MJ     675,*,,
Cl* Trumpler   16     MJ     681,*,,
Cl* Trumpler   16     MJ     685,SB*,,
Cl* Trumpler   16     MJ     714,*,,
Cl* Trumpler   16     MJ     723,*,,
Cl* Trumpler   16     MJ     731,*,,
Cl* Trumpler   16     MJ     734,*,,
Cl* Trumpler   16     MJ     743,*,,
Cl* Trumpler   16     MJ     758,*,,
Cl* Westerlund    2    MSP      30,*,,
Cl* Westerlund    2    MSP      45,*,,
Cl* Westerlund    2    MSP     101,*,,
Cl* Westerlund    2    MSP     156,*,,
Cl* Westerlund    2    MSP     161,*,,
Cl* Westerlund    2    MSP     167,*,,
Cl* Westerlund    2    MSP     168,*,,
Cl* Westerlund    2    MSP     228,*,,
Cl* Westerlund    2    MSP     355,*,,
ClG 0016+16,ClG,2.5,2.5
ClG 0026.4+0725,ClG,,
ClG 0043-25,ClG,,
ClG 0147.8-3941,ClG,,
ClG 0302+17,ClG,,
ClG 0303+1658,ClG,,
ClG 0440+02,ClG,,
ClG 0745-19,ClG,,
ClG 0947+4758,ClG,,
ClG 0949+4732,ClG,,
ClG 0957+56,ClG,,
ClG 1241+17,ClG,3.25,3.25
ClG 1322+3027,ClG,2.9166667,2.9166667
ClG 1323+2953,ClG,,
ClG 1324+2948,ClG,,
ClG 1335.8+2834,ClG,,
ClG 1409.9-0255,ClG,,
ClG 1426.4+0158,ClG,,
ClG 1532+01,ClG,4.02,4.02
ClG 1546.8+1132,ClG,,
ClG 1603+4313,ClG,2.5,2.5
ClG 1605+4119,ClG,,
ClG 1621+26,ClG,,
ClG 2053-04,ClG,4.1666665,4.1666665
ClG 2236-04,ClG,,
ClG 2301.3+1506,ClG,,
ClG J0231+0048,ClG,,
ClG J0943+4804,ClG,,
ClG J1411+5211,ClG,,
ClG J1514+3636,ClG,11.27,11.27
CoKu HP Tau G2,Or*,,
CoRoT 102904910,Em*,,
Cowie  29,G,,
Cowie  38,G,,
Cowie  53,G,,
Cowie  57,G,0.0121,0.0121
Cowie  60,G,,
Cowie  62,G,,
Cowie  64,G,0.0063,0.0063
Cowie  66,G,,
Cowie  67,G,,
Cowie  87,G,0.0096,0.0096
Cowie  98,G,,
Cowie 100,rG,,
Cowie 105,G,,
Cowie 106,G,,
Cowie 108,G,,
Cowie 120,G,,
Cowie 124,EmG,0.055,0.0
Cowie 130,G,,
Cowie 133,G,,
Cowie 135,*,,
Cowie 144,EmG,,
Cowie 148,G,,
Cowie 166,G,,
Cowie 169,G,,
Cowie 172,G,,
CrAPMS  6NE,*,,
Cul 0000-362,rG,,
D33 J013253.5+303810.2,Ce*,,
D33 J013257.6+303156.4,EB*,,
D33 J013302.3+303632.9,cC*,,
D33 J013329.5+303556.9,cC*,,
D33 J013332.9+303548.4,cC*,,
D33 J013344.6+304314.1,Ce*,,
D33 J013346.7+303218.1,EB*,,
D33 J013352.4+303844.2,cC*,,
D33 J013358.8+303719.7,cC*,,
D33 J013401.7+303923.1,cC*,,
D33 J013402.8+304145.7,Ce*,,
D33 J013412.2+303320.6,s?r,,
D33 J013414.7+304413.9,Ce*,,
D33 J013423.6+304204.6,cC*,,
DBS 5,HII,,
DEEP-GSS 064-4412,G,,
DEEP-GSS 073-3539,G,0.023,0.023
DEEP-GSS 093-1241,G,,
DEEP2-GRS 12003951,G,,
DEM L   8,HII,2.0,2.0
DEM L  19,HII,6.0,6.0
DEM L  34,HII,25.0,20.0
DEM L  90,HII,2.7,2.5
DEM L  96,HII,0.5,0.5
DEM L 106,HII,7.0,5.0
DEM L 107,HII,10.0,10.0
DEM L 140,HII,7.0,3.0
DEM L 174,HII,4.0,4.0
DEM L 178,HII,6.0,4.0
DEM L 198,HII,5.0,4.0
DEM L 216,HII,0.7,0.7
DEM L 250,HII,6.0,6.0
DEM L 253,HII,3.0,3.0
DEM L 269,HII,16.0,10.0
DEM L 279,HII,1.1,1.1
DEM L 283c,HII,,
DEM L 285,HII,4.0,3.0
DEM L 315,HII,7.0,6.0
DEM S  20,HII,2.5,1.2
DEM S  42,Em*,1.2,1.2
DEM S  54,HII,5.0,4.0
DEM S  65,Em*,2.0,1.8
DEM S  80,HII,8.0,8.0
DEM S 117,SFR,,
DEM S 157,HII,22.0,17.0
DEM S 159,HII,1.5,0.8
DES J130314.89+315033.8,rG,,
DES J160259.00+424738.6,GiC,,
DES J160305.26+424621.1,GiC,,
DES J160315.73+424620.6,GiC,,
DIRECT V1980 M31D,Ce*,,
DIRECT V5442 M31F,cC*,,
DK 27,AB*,,
DK 33,C*,,
DK 64,C*,,
DMS NGC 595  2a,WR*,,
DMS NGC 595  5,WR*,,
DMS NGC 604  4,WR*,,
DO 15538,LP?,,
DO 16105,AB*,,
DO 22303,LP*,,
DR  5,Rad,,
DR 21,SFR,2.2,2.2
DR 22,HII,,
DR 23,Rad,,
DRIL 44,*,,
DRT03 G19.61-0.23 2,HII,,
DWB  67,HII,,
Dachs LMC 1-21,*,,
Dachs SMC 1-5,*,,
DoAr 43,Em*,,
EB IRS  8,IR,,
EB IRS 12,IR,,
EC 10453-0934,HS*,,
EC 20048-6034,WD*,,
EC 21529-5452,WD*,,
EC 23216-5458,WD*,,
ECX6-27,HII,2.5,2.2
EDCC 154,ClG,,
EDSGC 000343.2-345830,GiC,,
EES 135,GiC,,
EGGR  61,WD*,,
EGGR  76,WD*,,
EGGR 118,WD*,,
EGGR 174,WD*,,
EGGR 176,WD*,,
EGGR 251,WD*,,
EGGR 258,WD*,,
EGGR 327,WD*,,
EGGR 344,WD*,,
EGGR 375,WD*,,
EGGR 429,WD*,,
EGM 285,PM*,,
EGM 299,PM*,,
EGM 390,PM*,,
EGSIRAC J141735.24+523435.3,G,0.038,0.038
EGSIRAC J141740.86+523350.9,rG,,
EGSIRAC J141745.03+522803.0,Sy2,,
EGSIRAC J141745.53+523423.7,G,,
EGSIRAC J141747.82+523047.8,G,,
EGSIRAC J141805.86+523048.2,G,,
EGSIRAC J141809.32+523014.0,rG,,
EGSIRAC J141810.02+523017.4,G,,
EGSIRAC J141815.90+523256.3,G,,
EHVHCOP 1,HVC,,
EHVHCOP 2,HVC,,
EM* AS  200,PN,0.293,0.229
EM* AS  209,TT*,,
EM* AS  281,Sy*,0.2,0.2
EM* AS  310,Ae*,1.5,1.5
EM* AS  320,WR*,,
EM* AS  353,Or*,,
EM* AS  373,Sy*,,
EM* AS  374,WR*,,
EM* AS  375,PN,0.373,0.373
EM* AS  428,SB*,,
EM* AS  431,WR*,0.22,0.17
EM* AS  505,Ae*,,
EM* AS  513,WR*,,
EM* LkCa    4,Or*,,
EM* LkCa   15,Or*,,
EM* LkHA   13,TT*,,
EM* LkHA   21,TT*,,
EM* LkHA   32,Em*,,
EM* LkHA   37,TT*,,
EM* LkHA   64,TT*,,
EM* LkHA   68,TT*,,
EM* LkHA  101,Em*,,
EM* LkHA  114,Or*,,
EM* LkHA  120,Or*,,
EM* LkHA  124,Y*O,,
EM* LkHA  188,Or*,,
EM* LkHA  190,Or*,,
EM* LkHA  198,Ae*,,
EM* LkHA  200,Or*,,
EM* LkHA  208,Ae*,,
EM* LkHA  215,Ae*,,
EM* LkHA  218,Ae*,,
EM* LkHA  233,Ae*,,
EM* LkHA  234,Ae*,,
EM* LkHA  240,Or*,,
EM* LkHA  245,Or*,,
EM* LkHA  252,Or*,,
EM* LkHA  257,Ae*,,
EM* LkHA  270,TT*,,
EM* LkHA  271,Or*,,
EM* LkHA  290,Y*O,,
EM* LkHA  295,LP?,,
EM* LkHA  300,TT*,,
EM* LkHA  301,TT*,0.3,0.3
EM* LkHA  305,TT*,,
EM* LkHA  306,Or*,,
EM* LkHA  307,TT*,,
EM* LkHA  308,TT*,,
EM* LkHA  314,TT*,0.3,0.3
EM* LkHA  315,TT*,,
EM* LkHA  321,Or*,,
EM* LkHA  327,Or*,,
EM* LkHA  328,Or*,,
EM* LkHA  329,TT*,,
EM* LkHA  332,Or*,,
EM* LkHA  334,TT*,,
EM* LkHA  335,TT*,,
EM* LkHA  337,Or*,,
EM* LkHA  339,Ae*,,
EM* LkHA  340,Or*,,
EM* LkHA  342,Or*,,
EM* LkHA  344,Or*,,
EM* LkHA  346,Or*,,
EM* LkHA  351,Or*,,
EM* LkHA  352,Or*,,
EM* LkHA  353,Or*,,
EM* LkHA  354,Or*,,
EM* LkHA  355,Or*,,
EM* LkHA  356,Or*,,
EM* LkHA  374,Em*,,
EM* MWC   30,Em*,,
EM* MWC   52,Em*,,
EM* MWC   90,**,,
EM* MWC  677,Be*,,
EM* MWC  704,Em*,,
EM* MWC  741,Em*,,
EM* MWC  790,Em*,,
EM* MWC  800,Em*,,
EM* MWC  819,Em*,,
EM* MWC  930,s*b,,
EM* MWC  939,pA*,,
EM* MWC  953,Ae*,,
EM* MWC 1066,Em*,,
EM* MWC 1073,Em*,,
EM* MWC 1080,Ae*,,
EM* RJHA   56,Em*,,
EM* RJHA   72,Em*,,
EM* RJHA   78,Em*,,
EM* RJHA   79,Em*,,
EM* RJHA   95,Em*,,
EM* RJHA  101,LP*,,
EM* RJHA  117,Em*,,
EM* SR    4,Or*,0.16666667,0.13333334
EM* SR    6,TT*,,
EM* SR    8,TT*,,
EM* SR   12,Or*,,
EM* SR   13,Or*,0.15,0.13333334
EM* SR   20,Or*,,
EM* SR   21A,TT*,0.13333334,0.13333334
EM* SR   24B,TT*,,
EM* SR   25,Em*,,
EM* StHA   49,Em*,,
EM* VES  624,Be*,,
EM* VRMF   29,Em*,,
EM* VRMF   41,Em*,,
EM* VRMF   57,Em*,,
EM* VRMF   67,Em*,,
EM* VRMF   74,Em*,,
EM* VRMF   78,Em*,,
EM* VRMF   85,Em*,,
EM* VRMF   95,Em*,,
EM* VRMF  117,Em*,,
EM* VRMF  119,Em*,,
EQ 0706+349,,,
EQ 0823-42,,,
EQ 0905-098,GiC,,
EQ 1101-264,,,
EQ 1202+49 A,Rad,,
EQ 1223+0146,G,,
EQ 1338.9+265,,,
EQ 140029.5+543238,Ce*,,
EQ 1441+252,Rad,,
EQ 145505-4728,G,,
EQ 1742.2-2859,,,
EQ 1829-106,Rad,,
EQ 1850+702,G,,
EQ 185910.7-370245,,,
EQ 1915+062,Rad,,
EQ 2259-372,QSO,,
EQ J202047+411216,*,,
ESO   2-5,Sy2,0.32,0.211
ESO   6-2,Sy2,1.167,0.467
ESO   8-8,AG?,0.863,0.242
ESO   9-10,GiG,1.233,0.863
ESO  12-10,AG?,2.63,2.0
ESO  12-21,Sy1,0.353,0.247
ESO  18-7,GiG,0.877,0.421
ESO  22-3,AG?,0.26,0.203
ESO  25-2,Sy1,0.593,0.581
ESO  28-19,Cl*,3.4,3.4
ESO  32-19,Cl*,1.8,1.8
ESO  32-20,Cl*,2.3,2.3
ESO  33-11,AGN,0.753,0.422
ESO  34-1,Cl*,1.5,1.5
ESO  45-11,Bla,0.807,0.758
ESO  46-10,G,1.12,0.48
ESO  49-1,G,0.407,0.244
ESO  49-11,AG?,0.68,0.381
ESO  49-6,Sy2,0.27,0.254
ESO  51-11,EmG,0.503,0.473
ESO  51-20,As*,1.9,1.1
ESO  53-16,EmG,0.553,0.321
ESO  57-19,GlC,1.5,1.4
ESO  59-11,GiG,1.283,0.796
ESO  59-9,AG?,0.417,0.283
ESO  68-16,G,0.747,0.358
ESO  70-13,AG?,0.31,0.143
ESO  74-8,IG,1.23,0.602
ESO  75-46,Sy1,0.417,0.367
ESO  75-6,G,0.483,0.184
ESO  76-21,G,0.54,0.346
ESO  77-16,EmG,0.49,0.147
ESO  79-1,G,1.43293,0.715747
ESO  85-21,Cl*,0.62,0.62
ESO  85-45,Cl*,0.84,0.84
ESO  85-47,AG?,1.18988,0.499393
ESO  85-72,Cl*,1.08,1.08
ESO  86-56,G,0.923,0.406
ESO  86-61,Cl*,1.7,1.7
ESO  87-32,Sy1,0.547,0.415
ESO  88-22,EmG,0.497,0.477
ESO  88-23,Sy2,0.47,0.301
ESO  91-17,AG?,0.94,0.602
ESO  92-6,GiG,1.127,0.541
ESO 100-14,EmG,1.083,0.498
ESO 101-14,AG?,1.19,1.047
ESO 101-18,GiG,1.437,0.862
ESO 103-35,Sy2,0.913,0.329
ESO 103-36,GiC,0.277,0.111
ESO 103-56,AGN,0.467,0.373
ESO 104-14,GiC,0.77,0.154
ESO 104-50,Sy2,0.457,0.174
ESO 105-13,G,1.1,0.32
ESO 105-17,EmG,0.487,0.263
ESO 107-4,EmG,0.87,0.8
ESO 108-21,Sy1,0.79,0.427
ESO 110-14,G,1.2,0.62
ESO 111-26,EmG,1.04252,0.658977
ESO 111-9,Sy2,0.72,0.274
ESO 113-33,G,1.05959,0.342988
ESO 113-45,Sy1,0.819147,0.706023
ESO 113-53,G,0.87766,0.447343
ESO 114-25,G,0.38253,0.257251
ESO 114-33,EmG,0.965207,0.688965
ESO 114-7,AG?,0.947693,0.724132
ESO 118-19,EmG,1.00159,0.790855
ESO 118-40,G,0.7699,0.441384
ESO 119-16,AG?,1.01451,0.53698
ESO 119-38,G,0.874383,0.787557
ESO 119-53,Sy2,1.29792,0.954363
ESO 119-54,GiG,0.807,0.371
ESO 120-26,G,1.09903,0.819876
ESO 121-36,Sy2,0.679667,0.401275
ESO 123-14,G,0.497,0.308
ESO 125-5,Sy2,0.427,0.307
ESO 125-8,G,0.637,0.293
ESO 134-11,HII,,
ESO 138-17,EmG,0.653,0.549
ESO 140-12,Sy2,0.863,0.656
ESO 140-43,Sy1,0.747,0.329
ESO 141-55,Sy1,0.4,0.328
ESO 142-47,AGN,0.26,0.208
ESO 143-38,AG?,1.26411,1.10724
ESO 146-7,Sy2,0.971437,0.732755
ESO 151-40,EmG,1.3715,0.945238
ESO 151-43,AG?,1.13705,0.591264
ESO 157-42,G,0.692907,0.464525
ESO 159-13,EmG,1.03422,0.329191
ESO 160-21,EmG,0.779853,0.38439
ESO 163-17,AG?,0.87,0.87
ESO 175-1,GiG,1.057,0.824
ESO 186-21,EmG,1.7604,0.809606
ESO 189-10,Sy2,1.06475,0.961472
ESO 189-18,G,1.5413,0.381934
ESO 189-24,G,0.6876,0.572358
ESO 189-28,G,0.992993,0.748121
ESO 193-14,G,1.11163,0.624293
ESO 193-25,Sy2,1.04498,0.456132
ESO 194-1,G,0.933837,0.603632
ESO 194-2,AG?,0.530077,0.463075
ESO 194-21,Sy1,1.6451,1.38237
ESO 195-2,G,0.340927,0.285424
ESO 195-24,GiG,1.07624,1.05579
ESO 195-3,Sy2,0.756423,0.619435
ESO 196-15,G,0.66365,0.399982
ESO 197-10,GiG,2.03991,1.46934
ESO 197-29,AG?,0.710923,0.439066
ESO 199-2,EmG,1.04231,0.395766
ESO 200-4,Sy2,0.813167,0.712659
ESO 203-15,G,1.50752,0.716224
ESO 205-9,GiG,1.73744,0.298666
ESO 206-21,EmG,0.703,0.408
ESO 207-11,G,0.457,0.311
ESO 207-26,G,0.413,0.372
ESO 207-7,AG?,2.04,0.93
ESO 208-32,G,0.457,0.301
ESO 208-34,Sy2,0.903,0.343
ESO 214-7,AG?,0.537,0.311
ESO 216-21,EmG,0.623,0.424
ESO 216-24,Sy2,0.857,0.737
ESO 216-29,G,0.37,0.259
ESO 216-5,AG?,1.28,0.538
ESO 216-8,Sy2,1.157,0.278
ESO 219-41,AG?,1.827,0.621
ESO 220-11,AG?,1.07,0.74
ESO 220-30,Sy1,0.563,0.439
ESO 221-25,AG?,1.48,0.63
ESO 221-26,GiG,,
ESO 221-3,EmG,0.657,0.407
ESO 222-1,AG?,2.29,1.05
ESO 222-10,AG?,0.87,0.46
ESO 223-5,AG?,0.517,0.186
ESO 234-29,G,0.46327,0.350464
ESO 235-47,AG?,1.00017,0.664215
ESO 235-50,G,1.60696,1.22225
ESO 235-58,AG?,0.557,0.189
ESO 235-67,AG?,0.86953,0.456851
ESO 236-25,EmG,0.873437,0.823563
ESO 236-26,AG?,0.764177,0.661013
ESO 237-25,G,0.628273,0.322179
ESO 241-22,AG?,1.27378,0.541229
ESO 242-16,EmG,1.17232,0.41465
ESO 243-19,AG?,0.509487,0.420123
ESO 243-29,rG,1.12769,0.855691
ESO 243-30,Sy2,0.837137,0.554436
ESO 243-47,Sy2,0.867187,0.559769
ESO 246-21,EmG,2.4165,1.38272
ESO 248-14,G,1.00154,0.695372
ESO 250-21,EmG,0.938523,0.739838
ESO 251-16,Sy2,0.71823,0.287077
ESO 252-19,EmG,0.747797,0.630243
ESO 253-8,Sy2,1.32239,0.526709
ESO 254-9,G,1.56462,0.498017
ESO 257-3,EmG,0.53,0.371
ESO 264-21,G,0.9,0.504
ESO 264-26,GiG,0.657,0.368
ESO 264-36,Sy2,0.733,0.572
ESO 264-39,EmG,1.073,0.708
ESO 264-47,EmG,0.59,0.425
ESO 264-57,AGN,0.773,0.588
ESO 264-58,EmG,0.473,0.331
ESO 265-30,EmG,0.413,0.331
ESO 266-21,AG?,1.05,0.81
ESO 267-11,Sy1,1.563,0.844
ESO 267-20,Sy2,0.48,0.182
ESO 267-21,G,0.523,0.23
ESO 267-22,EmG,0.427,0.239
ESO 267-29,AG?,0.84,0.42
ESO 267-4,EmG,0.413,0.273
ESO 268-27,GiG,0.73,0.555
ESO 268-33,Sy2,1.143,0.274
ESO 269-13,Sy1,1.34,0.536
ESO 269-20,Sy1,0.483,0.367
ESO 269-49,EmG,0.683,0.451
ESO 269-57,GiG,0.96,0.941
ESO 269-70,EmG,0.897,0.359
ESO 280-13,GiG,1.237,0.297
ESO 282-20,GiG,1.257,0.427
ESO 282-21,GiG,0.777,0.621
ESO 284-4,EmG,0.967,0.387
ESO 284-49,AG?,0.753,0.196
ESO 285-42,GiG,1.2402,0.764829
ESO 285-50,EmG,0.889467,0.439308
ESO 286-32,AG?,0.66376,0.455207
ESO 286-49,Sy2,1.62678,0.920759
ESO 286-71,AG?,1.04431,0.634938
ESO 286-72,G,0.514317,0.381674
ESO 286-82,AG?,1.18506,0.854431
ESO 287-29,AG?,0.629007,0.525283
ESO 287-46,EmG,1.37945,0.729176
ESO 287-56,G,0.58226,0.315993
ESO 288-10,Sy2,0.909523,0.71243
ESO 289-3,AG?,2.86868,0.633118
ESO 291-5,G,0.687793,0.600787
ESO 292-21,G,0.87223,0.381252
ESO 293-27,EmG,2.10759,0.683703
ESO 293-31,EmG,1.14491,0.556426
ESO 293-8,Sy1,0.83828,0.53608
ESO 294-22,Sy2,0.910097,0.735904
ESO 294-23,Sy2,1.06952,0.952301
ESO 294-7,Sy2,0.963453,0.54464
ESO 295-31,G,1.10775,0.711506
ESO 296-11,AG?,0.88237,0.419302
ESO 296-2,Sy1,1.33683,0.622829
ESO 296-9,AG?,0.493697,0.285406
ESO 297-20,EmG,0.856907,0.382009
ESO 297-38,G,0.777277,0.490306
ESO 298-36,EmG,1.40617,0.430568
ESO 300-14,LSB,3.30852,1.37039
ESO 301-11,G,1.23644,1.13777
ESO 301-15,G,0.879867,0.67521
ESO 302-14,GiG,0.49786,0.321618
ESO 302-9,EmG,1.62304,0.53463
ESO 303-21,Sy1,0.874153,0.559458
ESO 303-5,rG,1.19799,1.13869
ESO 303-6,LSB,0.814077,0.520765
ESO 303-8,EmG,1.00076,0.693224
ESO 304-47,G,,
ESO 305-25,EmG,1.07676,0.689234
ESO 306-9,G,1.13843,1.04121
ESO 310-3,Sy2,0.323,0.246
ESO 317-8,EmG,0.827,0.513
ESO 319-22,AGN,0.773,0.402
ESO 322-20,EmG,0.47,0.235
ESO 322-45,Sy2,1.143,0.48
ESO 322-69,Sy2,0.52,0.406
ESO 322-86,GiC,0.43,0.335
ESO 324-2,G,0.38,0.213
ESO 324-23,EmG,0.963,0.212
ESO 324-29,AG?,1.507,0.693
ESO 325-28,G,0.71,0.454
ESO 326-20,Sy2,0.817,0.425
ESO 327-7,Sy2,0.497,0.348
ESO 329-12,AG?,0.86,0.671
ESO 336-10,G,0.607,0.34
ESO 337-16,Sy2,0.723,0.55
ESO 338-21,Sy1,0.83,0.49
ESO 338-4,EmG,0.247,0.183
ESO 339-12,Sy2,0.9,0.666
ESO 340-13,GiG,0.71,0.369
ESO 340-16,EmG,0.807,0.645
ESO 343-13,EmG,0.623,0.536
ESO 347-31,G,0.817263,0.468455
ESO 348-3,Sy2,0.971343,0.388246
ESO 348-8,EmG,0.587,0.317
ESO 349-10,QSO,0.933,0.653
ESO 351-11,GiG,1.3094,0.64095
ESO 351-29,LSB,0.918627,0.623656
ESO 352-6,Sy2,0.660627,0.437269
ESO 353-42,Sy2,0.757253,0.646997
ESO 356-13,EmG,1.00343,0.844188
ESO 356-20,G,1.29988,0.762642
ESO 356-23,EmG,0.890793,0.420187
ESO 357-25,GiC,1.0576,0.44345
ESO 357-27,EmG,1.8231,0.786484
ESO 357-28,AG?,1.58164,0.897739
ESO 358-15,Sy2,0.88097,0.62637
ESO 358-22,EmG,1.53854,1.36207
ESO 358-49,GiP,2.3072,1.29065
ESO 358-51,EmG,1.54713,0.792285
ESO 358-54,GiG,1.26204,0.897818
ESO 358-60,GiC,0.55213,0.155149
ESO 358-61,Sy2,2.30439,0.83511
ESO 359-2,GiG,1.20048,0.75558
ESO 362-8,Sy2,1.74663,0.738475
ESO 363-12,EmG,0.926673,0.708627
ESO 363-3,EmG,0.74789,0.69464
ESO 364-2,Sy2,0.804153,0.540311
ESO 365-35,EmG,0.5,0.4
ESO 366-8,LIN,0.573,0.447
ESO 367-7,GiG,0.873,0.437
ESO 378-20,GiG,0.967,0.541
ESO 380-25,AG?,1.82,0.37
ESO 381-30,G,0.627,0.326
ESO 381-4,AG?,0.663,0.411
ESO 382-34,EmG,0.733,0.719
ESO 383-25,Sy1,0.94,0.414
ESO 383-35,Sy1,0.68,0.367
ESO 383-62,EmG,0.43,0.181
ESO 384-2,AG?,2.82,1.95
ESO 384-33,EmG,0.663,0.358
ESO 384-57,Sy2,0.717,0.229
ESO 399-25,EmG,0.677,0.433
ESO 400-24,EmG,0.44,0.211
ESO 400-37,GiP,0.217,0.191
ESO 402-26,GiP,1.12,0.538
ESO 402-28,Sy2,0.61,0.378
ESO 411-6,G,0.93197,0.630571
ESO 412-17,GiG,0.928847,0.884541
ESO 414-31,EmG,1.37395,0.48473
ESO 415-26,Sy2,1.14826,0.642339
ESO 416-21,G,0.902857,0.723549
ESO 416-5,Sy1,0.434253,0.36347
ESO 418-9,Sy2,1.26194,1.02937
ESO 422-28,Sy2,1.1359,0.955971
ESO 422-41,EmG,1.93759,1.50338
ESO 425-4,G,1.26042,0.990438
ESO 426-9,LSB,0.53,0.36
ESO 428-29,GiG,1.13,1.017
ESO 434-1,IG,1.0,0.812
ESO 434-21,AG?,0.427,0.367
ESO 434-40,Sy2,0.787,0.472
ESO 435-10,AG?,1.74,0.63
ESO 435-16,Sy2,0.67,0.496
ESO 435-46,G,0.553,0.232
ESO 437-33,Sy1,0.613,0.429
ESO 438-5,AG?,1.61898,0.297893
ESO 439-20,Sy2,0.953,0.381
ESO 440-21,Sy2,0.5,0.27
ESO 440-49,EmG,0.403,0.331
ESO 441-10,G,0.68,0.17
ESO 442-15,Sy2,0.64,0.525
ESO 443-37,Sy2,0.763,0.29
ESO 443-7,BiC,0.69,0.649
ESO 443-80,EmG,1.41,0.69
ESO 443-85,Sy2,0.62,0.211
ESO 445-23,GiC,0.71,0.68
ESO 445-50,Sy1,1.173,0.399
ESO 445-61,EmG,0.313,0.163
ESO 445-69,EmG,0.533,0.245
ESO 446-53,AG?,1.66,0.74
ESO 462-1,Sy2,0.573,0.413
ESO 463-25,G,0.95,0.19
ESO 463-8,EmG,0.807,0.5
ESO 467-13,EmG,0.46,0.34
ESO 467-16,Sy1,0.457,0.274
ESO 467-3,GiG,0.73,0.365
ESO 467-55,IG,0.71,0.3
ESO 470-15,EmG,0.627,0.401
ESO 470-8,G,0.357,0.3
ESO 471-2,EmG,0.657,0.276
ESO 474-26,Sy2,0.682313,0.609033
ESO 476-16,GiG,1.3566,0.762004
ESO 478-24,EmG,0.927473,0.495364
ESO 479-37,GiG,1.52681,0.986164
ESO 480-24,EmG,0.877867,0.77463
ESO 481-17,AG?,1.52106,1.4117
ESO 486-26,IG,0.157,0.157
ESO 486-29,Sy2,1.05807,0.839576
ESO 488-34,EmG,0.427,0.179
ESO 488-6,LIN,0.99564,0.813737
ESO 494-19,GiG,0.617,0.456
ESO 495-20,G,0.65,0.26
ESO 495-21,AGN,1.017,0.773
ESO 497-2,AG?,1.74,1.05
ESO 499-3,G,0.83,0.46
ESO 499-37,AG?,0.317,0.247
ESO 500-18,Sy2,1.5091,1.00974
ESO 500-19,G,0.357,0.278
ESO 501-18,EmG,0.77,0.601
ESO 501-21,GiG,0.87,0.296
ESO 501-27,GiC,0.457,0.237
ESO 501-59,Sy2,0.537,0.472
ESO 503-22,EmG,0.597,0.203
ESO 506-34,IG,0.37,0.21
ESO 506-4,LIN,1.443,0.779
ESO 507-24,GiG,0.867,0.589
ESO 507-49,EmG,0.783,0.266
ESO 510-2,G,0.347,0.263
ESO 510-23,rG,0.567,0.329
ESO 510-56,EmG,0.817,0.621
ESO 511-35,EmG,0.85,0.459
ESO 515-3,EmG,1.063,0.681
ESO 518-4,AG?,0.74,0.222
ESO 526-15,EmG,0.813,0.504
ESO 526-16,Sy2,0.503,0.332
ESO 527-6,GiG,0.587,0.493
ESO 529-21,GiC,0.523,0.345
ESO 530-31,GiG,0.7,0.364
ESO 531-13,G,0.487,0.37
ESO 532-12,GiG,0.697,0.307
ESO 532-22,GiP,1.48,0.71
ESO 532-25,G,0.663,0.371
ESO 533-30,EmG,0.513,0.39
ESO 537-8,G,0.35,0.182
ESO 538-23,Sy2,0.4,0.312
ESO 538-25,Sy2,0.74,0.252
ESO 539-11,G,0.5,0.31
ESO 540-1,Sy2,0.911053,0.768473
ESO 540-12,AG?,0.33974,0.238328
ESO 540-27,Sy1,0.684613,0.623751
ESO 540-30,AG?,0.24939,0.175047
ESO 540-31,G,0.42506,0.155997
ESO 540-32,LSB,0.83,0.51166666
ESO 542-23,G,1.03232,0.690104
ESO 544-2,Sy1,0.589423,0.291529
ESO 544-20,AG?,0.92673,0.2947
ESO 545-27,Sy2,0.708703,0.453641
ESO 547-16,AG?,0.583273,0.334566
ESO 548-10,GiP,1.67832,1.65449
ESO 548-65,GiG,1.33174,0.346119
ESO 549-2,GiG,1.13501,0.697123
ESO 549-23,Sy1,0.93151,0.819077
ESO 550-5,GiG,1.78882,0.460085
ESO 551-25,G,0.764813,0.519997
ESO 552-4,Sy2,1.13743,0.973868
ESO 564-27,Sy2,1.693,0.203
ESO 565-11,GiG,1.03,0.474
ESO 566-20,EmG,0.48,0.451
ESO 566-24,Sy1,0.76,0.608
ESO 567-3,Sy1,0.6,0.168
ESO 571-11,G,0.603,0.386
ESO 572-34,EmG,0.71,0.284
ESO 573-16,AG?,0.76,0.228
ESO 573-2,Sy2,0.33,0.271
ESO 574-31,EmG,0.933,0.467
ESO 575-42,Sy2,0.843,0.27
ESO 576-39,AG?,1.29,0.5
ESO 576-40,EmG,0.633,0.241
ESO 579-1,G,1.02,0.44
ESO 579-22,G,0.453,0.335
ESO 579-9,AG?,0.46,0.23
ESO 580-13,G,0.443,0.257
ESO 581-20,AG?,0.373,0.291
ESO 583-7,G,1.083,0.455
ESO 597-35,GiG,0.43,0.198
ESO 601-35,LSB,0.98,0.74
ESO-HA 1365,Or*,,
ESO-HA 1491,Or*,,
ESO-LV 463-0030,G,0.16,0.16
EUVE J0001+51.5,UV,,
EUVE J0003+24.2,UV,,
EUVE J0046-17.0,UV,,
EUVE J0210-47.2,UV,,
EUVE J0256+08.0,UV,,
EUVE J0311-31.8,CV*,,
EUVE J0415+65.8,UV,,
EUVE J0419+21.1,UV,,
EUVE J0444-27.8,UV,,
EUVE J0505-18.1,UV,,
EUVE J0642-04.6,UV,,
EUVE J0651+22.8,UV,,
EUVE J0749-76.6,LM*,,
EUVE J0809-46.9,UV,,
EUVE J0834+04.0,UV,,
EUVE J1035-04.7,UV,,
EUVE J1058+19.0,UV,,
EUVE J1118-56.9,UV,,
EUVE J1149-34.3,UV,,
EUVE J1221+17.2,UV,,
EUVE J1250+20.9,UV,,
EUVE J1412+29.2,UV,,
EUVE J1422+03.9,UV,,
EUVE J1436-38.2,UV,,
EUVE J1526+56.8,UV,,
EUVE J1618-17.9,UV,,
EUVE J1627+10.1,UV,,
EUVE J1636-28.5,UV,,
EUVE J2045+31.0,UV,,
EUVE J2114+50.3,UV,,
EUVE J2301-39.2,UV,,
EV* LMC V4721,RR*,,
EV* LMC V4730,RR*,,
EV* LMC V4735,RR*,,
EV* LMC V4751,V*,,
EV* LMC V4767,RR*,,
EV* LMC V4776,RR*,,
EV* LMC V4782,RR*,,
EV* LMC V4791,RR*,,
EV* M31 V0022,*,,
EV* M31 V0046,V*,,
EV* M31 V0048,EB*,,
EV* M31 V0092,cC*,,
EV* M31 V0103,Ce*,,
EV* M31 V0109,cC*,,
EV* M31 V0124,cC*,,
EV* M31 V0137,cC*,,
EV* M31 V0139,cC*,,
EV* M31 V0145,cC*,,
EV* M31 V0146,V*,,
EV* M31 V0160,V*,,
EV* M31 V0164,V*,,
EV* M31 V0395,V*,,
EV* M31 V0427,cC*,,
EV* M31 V0434,cC*,,
EV* M31 V0445,V*,,
EV* M31 V0483,V*,,
EV* M31 V0500,cC*,,
EV* M31 V0515,cC*,,
EV* M31 V0516,cC*,,
EV* M31 V0518,cC*,,
EV* M31 V0551,cC*,,
EV* M31 V0574,cC*,,
EV* M31 V0614,V*,,
EV* M31 V0631,cC*,,
EV* M31 V0637,cC*,,
EV* M31 V0709,V*,,
EV* M31 V0710,cC*,,
EV* M31 V0722,cC*,,
EV* N185 V0005,RR*,,
EV* N185 V0015,Ce*,,
EV* N185 V0029,RR*,,
EV* N185 V0044,RR*,,
EV* N185 V0056,RR*,,
EV* N185 V0065,RR*,,
EV* N185 V0072,RR*,,
EV* N185 V0080,V*,,
EV* N185 V0091,RR*,,
EV* N185 V0102,RR*,,
EV* N185 V0106,RR*,,
EV* N185 V0123,RR*,,
EV* N185 V0124,RR*,,
EV* N185 V0142,Ce*,,
EV* N185 V0164,RR*,,
EV* N3031 V0004,Er*,,
EV* N5128 V0006,No*,,
EV* N5128 V0016,No*,,
EV* N5457 V0004,Er*,,
EV* N5457 V0006,Er*,,
EV* N5457 V0007,Ce*,,
EV* SclG V0103,Ev*,,
EV* SclG V0162,V*,,
EV* SexA V0006,cC*,,
EV* SexA V0010,cC*,,
EV* SexA V0011,Ir*,,
EV* SexB V0001,Ce*,,
EV* SexB V0002,Ce*,,
EV* SexB V0008,Ce*,,
EV* SexB V0013,Ir*,,
EV* U9749 V0012,RR*,,
EV* U9749 V0022,RR*,,
EV* U9749 V0041,RR*,,
EV* U9749 V0044,RR*,,
EV* U9749 V0053,RR*,,
EV* U9749 V0056,RR*,,
EV* U9749 V0058,RR*,,
EV* U9749 V0063,RR*,,
EV* U9749 V0068,RR*,,
EV* U9749 V0078,RR*,,
EV* U9749 V0083,RR*,,
EV* U9749 V0090,RR*,,
EV* U9749 V0093,RR*,,
EV* U9749 V0098,RR*,,
EV* U9749 V0099,RR*,,
Elia 2-15,LP*,,
Elia 2-2,*,,
Elia 2-29,Y*O,0.21666667,0.18333334
Elia 2-31,TT*,,
Elia 2-32,Y*O,1.32,1.056
Elia 2-41,*,,
Elia 2-52,LP?,,
Elia 2-79,LP*,,
F3R  701,HII,,
F3R  791,HII,5.6,5.6
F3R 1717,Rad,,
FBMC Fornax 26,AB*,,
FBMC Sculptor  6,RG*,,
FBMC Sculptor 11,RG*,,
FBMC Sculptor 23,PM*,,
FBW J023949.1-341935,RR*,,
FCC  11,GiC,,
FIRST J082708.7+412711,Rad,,
FIRST J121008.4+011526,AG?,,
FIRST J123610.6+163829,rG,0.13,0.13
FIRST J131344.5+065931,rG,1.00274,0.374124
FIRST J144433.7+192121,rG,0.14,0.14
FIRST J205523.0-063436,BLL,,
FIRST J211933.5-031042,AG?,,
FIRST J221029.6+010843,QSO,,
FIRST J222219.0-021841,QSO,,
FJJ NGC 185 2,PN,,
FJJ NGC 185 3,PN,,
FJJ NGC 185 5,PN,,
FJJ NGC 185 V,GlC,,
FJJ NGC 185 a,*,,
FL29 B,IR,,
FOCA 0728-379,GiC,,
FRL   75,EmG,0.621633,0.430854
FRL  131,EmG,0.614677,0.510919
FRL  265,Sy1,0.323,0.252
FRL  416,G,0.488203,0.301466
FRL  425,G,0.67388,0.422118
FRL  541,G,0.443,0.284
FRL  550,G,0.513867,0.424351
FRL  558,EmG,0.76644,0.387665
FRL  575,GiC,0.63323,0.166856
FRL  601,G,0.35,0.175
FRL  628,EmG,0.841367,0.68849
FRL  692,EmG,1.11195,0.717875
FRL  703,Sy2,0.768507,0.44681
FRL  724,G,0.71434,0.592902
FRL  788,Sy1,0.589993,0.564683
FRL  924,G,0.710073,0.375913
FRL  958,G,0.477923,0.354476
FRL 1033,G,1.0323,0.371834
FRL 1053,AG?,0.583173,0.476219
FRL 1172,G,0.397,0.278
FSZ  10,*,,
FSZ  30,*,,
FSZ  56,*,,
FSZ  61,*,,
FSZ  66,*,,
FSZ  67,*,,
FSZ 101,*,,
FSZ 106,*,,
FSZ 138,*,,
FSZ 140,*,,
FSZ 142,*,,
FSZ 158,*,,
FSZ 166,*,,
FSZ 169,*,,
FSZ 184,*,,
FSZ 186,s*b,,
FSZ 189,*,,
FSZ 195,*,,
FSZ 199,*,,
FSZ 201,*,,
FSZ 202,GlC,,
FSZ 204,*,,
FSZ 216,*,,
FSZ 225,*,,
FSZ 257,*,,
FSZ 267,*,,
FSZ 270,*,,
FSZ 278,*,,
FSZ 283,*,,
FSZ 290,*,,
FSZ 295,*,,
FSZ 296,*,,
FSZ 306,*,,
FSZ 316,*,,
FSZ 330,s*r,,
FSZ 370,*,,
FSZ 379,*,,
FSZ 392,*,,
FSZ 405,*,,
FSZ 418,*,,
FSZ 419,*,,
FSZ 437,*,,
FSZ 520,*,,
Feige   6,HS?,,
Feige  11,HS*,,
Feige  14,HS*,,
Feige  21,*,,
Feige  23,*,,
Feige  25,*,,
Feige  34,HS*,,
Feige  36,HS*,,
Feige  38,HS*,,
Feige  43,WD*,,
Feige  44,WD*,,
Feige  45,WD*,,
Feige  55,WD*,,
Feige  73,HS*,,
Feige  77,*,,
Feige  91,HS*,,
Feige 105,*,,
Feige 106,WD*,,
Feige 110,HS*,,
Ford M 31   2,PN,,
Ford M 31   3,PN,,
Ford M 31   5,PN,,
Ford M 31   8,PN,,
Ford M 31  10,PN,,
Ford M 31  15,PN,,
Ford M 31  16,PN,,
Ford M 31  18,PN,,
Ford M 31  20,PN,,
Ford M 31  28,PN,,
Ford M 31  43,PN,,
Ford M 31  46,PN,,
Ford M 31  47,PN,,
Ford M 31  48,PN,,
Ford M 31  51,PN,,
Ford M 31  54,PN,,
Ford M 31  55,PN,,
Ford M 31  61,PN,,
Ford M 31  63,PN,,
Ford M 31  71,PN,,
Ford M 31  72,PN,,
Ford M 31  74,PN,,
Ford M 31  94,PN,,
Ford M 31 100,PN,,
Ford M 31 109,PN,,
Ford M 31 125,PN,,
Ford M 31 130,PN,,
Ford M 31 131,PN,,
Ford M 31 133,PN,,
Ford M 31 136,PN,,
Ford M 31 140,PN,,
Ford M 31 146,PN,,
Ford M 31 151,PN,,
Ford M 31 165,PN,,
Ford M 31 171,PN,,
Ford M 31 175,PN,,
Ford M 31 177,PN,,
Ford M 31 191,PN,,
Ford M 31 195,PN,,
Ford M 31 196,PN,,
Ford M 31 199,PN,,
Ford M 31 203,PN,,
Ford M 31 207,PN,,
Ford M 31 219,PN,,
Ford M 31 221,PN,,
Ford M 31 226,PN,,
Ford M 31 229,PN,,
Ford M 31 232,PN,,
Ford M 31 235,PN,,
Ford M 31 242,PN,,
Ford M 31 243,PN,,
Ford M 31 253,PN,,
Ford M 31 278,PN,,
Ford M 31 283,PN,,
Ford M 31 284,PN,,
Ford M 31 295,PN,,
Ford M 31 305,EmO,,
Ford M 31 306,PN,,
Ford M 31 311,PN,,
Ford M 31 319,PN,,
Ford M 31 331,PN,,
Ford M 31 373,PN,,
Ford M 31 378,PN,,
Ford M 31 387,PN,,
Ford M 31 396,PN,,
Ford M 31 413,PN,,
Ford M 31 425,PN,,
Ford M 31 428,PN,,
Ford M 31 430,PN,,
Ford M 31 437,PN,,
Ford M 31 448,PN,,
Ford M 31 456,PN,,
Ford M 31 459,PN,,
Ford M 31 469,PN,,
Ford M 31 493,PN,,
Ford M 31 499,PN,,
Ford M 31 508,PN,,
Ford M 31 513,PN,,
Ford M 31 532,PN,,
Ford M 31 540,PN,,
Ford M 31 548,PN,,
Ford M 31 557,PN,0.0105,0.0036666666
Ford M 31 558,PN,,
Ford M 31 562,PN,,
Ford NGC 205  3,PN,,
Ford NGC 205 11,PN,,
Ford NGC 205 12,PN,,
Ford NGC 205 13,PN?,,
Ford NGC 205 17,PN,,
Ford NGC 221  4,PN,,
Ford NGC 221  5,PN,,
Ford NGC 221 10,PN,,
Ford NGC 221 11,PN,,
Ford NGC 221 15,PN,,
Ford NGC 221 17,PN,,
Ford NGC 221 19,PN,,
Ford NGC 221 m,*,,
G   6-43,TT*,,
G   7-40,PM*,,
G  51-15,PM*,,
G  94-5,PM*,,
G  96-29A,PM*,,
G  99-49,PM*,,
G 121-21,PM*,,
G 122-61,WD*,,
G 147-4,PM*,,
G 158-27,PM*,,
G 158-50,**,,
G 192-13,PM*,,
G 192-58,PM*,,
G 202-45,SB*,,
G 207-16,**,,
G 208-44,PM*,,
G 234-52,**,,
G 237-46A,PM*,,
G 254-29,PM*,,
G 258-33,PM*,,
G 267-139,PM*,,
G 268-35,PM*,,
G 268-4,PM*,,
G 269-69,PM*,,
G 269-70,CV*,,
G 272-61,**,,
GAL 000.04+00.03,MoC,,
GAL 000.07+00.04,reg,,
GAL 005.48-00.24,HII,,
GAL 008.14+00.23,HII,,
GAL 010.15-00.34,HII,4.1833334,4.1833334
GAL 010.47+00.03,HII,,
GAL 011.7-01.3,SR?,,
GAL 014.2-00.9,SR?,,
GAL 018.7-01.2,SR?,,
GAL 021.7+00.3,SR?,,
GAL 025.1-67.7,MoC,,
GAL 033.50+00.20,HII,,
GAL 038.5+01.7,SR?,,
GAL 043.18-00.52,HII,,
GAL 045.5+00.0,HII,,
GAL 095.1+00.5,SR?,,
GAL 109.88+02.11,HII,5.3333335,5.3333335
GAL 125.52+02.03,HII,0.57351565,0.57351565
GAL 127.83+01.67,IR,,
GAL 133.71+01.22,HII,,
GAL 192.16-03.82,HII,,
GAL 239-15,,,
GAL 240.20-65.50,MoC,,
GAL 315+21,,,
GAL 333.6-00.2,HII,9.0,9.0
GALEX J133848.2+261936,WD*,,
GALEX J133952.6+262958,WD*,,
GALEX J134310.9+253637,WD*,,
GALEX J163428.6+393622,WD*,,
GALEX J163453.0+394758,HS*,,
GALEX J223648.1+135536,WD*,,
GAMA J140721.01+021237.4,LSB,,
GAPO  60,cC*,,
GAPO 103,cC*,,
GAPO 108,cC*,,
GAPO 126,cC*,,
GAPO 128,cC*,,
GAPO 145,cC*,,
GAPO 188,cC*,,
GAPO 207,cC*,,
GAT   26,*,,
GB07 Scl36,RG*,,
GB1 0930+480,Rad,,
GB1 1204+483,Rad,,
GB1 1537+467,Rad,,
GB2 0738+336B,Rad,,
GB2 0809+377,Rad,,
GB2 0834+369,Rad,,
GB2 1504+346,Rad,,
GB2 1539+350,Rad,,
GB6 B0238+5923,Rad,,
GB6 B0335+5548,Rad,,
GB6 B1906+0803,Rad,,
GB6 B1911+1124,Rad,,
GB6 B1929+1835,Rad,,
GB6 B1940+2459,Rad,,
GB6 B2113+5024,Rad,,
GB6 B2242+5727,Rad,,
GBS 1925+04,gB,,
GBS-VLA J053622.86-064606.6,Y*O,,
GBS-VLA J162634.95-242655.3,G?,,
GCIRS  1,*,,
GCIRS  1E,s*b,,
GCIRS  1W,Em*,,
GCIRS  2E,IR,,
GCIRS  2S,*,,
GCIRS  4,*,,
GCIRS  7,LP*,,
GCIRS  7SE,*,,
GCIRS  9,LP*,,
GCIRS 10W,*,,
GCIRS 12N,*,,
GCIRS 13,Em*,,
GCIRS 14NE,*,,
GCIRS 14SW,*,,
GCIRS 15NE,WR*,,
GCIRS 15SW,WR*,,
GCIRS 16,Cl*,0.7,0.7
GCIRS 16C,WR*,,
GCIRS 16NE,WR*,,
GCIRS 16NW,WR*,,
GCIRS 16SE1,WR*,,
GCIRS 16SWW,IR,,
GCIRS 29NE1,WR*,,
GCIRS 29S,*,,
GCIRS 33W,*,,
GCIRS 34,WR*,,
GCIRS 34W,WR*,,
GCM +0.20 -0.03,MoC,,
GCNM  11,*,,
GCl  50,GlC,19.05,12.59
GCl 124,GlC,,
GD 108,HS*,,
GD 12,WD*,,
GD 14,WD*,,
GD 140,WD*,,
GD 142,WD*,,
GD 150,WD*,,
GD 153,WD*,,
GD 190,WD*,,
GD 244,WD*,,
GD 246,WD*,,
GD 251,WD*,,
GD 268,WD*,,
GD 300,HS*,,
GD 330,WD*,,
GD 356,WD*,,
GD 428,dS*,,
GD 50,WD*,,
GD 620,Pe*,,
GD 659,WD*,,
GD 71,WD*,,
GD 93,WD*,,
GDDS SA22-0369,G,,
GDDS SA22-0539,G,,
GDDS SA22-0554,G,,
GEN# +2.41470104,HB*,,
GEN# +6.20003014,*,,
GEN# +6.20063004,*,,
GEN# +9.00090520,*,,
GEN# +9.00090585,*,,
GEN# +9.00350018,*,,
GEN# -0.04001814,*,,
GGD 12,HH,,
GGD 36,HH,,
GHCG   2,GrG,,
GHO 001256+044906,ClG,,
GHO 001304+055518,ClG,,
GHO 001427+054100,ClG,,
GHO 001548+065130,ClG,,
GHO 001802+043100,ClG,,
GHO 001830+064154,ClG,,
GHO 002658+041924,ClG,,
GHO 002857+061924,ClG,,
GHO 022843+001548,ClG,,
GHO 023107+011448,ClG,,
GHO 030326+150842,ClG,,
GHO 030402+132630,ClG,,
GHO 030608+151548,ClG,,
GHO 030907+161836,ClG,,
GHO 031227+141618,ClG,,
GHO 093526+482436,ClG,,
GHO 093539+470512,ClG,,
GHO 093837+483448,ClG,,
GHO 093926+483036,ClG,,
GHO 094238+470500,ClG,,
GHO 094824+465336,ClG,,
GHO 094850+442754,ClG,,
GHO 095301+475642,ClG,,
GHO 131642+322724,ClG,,
GHO 131811+315848,ClG,,
GHO 131834+300330,ClG,,
GHO 131937+304736,ClG,,
GHO 131942+300830,ClG,,
GHO 132029+315500,ClG,,
GHO 132032+292412,ClG,,
GHO 132150+312306,ClG,,
GHO 132231+313518,ClG,,
GHO 132402+311854,ClG,,
GHO 132508+324430,ClG,,
GHO 132908+323906,ClG,,
GHO 132916+310654,ClG,,
GHO 155414+405306,ClG,,
GHO 160001+412930,ClG,,
GHO 160551+411906,ClG,,
GHO 160830+390036,ClG,,
GHO 161343+423518,ClG,,
GHO 161450+423224,ClG,,
GHO 161500+405900,ClG,,
GHO 215259+025354,ClG,,
GHO 215340+005542,ClG,,
GHO 215559+024336,ClG,,
GHO 215636+034218,ClG,,
GHO 215859+031542,ClG,,
GHO 220019+024036,ClG,,
GLEAM J035651-261248,rG,0.133,0.133
GLEAM J183944-303013,BLL,,
GLEAM J224741-300137,BLL,,
GLMP 1041,HII,,
GMP 3336,GiC,,
GMP 3397,G,,
GMP 3512,GiC,,
GMP 3982,GiC,,
GMP 4909,G,,
GOODS J030225.28+001325.1,EmG,,
GOODS J030240.99+000655.4,G,,
GOODS J030242.19+001324.3,G,,
GOODS J123640.02+621207.7,G,0.0047,0.0047
GOODS J123641.33+621141.2,G,,
GOODS J123641.62+621236.0,G,,
GOODS J123641.69+621258.6,G,,
GOODS J123643.14+621228.4,G,,
GOODS J123644.10+621310.8,QSO,0.026666667,0.026666667
GOODS J123644.68+621150.6,EmG,,
GOODS J123646.96+621205.7,G,,
GOODS J123648.31+621146.3,G,,
GOODS J123648.66+621214.5,G,,
GOODS J123649.56+621236.4,EmG,,
GOODS J123649.74+621416.0,PoG,,
GOODS J123649.81+621249.2,G,,
GOODS J123649.97+621225.8,EmG,,
GOODS J123651.96+621155.8,G,,
GOODS J123653.43+621329.8,G,,
GOODS J123655.58+621400.3,EmG,,
GPM  10.203716+40.572246,*,,
GPM 211.176231+54.351718,SB*,,
GPSR 005.903-0.433,Rad,,
GPSR 008.362-0.624,Rad,,
GPSR 012.324+1.148,PN?,,
GPSR 016.783-0.617,Rad,,
GPSR 019.509-0.437,Rad,,
GPSR 024.464+0.246,Rad,,
GPSR 024.799+0.097,Rad,,
GPSR 025.254-0.138,Rad,,
GPSR 025.489-0.287,Rad,,
GPSR 029.044-0.599,Rad,,
GPSR 033.144-0.066,Rad,,
GPSR 035.332+0.616,Rad,,
GPSR 037.336-0.711,Rad,,
GPSR 042.025-0.602,Rad,,
GPSR 042.093-0.430,Rad,,
GPSR 047.311-0.471,Rad,,
GPSR 048.542+0.517,Rad,,
GPSR 059.359+0.338,Rad,,
GPSR 079.392-0.013,Rad,,
GPSR 081.301-0.585,Rad,,
GPSR 090.065-0.344,Rad,,
GPSR 091.109-0.441,Rad,,
GPSR 092.813-0.456,Rad,,
GPSR 102.466-0.568,Rad,,
GPSR 116.439-0.379,Rad,,
GPSR 342.653+0.706,Rad,,
GPSR 347.184+0.171,Rad,,
GPSR 347.602+0.246,Rad,,
GPSR 350.121+0.060,Rad,,
GPSR 356.029+0.357,Rad,,
GPSR 356.654-0.152,Rad,,
GPSR5 20.724+0.158,Rad,,
GPSR5 32.067+0.362,Rad,,
GPSR5 5.486+0.192,Rad,,
GRB 790325,gB,,
GRB 920314,gB,,
GRDG +07  52,G,,
GRDG +07  53,G,,
GRDG +08  54,G,,
GRDG +08  56,G,,
GRDG +09  70,G,,
GRDG +10   3,G,,
GRDG +10   5,G,,
GRDG +10  21,G,,
GRDG +10  85,G,,
GRDG +11   3,G,,
GRDG +11  16,G,,
GRDG +11  77,G,,
GRDG +12  52,GiC,0.682533,0.636053
GRDG +13   2,G,,
GRDG +15   4,G,,
GRDG 36,G,,
GRO J1044-77,gam,,
GRO J1220+16,gam,,
GRO J1709-03,gam,,
GRO J1731-78,gam,,
GRO J1815+30,gam,,
GRO J1817-09,gam,,
GRO J1857+05,gam,,
GRO J1921+17,gam,,
GRO J2019+40,gam,,
GRS G006.60 -00.10,Rad,,
GRS G024.80 +00.10,SFR,,
GRS G118.10 +05.00,Rad,,
GRS G123.20 +02.90,Rad,,
GRS G192.65 +00.10,Rad,,
GRS G348.50 -01.00,Rad,,
GSC 00012-00107,*,,
GSC 00012-00233,*,,
GSC 00012-00929,*,,
GSC 00012-00957,*,,
GSC 00048-00426,*,,
GSC 00066-00856,*,,
GSC 00066-00931,PM*,,
GSC 00085-00158,Pe*,,
GSC 00251-00360,*,,
GSC 00340-00345,HB*,,
GSC 00358-00621,*,,
GSC 00447-00551,*,,
GSC 00473-03405,*,,
GSC 00477-01370,*,,
GSC 00477-02645,*,,
GSC 00477-03844,*,,
GSC 00486-04208,*,,
GSC 00490-01673,*,,
GSC 00490-02516,*,,
GSC 00490-03248,*,,
GSC 00490-03895,*,,
GSC 00490-04534,*,,
GSC 00490-04588,*,,
GSC 00543-01087,*,,
GSC 00543-01105,*,,
GSC 00543-01300,*,,
GSC 00543-01619,*,,
GSC 00568-00830,*,,
GSC 00586-00108,*,,
GSC 00842-00459,Em*,,
GSC 00964-01614,*,,
GSC 00976-01656,*,,
GSC 01042-02729,*,,
GSC 01055-00113,*,,
GSC 01055-00435,*,,
GSC 01055-01903,*,,
GSC 01055-03125,*,,
GSC 01056-03083,*,,
GSC 01168-00101,*,,
GSC 01168-01015,*,,
GSC 01269-00559,*,,
GSC 01270-00052,*,,
GSC 01270-00357,*,,
GSC 01270-00399,*,,
GSC 01270-00692,*,,
GSC 01270-00942,*,,
GSC 01829-00014,*,,
GSC 01833-00810,*,,
GSC 01833-00928,*,,
GSC 01849-01373,*,,
GSC 01849-01465,*,,
GSC 01849-01652,*,,
GSC 01849-01708,*,,
GSC 01949-01962,*,,
GSC 02342-00620,*,,
GSC 02405-00647,*,,
GSC 02801-02082,*,,
GSC 03157-01100,*,,
GSC 03157-01177,*,,
GSC 03161-00727,*,,
GSC 03161-00914,*,,
GSC 03161-00919,*,,
GSC 03161-00939,*,,
GSC 03161-01003,*,,
GSC 03161-01021,*,,
GSC 03161-01023,*,,
GSC 03161-01046,*,,
GSC 03161-01109,*,,
GSC 03161-01155,*,,
GSC 03161-01210,*,,
GSC 03161-01353,*,,
GSC 03161-01413,*,,
GSC 04707-01024,HB*,,
GSC 04778-01168,*,,
GSC 04800-00171,*,,
GSC 04800-00920,*,,
GSC 04800-00963,*,,
GSC 04800-02031,PM*,,
GSC 04801-00507,*,,
GSC 04818-01136,*,,
GSC 04819-01758,*,,
GSC 04834-02087,*,,
GSC 04896-01310,*,,
GSC 04896-01474,*,,
GSC 04896-01584,*,,
GSC 04947-00362,*,,
GSC 04949-00660,PM*,,
GSC 04954-01130,*,,
GSC 05017-00036,*,,
GSC 05017-00168,*,,
GSC 05017-00192,*,,
GSC 05017-00212,*,,
GSC 05017-00240,*,,
GSC 05017-00488,*,,
GSC 05544-00178,*,,
GSC 06274-01274,PM*,,
GSC 07386-00349,PM*,,
GSC 07386-00672,*,,
GSC 07386-00935,*,,
GSC 07386-01293,*,,
GSC 07968-00729,SB*,,
GSC 08024-00677,*,,
GSC 08057-00342,SB*,,
GSC 08152-02182,*,,
GSC 08156-00365,*,,
GSC 08156-00929,*,,
GSC 08156-01131,*,,
GSC 08156-02205,*,,
GSC 08174-00049,*,,
GSC 08174-00594,*,,
GSC 08178-01437,*,,
GSC 08324-02555,*,,
GSC 08613-01896,*,,
GSC 08626-02115,*,,
GSC 08701-00485,*,,
GSC 08701-01139,*,,
GSC 09140-01404,*,,
GSC 09162-00062,*,,
GSC 09394-00938,*,,
GSH 018-02+63,HI,,
GSH 022+03-31,sh,,
GSH 033+06-49,HI,,
GSH 091+12-80,sh,,
GSH 091-04-69,HI,,
GSH 102+18-41,sh,,
GSH 115-19-52,sh,,
GSH 124+10-61,sh,,
GSH 127+30-52,sh,,
GSH 135+29+4,sh,,
GSH 135+38+5,HI,,
GSH 148-01+15,sh,,
GSH 152-04-41,HI,,
GSH 223-02+35,HI,,
GSH 243-16+25,sh,,
GSS 30,Y*O,0.07066666,0.04
GSS 31,TT*,,
GSS 35,TT*,,
GSS 37,TT*,,
GSS 39,Or*,0.13333334,0.13333334
GSS 41,TT*,,
GSW B1,PoG,,
GUM 53,HII,,
GW 030.5-2.5,HI,,
H88   1,Cl*,1.2,1.2
H88  97,Cl*,1.1,0.95
H88 150,Cl*,,
H88 190,Cl*,0.5,0.5
H88 194,Cl*,0.6,0.5
H88 203,Cl*,0.9,0.9
HBC 502,TT*,0.31666666,0.3
HBC 602,TT*,,
HBC 650,TT*,,
HBC 672,Or*,,
HBC 675,Or*,,
HBC 685,Or*,,
HBHA 6206-10,Be*,,
HBHA 6206-14,Be*,,
HBHA 6708-07,Em*,,
HBK   0-273,G,,
HCG   1,CGG,2.9,2.9
HCG   2,CGG,7.1,7.1
HCG   6,CGG,1.6,1.6
HCG   7,CGG,5.58,5.58
HCG  10,CGG,10.63,10.63
HCG  19,CGG,3.1,3.1
HCG  23,CGG,7.04,7.04
HCG  25,CGG,4.55,4.55
HCG  27,CGG,3.8,3.8
HCG  28,CGG,1.2,1.2
HCG  31,CGG,0.9,0.9
HCG  32,CGG,3.0,3.0
HCG  38,CGG,2.9,2.9
HCG  44,CGG,16.4,16.4
HCG  47,CGG,2.3,2.3
HCG  50a,BiC,0.19666667,0.19333333
HCG  51,CGG,4.07,4.07
HCG  54,CGG,0.7,0.7
HCG  56,CGG,2.1,2.1
HCG  57,CGG,5.5,5.5
HCG  58,CGG,8.82,8.82
HCG  59,CGG,2.1,2.1
HCG  60,CGG,2.3,2.3
HCG  61,CGG,3.8,3.8
HCG  62,CGG,3.7,3.7
HCG  64,CGG,1.7,1.7
HCG  65,CGG,1.7,1.7
HCG  68,CGG,9.2,9.2
HCG  69,CGG,1.9,1.9
HCG  75,CGG,2.2,2.2
HCG  78,CGG,3.5,3.5
HCG  90,CGG,7.4,7.4
HCG  97,CGG,5.23,5.23
HCW ACO  1795 3,GiC,,
HD     31,*,,
HD    166,BY*,,
HD    319,PM*,,
HD    417,PM*,,
HD    704,*,,
HD    709,**,,
HD    710,Pu*,,
HD    756,PM*,,
HD    787,PM*,,
HD    940,*,,
HD   1086,*,,
HD   1114,*,,
HD   1160,*,,
HD   1431,**,,
HD   1583,*,,
HD   1743,**,0.005,0.0
HD   1810,EB*,,
HD   1976,SB*,0.0017,0.0
HD   2063,Em*,,
HD   2415,*,,
HD   2665,PM*,,
HD   2696,**,,
HD   2789,Be*,,
HD   2796,Pe*,,
HD   2854,**,,
HD   2857,HB*,,
HD   2933,*,,
HD   3191,Pu*,,
HD   3417,*,,
HD   3574,*,,
HD   3681,*,,
HD   3689,PM*,,
HD   3828,*,,
HD   3972,**,,
HD   4011,*,,
HD   4029,*,,
HD   4209,PM*,,
HD   4259,*,,
HD   4306,SB*,,
HD   4367,*,,
HD   4460,*,,
HD   4555,SB*,,
HD   4623,**,,
HD   4747,SB*,,
HD   4876,*,,
HD   5030,s*b,,
HD   5036,PM*,,
HD   5045,s*b,,
HD   5134,PM*,,
HD   5544,*,,
HD   5546,SB*,,
HD   5551,s*b,,
HD   5824,*,,
HD   5851,**,,
HD   5854,*,,
HD   5875,*,,
HD   5914,PM*,,
HD   5980,WR*,,
HD   6129,**,0.005,0.0
HD   6172,*,,
HD   6222,*,,
HD   6269,PM*,,
HD   6322,*,,
HD   6327,WR*,,
HD   6364,*,,
HD   6402,SB*,,
HD   6434,PM*,,
HD   6516,PM*,,
HD   6569,PM*,,
HD   6634,*,,
HD   6655,PM*,,
HD   6670,SB*,,
HD   6723,*,,
HD   6755,SB*,,
HD   6757,**,,
HD   6798,PM*,,
HD   6833,*,,
HD   6884,s*b,,
HD   6954,*,,
HD   6999,*,,
HD   7187,**,,
HD   7400,*,,
HD   7564,**,0.0033,0.0
HD   7652,*,,
HD   7876,*,,
HD   7931,RG*,,
HD   8018,**,0.0017,0.0
HD   8130,*,,
HD   8191,**,,
HD   8357,XB*,,
HD   9109,PM*,,
HD   9311,s*b,,
HD   9400,*,,
HD   9487,*,,
HD   9540,PM*,,
HD   9687,*,,
HD   9852,*,,
HD   9974,WR*,,
HD  10031,**,0.0033,0.0
HD  10088,*,,
HD  10186,*,,
HD  10307,SB*,,
HD  10494,*,,
HD  10613,SB*,,
HD  10691,*,,
HD  11053,*,,
HD  11100,Pu*,,
HD  11103,SB*,,
HD  11126,**,,
HD  11187,*,,
HD  11316,**,,
HD  11435,**,,
HD  11554,Be*,,
HD  11573,SB*,,
HD  11588,*,,
HD  11658,Pe*,,
HD  12112,**,0.0017,0.0
HD  12194,*,,
HD  12323,SB*,,
HD  12341,*,,
HD  12509,*,,
HD  12580,*,,
HD  12590,*,,
HD  12623,PM*,,
HD  12708,*,,
HD  12856,Be*,,
HD  12881,SB*,,
HD  12882,Be*,,
HD  12927,*,,
HD  12952,*,,
HD  12993,V*,,
HD  13402,*,,
HD  13476,sg*,,
HD  13482,**,,
HD  13551,Pe*,,
HD  13621,*,,
HD  13632,*,,
HD  13676,*,,
HD  13699,EB*,,
HD  13716,EB*,,
HD  13745,bC*,,
HD  13831,Pu*,,
HD  13854,s*b,,
HD  13866,Pu*,,
HD  13899,*,,
HD  13909,*,,
HD  14052,SB*,,
HD  14143,s*b,,
HD  14183,*,,
HD  14331,*,,
HD  14422,s*b,,
HD  14433,sg*,,
HD  14443,Pu*,,
HD  14476,Pu*,,
HD  14535,sg*,,
HD  14605,Be*,,
HD  14633,SB*,,
HD  14644,*,,
HD  14660,*,,
HD  14882,**,,
HD  14947,s*b,,
HD  14956,s*b,,
HD  15440,*,,
HD  15450,Be*,,
HD  15522,Y*O,,
HD  15558,Y*O,,
HD  15690,s*b,,
HD  15812,*,,
HD  16096,**,,
HD  16115,Pe*,,
HD  16160,PM*,,
HD  16160B,LM*,,
HD  16243,*,,
HD  16458,SB*,,
HD  16464,*,,
HD  16644,*,,
HD  16726,*,,
HD  16778,sg*,,
HD  16779,Em*,,
HD  16832,*,,
HD  16843,SB*,,
HD  17046,*,,
HD  17145,s*b,,
HD  17246,**,,
HD  17378,sg*,,
HD  17443,*,,
HD  17481,*,,
HD  17505,**,,
HD  17857,*,,
HD  17998,PM*,,
HD  18056,**,,
HD  18175,PM*,,
HD  18283,*,,
HD  18331,PM*,,
HD  18391,s*y,,
HD  18474,*,,
HD  18537,Pu*,,
HD  18881,*,,
HD  19290,PM*,,
HD  19349,*,,
HD  19445,Pe*,,
HD  20041,*,,
HD  20134,Be*,,
HD  20193,*,,
HD  20336,Be*,,
HD  20394,SB*,,
HD  20404,*,,
HD  20644,*,,
HD  20701,*,,
HD  20717,PM*,,
HD  20798,*,,
HD  21022,Pe*,,
HD  21267,PM*,,
HD  21278,SB*,,
HD  21291,s*b,,
HD  21437,**,,
HD  21447,*,,
HD  21455,Be*,,
HD  21581,Pe*,,
HD  21663B,**,,
HD  21856,Pu*,,
HD  22072,PM*,,
HD  22229,Pe*,,
HD  22403,PM*,,
HD  22427,*,,
HD  22430,*,,
HD  22468,RS*,,
HD  22589,SB*,,
HD  22686,*,,
HD  22772,SB*,,
HD  22780,Be*,,
HD  23061,*,,
HD  23089,**,,
HD  23157,**,,
HD  23193,PM*,,
HD  23195,SB*,,
HD  23214,*,,
HD  23246,PM*,,
HD  23247,PM*,,
HD  23326,PM*,,
HD  23352,*,,
HD  23387,**,,
HD  23463,*,,
HD  23489,**,,
HD  23511,PM*,,
HD  23512,PM*,,
HD  23513,PM*,,
HD  23631,SB*,,
HD  23688,*,,
HD  23713,**,,
HD  23873,*,,
HD  23912,Pe*,,
HD  23948,*,,
HD  23964B,PM*,,
HD  23964C,SB*,,
HD  24076,*,,
HD  24190,SB*,,
HD  24194,PM*,,
HD  24357,PM*,,
HD  24401,*,,
HD  24431,**,0.0117,0.0
HD  24432,*,,
HD  24479,Be*,,
HD  24656,Em*,,
HD  24916,PM*,,
HD  24978,PM*,,
HD  25093,*,,
HD  25098,*,,
HD  25202,PM*,,
HD  25329,PM*,,
HD  25406,*,,
HD  25457,TT*,,
HD  25466,*,,
HD  25631,*,,
HD  25639,*,,
HD  26015,PM*,,
HD  26063,*,,
HD  26345,PM*,,
HD  26736,BY*,,
HD  26739,Em*,,
HD  26775,Em*,,
HD  26923,PM*,,
HD  27022,*,,
HD  27282,PM*,,
HD  27483,**,,
HD  27534,PM*,,
HD  27691A,SB*,,
HD  27710,**,,
HD  27808,PM*,,
HD  27848,PM*,,
HD  27859,BY*,,
HD  27989,BY*,0.0033,0.0
HD  27990,SB*,0.0033,0.0
HD  28033,SB*,,
HD  28343,PM*,,
HD  28344,BY*,,
HD  28363,**,,
HD  28394,SB*,,
HD  28436,SB*,0.0017,0.0
HD  28462,PM*,,
HD  28527,dS*,,
HD  28634,SB*,,
HD  28700,PM*,,
HD  28762,SB*,,
HD  28878,PM*,,
HD  28911,PM*,,
HD  28992,BY*,,
HD  29159,Em*,,
HD  29309,*,,
HD  29606,**,0.0067,0.0
HD  29608,**,0.0067,0.0
HD  29697,BY*,,
HD  30090,**,,
HD  30097,**,,
HD  30123,Em*,,
HD  30229,SB*,,
HD  30338,*,,
HD  30353,sg*,,
HD  30355,PM*,,
HD  30505,**,,
HD  30554,Pe*,,
HD  30589,PM*,,
HD  30810,**,0.0033,0.0
HD  30912,PM*,,
HD  30945,PM*,,
HD  31003,PM*,,
HD  31312,*,,
HD  31327,*,,
HD  31563,*,,
HD  31757,*,,
HD  31841,PM*,,
HD  32034,s*b,,
HD  32147,PM*,,
HD  32228,WR*,1.0,0.9
HD  32416,**,0.005,0.0
HD  32450B,PM*,,
HD  32642,**,,
HD  33203,**,,
HD  33321,*,,
HD  33564,PM*,,
HD  33709,Pe*,,
HD  33833,*,,
HD  33900,**,0.0017,0.0
HD  34179,*,,
HD  34296,dS*,,
HD  34329,*,,
HD  34664,s*b,,
HD  34748,*,,
HD  34989,*,,
HD  35148,*,,
HD  35258,*,,
HD  35293,*,,
HD  35299,Pu*,,
HD  35365,**,,
HD  35446,*,,
HD  35502,SB*,,
HD  35548,**,0.005,0.0
HD  35588,SB*,,
HD  35612,*,,
HD  35619,*,,
HD  35633,*,,
HD  35730,*,,
HD  35762,*,,
HD  35777,*,,
HD  35881,*,,
HD  35899,*,,
HD  35910,*,,
HD  35948,*,,
HD  35956,SB*,,
HD  35971,*,,
HD  36032,*,,
HD  36075,*,,
HD  36115,*,,
HD  36120,Pu*,,
HD  36156,WR*,,
HD  36202,*,,
HD  36212,*,,
HD  36285,*,,
HD  36324,*,,
HD  36384,*,,
HD  36395,PM*,,
HD  36471,*,,
HD  36521,WR*,,
HD  36527,*,,
HD  36591,*,,
HD  36592,*,,
HD  36627,*,,
HD  36629,Y*O,,
HD  36646,**,,
HD  36650,Pe*,,
HD  36665,Be*,,
HD  36670,*,,
HD  36671,*,,
HD  36712,*,,
HD  36741,*,,
HD  36783,*,,
HD  36824,*,,
HD  36842,Pu*,,
HD  36865,**,,
HD  36879,*,,
HD  36883,Or*,,
HD  36918,*,,
HD  36939,Y*O,,
HD  36954,SB*,,
HD  36960,*,,
HD  36982,Or*,,
HD  36994,**,,
HD  36998,*,,
HD  36999,Y*O,,
HD  37001,Y*O,,
HD  37017,SB*,0.0067,0.0
HD  37024,Or*,0.00177,0.0007
HD  37026,WR*,,
HD  37040,**,,
HD  37040A,*,,
HD  37058,Or*,,
HD  37061,Or*,,
HD  37114,*,,
HD  37115,Be*,,
HD  37131,Y*O,,
HD  37140,a2*,0.0016666667,0.0
HD  37171,SB*,,
HD  37173,*,,
HD  37174,Y*O,,
HD  37187,*,,
HD  37224,**,,
HD  37258,Ae*,,
HD  37265,**,0.0033,0.0
HD  37321,**,,
HD  37330,Be*,,
HD  37357,Ae*,,
HD  37367,*,,
HD  37384,**,,
HD  37470,*,,
HD  37606,*,,
HD  37633,a2*,,
HD  37635,*,,
HD  37657,Be*,,
HD  37699,Y*O,,
HD  37744,*,,
HD  37756,SB*,,
HD  37789,*,,
HD  37805,Y*O,,
HD  37888,*,,
HD  37889,*,,
HD  37903,Em*,,
HD  37967,Be*,,
HD  38022,*,,
HD  38051,*,,
HD  38052,*,,
HD  38191,Be*,,
HD  38274,*,,
HD  38282,WR*,,
HD  38318,Y*O,0.513,0.308
HD  38344,WR*,,
HD  38448,WR*,,
HD  38488,SB*,,
HD  38563,**,,
HD  38650,*,,
HD  39082,a2*,,
HD  39103,*,,
HD  39183,*,,
HD  39254,*,,
HD  39340,Be*,,
HD  39419,*,,
HD  39478,Be*,,
HD  39680,Be*,,
HD  39715,PM*,,
HD  39853,RG*,,
HD  39881,PM*,,
HD  40003,*,,
HD  40141,*,,
HD  40225,**,0.0067,0.0
HD  40460,RG*,,
HD  40589,sg*,,
HD  40978,Be*,,
HD  41161,*,,
HD  41222,*,,
HD  41335,Be*,0.01,0.0
HD  41430,PM*,,
HD  41600,Be*,,
HD  41689,*,,
HD  41690,**,0.0083,0.0
HD  41692,*,,
HD  41731,*,,
HD  41787,*,,
HD  41824,RS*,,
HD  42033,**,,
HD  42088,*,,
HD  42572,*,,
HD  42655,*,,
HD  42675,*,,
HD  42855,PM*,,
HD  43059,Em*,,
HD  43154,*,,
HD  43286,*,,
HD  43389,SB*,,
HD  43404,*,,
HD  43651,*,,
HD  43753,*,,
HD  43880,*,,
HD  44052,*,,
HD  44153,*,,
HD  44172,SB*,,
HD  44173,*,,
HD  44179,pA*,,
HD  44235,*,,
HD  44458,Be*,,
HD  44490,*,,
HD  44700,*,,
HD  44738,**,0.0033,0.0
HD  44783,*,,
HD  44953,**,,
HD  45067,PM*,,
HD  45166,WR*,,
HD  45257,*,,
HD  45314,Be*,,
HD  45388,*,,
HD  45431,*,,
HD  45689,*,,
HD  45733,*,,
HD  45789,*,,
HD  45841,*,,
HD  45866,*,,
HD  45910,Be*,,
HD  45930,*,,
HD  45995,Be*,,
HD  46056,Y*O,,
HD  46105,a2*,,
HD  46149,Y*O,,
HD  46179,**,0.0017,0.0
HD  46202,bC*,,
HD  46485,Y*O,,
HD  46550,SB*,,
HD  46573,SB*,,
HD  46588,PM*,,
HD  46593,*,,
HD  46966,**,,
HD  47032,*,,
HD  47054,Be*,,
HD  47296,*,,
HD  47432,Pu*,,
HD  47553,*,,
HD  48099,Be*,,
HD  48189,BY*,,
HD  48355,*,,
HD  48402,*,,
HD  48543,**,,
HD  48805,RG*,,
HD  48965,*,,
HD  49022,*,,
HD  49061,*,,
HD  49116,*,,
HD  49311,*,,
HD  49429,RG*,,
HD  49525,PM*,,
HD  49933,PM*,,
HD  50064,s*b,,
HD  50082,SB*,,
HD  50168,*,,
HD  50169,Em*,,
HD  50264,SB*,,
HD  50282,*,,
HD  50424,Be*,,
HD  50820,Be*,,
HD  50868,Be*,,
HD  50891,Be*,,
HD  50896,WR*,,
HD  51067,SB*,,
HD  51145,*,,
HD  51196,*,,
HD  51330,*,,
HD  51361,*,,
HD  51379,*,,
HD  51448,*,,
HD  51454,*,,
HD  51477,Be*,,
HD  51700,*,,
HD  51854,*,,
HD  51939,*,,
HD  51959,SB*,,
HD  52081,*,,
HD  52212,*,,
HD  52309,**,0.0033,0.0
HD  52382,*,,
HD  52432,C*,,
HD  52694,**,,
HD  52721,Ae*,,
HD  53032,Be*,,
HD  53035,*,,
HD  53339,Or*,,
HD  53340,*,,
HD  53367,Ae*,,
HD  53395,*,,
HD  53514,*,,
HD  53622,*,,
HD  53857,**,,
HD  53974,**,,
HD  54195,*,,
HD  54304,*,,
HD  54388,*,,
HD  54439,*,,
HD  54544,a2*,,
HD  54662,SB*,,
HD  54740,*,,
HD  54832,*,,
HD  54858,Be*,,
HD  55029,*,,
HD  55118,**,,
HD  55135,Be*,,
HD  55420,*,,
HD  55517,*,,
HD  55561,Pu*,,
HD  55726,**,,
HD  55777,*,,
HD  55811,*,,
HD  55831,*,,
HD  55879,*,,
HD  55928,*,,
HD  56073,*,,
HD  56085,*,,
HD  56126,pA*,,
HD  56176,**,0.0033,0.0
HD  56306,**,,
HD  56495,SB*,,
HD  56501,*,,
HD  56525,*,,
HD  56827,*,,
HD  56831,EB*,,
HD  56842,*,,
HD  56925,WR*,,
HD  57406,Em*,,
HD  58011,Be*,,
HD  58215,*,,
HD  58233,*,,
HD  58368,SB*,,
HD  58397,*,,
HD  58631,**,,
HD  58680,*,,
HD  58944,*,,
HD  59319,Or*,,
HD  59421,*,,
HD  59438,**,,
HD  59473,**,,
HD  59621,*,,
HD  60771,Pu*,,
HD  60848,Be*,,
HD  61343,**,,
HD  61563,**,,
HD  61672,*,,
HD  61709,*,,
HD  61912,*,,
HD  62107,*,,
HD  62542,*,,
HD  62910,WR*,,
HD  63099,WR*,,
HD  63150,Be*,,
HD  63578,Y*O,,
HD  63733,S*,,
HD  64090,Pe*,,
HD  64235,**,0.0067,0.0
HD  64315,EB*,,
HD  64399,*,,
HD  64425,SB*,,
HD  64704,**,0.005,0.0
HD  64854,*,,
HD  65314,Pe*,,
HD  65865,WR*,,
HD  65875,Be*,,
HD  66291,Pe*,,
HD  66368,*,,
HD  67036,Pe*,,
HD  68217,Pu*,,
HD  68450,*,,
HD  68614,**,,
HD  69081,Be*,,
HD  69220,*,,
HD  70470,*,,
HD  70556,Y*O,,
HD  70798,*,,
HD  71072,Be*,,
HD  72127,**,,
HD  72754,Be*,,
HD  72862,SB*,,
HD  73031,SB*,,
HD  73190,*,,
HD  73449,*,,
HD  73469,PM*,,
HD  73882,**,,
HD  73952,*,,
HD  74560,SB*,,
HD  74665,SB*,,
HD  74678,*,,
HD  74924,*,,
HD  75470,**,0.005,0.0
HD  75759,SB*,,
HD  75974,**,0.0033,0.0
HD  75991,*,,
HD  76117,**,0.0033,0.0
HD  76556,*,,
HD  76932,PM*,,
HD  77236,PM*,,
HD  77408,PM*,,
HD  77912,Pe*,,
HD  78249,PM*,,
HD  78251,*,,
HD  78282,*,,
HD  78644,EB?,,
HD  78958,Pu*,,
HD  79210,SB*,,
HD  79275,Pu*,,
HD  79517,PM*,,
HD  79548,*,,
HD  79573,WR*,,
HD  79621,Be*,,
HD  79702,PM*,,
HD  79870,SB*,,
HD  79900,**,,
HD  80388,*,,
HD  80550,*,,
HD  81163,**,,
HD  81356,Pu*,,
HD  81809,**,,
HD  82443,BY*,,
HD  82543,**,0.0017,0.0
HD  82984,**,,
HD  82998,RB?,,
HD  83083,**,,
HD  83588,PM*,,
HD  83769,**,,
HD  83840,**,,
HD  83879,**,,
HD  84567,Be*,,
HD  84816,*,,
HD  84903,Pe*,,
HD  84937,Pe*,,
HD  85425,*,,
HD  86161,WR*,,
HD  86352,*,,
HD  87045,*,,
HD  87080,**,,
HD  87178,*,,
HD  87500,PM*,,
HD  87840,**,,
HD  88230,PM*,,
HD  88412,*,,
HD  88495,Pe*,,
HD  88800,*,,
HD  88842,**,,
HD  89108,*,,
HD  89137,*,,
HD  90273,*,,
HD  90696,SB*,,
HD  90859,*,,
HD  91114,*,,
HD  91301,**,,
HD  91571,*,,
HD  91969,*,,
HD  91979,Pe*,,
HD  92044,*,,
HD  92086,*,,
HD  92206,**,,
HD  92399,V*,,
HD  92421,*,,
HD  92467,**,,
HD  92504,*,,
HD  92523,*,,
HD  92536,*,,
HD  92740,WR*,,
HD  92809,WR*,,
HD  92909,*,,
HD  92938,Be*,,
HD  93129B,Y*?,,
HD  93146,**,,
HD  93160,SB*,,
HD  93194,*,,
HD  93204,*,,
HD  93206,*,,
HD  93209,*,,
HD  93250,**,,
HD  93403,SB*,,
HD  93494,*,,
HD  93521,*,,
HD  93549,SB*,,
HD  93607,*,,
HD  93937,*,,
HD  93979,*,,
HD  94028,PM*,,
HD  94115,**,,
HD  94370,**,,
HD  94546,WR*,0.01,0.0
HD  94631,*,,
HD  94733,*,,
HD  94791,PM*,,
HD  95515,**,,
HD  95616,*,,
HD  95690,**,,
HD  96042,Y*O,,
HD  96261,*,,
HD  96446,bC?,,
HD  96479,*,,
HD  96511,SB*,,
HD  96670,HXB,,
HD  96675,Or*,,
HD  96870,*,,
HD  96917,Em*,,
HD  97048,Ae*,,
HD  97066,*,,
HD  97152,WR*,,
HD  97222,**,,
HD  97300,Ae*,,
HD  97434,*,,
HD  97619,PM*,,
HD  97950,Cl*,,
HD  97966,*,,
HD  98088,a2*,,
HD  98214,*,,
HD  98316,*,,
HD  98673,PM*,,
HD  99524,*,,
HD  99855,*,,
HD 100018,**,,
HD 100099,*,,
HD 100381,*,,
HD 101013,SB*,,
HD 101301,PM*,,
HD 101302,PM*,,
HD 101333,*,,
HD 101452,*,,
HD 101545,**,,
HD 101570,*,,
HD 101584,pA*,,
HD 101906,BY*,,
HD 101959,PM*,,
HD 101964,*,,
HD 102328,*,,
HD 102567,HXB,,
HD 102910,PM*,,
HD 102950,PM*,,
HD 103095,Pe*,,
HD 103246,**,0.0083,0.0
HD 103779,*,,
HD 103877,SB*,,
HD 104068,PM*,,
HD 104304,SB*,,
HD 104883,*,,
HD 104904,PM*,,
HD 104986,RG*,,
HD 105058,dS*,,
HD 105719,*,,
HD 105852,*,,
HD 105958,*,,
HD 106022,Em*,,
HD 106116,PM*,,
HD 106373,HB*,,
HD 106674,*,,
HD 106708,*,,
HD 106760,SB*,,
HD 106965,Be*,,
HD 107054,PM*,,
HD 107113,PM*,,
HD 107193,*,,
HD 107270,Pe*,,
HD 107469,PM*,,
HD 107612,PM*,,
HD 107752,Pe*,,
HD 108317,Pe*,,
HD 108651,SB*,,
HD 108764,*,,
HD 109183,*,,
HD 109211,*,,
HD 109370,*,,
HD 109654,SB*,,
HD 109702,**,,
HD 109822,*,,
HD 109894,*,,
HD 110463,BY*,,
HD 110506,*,,
HD 110591,Pe*,,
HD 110646,PM*,,
HD 110984,*,,
HD 111194,*,,
HD 111774,Pu*,,
HD 111908,SB*,,
HD 112028,*,,
HD 112361,**,,
HD 112599,*,,
HD 112693,Em*,,
HD 112869,C*,,
HD 113001,**,,
HD 113022,PM*,,
HD 113163,*,,
HD 113195,Pe*,,
HD 114478,*,,
HD 114762,**,,
HD 114909,*,,
HD 115043,PM*,,
HD 115529,*,,
HD 115595,**,0.0017,0.0
HD 115842,s*b,,
HD 116459,PM*,,
HD 116831,PM*,,
HD 116960,*,,
HD 117111,Be*,,
HD 117635,SB*,0.0017,0.0
HD 117655,PM*,,
HD 117902,**,0.005,0.0
HD 118660,*,,
HD 119078,WR*,,
HD 119516,HB*,,
HD 120476,**,,
HD 120640,Pu*,,
HD 120770,PM*,,
HD 121190,Pu*,,
HD 121800,*,,
HD 122450,Be*,,
HD 122563,Pe*,,
HD 122769,**,0.0033,0.0
HD 122882,*,,
HD 123034,SB*,,
HD 123396,Pe*,,
HD 123585,SB*,,
HD 123845,PM*,,
HD 123949,SB*,,
HD 124367,Be*,,
HD 124713,*,,
HD 124752,PM*,,
HD 125276,PM*,,
HD 126053,PM*,,
HD 127506,SB*,,
HD 127806,PM*,,
HD 128091,PM*,,
HD 128941,**,,
HD 129225,*,,
HD 129937,*,,
HD 129981,WV*,,
HD 130079,*,,
HD 130095,PM*,,
HD 130255,C*,,
HD 130604,**,,
HD 131250,PM*,,
HD 132610,*,,
HD 132698,**,,
HD 132801,PM*,,
HD 133029,a2*,,
HD 134213,**,0.0083,0.0
HD 134439,PM*,,
HD 135485,SB*,,
HD 136138,SB*,,
HD 136239,s*b,,
HD 136729,**,,
HD 137044,*,,
HD 137588,**,,
HD 137613,Pe*,,
HD 137704,PM*,,
HD 138290,*,,
HD 139084,SB*,,
HD 139341,**,,
HD 139409,Pe*,,
HD 139457,PM*,,
HD 139518,*,,
HD 139628,**,,
HD 139636,*,,
HD 139939,**,,
HD 139951,*,,
HD 139961,PM*,,
HD 140117,RG*,,
HD 140283,Pe*,,
HD 140438,**,,
HD 140572,PM*,,
HD 140818,*,,
HD 140913,**,,
HD 141180,*,,
HD 141318,Pu*,,
HD 141377,*,,
HD 141898,**,,
HD 142039,*,,
HD 142089,**,0.005,0.0
HD 142250,*,,
HD 142565,*,,
HD 142775,*,,
HD 142874,*,,
HD 142883,Ce*,,
HD 142891,**,,
HD 143122,*,,
HD 143414,WR*,,
HD 143567,V*,,
HD 143584,PM*,,
HD 143656,*,,
HD 143715,*,,
HD 143717,*,,
HD 144007,TT*,,
HD 144038,*,,
HD 144087,PM*,,
HD 144102,a2*,,
HD 144277,dS*,,
HD 144334,**,0.0016666667,0.0
HD 144393,*,,
HD 144401,PM*,,
HD 144494,*,,
HD 144557,Pu*,,
HD 144753,*,,
HD 144816,*,,
HD 144844,*,,
HD 144851,*,,
HD 144889,SB*,,
HD 145015,*,,
HD 145040,Be*,,
HD 145078,*,,
HD 145148,PM*,,
HD 145159,**,,
HD 145206,SB*,,
HD 145219,*,,
HD 145324,*,,
HD 145415,**,,
HD 145556,Pu*,,
HD 145666,PM*,,
HD 145949,*,,
HD 145974,*,,
HD 145975,*,,
HD 146010,PM*,,
HD 146146,*,,
HD 146224,*,,
HD 146335,*,,
HD 146614,*,,
HD 146628,*,,
HD 146632,LP?,,
HD 146781,*,,
HD 146807,**,,
HD 146834,*,,
HD 146844,*,,
HD 146911,*,,
HD 146922,*,,
HD 147001,*,,
HD 147012,*,,
HD 147196,Be*,,
HD 147200,*,,
HD 147213,*,,
HD 147283,Y*?,,
HD 147331,*,,
HD 147334,*,,
HD 147343,dS*,0.005,0.0
HD 147414,*,,
HD 147438,SB*,,
HD 147513,PM*,,
HD 147521,*,,
HD 147564,*,,
HD 147580,Be*,,
HD 147628,**,,
HD 147648,Y*O,,
HD 147653,*,,
HD 147654,*,,
HD 147702,*,,
HD 147775,*,,
HD 147797,*,,
HD 147809,**,0.0083,0.0
HD 147820,*,,
HD 147857,SB*,,
HD 147889,Or*,,
HD 147893,*,,
HD 147932,**,,
HD 147943,*,,
HD 147975,*,,
HD 148079,S*,,
HD 148106,*,,
HD 148118,*,,
HD 148122,*,,
HD 148260,*,,
HD 148321,*,,
HD 148379,s*b,,
HD 148394,**,0.005,0.0
HD 148437,*,,
HD 148546,Pu*,,
HD 148562,TT*,,
HD 148579,*,,
HD 148610,*,,
HD 148653,**,,
HD 148816,PM*,,
HD 148826,*,,
HD 148842,*,,
HD 148855,*,,
HD 148892,SB*,,
HD 148937,SB*,,
HD 149228,a2*,,
HD 149274,*,,
HD 149370,*,,
HD 149387,*,,
HD 149414,**,,
HD 149439,*,,
HD 149452,*,,
HD 149464,*,,
HD 149508,Em*,,
HD 149738,*,,
HD 149827,*,,
HD 149833,*,,
HD 149914,Or*,,
HD 150075,*,,
HD 150197,*,,
HD 150275,PM*,,
HD 150288,Be*,,
HD 150422,Be*,,
HD 150475,*,,
HD 150514,*,,
HD 150638,*,,
HD 150745,*,,
HD 150897,*,,
HD 150898,s*b,,
HD 150958,**,,
HD 151003,*,,
HD 151018,*,,
HD 151108,*,,
HD 151288,PM*,,
HD 151385,*,,
HD 151473,**,,
HD 151510,EB*,,
HD 151613,SB*,,
HD 151804,s*b,,
HD 151877,PM*,,
HD 151932,WR*,,
HD 151966,SB*,,
HD 152076,Y*O,,
HD 152077,Pu*,,
HD 152147,SB*,,
HD 152179,*,,
HD 152198,*,,
HD 152234,s*b,0.0083,0.0
HD 152270,WR*,,
HD 152314,**,,
HD 152346,*,,
HD 152408,WR*,,
HD 152438,Pu*,,
HD 152655,**,,
HD 152723,SB*,,
HD 152742,*,,
HD 152799,*,,
HD 152804,*,,
HD 152815,PM*,,
HD 153073,*,,
HD 153104,*,,
HD 153364,gD*,,
HD 153426,*,,
HD 153487,*,,
HD 153507,**,,
HD 153519,Pu*,,
HD 153827,*,,
HD 153908,*,,
HD 153919,HXB,,
HD 153977,Be*,,
HD 154154,Be*,,
HD 154165,Em*,,
HD 154218,Be*,,
HD 154220,*,,
HD 154361,PM*,,
HD 154363B,PM*,,
HD 154368,s*b,,
HD 154388,*,,
HD 154408,Pu*,,
HD 154643,SB*,,
HD 154790,*,,
HD 154873,**,,
HD 154911,Be*,,
HD 154928,*,,
HD 155048,*,,
HD 155153,*,,
HD 155311,Pe*,,
HD 155403,*,,
HD 155866,**,,
HD 155889,**,0.0033,0.0
HD 155890,**,,
HD 155983,*,,
HD 155985,*,,
HD 156004,*,,
HD 156118,*,,
HD 156123,*,,
HD 156134,*,,
HD 156201,*,,
HD 156212,V*,,
HD 156269,*,,
HD 156325,Be*,,
HD 156327,WR*,0.005,0.0
HD 156330,Em*,,
HD 156385,WR*,,
HD 156597,*,,
HD 156622,*,,
HD 156623,*,,
HD 156677,*,,
HD 156688,*,,
HD 156779,*,,
HD 157038,s*b,,
HD 157114,*,,
HD 157189,*,,
HD 157201,SB*,,
HD 157223,*,,
HD 157282,*,,
HD 157372,*,,
HD 157373,PM*,,
HD 157392,**,0.0033,0.0
HD 157419,*,,
HD 157451,WR*,,
HD 157504,WR*,,
HD 157572,Pu*,,
HD 157617,*,,
HD 157698,*,,
HD 157711,*,,
HD 157741,*,,
HD 157841,*,,
HD 157846,**,,
HD 157881,PM*,,
HD 157910,PM*,,
HD 157921,*,,
HD 157944,*,,
HD 158305,**,,
HD 158563,*,,
HD 158618,*,,
HD 158659,*,,
HD 158681,*,,
HD 158692,PM*,,
HD 158956,**,,
HD 159091,*,,
HD 159176,Be*,,
HD 159186,*,,
HD 159192,*,,
HD 159546,Em*,,
HD 159554,*,,
HD 159596,*,,
HD 159652,**,0.005,0.0
HD 159684,Be*,,
HD 160186,*,,
HD 160346,SB*,,
HD 160414,*,,
HD 160430,*,,
HD 160438,**,0.005,0.0
HD 160464,Pu*,,
HD 160641,HS*,,
HD 160826,**,,
HD 160854,*,,
HD 160876,*,,
HD 160878,*,,
HD 160895,Em*,,
HD 160897,*,,
HD 161061,*,,
HD 161103,HXB,,
HD 161149,*,,
HD 161205,*,,
HD 161261,Be*,,
HD 161277,V*,,
HD 161291,*,,
HD 161480,SB*,,
HD 161561,*,,
HD 161626,*,,
HD 161756,Be*,,
HD 161796,pA*,,
HD 161817,HB*,,
HD 161822,*,,
HD 161851,*,,
HD 161855,*,,
HD 161961,s*b,,
HD 162032,*,,
HD 162085,SB*,,
HD 162092,*,,
HD 162208,PM*,,
HD 162349,*,,
HD 162372,*,,
HD 162518,bC?,,
HD 162586,**,0.005,0.0
HD 162631,*,,
HD 162678,*,,
HD 162696,*,,
HD 162718,Be*,,
HD 162804,*,,
HD 162806,Pe*,,
HD 162817,*,,
HD 162887,*,,
HD 162891,*,,
HD 162910,*,,
HD 162924,*,,
HD 162980,*,,
HD 162981,*,,
HD 163001,*,,
HD 163017,*,,
HD 163039,*,,
HD 163106,**,,
HD 163179,Em*,,
HD 163226,*,,
HD 163296,Ae*,0.2,0.16666667
HD 163338,*,,
HD 163393,*,,
HD 163429,*,,
HD 163453,Be*,,
HD 163454,Be*,,
HD 163519,*,,
HD 163538,*,,
HD 163576,*,,
HD 163640,**,,
HD 163850,*,,
HD 163899,Pu*,,
HD 163983,*,,
HD 164019,*,,
HD 164032,*,,
HD 164151,*,,
HD 164152,*,,
HD 164197,*,,
HD 164270,WR*,,
HD 164334,*,,
HD 164340,bC*,,
HD 164359,Y*?,,
HD 164402,s*b,,
HD 164438,SB*,,
HD 164445,*,,
HD 164473,*,,
HD 164475,*,,
HD 164492,Y*O,,
HD 164494,*,,
HD 164514,sg*,,
HD 164536,SB*,,
HD 164582,*,,
HD 164595,PM*,,
HD 164637,Y*O,,
HD 164681,*,,
HD 164719,*,,
HD 164739,*,,
HD 164744,*,,
HD 164774,*,,
HD 164795,*,,
HD 164800,*,,
HD 164835,*,,
HD 164860,*,,
HD 164885,*,,
HD 164886,*,,
HD 164910,*,,
HD 164929,*,,
HD 164949,*,,
HD 164993,Em*,,
HD 165016,*,,
HD 165052,SB*,,
HD 165133,Em*,,
HD 165153,*,,
HD 165207,*,,
HD 165210,**,,
HD 165247,*,,
HD 165292,*,,
HD 165402,**,0.0067,0.0
HD 165424,*,,
HD 165465,*,,
HD 165474,*,,
HD 165481,**,,
HD 165555,*,,
HD 165580,*,,
HD 165590,SB*,,
HD 165639,*,,
HD 165705,**,,
HD 165763,WR*,,
HD 165792,*,,
HD 165793,*,,
HD 165923,*,,
HD 165952,Em*,,
HD 165974,*,,
HD 166003,*,,
HD 166033,*,,
HD 166056,*,,
HD 166070,*,,
HD 166082,*,,
HD 166107,**,,
HD 166113,*,,
HD 166131,*,,
HD 166157,**,0.005,0.0
HD 166168,**,,
HD 166187,*,,
HD 166192,*,,
HD 166217,*,,
HD 166266,*,,
HD 166284,*,,
HD 166291,Be*,,
HD 166294,*,,
HD 166313,*,,
HD 166326,*,,
HD 166344,*,,
HD 166368,*,,
HD 166426,*,,
HD 166448,*,,
HD 166450,*,,
HD 166470,*,,
HD 166532,*,,
HD 166593,**,,
HD 166620,PM*,,
HD 166640,*,,
HD 166768,*,,
HD 166968,*,,
HD 167023,*,,
HD 167074,Pe*,,
HD 167132,*,,
HD 167143,*,,
HD 167177,V*,,
HD 167381,*,,
HD 167407,PM*,,
HD 167472,*,,
HD 167479,*,,
HD 167551,*,,
HD 167750,*,,
HD 167754,*,,
HD 167771,SB*,,
HD 167775,Em*,,
HD 167795,*,,
HD 167797,*,,
HD 167843,*,,
HD 167846,*,,
HD 167865,*,,
HD 167963,*,,
HD 167971,s*b,,
HD 168003,*,,
HD 168021,**,,
HD 168047,*,,
HD 168076,Y*O,,
HD 168082,*,,
HD 168097,*,,
HD 168135,Be*,,
HD 168137,Y*O,,
HD 168172,*,,
HD 168199,**,,
HD 168206,WR*,,
HD 168211,*,,
HD 168251,Em*,,
HD 168252,*,,
HD 168309,*,,
HD 168322,SB*,,
HD 168400,*,,
HD 168434,*,,
HD 168435,*,,
HD 168466,*,,
HD 168494,*,,
HD 168510,*,,
HD 168569,*,,
HD 168622,*,,
HD 168709,Em*,,
HD 168791,Pe*,,
HD 168814,*,,
HD 168878,**,,
HD 168900,*,,
HD 168942,*,,
HD 169023,*,,
HD 169034,*,,
HD 169048,*,,
HD 169089,*,,
HD 169119,*,,
HD 169174,*,,
HD 169210,*,,
HD 169226,s*b,,
HD 169273,Em*,,
HD 169454,s*b,,
HD 169582,s*b,,
HD 169624,*,,
HD 169697,*,,
HD 169698,*,,
HD 169755,*,,
HD 169798,Pu*,,
HD 169802,*,,
HD 169805,Be*,,
HD 169832,*,,
HD 169851,**,,
HD 169939,LP?,,
HD 170109C,*,,
HD 170122,*,,
HD 170185,*,,
HD 170209,PM*,,
HD 170235,Be*,,
HD 170289,*,,
HD 170320,*,,
HD 170321,*,,
HD 170363,PM*,,
HD 170415,**,0.0017,0.0
HD 170479,*,,
HD 170497,*,,
HD 170545A,Or*,,
HD 170637,*,,
HD 170704,*,,
HD 170737,RG*,,
HD 170740,SB*,,
HD 170787,*,,
HD 170891,*,,
HD 170938,s*b,,
HD 170978,*,,
HD 170992,*,,
HD 170996,*,,
HD 171012,s*b,,
HD 171034,Pu*,,
HD 171078,*,,
HD 171098,*,,
HD 171110,*,,
HD 171132,*,,
HD 171176,*,,
HD 171189,*,,
HD 171224,*,,
HD 171296,*,,
HD 171348,Be*,,
HD 171432,*,,
HD 171469,Em*,,
HD 171491,**,0.005,0.0
HD 171589,Em*,,
HD 171598,Pe*,,
HD 171611,*,,
HD 171696,*,,
HD 171746,**,,
HD 171753,*,,
HD 171754,Em*,,
HD 171757,Be*,,
HD 171779,**,0.0033,0.0
HD 171780,Be*,0.0033,0.0
HD 171834,gD*,,
HD 171842,*,,
HD 171858,HS*,,
HD 171871,*,,
HD 171961,*,,
HD 172001,*,,
HD 172054,Be*,,
HD 172058,*,,
HD 172175,s*b,,
HD 172193A,*,,
HD 172252,Be*,,
HD 172256,Be*,,
HD 172258,*,,
HD 172259,*,,
HD 172370,*,,
HD 172535,**,0.0133,0.0
HD 172579,Be*,0.0017,0.0
HD 172735,*,,
HD 172975,SB*,,
HD 173010,s*b,,
HD 173100,*,,
HD 173219,Be*,,
HD 173338,*,,
HD 173352,*,,
HD 173367,*,,
HD 173570,*,,
HD 173611,**,,
HD 173739,PM*,,
HD 173740,PM*,,
HD 173874,*,,
HD 173928,**,,
HD 173938,Em*,,
HD 174160,*,,
HD 174307,*,,
HD 174350,*,,
HD 174512,MS?,,
HD 174706,*,,
HD 174843,*,,
HD 174853,EB*,,
HD 174866,**,,
HD 174980,PM*,,
HD 175141,*,,
HD 175305,RG*,,
HD 175323,**,,
HD 175726,PM*,,
HD 175798,*,,
HD 176162,SB*,0.005,0.0
HD 176269,Or*,,
HD 176270,Or*,,
HD 176422,*,,
HD 176527,PM*,,
HD 176560,**,,
HD 176744,Em*,,
HD 176888,*,,
HD 177123,SB*,,
HD 177383,*,,
HD 178055,*,,
HD 178089,PM*,,
HD 178286,**,,
HD 178452,**,0.0033,0.0
HD 178501,*,,
HD 178555,**,,
HD 178564,*,,
HD 178738,*,,
HD 178905,Pu*,,
HD 178937,*,,
HD 179215,*,,
HD 179667,*,,
HD 179668,*,,
HD 179697,*,,
HD 179987,*,,
HD 180020,*,,
HD 180262,*,,
HD 180553,**,,
HD 180617,PM*,,
HD 180642,bC*,,
HD 181098,PM*,,
HD 181653,*,,
HD 181709,Em*,,
HD 182101,PM*,,
HD 182425,*,,
HD 182617,*,,
HD 182974,*,,
HD 183143,s*b,,
HD 183207,*,,
HD 183224,*,,
HD 183285,PM*,,
HD 183322,PM*,,
HD 183342,*,,
HD 183458,**,,
HD 183682,*,,
HD 183731,*,,
HD 183832,**,,
HD 183851,*,,
HD 184146,*,,
HD 184195,**,0.0017,0.0
HD 184244,*,,
HD 184279,Be*,,
HD 184364,*,,
HD 184467,SB*,0.0017,0.0
HD 184543,*,,
HD 184662,*,,
HD 184711,Pe*,,
HD 184738,PN,0.1098075,0.10896717
HD 184764,*,,
HD 185022,*,,
HD 185351,PM*,,
HD 185859,Em*,,
HD 185977,**,,
HD 186293,SB*,,
HD 186544,*,,
HD 186618,*,,
HD 186943,WR*,,
HD 186980,*,,
HD 187029,*,,
HD 187111,Pe*,,
HD 187321,**,,
HD 187885,pA*,,
HD 188074,**,0.0033,0.0
HD 188262,*,,
HD 188439,Pu*,,
HD 188610,*,,
HD 188819,*,,
HD 188871,**,0.0033,0.0
HD 189044A,*,,
HD 189245,PM*,,
HD 189508,*,,
HD 189711,LP?,,
HD 189751,*,,
HD 189957,*,,
HD 190007,BY*,,
HD 190145,*,,
HD 190275,SB*,,
HD 190429,**,,
HD 190603,s*b,,
HD 190864,Em*,,
HD 190918,WR*,,
HD 190944,Be*,,
HD 191408,PM*,,
HD 191423,*,,
HD 191473,SB*,,
HD 191567,*,,
HD 191742,a2*,,
HD 192103,WR*,,
HD 192163,WR*,,
HD 192182,*,,
HD 192344,PM*,,
HD 192422,s*b,,
HD 192445,Be*,,
HD 192559,**,,
HD 192637,Em*,,
HD 192639,s*b,,
HD 192641,WR*,,
HD 192660,*,,
HD 192911,**,,
HD 192954,Be*,,
HD 193007,*,,
HD 193077,WR*,,
HD 193410,SB*,,
HD 193443,SB*,0.0017,0.0
HD 193516,Be*,,
HD 193576,WR*,,
HD 193793,WR*,,
HD 193928,WR*,,
HD 194153,s*b,,
HD 194279,s*b,,
HD 194933,**,,
HD 195089,**,0.0033,0.0
HD 195229,*,,
HD 195481,**,0.0033,0.0
HD 195482,**,,
HD 195543,SB*,,
HD 195592,s*b,,
HD 196310B,*,,
HD 196445,SB*,,
HD 196627,Pu*,,
HD 196670,*,,
HD 196673,**,,
HD 196775,*,,
HD 197392,*,,
HD 197419,Be*,,
HD 197481,BY*,,
HD 198068,Em*,,
HD 198108,*,,
HD 198197,SB*,,
HD 198253,**,,
HD 198288,SB*,,
HD 198512,Be*,,
HD 198567,Pu*,,
HD 199042,*,,
HD 199216,*,,
HD 199288,PM*,,
HD 199305,PM*,,
HD 199442,PM*,,
HD 199478,s*b,,
HD 199579,Y*O,,
HD 199611,*,,
HD 199987,**,0.0067,0.0
HD 200209,*,,
HD 200289,*,,
HD 200465,*,,
HD 200491,*,,
HD 200775,Ae*,,
HD 200970,PM*,,
HD 201252,*,,
HD 201329,*,,
HD 201445,*,,
HD 201469,*,,
HD 201522,Be*,,
HD 201561,*,,
HD 201657,SB*,,
HD 201669,*,,
HD 201745,PM*,,
HD 201795,*,,
HD 201819,**,,
HD 201836,Be*,,
HD 201891,Pe*,,
HD 201941,*,,
HD 202033,Pe*,,
HD 202107,**,0.002048,0.0
HD 202240,*,,
HD 202259,*,,
HD 202387,*,,
HD 202571,*,,
HD 202573,HB*,,
HD 202903,*,,
HD 203025,Be*,,
HD 203338,s*r,,
HD 203454,SB*,,
HD 203629,*,,
HD 203699,Be*,,
HD 203731,Be*,,
HD 203856,*,,
HD 203938,**,,
HD 204185,Em*,,
HD 204195,*,,
HD 204411,a2*,,
HD 204657,*,,
HD 204722,Be*,,
HD 204815,*,,
HD 204886,Pe*,,
HD 205011,SB*,,
HD 205060,Be*,,
HD 205072,*,,
HD 205116,SB*,,
HD 205196,s*b,,
HD 205419,*,,
HD 205496,*,,
HD 205541,**,0.005,0.0
HD 205697,*,,
HD 205776,*,,
HD 205805,HS*,,
HD 206144,Pu*,,
HD 206267,Y*O,,
HD 206512,**,0.0017,0.0
HD 206673,SB*,,
HD 206698,SB*,,
HD 206897,*,,
HD 206898,Pe*,,
HD 207086,PM*,,
HD 207134,PM*,,
HD 207183,*,,
HD 207198,Y*?,,
HD 207220,*,,
HD 207308,*,,
HD 207416,*,,
HD 207431,*,,
HD 207585,SB*,,
HD 207663,**,0.0067,0.0
HD 207760,PM*,,
HD 207782,**,,
HD 207826,SB*,,
HD 208223,*,,
HD 208341,**,0.0067,0.0
HD 208377,**,,
HD 208606,*,,
HD 208610,**,,
HD 208686,*,,
HD 208700,*,,
HD 208728,*,,
HD 208839,*,,
HD 209005,*,,
HD 209290,PM*,,
HD 209309,*,,
HD 209443,PM*,,
HD 209470,*,,
HD 209693,*,,
HD 209994,*,,
HD 210351,*,,
HD 210444,**,,
HD 210460,**,,
HD 210640,PM*,,
HD 210803,SB*,,
HD 210809,s*b,,
HD 210855,PM*,,
HD 210889,PM*,,
HD 211006,PM*,,
HD 211076,PM*,,
HD 211110,*,,
HD 211319,*,,
HD 211356,*,,
HD 211374,*,,
HD 211407,**,,
HD 211476,PM*,,
HD 211564,WR*,,
HD 211771,**,0.0017,0.0
HD 211853,WR*,,
HD 211954,SB*,,
HD 211984,*,,
HD 212455,Pu*,,
HD 212900,**,,
HD 212978,**,,
HD 213085,*,,
HD 213232,*,,
HD 213930,PM*,,
HD 214197,Em*,,
HD 214202,*,,
HD 214850,SB*,,
HD 214930,*,,
HD 215141,*,,
HD 215191,*,,
HD 215242,**,,
HD 215730,**,,
HD 215835,SB*,,
HD 216135,HS*,,
HD 216266,PM*,,
HD 216534,*,,
HD 216629,Ae*,,
HD 216730,*,,
HD 216787,*,,
HD 216899,PM*,,
HD 217050,Be*,,
HD 217061,Be*,,
HD 217086,Y*O,,
HD 217157,PM*,,
HD 217294A,PM*,,
HD 217463,SB*,0.01,0.0
HD 217543,Be*,,
HD 217850,PM*,,
HD 217924,SB*,,
HD 218066,Be*,0.0083,0.0
HD 218229,*,,
HD 218344,*,,
HD 218393,Be*,,
HD 218407,SB*,,
HD 218660,*,,
HD 218674,Be*,0.0033,0.0
HD 218759,PM*,,
HD 218792,*,,
HD 219134,PM*,,
HD 219188,*,,
HD 219339,*,,
HD 219460,**,,
HD 219460A,*,,
HD 219509,PM*,,
HD 219889,PM*,,
HD 219939,*,,
HD 220096,Er*,,
HD 220334,**,,
HD 220794,**,,
HD 221260,*,,
HD 221264,**,0.0017,0.0
HD 222105,*,,
HD 222143,BY*,,
HD 222259A,RS*,,
HD 222618,*,,
HD 222797,SB*,,
HD 222909,**,0.0033,0.0
HD 223501,Be*,,
HD 223906,SB*,,
HD 223963,*,,
HD 224085,RS*,,
HD 224155,*,,
HD 224224,*,,
HD 224399,*,,
HD 224424,Be*,,
HD 224514,*,,
HD 224948,*,,
HD 225094,s*b,0.0033,0.0
HD 225101,PM*,,
HD 225119,SB*,,
HD 225206,*,,
HD 226106,*,,
HD 226857,Em*,,
HD 226868,HXB,,
HD 227018,*,,
HD 227048,*,,
HD 227547,*,,
HD 227586,*,,
HD 228041,Be*,,
HD 228841,Em*,,
HD 229232,SB*,,
HD 229238,s*b,,
HD 229253,*,,
HD 230780,Em*,,
HD 231520,**,,
HD 232552,Be*,,
HD 232971,Em*,,
HD 232999,Em*,,
HD 233622,*,,
HD 233841,**,,
HD 235683,Em*,,
HD 236031,EB*,,
HD 236611,Be*,,
HD 236702,*,,
HD 236894,*,,
HD 236917,Em*,,
HD 236928,*,,
HD 236935,Be*,,
HD 236954,*,,
HD 236957,*,,
HD 236971,*,,
HD 237011,*,,
HD 237015,Pu*,,
HD 237060,Be*,,
HD 237153,s*b,,
HD 238417,*,,
HD 238676,RB?,,
HD 239683,*,,
HD 239722,*,,
HD 239758,Be*,,
HD 240152,SB*,,
HD 240171,*,,
HD 243780,*,,
HD 244524,Ae*,,
HD 245581,*,,
HD 245770,HXB,,
HD 246878,Be*,,
HD 247221,Em*,,
HD 247224,C*,,
HD 247377,*,,
HD 247525,Em*,,
HD 248434,bC?,,
HD 248753,Be*,,
HD 249384,*,,
HD 249695,Be*,,
HD 250034,*,,
HD 250282,*,,
HD 250289,Be*,,
HD 250306,*,,
HD 250956,*,,
HD 251670,*,,
HD 251737,LP?,,
HD 252200,*,,
HD 252289,*,,
HD 252949,*,,
HD 253021,bC*,,
HD 254755,**,0.0033,0.0
HD 255091,*,,
HD 255413,*,,
HD 255464,*,,
HD 256575,Em*,,
HD 256940,*,,
HD 257761,*,,
HD 257966,PM*,,
HD 257971,*,,
HD 258583,a2*,,
HD 258686,**,,
HD 258825,*,,
HD 258985,*,,
HD 259238,Y*O,,
HD 259431,Ae*,,
HD 259440,HXB,,
HD 259481,Be*,,
HD 259597,Be*,,
HD 259919,*,,
HD 260022,*,,
HD 260986,*,,
HD 261307,*,,
HD 261490,*,,
HD 261938,Y*O,,
HD 262013,Y*O,,
HD 262110,Y*O,,
HD 262647,*,,
HD 263127,*,,
HD 263775,*,,
HD 263893,*,,
HD 264111,*,,
HD 264862,*,,
HD 265627,*,,
HD 266432,*,,
HD 267277,*,,
HD 268726,s*b,0.45,0.45
HD 268867,*,,
HD 269073,*,,
HD 269227,WR*,,
HD 269310,Pe*,,
HD 269327,Em*,,
HD 269373,*,,
HD 269445,WR*,,
HD 269549,WR*,,
HD 269620,*,,
HD 269660,s*b,0.01,0.0
HD 269698,s*b,,
HD 269700,s*b,,
HD 269726,*,,
HD 269810,Em*,,
HD 269828,WR*,0.9,0.8
HD 269858,s*b,,
HD 269891,WR*,,
HD 269921,Er*,,
HD 269923,*,,
HD 270019,pA?,,
HD 270145,s*b,,
HD 270149,WR*,,
HD 271164,*,,
HD 271175,PM*,,
HD 273845,Pe*,,
HD 279899,Y*O,,
HD 280377,Em*,,
HD 281159,Y*O,,
HD 281192,Em*,,
HD 282630,Or*,,
HD 282965,SB*,,
HD 282971,PM*,,
HD 282973,PM*,,
HD 283447,Or*,,
HD 283572,Or*,,
HD 283750,BY*,,
HD 283812,*,,
HD 284155,PM*,,
HD 285329,*,,
HD 285488,PM*,,
HD 285571,PM*,,
HD 285630,PM*,,
HD 285665,PM*,,
HD 285740,PM*,,
HD 285742,BY*,,
HD 285754,PM*,,
HD 285757,Em*,,
HD 285773,BY*,,
HD 285780,PM*,,
HD 285814,Em*,,
HD 285816,PM*,,
HD 285828,SB*,,
HD 285830,Em*,,
HD 285837,PM*,,
HD 285844,SB*,,
HD 285847,PM*,,
HD 285848,*,,
HD 285931,SB*,0.0033,0.0
HD 286589,**,,
HD 286598,Em*,,
HD 286891,PM*,,
HD 286898,SB*,,
HD 286900,PM*,,
HD 288940,Em*,,
HD 289002,*,,
HD 289126,Em*,,
HD 289462,*,,
HD 290497,*,,
HD 290672,*,,
HD 290787,*,,
HD 290813,*,,
HD 290861,Y*O,0.009065,0.0
HD 290861A,EB*,,
HD 290862,Y*O,,
HD 294225,*,,
HD 294258,*,,
HD 294261,SB*,,
HD 294265,Y*O,,
HD 294295,*,,
HD 294297,*,,
HD 294298,Y*O,,
HD 295456,*,,
HD 296469,Em*,,
HD 298298,Be*,,
HD 298369,Be*,,
HD 298383,*,,
HD 298429,*,,
HD 298647,*,,
HD 300158,*,,
HD 300168,*,,
HD 302214,*,,
HD 302501,*,,
HD 303075,Be*,,
HD 303108,*,,
HD 303182,*,,
HD 303209,*,,
HD 303304,*,,
HD 303309,*,,
HD 303316,SB*,0.178,0.178
HD 303492,Em*,,
HD 303558,*,,
HD 304260,Em*,,
HD 305267,*,,
HD 305515,**,,
HD 305560,s*b,,
HD 305773,Em*,,
HD 305858,**,,
HD 305921,*,,
HD 306050,*,,
HD 306054,*,,
HD 306058,*,,
HD 306096,EB*,,
HD 306157,Pu*,,
HD 306158,*,,
HD 306165,*,,
HD 306171,*,,
HD 306182,*,,
HD 306545,*,,
HD 306608,*,,
HD 306622,*,,
HD 306742,*,,
HD 307918,*,,
HD 307934,*,,
HD 307937,*,,
HD 307942,*,,
HD 308075,*,,
HD 308148,*,,
HD 308604,*,,
HD 308685,SB*,,
HD 308775,*,,
HD 312893,*,,
HD 312973,Be*,,
HD 313315,*,,
HD 313618,*,,
HD 313643,WR*,,
HD 313829,*,,
HD 313853,*,,
HD 313930,*,,
HD 314027,Or*,,
HD 314049,*,,
HD 314218,*,,
HD 314295,*,,
HD 314369,*,,
HD 314900,Or*,,
HD 315024,Y*O,,
HD 315025,Y*O,,
HD 315026,Y*O,,
HD 315029,Y*O,,
HD 315179,*,,
HD 315384,*,,
HD 315643,*,,
HD 316204,*,,
HD 316341,Be*,,
HD 316359,Em*,,
HD 316393,*,,
HD 316789,*,,
HD 316950,Em*,,
HD 317013,*,,
HD 317442,*,,
HD 318139,WR*,,
HD 318945,*,,
HD 319139,SB*,,
HD 319703,*,,
HD 320102,WR*,,
HD 320103,Em*,,
HD 320769,*,,
HD 320854,*,,
HD 320855,*,,
HD 320861,SB*,,
HD 320862,*,,
HD 320867,*,,
HD 320876,*,,
HD 321133,*,,
HD 324174,*,,
HD 325367,Or*,,
HD 325536,*,,
HD 325565,*,,
HD 326306,*,,
HD 326309,Y*?,,
HD 326328,SB*,,
HD 326331,SB*,,
HD 326476,*,,
HD 328402,Em*,,
HD 329268,*,,
HD 330950,Be*,,
HD 331539,Pu*,,
HD 332541,*,,
HD 332848,Em*,,
HD 333424,Be*,,
HD 333452,Be*,,
HD 334840,SB*,,
HD 335139,*,,
HD 336332,*,,
HD 336881,*,,
HD 338808,HS*,,
HD 340279,Pe*,,
HD 343751,Pu*,,
HD 344313,Be*,,
HD 344912,*,,
HE 1013-0505,WD*,,
HG 7-124,PM*,,
HG 7-128,**,,
HG 7-138,PM*,,
HG 7-163,PM*,,
HG 7-169,PM*,,
HG 7-179,PM*,,
HG 7-199,PM*,,
HG 7-201,PM*,,
HG 7-206,PM*,,
HG 7-209,PM*,,
HG 7-212,PM*,,
HG 7-232,BY*,,
HG 7-235,PM*,,
HG 7-240,PM*,,
HG 7-244,PM*,,
HG 7-247,PM*,,
HG 7-249,PM*,,
HG 7-252,PM*,,
HG 7-64,PM*,,
HG 8-39,Er*,,
HGBS J053805.2-014513,Y*O,0.38333333,0.33333334
HGBS J055146.1+024829,Y*O,0.3,0.3
HGBS J162627.6-242359,cor,0.95,0.4
HGGK    5,HII,,
HGGK    6,HII,,
HGGK    9,HII,,
HGGK   16,HII,,
HGGK   24,HII,,
HGGK   44,HII,,
HGGK   64,HII,,
HGGK   73,HII,,
HGGK   97,HII,,
HGGK  104,HII,,
HGGK  108,HII,,
HGGK  120,HII,,
HGGK  126,HII,,
HGGK  134,HII,,
HGGK  141,HII,,
HGGK  144,HII,,
HGGK  159,HII,,
HGGK  172,HII,,
HGGK  180,HII,,
HGGK  186,HII,,
HGGK  199,HII,,
HGGK  202,HII,,
HGGK  211,HII,,
HGGK  216,HII,,
HGGK  227,HII,,
HGGK  237,HII,,
HGGK  238,HII,,
HGGK  241,HII,,
HGGK  244,HII,,
HGGK  251,HII,,
HGGK  265,HII,,
HGGK  274,HII,,
HGGK  278,HII,,
HGGK  312,HII,,
HGGK  316,HII,,
HGGK  327,HII,,
HGGK  338,HII,,
HGGK  353,HII,,
HGGK  368,HII,,
HGGK  369,HII,,
HGGK  372,HII,,
HGGK  377,HII,,
HGGK  394,HII,,
HGGK  408,HII,,
HGGK  431,HII,,
HGGK  453,HII,,
HGGK  455,HII,,
HGGK  458,HII,,
HGGK  462,HII,,
HGGK  500,HII,,
HGGK  504,HII,,
HGGK  508,HII,,
HGGK  526,HII,,
HGGK  531,HII,,
HGGK  552,HII,,
HGGK  554,HII,,
HGGK  560,HII,,
HGGK  563,HII,,
HGGK  569,HII,,
HGGK  573,HII,,
HGGK  579,HII,,
HGGK  605,HII,,
HGGK  628,HII,,
HGGK  639,HII,,
HGGK  647,HII,,
HGGK  662,HII,,
HGGK  667,HII,,
HGGK  681,HII,,
HGGK  695,HII,,
HGGK  704,HII,,
HGGK  705,HII,,
HGGK  711,HII,,
HGGK  712,HII,,
HGGK  715,HII,,
HGGK  734,HII,,
HGGK  735,HII,,
HGGK  762,HII,,
HGGK  775,HII,,
HGGK  783,HII,,
HGGK  804,HII,,
HGGK  808,HII,,
HGGK  842,HII,,
HGGK  843,HII,,
HGGK  852,HII,,
HGGK  856,HII,,
HGGK  857,HII,,
HGGK  859,HII,,
HGGK  860,HII,,
HGGK  862,HII,,
HGGK  864,HII,,
HGGK  884,HII,,
HGGK  885,HII,,
HGGK  893,HII,,
HGGK  916,HII,,
HGGK  932,HII,,
HGGK  947,HII,,
HGGK  948,HII,,
HGGK  958,HII,,
HGGK  959,HII,,
HGGK  965,HII,,
HGGK  966,HII,,
HGGK  968,HII,,
HGGK  976,HII,,
HGGK  982,HII,,
HGGK  985,HII,,
HGGK  991,HII,,
HGGK  998,HII,,
HGGK  999,HII,,
HGGK 1021,HII,,
HGGK 1047,HII,,
HGGK 1052,HII,,
HGGK 1053,HII,,
HGGK 1059,HII,,
HGGK 1067,HII,,
HGGK 1069,HII,,
HGGK 1077,HII,,
HGGK 1080,HII,,
HGGK 1107,HII,,
HGGK 1121,HII,,
HGGK 1127,HII,,
HGGK 1141,HII,,
HGGK 1144,HII,,
HGGK 1147,HII,,
HGGK 1149,HII,,
HGGK 1174,HII,,
HGGK 1177,HII,,
HGGK 1195,HII,,
HGGK 1202,HII,,
HGGK 1203,HII,,
HGGK 1206,HII,,
HGGK 1225,HII,,
HGGK 1241,HII,,
HGGK 1242,HII,,
HGGK 1246,HII,,
HGGK 1247,HII,,
HGGK 1259,HII,,
HH    2G,HH,,
HH    2L,HH,,
HH   1,HH,,
HH   10,HH,0.127,0.127
HH   11,HH,,
HH   1A,HH,,
HH   2,HH,,
HH   24A,HH,,
HH   29,HH,,
HH   2A,HH,,
HH   2B,HH,,
HH   2C,HH,,
HH   2E,HH,0.433,0.234
HH   2H,HH,,
HH   33,HH,1.0,0.0
HH   34,HH,,
HH   34B,HH,,
HH   34D,HH,,
HH   85B1,HH,,
HH   9,HH,,
HH  111P,HH,,
HH  12,HH,,
HH  12D,HH,,
HH  12F,HH,,
HH  136,HH,,
HH  15A,HH,,
HH  17,Y*O,,
HH  18,HH,,
HH  199R1,HH,,
HH  199R2,HH,,
HH  200B5,HH,,
HH  211,Y*O,1.1,0.6
HH  24,HH,,
HH  24E,HH,,
HH  26,HH,,
HH  28,HH,,
HH  31B,HH,,
HH  31C,HH,,
HH  32A,HH,,
HH  32B,HH,,
HH  32C,HH,,
HH  32D,HH,,
HH  34X,HH,,
HH  366E1,HH,,
HH  393,HH,,
HH  39A,HH,,
HH  39D,HH,,
HH  40,HH,,
HH  41,HH,,
HH  43,HH,,
HH  47,HH,,
HH  47A,HH,,
HH  47AN,HH,,
HH  47AS,HH,,
HH  47C,HH,,
HH  47D,HH,,
HH  51,HH,,
HH  52,HH,,
HH  53A,HH,,
HH  54,HH,,
HH  54A,HH,,
HH  54D,HH,,
HH  57,HH,,
HH  62B,HH,,
HH  64,HH,,
HH  80,HH,,
HH  83,HH,,
HH  83B,HH,0.457,0.265
HH  83F,HH,,
HH  85C,HH,,
HH  85D,HH,,
HH  85E,HH,,
HH  86,HH,,
HH  86B,HH,,
HH  86C,HH,,
HH  91O,HH,,
HH  99,HH,,
HH 100,HH,,
HH 101,HH,,
HH 101N,HH,,
HH 103,*,,
HH 104A,*,,
HH 105,HH,,
HH 110,HH,,
HH 110B,HH,,
HH 111,HH,,
HH 111V,HH,,
HH 126,HH,,
HH 126A,HH,,
HH 130B,HH,,
HH 130C,HH,,
HH 144A,HH,,
HH 144B,HH,,
HH 145B,HH,,
HH 145C,HH,,
HH 145E,HH,,
HH 146,HH,,
HH 168,HH,,
HH 171D,HH,,
HH 173A,HH,,
HH 192,HH,,
HH 201,HH,,
HH 204,HH,,
HH 207,HH,,
HH 246,HH,,
HH 285,HH,,
HH 291,HH,,
HH 295A,HH,,
HH 311,HH,,
HH 315F,HH,,
HH 323,HH,,
HH 332A,HH,,
HH 335A,HH,,
HH 344A,HH,,
HH 345,HH,,
HH 355A,HH,,
HH 362,HH,,
HH 391,HH,,
HH 392A,HH,,
HHL  5,HII,,
HIJASS J0443+75,G,,
HIP 40721,*,,
HJM E  4-3,Or*,,
HK IC 2574   3,HII,,
HK IC 2574  20,HII,,
HK NGC 1569   4,HII,,
HK NGC 1569   7,HII,,
HK NGC 3031 343,HII,,
HK NGC 4736   8,HII,,
HK NGC 6946   3,HII,,
HNM   178,EmG,,
HNM   561,EmG,,
HNM   575,G,,
HNM  1266,G,,
HNM  1474,EmG,,
HNM  1538,G,,
HRW  3,LP?,,
HS 1440+7518,WD*,,
HS 1700+6416,QSO,,
HSK 23,HII,,
HSNH   6,Rad,,
HSNH  13,Rad,,
HW 55,Cl*,1.0,1.0
HZ  9,**,,
HZ 10,WD*,,
HZ 14,WD*,,
HZ 21,WD*,,
HZ 24,*,,
HZ 39,HS*,,
HZ 44,HS*,,
Hanes   II-105,GlC,,
Haro 1-1,Or*,,
Haro 1-14,Or*,,
Haro 1-4,Or*,0.13333334,0.13333334
Haro 1-6,Or*,,
Haro 4-107,Or*,,
Haro 4-121,TT*,,
Haro 4-14,TT*,,
Haro 4-15,TT*,,
Haro 4-197,Y*O,,
Haro 4-205,TT*,,
Haro 4-243,Or*,,
Haro 4-248,Or*,,
Haro 4-249,Or*,,
Haro 4-327,Or*,,
Haro 4-342,TT*,,
Haro 4-387,Or*,,
Haro 4-438,Or*,,
Haro 4-59,TT*,,
Haro 4-75,Or*,,
Haro 6-13,TT*,,
Haro 6-37,Or*,,
Haro 6-48,Or*,,
Haro 6-51,Or*,,
Haro 6-56,Or*,,
Haro 7-5,Em*,,
HaroChavira   6,*,,
Hen 1-5,pA*,0.6,0.6
Hen 2-149,PN,0.05,0.05
Hen 2-178,PN,,
Hen 2-427,WR*,2.007,2.007
Hen 2-437,PN,0.59,0.16
Hen 3-1475,PN,,
Hen 3-854,Or*,,
Hetzler    I  2,Mi*,,
Hetzler    V 13,S*,,
Hetzler   IV  2,AB*,,
Hetzler  III  1,AB*,,
Hn  6,Or*,,
Hn 15,Y*O,,
Hn 26,Y*O,,
Hu  6,HI,,
Hu  8,HI,,
Hu 13,HI,,
IC   10,rG,8.0,7.0
IC   18,EmG,0.909063,0.463804
IC   45,GiG,1.06886,0.306977
IC   49,EmG,1.26629,0.977069
IC   51,AG?,1.27206,1.03736
IC   53,rG,1.06988,0.875162
IC   59,RNe,,
IC   63,HII,,
IC   64,rG,1.05881,0.768063
IC  115,Sy1,0.547,0.492
IC  131,HII,,
IC  133,HII,,
IC  161,AG?,0.968437,0.525183
IC  200,GiG,1.34056,1.21817
IC  239,GiG,1.053,0.969
IC  289,PN,0.76454663,0.76454335
IC  309,GiG,0.73,0.686
IC  310,AGN,0.947,0.909
IC  320,GiG,0.837,0.653
IC  342,AGN,21.88,20.89
IC  346,GiG,2.13037,1.47784
IC  348,OpC,480.0,480.0
IC  348    1,*,,
IC  348    7,*,,
IC  348   14,PM*,,
IC  348a,Cl*,,
IC  348f,Cl*,,
IC  349,RNe,,
IC  351,PN,0.213,0.213
IC  356,AG?,,
IC  361    7,*,,
IC  361   14,*,,
IC  364,GiG,0.543,0.402
IC  365,GiG,0.77,0.477
IC  391,AG?,0.943,0.868
IC  392,GiC,0.513,0.359
IC  404,GiC,0.73,0.526
IC  405,Rad,,
IC  418,PN,0.26287332,0.261415
IC  420,RNe,,
IC  423,MoC,6.0,3.5
IC  427,?,,
IC  430,RNe,,
IC  431,RNe,,
IC  432,RNe,,
IC  443,SNR,45.0,25.0
IC  443C,PoC,,
IC  443G,PoC,,
IC  450,Sy1,1.2911,0.79635
IC  454,AG?,1.21,0.702
IC  475,AG?,0.8416,0.533743
IC  485,SyG,1.37413,0.385444
IC  528,AG?,1.29524,0.588296
IC  564,GiG,1.89397,0.589973
IC  709,GiG,0.893483,0.807888
IC  711,LIN,0.473,0.435
IC  737,GiG,0.437,0.341
IC  742,GiG,1.22246,0.921977
IC  746,EmG,1.09317,0.438251
IC  749,GiP,2.18941,1.76379
IC  769,GiG,2.20932,1.32581
IC  776,EmG,1.3587,0.782339
IC  783,GiG,1.35592,1.1467
IC  790,LIN,0.86366,0.582366
IC  794,GiG,1.34299,0.998376
IC  813,AGN,1.5565,0.902928
IC  821,AG?,1.03705,1.03373
IC  826,Sy2,0.726967,0.682622
IC  839,GiG,0.338,0.165
IC  842,GiG,1.58866,0.73253
IC  856,rG,1.16676,0.329143
IC  867,AGN,1.04831,0.87471
IC  874,AG?,0.777,0.668
IC  883,SBG,0.864377,0.555621
IC  885,LIN,1.09811,0.967761
IC  972,PN,0.783,0.783
IC  989,LIN,1.32491,1.13876
IC 1024,GiG,1.36574,0.514063
IC 1042,rG,1.19292,0.967098
IC 1065,Sy2,0.914617,0.713584
IC 1101,rG,2.3009,1.1256
IC 1143,rG,1.37673,1.24732
IC 1192,LIN,0.80823,0.352146
IC 1194,LIN,0.698163,0.499606
IC 1296,LSB,0.487,0.224
IC 1302,GiG,0.67,0.482
IC 1318,HII,,
IC 1318b,ISM,,
IC 1368,Sy2,1.64447,0.562903
IC 1396,OpC,146.0,146.0
IC 1401,AG?,1.8869,0.659661
IC 1459,rG,5.13,3.55
IC 1474,GiG,1.38699,0.667282
IC 1543,GiG,0.890203,0.739047
IC 1559,SyG,1.0,0.58
IC 1586,bCG,0.420587,0.282508
IC 1605,Sy2,1.46879,1.10938
IC 1613,GiC,16.2,14.5
IC 1623A,EmG,,
IC 1639,LSB,0.672997,0.568346
IC 1727,GiP,6.31,2.34
IC 1746,GiG,1.11111,0.383665
IC 1784,GiG,1.077,0.517
IC 1793,GiG,0.88,0.405
IC 1795,HII,3.1,3.1
IC 1795   29,*,,
IC 1805,OpC,13.3,13.3
IC 1805    8,*,,
IC 1805   10,*,,
IC 1805   17,*,,
IC 1805   23,*,,
IC 1805   29,*,,
IC 1805   31,*,,
IC 1805   58,*,,
IC 1805   64,*,,
IC 1805  115,Y*O,,
IC 1805  152,Y*O,,
IC 1805  154,Y*O,,
IC 1805  155,Y*O,,
IC 1805  175,Y*O,,
IC 1805  187,Y*O,,
IC 1805  227,Y*O,,
IC 1805  262,*,,
IC 1805  272,*,,
IC 1805  283,*,,
IC 1805  324,*,,
IC 1826,EmG,1.80355,1.49695
IC 1848,OpC,24.0,24.0
IC 1869,GiG,0.735467,0.320516
IC 1913,EmG,1.83488,0.389361
IC 1929,G,0.941303,0.618436
IC 1946,GiC,0.627,0.326
IC 1954,GiG,3.39284,1.84367
IC 1961,EmG,0.578407,0.409801
IC 1962,GiG,1.55486,0.480763
IC 1970,Sy2,3.06237,0.925141
IC 1971,G,0.75918,0.402441
IC 2006,EmG,2.15951,1.89648
IC 2007,EmG,1.39594,0.745015
IC 2082,rG,1.76598,1.02268
IC 2140,Cl*,2.3,2.3
IC 2146,Cl*,3.3,3.3
IC 2149,PN,0.433,0.347
IC 2150,AG?,3.93609,1.08912
IC 2162,HII,3.0,3.0
IC 2165,PN,0.14666666,0.14596333
IC 2177,RNe,,
IC 2188,G,,
IC 2204,Sy1,0.97202,0.929154
IC 2209,GiP,1.06038,0.822113
IC 2212,LIN,0.814603,0.77982
IC 2348,Sy2,0.677273,0.371688
IC 2391,OpC,97.7,97.7
IC 2402,LIN,0.94156,0.794018
IC 2428,EmG,1.91338,0.466292
IC 2490,LIN,1.06024,0.735279
IC 2496,G,0.664633,0.420314
IC 2522,Sy2,1.087,0.869
IC 2560,Sy2,1.91,0.802
IC 2561,AG?,1.00711,0.55945
IC 2574,AG?,7.19357,2.39114
IC 2602,OpC,173.9,173.9
IC 2604,GiP,1.0287,0.817711
IC 2608,GiP,0.834007,0.365879
IC 2627,EmG,1.333,0.907
IC 2787,GiG,0.688417,0.684424
IC 2810,rG,1.0465,0.367948
IC 2850,GiG,0.718937,0.339769
IC 2857,GiG,1.78086,0.24843
IC 2943,H2G,0.441367,0.402394
IC 2946,G,0.66501,0.655567
IC 2952,AGN,0.553157,0.322269
IC 2966,RNe,,
IC 2968,Sy2,0.829327,0.417317
IC 2981,GiG,0.532767,0.424082
IC 2993,GiG,0.582003,0.244034
IC 2995,EmG,1.847,0.554
IC 3019,GiG,1.4857,1.25066
IC 3044,GiG,1.6196,0.738377
IC 3061,GiG,2.70029,0.504684
IC 3074,AG?,1.66496,0.454201
IC 3077,GiG,1.2555,0.821097
IC 3094,GiG,0.7684,0.679727
IC 3097,AG?,0.83768,0.590062
IC 3100,LSB,1.55754,0.499035
IC 3105,AG?,1.03937,0.309732
IC 3118,AG?,1.61013,0.670619
IC 3148,GiG,0.69895,0.569504
IC 3171,LIN,1.05269,0.80015
IC 3322,GiG,2.28485,0.529401
IC 3330,GiC,1.28768,0.548682
IC 3370,Sy2,1.713,1.439
IC 3392,GiC,3.94513,1.65735
IC 3406,GiC,0.704163,0.463269
IC 3412,GiG,0.816263,0.379154
IC 3413,GiG,1.44726,0.819873
IC 3414,GiG,1.5996,0.890815
IC 3425,GiC,0.8329,0.359313
IC 3430,AG?,1.04629,0.362121
IC 3457,GiG,1.20434,0.758853
IC 3459,GiG,1.01125,0.79484
IC 3461,GiG,0.80763,0.677359
IC 3465,GiC,0.503203,0.35345
IC 3475,LSB,1.36807,1.12989
IC 3476,GiC,1.73626,1.31105
IC 3481,LIN,1.07815,0.976154
IC 3501,GiG,0.86813,0.785744
IC 3510,GiG,0.847497,0.761984
IC 3518,GiG,1.62249,0.748455
IC 3522,GiP,0.918387,0.428427
IC 3524,LSB,0.154107,0.150886
IC 3528,Sy1,0.397,0.389
IC 3557,rG,0.473,0.369
IC 3568,PN,0.35,0.315
IC 3591,bCG,1.2334,0.642601
IC 3615,G,1.1288,0.343267
IC 3693,GiG,0.745123,0.518904
IC 3710,LSB,0.434703,0.306292
IC 3720,GiC,1.30673,0.558235
IC 3779,GiG,0.94583,0.544514
IC 3813,GiG,0.95,0.741
IC 3862,AG?,0.649417,0.368219
IC 3947,AG?,0.533923,0.356394
IC 3949,AGN,0.867,0.173
IC 3957,GiC,0.521053,0.476972
IC 3998,G,0.588997,0.43574
IC 4032,GiG,0.73955,0.541055
IC 4040,EmG,0.740253,0.294473
IC 4045,AGN,0.738973,0.489865
IC 4051,EmG,1.3188,0.915775
IC 4088,AGN,1.81779,0.546065
IC 4106,GiG,0.533,0.288
IC 4111,GiC,0.793353,0.380492
IC 4133,GiG,0.640327,0.580584
IC 4176,GiG,1.557,0.996
IC 4182,BiC,3.22267,2.84562
IC 4191,PN,0.069829,0.06944683
IC 4202,EmG,2.12648,0.327266
IC 4251,EmG,0.59,0.401
IC 4269,rG,1.01646,0.775968
IC 4329,BiC,2.07,1.242
IC 4370,G,0.37,0.30333334
IC 4386,AG?,2.75,1.51
IC 4553,SyG,1.25991,0.991045
IC 4578,AG?,1.037,0.394
IC 4585,Sy1,1.143,0.64
IC 4593,PN,0.20966166,0.20858167
IC 4605,GNe,,
IC 4647,AG?,0.75,0.36
IC 4651    2,*,,
IC 4651    8,*,,
IC 4651   20,*,,
IC 4651   22,*,,
IC 4651   35,*,,
IC 4651   43,*,,
IC 4651   59,*,,
IC 4651   62,*,,
IC 4651   94,*,,
IC 4651   97,SB*,,
IC 4651  102,*,,
IC 4651  109,*,,
IC 4651  116,*,,
IC 4651  127,*,,
IC 4651  153,*,,
IC 4654,Sy2,1.267,0.811
IC 4662,bCG,1.183,1.136
IC 4665,OpC,60.7,60.7
IC 4677,PN,1.202,0.776
IC 4688,AG?,0.687,0.632
IC 4710,AG?,3.39,2.75
IC 4712,EmG,1.35,0.702
IC 4725   41,*,,
IC 4725   60,*,,
IC 4725   62,*,,
IC 4725   81,*,,
IC 4725   84,*,,
IC 4725   88,PM*,,
IC 4725  107,*,,
IC 4725  132,*,,
IC 4725  144,*,,
IC 4725  161,*,,
IC 4725  182,*,,
IC 4735,GiC,0.573,0.413
IC 4738,AG?,0.617,0.407
IC 4741,GiG,1.12,0.739
IC 4769,Sy2,0.777,0.373
IC 4778,Sy2,0.743,0.55
IC 4790,GiG,0.91,0.564
IC 4794,GiG,0.75,0.465
IC 4805,GiG,1.073,0.258
IC 4808,AG?,1.293,0.569
IC 4817,EmG,0.597,0.239
IC 4837,AG?,2.29,1.29
IC 4845,Sy1,1.207,0.893
IC 4857,Sy2,0.687,0.536
IC 4864,AG?,1.36,0.354
IC 4869,EmG,0.453,0.272
IC 4901,GiG,2.5013,1.96027
IC 4936,EmG,0.547,0.219
IC 4964,EmG,0.477,0.276
IC 4968,EmG,0.767973,0.553402
IC 4979,G,0.967917,0.83086
IC 4997,PN,0.048803333,0.045776
IC 5032,Sy2,0.44,0.299
IC 5034,Sy2,1.26401,0.647805
IC 5052,G,6.46,0.98
IC 5063,Bla,2.27288,1.76058
IC 5070,HII,,
IC 5084,Sy2,2.54354,1.16698
IC 5117,PN,0.033333335,0.032659832
IC 5146,OpC,8.2,8.2
IC 5146    4,Or*,,
IC 5146    9,*,,
IC 5146   19,*,,
IC 5146   20,*,,
IC 5146   28,*,,
IC 5146   31,RS*,,
IC 5146   35,*,,
IC 5146   38,*,,
IC 5146   41,*,,
IC 5146   75,*,,
IC 5152,rG,5.81441,3.24211
IC 5179,Sy1,1.707,0.819
IC 5192,G,0.31,0.217
IC 5242,EmG,0.859287,0.719395
IC 5249,AG?,0.67,0.174
IC 5252,Sy2,0.75,0.585
IC 5264,Sy2,1.897,0.455
IC 5267,Sy2,4.39226,3.2797
IC 5272,AG?,0.886377,0.735515
IC 5277,Sy2,0.462047,0.427116
IC 5279,Sy2,0.767,0.261
IC 5283,GiP,0.663,0.371
IC 5328,AG?,3.10878,2.08506
IC 5357,GiG,0.913,0.603
ICRF J000559.2+160949,Sy1,,
ICRF J001939.7+260252,Bla,,
ICRF J002127.3+731241,rG,,
ICRF J002225.4+001456,Sy2,,
ICRF J002641.7+350842,Sy2,,
ICRF J003726.0+110950,QSO,,
ICRF J005833.8+062006,Bla,,
ICRF J010946.3+613330,Bla,,
ICRF J011818.4+025805,Sy1,,
ICRF J012141.5+114950,Bla,1.1833334e-05,5.3333333e-06
ICRF J013324.6+242741,Sy1,,
ICRF J013957.3+013146,Sy1,0.13,0.13
ICRF J014310.1-320056,BLL,,
ICRF J015002.6-072548,Sy1,0.213,0.183
ICRF J015402.7+082351,BLL,,
ICRF J020157.1-113233,Sy1,,
ICRF J020213.6-762003,Sy1,,
ICRF J021310.5+182025,Bla,,
ICRF J021555.0+052425,QSO,,
ICRF J021603.1-520012,rG,,
ICRF J021717.1+083703,BLL,,
ICRF J023945.4-023440,Bla,1.1666667e-05,4.666667e-06
ICRF J025745.6+184705,BLL,,
ICRF J031814.4-002948,rG,,
ICRF J031857.8+162832,Sy2,,
ICRF J031951.2+190131,Bla,,
ICRF J041045.6+765645,rG,,
ICRF J041340.3+111214,Sy2,,
ICRF J041610.0-340303,rG,,
ICRF J045608.9-215909,Bla,,
ICRF J050258.4+251625,Sy2,,
ICRF J050321.1+020304,Sy2,,
ICRF J052109.8+163822,Sy1,,
ICRF J053631.9+094420,QSO,,
ICRF J054236.1+495107,Sy1,0.25,0.22
ICRF J060510.1+093913,QSO,,
ICRF J061024.2+780136,rG,,
ICRF J064326.4+085738,rG,,
ICRF J064524.0+212151,Sy2,,
ICRF J065611.1-032306,Bla,,
ICRF J072448.4+030825,Bz?,,
ICRF J072810.8+674847,Sy1,,
ICRF J073256.2+254838,Bla,,
ICRF J074541.6+314256,Sy1,,
ICRF J075807.6+113646,Sy1,,
ICRF J081522.9+015459,Sy1,,
ICRF J081950.5+753839,Sy2,,
ICRF J083454.9+553421,Bla,0.331507,0.180969
ICRF J083615.7+005300,Bla,,
ICRF J083915.8+285038,Sy2,0.827127,0.686184
ICRF J084047.5+131223,Bla,1.1666667e-05,4.833333e-06
ICRF J084756.7-070316,BLL,,
ICRF J090933.4+425346,Bla,,
ICRF J092751.8-203451,Bla,,
ICRF J094939.7+175249,Bla,,
ICRF J095738.1+552257,Bla,,
ICRF J100601.7+345410,BLL,0.457687,0.374845
ICRF J103303.7+411606,Bla,,
ICRF J103507.0+562846,Sy2,,
ICRF J104146.7+523328,Bla,,
ICRF J104309.0+240835,BLL,,
ICRF J105829.6+013358,BLL,1.2e-05,5e-06
ICRF J110538.9+020257,BLL,0.203,0.13
ICRF J110715.0+162802,Sy1,,
ICRF J110837.4+081101,Bla,,
ICRF J111036.3+481752,Sy2,,
ICRF J112027.8+142054,Sy2,,
ICRF J113957.0+654749,Sy1,,
ICRF J115032.7+063029,QSO,,
ICRF J120321.9+041419,Sy1,,
ICRF J120913.6+433920,Sy1,,
ICRF J121106.6+182034,QSO,,
ICRF J122454.4+212246,Bla,,
ICRF J124357.6+162253,Sy1,,
ICRF J130036.4+082802,QSO,,
ICRF J130533.0-103319,Bla,1.35e-05,4.5e-06
ICRF J131938.7-004939,Sy1,,
ICRF J133253.2+020045,Sy1,0.117,0.117
ICRF J134551.5-301504,Sy1,,
ICRF J134733.3+121724,Sy2,0.347603,0.297583
ICRF J135014.0-220441,Sy2,,
ICRF J135256.5-441240,BLL,,
ICRF J135605.3-342110,Bla,0.267,0.144
ICRF J140244.5+155956,BLL,,
ICRF J141946.5+542314,BLL,1.0666667e-05,5e-06
ICRF J142230.3+322310,Bla,,
ICRF J142440.5+263730,Sy2,1.01558,0.734465
ICRF J143120.5+395241,Bla,,
ICRF J144302.7+520137,Sy1,0.177,0.131
ICRF J145738.1+074954,Bla,,
ICRF J145907.5+714019,Bla,,
ICRF J150502.3-343256,BLL,,
ICRF J151215.7+020316,Bla,,
ICRF J151640.2+001501,BLL,0.604773,0.452733
ICRF J152122.5+042030,Sy2,0.858653,0.781117
ICRF J154049.4+144745,BLL,,
ICRF J154743.5+205216,Sy1,0.143,0.143
ICRF J155043.5+112047,Bla,,
ICRF J160401.4-222340,rG,,
ICRF J160913.3+264129,Sy2,,
ICRF J163433.8+624535,Sy2,,
ICRF J163813.4+572023,Bla,1.2166666e-05,5.8333335e-06
ICRF J163828.2+623444,Sy2,,
ICRF J170844.6+003509,Bla,,
ICRF J170934.3-172853,QSO,,
ICRF J171914.4+485849,Bla,0.785213,0.753805
ICRF J173735.7-563403,Sy2,0.237,0.137
ICRF J182931.7+484446,Bla,,
ICRF J183503.3+324146,Sy1,0.664903,0.507388
ICRF J183903.6-292048,rG,,
ICRF J184208.9+794617,Bla,0.26,0.218
ICRF J190255.9+315941,Bla,1.15e-05,5.5e-06
ICRF J194431.5+544807,BLL,,
ICRF J194559.3-311138,BLL,,
ICRF J200755.1-443444,Bla,,
ICRF J202206.6+613658,Bla,,
ICRF J202332.8-012342,QSO,,
ICRF J205721.0-071939,QSO,,
ICRF J205941.5-364554,rG,,
ICRF J212100.6+190128,Bla,,
ICRF J212348.5-304605,Bla,,
ICRF J213745.1-143255,Sy1,0.157,0.157
ICRF J213938.1+131613,QSO,,
ICRF J214335.5+174348,Bla,,
ICRF J215934.2-010554,QSO,,
ICRF J220755.2-000215,rG,,
ICRF J221237.9+015251,Sy2,,
ICRF J222951.8+011456,AG?,,
ICRF J225307.3+194234,BLL,,
ICRF J230153.4+060912,QSO,,
ICRF J230302.9-184125,Bla,0.137,0.137
ICRF J232118.2-082721,Bla,,
ICRF J233412.8+073627,Bla,,
ICRF J233612.1-523621,rG,,
ICRF J233757.3-023057,Bla,1.5e-05,5.3333333e-06
ICRF J233807.6+032648,BLL,,
ICRF J235156.1-010913,BLL,0.193,0.151
ICRF J235347.4-303748,BLL,,
ICRF J235409.1-001947,Bla,,
ICRF J235828.8+043024,QSO,,
IFM-B   15,*,,
IFM-B   17,*,,
IFM-B   19,*,,
IFM-B   21,*,,
IFM-B   25,*,,
IFM-B   30,*,,
IFM-B   50,*,,
IFM-B  106,*,,
IFM-B  124,HS?,,
IFM-B  138,*,,
IFM-B  180,*,,
IFM-B  182,*,,
IFM-B  185,*,,
IFM-B  187,*,,
IFM-B  189,*,,
IFM-B  194,*,,
IFM-B  199,*,,
IFM-B  247,*,,
IFM-B  280,*,,
IFM-B  290,*,,
IFM-B  295,*,,
IFM-B  300,EB*,,
IFM-B  302,*,,
IFM-B  303,*,,
IFM-B  305,*,,
IFM-B  306,*,,
IFM-B  309,*,,
IFM-B  315,sg*,,
IFM-B  348,*,,
IFM-B  353,*,,
IFM-B  363,*,,
IFM-B  364,*,,
IFM-B  367,*,,
IFM-B  393,*,,
IFM-B  400,*,,
IFM-B  407,*,,
IFM-B  413,*,,
IFM-B  433,*,,
IFM-B  477,*,,
IFM-B  496,*,,
IFM-B  499,*,,
IFM-B  501,*,,
IFM-B  502,*,,
IFM-B  520,*,,
IFM-B  522,*,,
IFM-B  524,*,,
IFM-B  528,*,,
IFM-B  531,*,,
IFM-B  551,*,,
IFM-B  565,s*b,,
IFM-B  566,*,,
IFM-B  567,*,,
IFM-B  580,*,,
IFM-B  586,*,,
IFM-B  587,*,,
IFM-B  594,*,,
IFM-B  613,*,,
IFM-B  620,EB*,,
IFM-B  641,*,,
IFM-B  652,*,,
IFM-B  658,*,,
IFM-B  671,*,,
IFM-B  692,*,,
IFM-B  693,*,,
IFM-B  711,*,,
IFM-B  716,*,,
IFM-B  756,*,,
IFM-B  759,*,,
IFM-B  768,*,,
IFM-B  770,*,,
IFM-B  811,*,,
IFM-B  814,*,,
IFM-B  822,*,,
IFM-B  829,*,,
IFM-B  854,*,,
IFM-B  860,*,,
IFM-B  893,*,,
IFM-B  894,*,,
IFM-B  896,*,,
IFM-B  902,*,,
IFM-B  907,*,,
IFM-B  924,*,,
IFM-B  928,*,,
IFM-B  930,*,,
IFM-B  964,*,,
IFM-B 1016,*,,
IFM-B 1017,*,,
IFM-B 1021,*,,
IFM-B 1023,*,,
IFM-B 1040,*,,
IFM-B 1047,*,,
IFM-B 1052,*,,
IFM-B 1063,*,,
IFM-B 1083,*,,
IFM-B 1084,*,,
IFM-B 1113,*,,
IFM-B 1148,*,,
IFM-B 1154,*,,
IFM-B 1164,*,,
IFM-B 1167,*,,
IFM-B 1178,*,,
IFM-B 1180,*,,
IFM-B 1204,*,,
IFM-B 1206,*,,
IFM-B 1214,*,,
IFM-B 1227,*,,
IFM-B 1238,*,,
IFM-B 1286,*,,
IFM-B 1297,*,,
IFM-B 1306,*,,
IFM-B 1320,*,,
IFM-B 1335,V*,,
IFM-B 1342,WR*,,
IFM-B 1360,*,,
IFM-B 1365,*,,
IFM-B 1371,*,,
IFM-B 1394,*,,
IFM-B 1407,*,,
IFM-B 1423a,*,,
IFM-B 1443,*,,
IFM-B 1456,*,,
IFM-B 1492,*,,
IFM-B 1501,*,,
IFM-B 1503a,*,,
IFM-B 1519,*,,
IFM-B 1530,*,,
IFM-B 1549,*,,
IFM-B 1552,*,,
IFM-B 1557,*,,
IFM-B 1581,*,,
IFM-B 1585,*,,
IFM-B 1597,*,,
IFM-B 1608,*,,
IFM-B 1622,*,,
IFM-B 1629,*,,
IFM-B 1633,*,,
IFM-B 1638,*,,
IFM-B 1651,*,,
IFM-B 1675,*,,
IFM-B 1689,*,,
IFM-B 1690,*,,
IFM-B 1709,*,,
IFM-B 1711,*,,
IFM-B 1724,*,,
IFM-B 1744,*,,
IFM-B 1758,*,,
IFM-B 1789,*,,
IFM-B 1792,*,,
IFM-B 1797,*,,
IFM-B 1801,*,,
IFM-B 1802,*,,
IFM-B 1803,*,,
IFM-B 1806,*,,
IFM-B 1816,*,,
IFM-B 1834,*,,
IFM-B 1842,*,,
IFM-B 1850,*,,
IFM-B 1863,*,,
IFM-B 1887,*,,
IFM-B 1889,*,,
IFM-B 1905,*,,
IFM-B 1919,*,,
IFM-B 1929,*,,
IFM-B 1936,*,,
IFM-B 1947,*,,
IFM-B 1960,*,,
IFM-B 1968,*,,
IFM-B 1969,*,,
IFM-B 1982,*,,
IFM-B 1984,*,,
IFM-B 1989,*,,
IFM-B 2024,*,,
IFM-B 2029,*,,
IFM-B 2034,*,,
IFM-B 2055,*,,
IFM-B 2063,*,,
IFM-B 2097,HS?,,
IFM-B 2098,*,,
IFM-B 2104,*,,
IFM-B 2106,EB*,,
IFM-R   3,*,,
IFM-R   5,*,,
IFM-R  27,*,,
IFM-R  35,*,,
IFM-R  43,*,,
IFM-R  63,*,,
IFM-R  67,*,,
IFM-R  68,*,,
IFM-R  69,*,,
IFM-R 126,s*r,,
IFM-R 134,*,,
IFM-R 145,s*r,,
IFM-R 152,LP*,,
IFM-R 158,*,,
IFM-R 168,*,,
IFM-R 175,*,,
IFM-R 196,*,,
IFM-R 252,*,,
IFM-R 283,*,,
IFM-R 321,*,,
IFM-R 334,*,,
IFM-R 341,*,,
IFM-R 357,s?r,,
IFM-R 382,*,,
IFM-R 383,*,,
IFM-R 386,*,,
IKT  3,X,,
IRAS 00307+6237,LP*,,
IRAS 00371+0946,FIR,,
IRAS 00560+6037,Cld,,
IRAS 01003-2238,Sy2,,
IRAS 01133+6434,Y*O,0.43,0.258
IRAS 01440+5753,LP*,,
IRAS 01596+5703,LP*,,
IRAS 02171+6058,mul,,
IRAS 02252+6120,Y*O,0.7,0.43333334
IRAS 02310+6133,Cld,,
IRAS 02383+6241,HII,1.057,0.655
IRAS 02408+5458,AB*,,
IRAS 02437+6145,HII,,
IRAS 02476+5950,Cld,,
IRAS 02497+6217,Y*O,0.32,0.23
IRAS 02503+6025,HII,,
IRAS 03043+0812,FIR,,
IRAS 03064+5638,HII,,
IRAS 03078+6046,AB*,,
IRAS 03250+3100,*,,
IRAS 03255+3103,Y*O,0.983,0.983
IRAS 03258+3104,Y*O,,
IRAS 03366+5540,AB?,,
IRAS 03385+5927,C*,,
IRAS 03480+5414,*,,
IRAS 03577+3134,Y*?,,
IRAS 04016+2610,Y*O,,
IRAS 04095-6309,G,0.522843,0.508517
IRAS 04158+2805,Or*,,
IRAS 04200+2759,Or*,,
IRAS 04204+2453,*,,
IRAS 04248+2612,Or*,,
IRAS 04260+2642,Or*,,
IRAS 04287+1807,mul,,
IRAS 04292+2427,LP?,,
IRAS 04361+2547,Y*O,0.45,0.198
IRAS 04368+2557,Y*O,0.017,0.008
IRAS 04381+2540,Y*O,0.21,0.164
IRAS 04441+3231,FIR,,
IRAS 04502-0317,Sy2,0.578257,0.241711
IRAS 05012+2453,*,,
IRAS 05195-6310,G,0.613,0.368
IRAS 05329-0505,Y*O,1.41,0.395
IRAS 05334-0504,IR,,
IRAS 05335-0645,IR,,
IRAS 05339-0626,*,,
IRAS 05339-0646,Or*,0.8666667,0.6
IRAS 05362-0626,FIR,,
IRAS 05365-0735,IR,,
IRAS 05379-0815,*,,
IRAS 05380-0744,Y*O,,
IRAS 05380-0930,FIR,,
IRAS 05381-0817,LP?,,
IRAS 05381-0921,IR,,
IRAS 05385-0807,mul,,
IRAS 05395-0632,IR,,
IRAS 05397-0701,FIR,,
IRAS 05401-0834,FIR,,
IRAS 05407-0845,IR,,
IRAS 05435-0011,Y*O,1.1,0.63
IRAS 05446+0042,Y*O,0.3,0.3
IRAS 05464+0106,Y*O,0.33333334,0.3
IRAS 05552+1720,OH*,,
IRAS 05572+2031,IR,,
IRAS 06040+2958,Or*,,
IRAS 06051+2041,*,,
IRAS 06054+2141,IR,,
IRAS 06069+2142,*,,
IRAS 06110+1847,MIR,,
IRAS 06117+1901,IR,,
IRAS 06121+1221,Cld,,
IRAS 06199+2311,Cld,,
IRAS 06283+1028,mul,,
IRAS 06318+0420,mul,,
IRAS 06322+0427,Cld,,
IRAS 06327+0423,IR,,
IRAS 06447-1635,LP*,,
IRAS 06453-0205,IR,,
IRAS 07334-1842,MIR,,
IRAS 08597-4823,IR,,
IRAS 09149-4743,mul,,
IRAS 09169-4406,IR,,
IRAS 10059-5948,GNe,,
IRAS 10295-1831,Sy1,0.25,0.205
IRAS 10320-5928,HII,,
IRAS 11278-5940,IR,,
IRAS 11513-6403,IR,,
IRAS 12018-1814,G,,
IRAS 12315+0758,GiC,9.64149,3.32246
IRAS 13158-6246,IR,,
IRAS 14159-6111,HII,,
IRAS 14183-6050,IR,,
IRAS 14188-6054,HII,,
IRAS 14425-6023,cor,0.43,0.4
IRAS 15091-2107,Sy1,0.413,0.322
IRAS 15141-5717,IR,,
IRAS 15363+3718,LP*,,
IRAS 15394-5358,Y*O,,
IRAS 15464-5348,Y*?,,
IRAS 16032-3537,MIR,,
IRAS 16090-5626,LP?,,
IRAS 16137-5025,HII,6.4,6.4
IRAS 16166-2527,*,,
IRAS 16186-2534,IR,,
IRAS 16220-2452,TT*,0.13333334,0.13333334
IRAS 16262-2545,Mi*,,
IRAS 16286-2151,LP*,,
IRAS 16293-2205,Mi*,,
IRAS 16293-2422,cor,0.35,0.13333334
IRAS 16308-2521,LP?,,
IRAS 16342-3814,pA*,,
IRAS 16365-4836,IR,,
IRAS 16368-2341,IR,,
IRAS 16433-1118,Sy1,,
IRAS 17002+5153,Sy1,,
IRAS 17168-3546,Cld,,
IRAS 17170-3539,IR,,
IRAS 17184-3559,IR,,
IRAS 17190-3602,*,,
IRAS 17341-2730,*,,
IRAS 17463-3128,IR,,
IRAS 18069-1932,LP?,,
IRAS 18104-1633,PN?,,
IRAS 18159-1550,HII,,
IRAS 18191-0931,LP*,,
IRAS 18201-1410,AB*,,
IRAS 18232-1013,PN?,0.93666667,0.93666667
IRAS 18265-1517,out,,
IRAS 18274+0112,Y*O,,
IRAS 18285-0330,*,,
IRAS 18293-0941,HX?,,
IRAS 18317-0513,HII,0.363,0.283
IRAS 18332-0839,PN?,,
IRAS 18344-0632,PN?,1.55,1.67
IRAS 18350-0043,Y*?,,
IRAS 18369-0619,LP?,,
IRAS 18370-0602,s*r,,
IRAS 18394-0425,HII,0.158,0.158
IRAS 18545+0134,Y*O,,
IRAS 18556+0136,mul,,
IRAS 19001+0124,LP*,,
IRAS 19048+0748,mul,,
IRAS 19054+0901,AB?,,
IRAS 19090+1109,IR,,
IRAS 19095+0930,cor,0.35,0.32
IRAS 19110+1045,Y*O,1.5,1.5
IRAS 19119+0830,Mi*,,
IRAS 19191+1538,HII,,
IRAS 19199+0656,LP?,,
IRAS 19205+1447,Cld,,
IRAS 19208+0732,LP*,,
IRAS 19211+2651,LP?,,
IRAS 19238+1626,LP?,,
IRAS 19243+2351,IR,,
IRAS 19266+1644,PN?,,
IRAS 19316+2229,LP?,,
IRAS 19345+2510,Mi*,,
IRAS 19373+2221,,,
IRAS 19469+2550,Mi*,,
IRAS 19473+2421,IR,,
IRAS 19477+2401,pA*,,
IRAS 19572+3102,LP*,,
IRAS 19576+2830A,mul,,
IRAS 20048+4317,IR,,
IRAS 20068+4051,*,,
IRAS 20113+3656,LP*,,
IRAS 20135+4138,IR,,
IRAS 20138+3647,*,,
IRAS 20207+4206,MIR,,
IRAS 20210+1121,Sy2,0.33,0.244
IRAS 20214+3658,IR,,
IRAS 20215+3725,mul,,
IRAS 20241+3357,*,,
IRAS 20243+3853,HII,,
IRAS 20264+4042,IR,,
IRAS 20287+4155,*,,
IRAS 20304+3839,mul,,
IRAS 20304+4059,IR,,
IRAS 20306+3749,Y*O,,
IRAS 20332+3711,MIR,,
IRAS 20332+4124,HII,,
IRAS 20346+4031,IR,,
IRAS 20350+4055,Cld,,
IRAS 20444+4629,MoC,,
IRAS 20592+4823,LP*,,
IRAS 21046+5110,IR,,
IRAS 21147+5223,LP?,,
IRAS 21377+5042,C*,,
IRAS 21397+5813,IR,,
IRAS 21420+4708,LP*,,
IRAS 21444+5053,C*,,
IRAS 21449+4950,C*,,
IRAS 21477+5709,*,,
IRAS 21514+4705,IR,,
IRAS 22103+5120,Mi*,,
IRAS 22176+6303,Y*O,,
IRAS 22272+6358A,Cld,,
IRAS 22376+7455,TT*,,
IRAS 23030+5719,AB*,,
IRAS 23032+5937,HII,,
IRAS 23321+6545,pA*,,
IRAS 23410+0839,FIR,,
IRAS 23576+7249,FIR,,
IRAS 23592+6228,AB*,,
IRAS C03259+3105,IR,,
IRAS C05329-0716,*,,
IRAS C05348-0638,*,,
IRAS C05365-0734,*,,
IRAS C05368-0623,*,,
IRAS C05379-0717,*,,
IRAS C05379-0744,*,,
IRAS C21345+5713,IR,,
IRAS C21470+5655,IR,,
IRAS F00183-7111,Sy2,,
IRAS F02183+0019,AGN,1.258,0.954
IRAS F04299+2714,IR,,
IRAS F05439+0024,TT*,,
IRAS F07552+1449,G,,
IRAS F15198+5110,IR,,
IRAS F17523+6634,*,,
IRAS F17590+6616,G,,
IRAS F21274-0301,EmG,,
IRC +00087,*,,
IRC +00106,AB*,,
IRC +00114,AB*,,
IRC +00308,AB*,,
IRC +00358,AB*,,
IRC +00384,AB*,,
IRC +10011,OH*,,
IRC +10111,LP?,,
IRC +10120,AB*,,
IRC +10123,AB*,,
IRC +10216,C*,,
IRC +10420,pA*,,
IRC +10525,Mi*,,
IRC +30021,OH*,,
IRC +30055,AB*,,
IRC +30374,C*,,
IRC +40123,AB*,,
IRC +40465,Mi*,,
IRC +40477,LP?,,
IRC +40542,AB*,,
IRC +50137,OH*,,
IRC +50154,Mi*,,
IRC +50278,Mi*,,
IRC +50280,Mi*,,
IRC +50353,LP*,,
IRC +50362,Mi*,,
IRC +50434,AB*,,
IRC +50438,AB*,,
IRC +60052,AB*,,
IRC +60184,Mi*,,
IRC +60324,AB*,,
IRC -10395,Mi*,,
IRC -20314,AB*,,
IRC -30305,AB*,,
IREC  58,IR,,
IREC  80,Cld,,
IREC 123,IR,,
IREC 138,IR,,
IREC 143,IR,,
IREC 170,IR,,
IREC 173,IR,,
IREC 178,IR,,
IREC 179,IR,,
IREC 182,IR,,
IREC 195,IR,,
IREC 197,IR,,
IREC 199,IR,,
IREC 216,IR,,
IREC 403,IR,,
ISI96 0049-0031,LSB,,
ISI96 0248-0048,LSB,,
ISI96 0311-0021,LSB,0.31333333,0.16666667
ISI96 0313+0205,LSB,,
ISI96 0336-0018,LSB,,
ISI96 0341+0220,LSB,,
ISI96 0349+0225,LSB,,
ISI96 0351-0019,LSB,,
ISI96 1021+0143,LSB,,
ISI96 1040-0236,LSB,,
ISI96 1105-0204,LSB,,
ISI96 1118+0225,LSB,,
ISI96 1158+0220,LSB,,
ISI96 1435-0129,LSB,,
ISI96 1437-0005,LSB,,
ISI96 2250+0059,LSB,,
ISI96 2314-0230,LSB,,
ISI96 2343+0025,LSB,,
ISO-CrA 140,Y*O,,
ISOGAL-P J171957.0-370935,Y*?,,
ISOGAL-P J184715.8-014710,Y*O,0.051,0.051
Irwin Dra 21104,*,,
Irwin Dra 21368,*,,
JCMTLSG J162627.1-242334,cor,0.53,0.53
JCMTSF J002632.1+170950,GiC,,
JCMTSF J024815.9+602445,Cld,,
JCMTSF J053516.0-052108,Y*?,0.63,0.53
JCMTSF J060918.3+203950,PoC,,
JCMTSF J202528.1+410812,*,,
JCMTSF J205042.8+442157,Cld,,
JCMTSF J232334.6+584735,PoC,,
JH 431,*,,
JVAS B0859+032,rG,,
JW   98,Or*,,
JW  201,Y*O,,
JW  286,Or*,,
JW  300,Or*,,
JW  302,Or*,,
JW  377,Or*,,
JW  443,Or*,,
JW  489,Or*,0.00073,0.00058
JW  490,Or*,,
JW  532,Or*,0.0011,0.00098
JW  540,Or*,,
JW  616,Or*,,
JW  741,Or*,,
JW  761,Or*,,
JW  797,Or*,,
JW  899,Or*,,
JW  903,Or*,,
JW  948,Or*,,
JW 1011,Y*O,,
Jacoby LMC 36,PN,,
Jacoby SMC 22,PN,,
Jacoby SMC 24,PN,,
Jonckheere  320,PN,0.12,0.12
K2-101,*,,
K2-102,*,,
KD D10,HII,,
KD D11,HII,,
KD D18,HII,,
KD D26,HII,,
KMHK   11,OpC,1.1,1.1
KMHK   31,Cl*,1.4,1.2
KMHK  113,OpC,0.65,0.65
KMHK  119,OpC,0.9,0.7
KMHK  190,Cl*,0.7,0.65
KMHK  220,Cl*,0.8,0.8
KMHK  295,OpC,,
KMHK  296,OpC,0.6,0.55
KMHK  313,OpC,,
KMHK  399,Cl*,1.0,1.0
KMHK  408,OpC,0.8,0.6
KMHK  435,OpC,1.2,1.0
KMHK  531,OpC,0.6,0.55
KMHK  597,Cl*,0.72,0.72
KMHK  608,OpC,0.85,0.8
KMHK  616,Cl*,1.5,1.0
KMHK  631,OpC,,
KMHK  642,OpC,0.6,0.55
KMHK  694,OpC,0.5,0.45
KMHK  783,Cl*,1.6,1.3
KMHK  803,Cl*,0.9,0.9
KMHK  809,Cl*,1.2,1.1
KMHK  826,Cl*,0.8,0.8
KMHK  845,OpC,0.8,0.8
KMHK  849,OpC,0.45,0.35
KMHK  869,Cl*,0.55,0.55
KMHK  873,Cl*,0.75,0.75
KMHK  879,As*,,
KMHK  891,Cl*,1.7,1.7
KMHK  946,Cl*,0.8,0.8
KMHK  973,Cl*,0.94,0.94
KMHK  996,OpC,0.5,0.35
KMHK 1059,Cl*,,
KMHK 1060,Cl*,,
KMHK 1092,Cl*,1.6,1.6
KMHK 1182,OpC,0.55,0.5
KMHK 1267,OpC,0.6,0.45
KMHK 1269,Cl*,1.0,1.0
KMHK 1274,As*,0.95,0.85
KMHK 1318,Cl*,0.42,0.42
KMHK 1332,Cl*,0.75,0.55
KMHK 1352,Cl*,1.1,1.1
KMHK 1372,Cl*,1.7,1.7
KMHK 1399,Cl*,0.76,0.76
KMHK 1420,Cl*,0.8,0.65
KMHK 1425,OpC,0.85,0.7
KMHK 1446,Cl*,1.2,1.2
KMHK 1472,OpC,0.5,0.4
KMHK 1640,Cl*,0.9,0.8
KMHK 1704,Cl*,1.6,1.6
KMHK 1714,Cl*,0.45,0.35
KMHK 1762,Cl*,0.6,0.55
KMK88 13,Cl*,,
KMK88 17,Cl*,0.6,0.55
KMK88 53,Cl*,,
KMK88 61,Cl*,0.45,0.4
KMK88 81,Cl*,0.55,0.5
KPD 0005+5106,WD*,,
KPD 0728+0530,HS?,,
KPG 597a,GiP,,
KSG 6,Cl*,,
KSG 7,Cl*,,
KUV 08157+3739,WD*,,
KUV 09266+3755,QSO,0.26,0.25
KUV 12560+3045,*,,
KUV 16288+3904,WD*,,
KUV 21168+7338,WD*,,
KUV 23162+1220,WD*,,
Kes 25,SNR,38.0,38.0
Kim 1-38,*,,
Kiso A-1048  60,Y*O,,
L   34-26,LM*,,
L  170-14 B,WD*,,
L  210-114,WD*,,
L  233-30,PM*,,
L  311-28,PM*,,
L  427-61,PM*,,
L  595-22,Pe*,,
LAMOST J013102.36+074341.6,Sy1,,
LAMOST J015640.61+023724.0,AGN,,
LAMOST J112227.51+212431.6,GiC,0.147,0.147
LAMOST J133612.22+270039.5,QSO,,
LAMOST J203511.46+030218.50,,,
LAMOST J232114.71+013554.0,QSO,,
LAWD  1,WD*,,
LAWD 11,WD*,,
LAWD 12,WD*,,
LAWD 14,WD*,,
LAWD 25,WD*,,
LAWD 32,WD*,,
LAWD 42,WD*,,
LAWD 50,WD*,,
LAWD 52,WD*,,
LAWD 55,PM*,,
LAWD 57,WD*,,
LAWD 71,WD*,,
LAWD 75,WD*,,
LAWD 87,WD*,,
LAWD 92,WD*,,
LAWDS NGC 1039  26,WD*,,
LB     2,WD*,,
LB    16,WD*,,
LB    19,QSO,,
LB    27,HS*,,
LB    28,HS*,,
LB   180,WD*,,
LB   331,HS*,,
LB   335,WD*,,
LB   342,WD*,,
LB   384,QSO,,
LB   387,blu,,
LB   439,WD*,,
LB   769,WD*,,
LB   906,QSO,,
LB   974,HS*,,
LB   983,HS*,,
LB   984,HS*,,
LB  1516,HS*,,
LB  1663,WD*,,
LB  1727,Sy1,,
LB  1842,blu,,
LB  1850,blu,,
LB  1865,blu,,
LB  2136,Bla,0.113,0.113
LB  2522,Sy1,,
LB  2828,WD*,,
LB  3130,*,,
LB  3390,blu,,
LB  3571,blu,,
LB  3583,blu,,
LB  3601,WD*,,
LB  5788,blu,,
LB  5799,blu,,
LB  5810,blu,,
LB  5911,blu,,
LB  6029,blu,,
LB  6036,blu,,
LB  6121,blu,,
LB  6139,blu,,
LB  6323,*,,
LB  6443,QSO,,
LB  7031,*,,
LB  8606,blu,,
LB  8614,blu,,
LB  8625,blu,,
LB  8637,blu,,
LB  8670,blu,,
LB  8701,blu,,
LB  8754,blu,,
LB  8789,blu,,
LB  8808,blu,,
LB  8814,Sy1,,
LB  8863,QSO,,
LB  8892,WD*,,
LB  8956,QSO,,
LB  8957,blu,,
LB  8983,blu,,
LB  9010,QSO,,
LB  9013,QSO,,
LB  9024,QSO,,
LB  9029,QSO,,
LB  9170,blu,,
LB  9176,blu,,
LB  9181,blu,,
LB  9243,blu,,
LB  9308,Sy1,,
LB  9323,blu,,
LB  9802,WD*,,
LB 10016,**,,
LB 10021,Sy1,0.25,0.2
LB 10025,QSO,,
LB 10113,H2G,0.22,0.18
LB 10172,WD*,,
LB 10226,WD*,,
LB 10243,*,,
LB 10255,WD*,,
LB 10265,BLL,,
LB 11231,WD*,,
LB 11247,*,,
LB 11354,Sy1,,
LB 11394,QSO,,
LB 11404,*,,
LBN    29,HII,,
LBN   357,HII,,
LBN   659,GiG,,
LBN  1012,HII,,
LBN  1046,HII,,
LBN  1053,HII,,
LBN  1059,HII,,
LBN 018.45+01.87,HII,,
LBN 028.77+03.43,HII,8.5,8.5
LBN 032.38+01.93,HII,,
LBN 035.08+11.42,HII,,
LBN 061.50+00.29,HII,,
LBN 063.10+00.46,HII,4.7,4.7
LBN 064.04+01.79,HII,1.6833333,7.5833335
LBN 066.11+07.14,HII,,
LBN 070.24+01.53,HII,,
LBN 094.79-01.77,HII,12.883333,6.15
LBN 102.79-00.92,HII,,
LBN 104.28+02.09,HII,,
LBN 122.71-12.11,MoC,9.0,3.5
LBN 135.13+00.01,HII,,
LBN 139.57+02.70,HII,,
LBN 154.69+02.43,HII,,
LBN 159.33+02.55,HII,2.9666667,2.2166667
LBN 181.00+04.13,HII,,
LBN 188.69+04.25,HII,,
LBN 192.48-00.21,HII,,
LBN 196.21-01.17,HII,5.4,5.4
LBQS 0007-0004,QSO,,
LBQS 0013-0029,QSO,,
LBQS 0020+0058,QSO,,
LBQS 0027+0149,QSO,,
LBQS 0028-0148,QSO,,
LBQS 0052-2956,QSO,,
LBQS 0052-3020,QSO,,
LBQS 0055-2744,QSO,,
LBQS 0056-0009,Bla,,
LBQS 0056-2915,QSO,,
LBQS 0058+0155,QSO,,
LBQS 0058-2919,QSO,,
LBQS 0059-2853,QSO,,
LBQS 0059-2946,QSO,,
LBQS 0100+0205,QSO,,
LBQS 0102-2634,QSO,,
LBQS 0102-2713,QSO,,
LBQS 0103-2622,QSO,,
LBQS 1209+1046,QSO,,
LBQS 1226+1035,QSO,,
LBQS 1228+1642,QSO,,
LBQS 1244+0238,Sy1,0.153,0.153
LBQS 2131-4257,QSO,,
LBQS 2350-0132,QSO,,
LCG SSA 13-00,G,,
LCG SSA 13-10,G,,
LCG SSA 13-13,G,,
LCG SSA 13-27,G,,
LCG SSA 17-00,G,,
LCG SSA 17-03,G,,
LCG SSA 17-06,G,,
LCG SSA 17-17,G,,
LCG SSA 17-18,G,,
LCG SSA 17-26,G,,
LCG SSA 17-31,G,,
LCG SSA 22-05,G,,
LCG SSA 22-07,G,,
LCG SSA 22-13,G,,
LCRS B125201.8-120305,G,,
LCRS B125211.2-121739,G,,
LDN    4,DNe,9.0,4.0
LDN   27,DNe,112.0,112.0
LDN   43,DNe,,
LDN   57,DNe,,
LDN   62,DNe,79.0,79.0
LDN   63,DNe,,
LDN  121,DNe,,
LDN  122,DNe,,
LDN  134,MoC,,
LDN  158,DNe,15.0,15.0
LDN  204B,DNe,,
LDN  204F,cor,,
LDN  323,DNe,12.0,10.2
LDN  379,DNe,,
LDN  400,DNe,11.0,5.0
LDN  411,DNe,,
LDN  426,DNe,2.0,2.0
LDN  483,DNe,6.0,10.2
LDN  509,DNe,2.0,1.0
LDN  530D,DNe,,
LDN  549,DNe,,
LDN  561,DNe,75.0,75.0
LDN  663,DNe,,
LDN  717,DNe,23.0,23.0
LDN  723,DNe,6.0,6.0
LDN  802,DNe,3.0,3.0
LDN  810,DNe,,
LDN  914,DNe,137.0,137.0
LDN  978,DNe,27.0,27.0
LDN  984,DNe,14.0,14.0
LDN 1005,DNe,159.0,60.0
LDN 1010,DNe,26.0,26.0
LDN 1012,DNe,9.0,9.0
LDN 1026,DNe,13.0,13.0
LDN 1031C,DNe,,
LDN 1040,DNe,8.0,8.0
LDN 1042,DNe,8.0,8.0
LDN 1045,DNe,8.0,8.0
LDN 1052,DNe,8.0,8.0
LDN 1060,DNe,11.0,11.0
LDN 1063,DNe,18.0,10.2
LDN 1064,DNe,2.0,2.0
LDN 1075,MoC,5.5,4.5
LDN 1078,DNe,8.0,8.0
LDN 1103,DNe,,
LDN 1111,DNe,,
LDN 1136,DNe,7.0,7.0
LDN 1144,DNe,32.0,6.0
LDN 1155B,DNe,,
LDN 1157,DNe,,
LDN 1165,DNe,,
LDN 1171,DNe,3.5,2.5
LDN 1202,DNe,4.0,4.0
LDN 1228C,DNe,,
LDN 1251,DNe,27.0,27.0
LDN 1251A,DNe,,
LDN 1251C,DNe,,
LDN 1287,DNe,,
LDN 1293,DNe,,
LDN 1387,DNe,4.2,6.0
LDN 1389,MoC,,
LDN 1400G,DNe,,
LDN 1448,DNe,,
LDN 1452,DNe,110.0,80.0
LDN 1455,DNe,12.0,12.0
LDN 1458,DNe,14.0,14.0
LDN 1472,DNe,114.0,114.0
LDN 1481,DNe,45.0,45.0
LDN 1495,DNe,,
LDN 1495D,DNe,5.0,5.0
LDN 1497,DNe,51.0,51.0
LDN 1498,DNe,52.2,78.0
LDN 1506,DNe,,
LDN 1521F,DNe,,
LDN 1527,DNe,,
LDN 1541,DNe,36.0,36.0
LDN 1544,DNe,,
LDN 1545,DNe,14.0,14.0
LDN 1551,DNe,3.0,3.0
LDN 1551C,DNe,4.0,4.0
LDN 1551S,DNe,,
LDN 1569,MoC,130.0,100.0
LDN 1573,DNe,61.0,61.0
LDN 1577,DNe,,
LDN 1583,DNe,14.0,14.0
LDN 1616,DNe,,
LDN 1630,DNe,,
LDN 1633,DNe,,
LDN 1641,MoC,90.0,42.0
LDN 1642,MoC,,
LDN 1643,DNe,55.0,55.0
LDN 1647,DNe,,
LDN 1652,DNe,65.0,65.0
LDN 1653,DNe,49.8,37.8
LDN 1654,DNe,18.0,24.0
LDN 1670,MoC,,
LDN 1709,DNe,,
LDN 1712,DNe,,
LDN 1719D,DNe,10.0,10.0
LDN 1755,DNe,49.0,49.0
LEDA     395,EmG,0.419313,0.201228
LEDA     738,G,,
LEDA     886,AGN,0.11,0.11
LEDA    1625,G,1.06,0.254
LEDA    1790,Sy1,,
LEDA    2347,G,0.3,0.16
LEDA    2497,AG?,,
LEDA    2709,BiC,0.57886,0.426793
LEDA    3032,Sy1,,
LEDA    3034,Sy1,0.477773,0.174961
LEDA    3237,Sy1,,
LEDA    3524,Sy1,0.435157,0.209746
LEDA    3530,GiC,0.32,0.18
LEDA    5176,GiC,0.553347,0.400014
LEDA    6296,LSB,0.5,0.5
LEDA   10369,G,0.23,0.198
LEDA   11080,Sy2,0.520577,0.425571
LEDA   12530,G,0.207,0.186
LEDA   12758,EmG,0.6568,0.500941
LEDA   12882,LSB,0.23596,0.197852
LEDA   12931,LSB,0.53537863,0.3611129
LEDA   13099,LSB,0.411582,0.2790526
LEDA   13560,LSB,0.205257,0.172559
LEDA   13749,GiC,0.622123,0.433496
LEDA   13822,LSB,0.386887,0.38031
LEDA   14064,Sy1,0.193,0.139
LEDA   15141,EmG,0.57701,0.462358
LEDA   16571,G,0.18,0.15
LEDA   16863,G,0.77666664,0.22333333
LEDA   19057,LIN,0.95372,0.718342
LEDA   22621,GiG,1.45422,1.03352
LEDA   24383,G,0.233,0.201
LEDA   25790,rG,0.43,0.353
LEDA   26550,Sy1,,
LEDA   27781,G,0.35,0.35
LEDA   27848,G,0.43,0.21
LEDA   27886,QSO,0.348143,0.172192
LEDA   28398,EmG,0.26,0.26
LEDA   28637,G,0.22297,0.103057
LEDA   28673,AG?,0.19,0.148
LEDA   28679,G,0.38544,0.360772
LEDA   28823,AG?,0.47285,0.197888
LEDA   29004,EmG,0.430783,0.283326
LEDA   29197,G,0.530143,0.300061
LEDA   29208,Sy1,,
LEDA   29619,G,0.281703,0.207249
LEDA   31532,GiC,0.65,0.47
LEDA   33115,GiC,0.425513,0.171141
LEDA   33324,G,0.359183,0.269352
LEDA   33897,GiC,0.7,0.2
LEDA   34449,Sy1,,
LEDA   34574,H2G,0.17,0.14
LEDA   35573,G,0.75448,0.374448
LEDA   38557,G,0.214677,0.142009
LEDA   38640,AG?,0.672757,0.279732
LEDA   38653,G,1.0,1.0
LEDA   38691,GiC,0.76666665,0.76666665
LEDA   38870,LSB,0.464303,0.292465
LEDA   38958,AG?,0.294913,0.131443
LEDA   39054,G,0.275,0.223
LEDA   39333,AG?,0.6333333,0.6333333
LEDA   39350,G,0.199,0.199
LEDA   39360,LSB,0.76666665,0.76666665
LEDA   39446,G,0.73333335,0.43333334
LEDA   39447,AG?,0.25062,0.132202
LEDA   39501,AG?,0.31851,0.126321
LEDA   39531,BLL,0.123,0.123
LEDA   39545,LSB,0.5,0.5
LEDA   39561,AG?,0.345533,0.202759
LEDA   39632,LSB,0.55706,0.243825
LEDA   39638,LSB,0.419043,0.320945
LEDA   39734,LSB,1.3333334,1.3333334
LEDA   39825,AG?,0.237097,0.211206
LEDA   39971,AG?,0.494673,0.311842
LEDA   40083,LSB,0.30179,0.206153
LEDA   40109,LSB,0.42733,0.260415
LEDA   40116,LSB,0.5,0.5
LEDA   40130,LSB,0.71534,0.386641
LEDA   40136,AG?,0.39129,0.293311
LEDA   40188,G,0.19152,0.104263
LEDA   40190,LSB,0.0473833,0.0420053
LEDA   40253,LSB,0.36666667,0.36666667
LEDA   40334,LSB,0.40833333,0.40833333
LEDA   40548,GiC,0.553393,0.465625
LEDA   40598,GiC,0.53872,0.450693
LEDA   40611,GiC,2.2666667,0.8
LEDA   40650,GiC,0.338923,0.181392
LEDA   40683,LSB,0.395313,0.2041
LEDA   40725,LSB,0.0843467,0.0465762
LEDA   40779,LSB,0.332123,0.234147
LEDA   40798,GiC,0.35657,0.291353
LEDA   40867,LSB,0.40656,0.322199
LEDA   40910,G,0.27,0.22
LEDA   41059,LSB,0.34062,0.281795
LEDA   41120,G,0.396023,0.305492
LEDA   41193,AG?,0.304823,0.253583
LEDA   41223,AG?,0.6666667,0.6666667
LEDA   41233,G,4.0333333,4.0333333
LEDA   41240,AG?,0.81969,0.520831
LEDA   41281,LSB,0.0716867,0.0689124
LEDA   41311,LSB,1.5566666,1.5566666
LEDA   41312,GiC,0.25,0.1
LEDA   41356,AG?,0.498143,0.477371
LEDA   41384,LSB,1.9666667,1.9666667
LEDA   41391,G,0.8333333,0.8333333
LEDA   41419,LSB,0.39466667,0.39466667
LEDA   41446,G,0.5,0.5
LEDA   41570,GiC,0.699337,0.522474
LEDA   41633,AG?,0.37626,0.195241
LEDA   41822,GiC,0.54536,0.356066
LEDA   41835,AG?,0.526507,0.320485
LEDA   42001,GiC,0.661367,0.433195
LEDA   42033,rG,0.371697,0.107383
LEDA   42046,AG?,0.58731,0.573861
LEDA   42072,GiC,0.394853,0.231108
LEDA   42104,G,0.79881,0.345326
LEDA   42144,GiC,0.456443,0.416778
LEDA   42188,G,0.6333333,0.6333333
LEDA   42190,LSB,0.154,0.077
LEDA   42247,GiC,0.479133,0.141871
LEDA   42320,LSB,0.20374,0.102277
LEDA   42325,LSB,0.184737,0.137851
LEDA   42328,LSB,0.5826667,0.5826667
LEDA   42406,LSB,0.428157,0.189374
LEDA   42498,G,0.301247,0.16421
LEDA   42539,LSB,0.57166666,0.57166666
LEDA   42568,LSB,0.6666667,0.6666667
LEDA   42588,GiC,0.329877,0.226295
LEDA   42603,LSB,0.41,0.11
LEDA   42617,GiC,0.391927,0.200118
LEDA   42648,Sy1,,
LEDA   42771,AG?,0.305917,0.169967
LEDA   42796,LSB,0.73333335,0.73333335
LEDA   42801,AG?,0.441443,0.206286
LEDA   42804,GiC,0.38,0.22
LEDA   42811,LSB,0.68727,0.427276
LEDA   42886,LSB,0.24307,0.180795
LEDA   42978,LSB,0.15615,0.140551
LEDA   43054,GiC,0.37,0.29
LEDA   43072,LSB,0.66362,0.354572
LEDA   43183,AG?,0.52806,0.39821
LEDA   43212,GiC,0.35,0.3
LEDA   43609,GiC,0.45,0.22
LEDA   43626,GiC,0.48,0.25
LEDA   44461,SyG,0.518983,0.158238
LEDA   44562,GiC,0.36028,0.313588
LEDA   44586,EmG,0.213,0.149
LEDA   44609,EmG,0.370973,0.320484
LEDA   44611,GiC,,
LEDA   44636,G,0.273,0.191
LEDA   44693,G,0.17,0.16
LEDA   44815,AG?,0.469147,0.177947
LEDA   44909,EmG,0.147,0.147
LEDA   45656,Sy1,,
LEDA   45663,G,0.403,0.270614
LEDA   46876,G,0.352983,0.232016
LEDA   46971,G,0.20666666,0.13666667
LEDA   46977,EmG,0.46411,0.296798
LEDA   50824,Sy1,,
LEDA   51016,Sy1,,
LEDA   51659,G,2.19,0.78
LEDA   52270,Sy1,0.51873,0.26284
LEDA   52314,Sy1,,
LEDA   53778,EmG,,
LEDA   54802,G,0.21,0.17333333
LEDA   54803,G,1.20253,0.25181
LEDA   54904,G,0.462337,0.252991
LEDA   55020,rG,0.12,0.12
LEDA   56086,G,0.48666668,0.31
LEDA   56919,GiC,0.577247,0.152509
LEDA   57576,BiC,0.3,0.24
LEDA   58200,LIN,0.427807,0.292406
LEDA   58309,GiC,0.516893,0.308172
LEDA   58562,G,0.123333335,0.1
LEDA   58861,G,0.27333334,0.15333334
LEDA   60106,G,0.756303,0.603908
LEDA   61397,G,0.449887,0.327697
LEDA   68751,Sy1,0.3,0.25
LEDA   69754,EmG,1.0891,0.559905
LEDA   70195,Sy1,0.23,0.166
LEDA   71507,G,0.22,0.123333335
LEDA   71605,EmG,0.775173,0.366502
LEDA   72654,AGN,0.29735,0.15602
LEDA   72857,EmG,0.34,0.218
LEDA   73132,Sy2,0.485583,0.336218
LEDA   73169,G,0.806173,0.571174
LEDA   73217,Sy2,0.84813,0.727865
LEDA   73356,AG?,0.556447,0.289241
LEDA   73694,Sy2,0.56919,0.382837
LEDA   73954,EmG,0.35613,0.345268
LEDA   73964,GiC,0.97004,0.251143
LEDA   73997,Sy2,0.18,0.148
LEDA   74026,AG?,0.486917,0.2233
LEDA   74240,GiC,0.404927,0.266563
LEDA   74347,GiC,0.46,0.46
LEDA   74357,GiC,0.38,0.38
LEDA   74358,GiC,,
LEDA   74504,GiC,0.22120066,0.15665431
LEDA   74652,GiC,0.26,0.19
LEDA   74661,LSB,0.25333333,0.19333333
LEDA   74696,LSB,0.27666667,0.155
LEDA   74723,LSB,0.253787,0.206227
LEDA   74744,LSB,0.29666665,0.27833334
LEDA   74745,LSB,0.20666666,0.16166666
LEDA   74768,LSB,0.227123,0.123419
LEDA   74770,LSB,0.26333332,0.23166667
LEDA   74786,GiC,0.15499534,0.1160915
LEDA   74788,LSB,0.26,0.185
LEDA   74797,LSB,0.254843,0.149746
LEDA   74798,LSB,0.24666667,0.205
LEDA   74800,LSB,0.425057,0.28109
LEDA   74812,LSB,0.24557066,0.14628644
LEDA   74817,LSB,0.27333334,0.205
LEDA   74819,LSB,0.17,0.16333333
LEDA   74863,LSB,0.472797,0.180845
LEDA   74903,LSB,0.2,0.16333333
LEDA   74915,GiC,0.58228,0.230175
LEDA   74932,GiC,0.18758066,0.13275084
LEDA   74950,LSB,0.217317,0.193455
LEDA   74982,LSB,0.37975466,0.29047436
LEDA   74983,GiC,0.76756,0.444494
LEDA   74989,GiC,0.60849,0.208712
LEDA   74996,GiC,,
LEDA   75002,LSB,0.36333334,0.33333334
LEDA   75019,LSB,0.13616666,0.13616666
LEDA   75668,Sy2,0.217,0.186
LEDA   82349,G,0.36185,0.262124
LEDA   82546,AG?,0.365407,0.213434
LEDA   83729,AG?,0.448763,0.278906
LEDA   83745,GiC,0.31,0.28
LEDA   83751,GiC,0.17666666,0.17666666
LEDA   84097,AG?,0.481913,0.229487
LEDA   84341,G,0.25349,0.156555
LEDA   84884,G,,
LEDA   85188,AG?,0.729037,0.442452
LEDA   85483,AG?,0.56705,0.195746
LEDA   86299,GiC,0.237,0.175
LEDA   86618,LSB,1.0,0.89
LEDA   86653,Sy2,0.710063,0.270037
LEDA   86668,LSB,0.15715,0.143007
LEDA   86676,LSB,0.62,0.08
LEDA   87335,Sy2,0.407,0.285
LEDA   87340,G,0.267,0.171
LEDA   88312,GiC,0.1044528,0.1044528
LEDA   88462,GiC,0.26,0.2
LEDA   88531,GiC,0.32,0.13
LEDA   88538,GiC,0.380677,0.118771
LEDA   88574,GiC,,
LEDA   88631,GiC,0.045366667,0.0353
LEDA   88718,GiC,,
LEDA   88722,GiC,0.3,0.12
LEDA   88770,GiC,,
LEDA   88835,Sy1,0.213,0.201
LEDA   88862,GiC,0.25,0.18
LEDA   88884,GiC,0.35,0.28
LEDA   89032,Sy1,0.317,0.19
LEDA   89171,Sy1,0.393,0.267
LEDA   89235,GiC,0.3,0.15
LEDA   89236,GiC,,
LEDA   89241,GiC,0.0590168,0.0590168
LEDA   89243,GiC,,
LEDA   89248,GiC,,
LEDA   89250,GiC,,
LEDA   89265,GiC,,
LEDA   89280,GiC,,
LEDA   89286,GiC,,
LEDA   89287,GiC,,
LEDA   89294,GiC,,
LEDA   89304,GiC,,
LEDA   89477,GiC,0.52,0.34
LEDA   89511,Sy2,0.2,0.172
LEDA   89541,G,0.23,0.23
LEDA   89873,AGN,0.123,0.123
LEDA   90135,G,,
LEDA   90189,EmG,0.203,0.118
LEDA   90258,PaG,0.193,0.143
LEDA   90350,Sy1,0.227,0.118
LEDA   91367,G,0.835957,0.147881
LEDA   93087,GiP,0.85,0.41
LEDA   93363,GiC,0.23,0.19
LEDA   93696,G,0.183,0.121
LEDA   94633,GiC,0.409363,0.301496
LEDA   94870,Sy2,0.73718,0.642379
LEDA   95422,EmG,0.64298,0.614046
LEDA   95940,GiC,,
LEDA   97476,LIN,0.340457,0.217143
LEDA   97503,AG?,0.622973,0.582605
LEDA   97508,Sy1,0.27,0.162
LEDA   98287,GiC,0.27,0.14
LEDA   98292,GiC,0.29,0.13
LEDA   99787,G,0.508193,0.260652
LEDA   99792,G,0.2,0.16
LEDA   99802,rG,0.675267,0.532043
LEDA   99976,G,,
LEDA  101192,G,0.686473,0.381199
LEDA  101387,G,0.24756,0.246495
LEDA  101399,G,0.25,0.25
LEDA  102850,Sy2,0.41906,0.367935
LEDA  106311,EmG,0.491887,0.423367
LEDA  108707,G,,
LEDA  109866,G,0.555547,0.453437
LEDA  110204,G,0.589027,0.36661
LEDA  114181,G,0.24,0.18
LEDA  117216,G,0.148851,0.148851
LEDA  117223,AG?,0.137,0.137
LEDA  117235,AG?,0.38,0.129
LEDA  117529,G,0.173,0.125
LEDA  117539,G,0.3,0.14
LEDA  117547,G,0.153,0.153
LEDA  117548,G,,
LEDA  117567,G,0.193,0.159
LEDA  119832,G,,
LEDA  124897,EmG,0.489777,0.383348
LEDA  124924,G,0.611583,0.238701
LEDA  126735,GiC,,
LEDA  126741,GiC,,
LEDA  126748,GiC,0.29,0.2
LEDA  126762,GiC,0.3,0.21
LEDA  126770,G,0.2,0.17
LEDA  126771,GiC,,
LEDA  126783,GiC,,
LEDA  126788,G,,
LEDA  126829,EmG,0.167,0.107
LEDA  126907,G,0.27,0.13
LEDA  126930,GiC,0.28,0.13
LEDA  126940,G,0.123,0.123
LEDA  126959,GiC,0.471827,0.179813
LEDA  126984,G,0.157,0.157
LEDA  126993,EmG,0.26,0.21
LEDA  127018,rG,,
LEDA  127035,GiC,,
LEDA  127084,GiC,,
LEDA  127093,G,,
LEDA  127094,GiC,,
LEDA  127154,GiC,0.26,0.15
LEDA  127172,G,0.21,0.18
LEDA  127179,G,0.24,0.14
LEDA  127612,EmG,0.520553,0.364075
LEDA  127657,Sy2,0.463,0.324
LEDA  128046,EmG,0.495007,0.337793
LEDA  128059,G,0.67864,0.44892
LEDA  128074,EmG,0.696763,0.462442
LEDA  128412,Sy2,0.540007,0.440591
LEDA  128486,G,0.652033,0.641731
LEDA  128493,G,0.54404,0.289919
LEDA  128623,G,0.617177,0.388451
LEDA  128674,EmG,0.47224,0.450895
LEDA  128841,EmG,0.515573,0.390701
LEDA  129136,G,0.660917,0.359274
LEDA  129171,EmG,0.57643,0.285679
LEDA  129365,EmG,0.49029,0.339183
LEDA  130497,EmG,0.771947,0.579809
LEDA  130649,G,0.46219,0.447862
LEDA  130679,Sy1,0.6085,0.540105
LEDA  130710,EmG,0.79785,0.685912
LEDA  130843,EmG,0.594977,0.311827
LEDA  130896,Sy2,0.60851,0.357195
LEDA  130901,EmG,0.387,0.232
LEDA  131022,G,0.697287,0.353594
LEDA  131040,EmG,0.543753,0.28199
LEDA  131062,EmG,0.996697,0.517086
LEDA  131065,EmG,0.52182,0.3958
LEDA  131176,G,0.54453,0.378993
LEDA  131202,Sy2,0.542643,0.234313
LEDA  131291,EmG,0.57057,0.497138
LEDA  131463,G,0.26,0.244
LEDA  132933,AG?,0.49264,0.386624
LEDA  135417,Sy2,0.39,0.304
LEDA  135625,LSB,,
LEDA  135637,LSB,,
LEDA  135638,LSB,0.213,0.213
LEDA  135650,LSB,,
LEDA  135658,LSB,0.45602,0.204388
LEDA  135660,LSB,0.414343,0.274502
LEDA  135670,LSB,,
LEDA  135685,LSB,0.694127,0.290492
LEDA  135703,LSB,0.520667,0.376442
LEDA  135716,LSB,0.300257,0.235671
LEDA  135721,LSB,0.52042,0.283369
LEDA  135732,LSB,,
LEDA  135745,LSB,0.420337,0.357496
LEDA  135777,LSB,,
LEDA  135781,LSB,0.1415,0.1415
LEDA  135794,LSB,0.176667,0.15158
LEDA  135807,LSB,0.37566668,0.37566668
LEDA  135827,LSB,0.49487,0.279898
LEDA  135871,LSB,0.5,0.3
LEDA  135886,LSB,0.48886,0.284028
LEDA  135887,LSB,,
LEDA  135892,LSB,0.279697,0.200906
LEDA  138092,GiC,,
LEDA  138158,rG,,
LEDA  138441,GiC,0.0346223,0.0346223
LEDA  138447,G,0.117,0.117
LEDA  138890,GiC,,
LEDA  138895,GiC,0.28,0.14
LEDA  138912,GiC,,
LEDA  138918,GiC,0.26,0.19
LEDA  138931,GiC,0.3,0.19
LEDA  139360,GiC,0.66888,0.140465
LEDA  139506,GiC,0.0389,0.02525
LEDA  139509,GiC,,
LEDA  139514,GiC,0.22,0.17
LEDA  140027,EmG,0.39,0.265
LEDA  140265,G,,
LEDA  140305,Sy1,0.35,0.2
LEDA  140323,EmG,0.26,0.2
LEDA  140784,G,,
LEDA  141010,G,,
LEDA  141026,GiC,,
LEDA  141028,GiC,0.0818268,0.0818268
LEDA  141061,G,0.31,0.211
LEDA  142871,rG,0.32695,0.30887
LEDA  142888,G,0.508473,0.286118
LEDA  142966,AGN,0.207,0.128
LEDA  145494,G,0.44893,0.35645
LEDA  148195,EmG,0.648763,0.57448
LEDA  148407,Sy2,0.635503,0.509864
LEDA  148966,EmG,0.367,0.264
LEDA  165618,Sy2,0.137,0.137
LEDA  165700,Sy2,0.637,0.458
LEDA  165714,EmG,0.29,0.151
LEDA  166152,AG?,0.74,0.29
LEDA  166240,AG?,0.513,0.226
LEDA  166946,G,,
LEDA  166954,GiC,,
LEDA  167035,G,,
LEDA  167040,G,,
LEDA  167057,G,,
LEDA  167060,G,,
LEDA  167098,G,,
LEDA  167124,G,,
LEDA  167128,G,,
LEDA  167136,G,,
LEDA  167142,G,,
LEDA  167151,G,0.25,0.18
LEDA  167162,G,,
LEDA  170048,GiG,0.82099,0.601704
LEDA  170256,EmG,0.443,0.346
LEDA  170394,EmG,0.343,0.309
LEDA  179074,G,0.407,0.22
LEDA  183372,AG?,0.457,0.283
LEDA  183420,AG?,0.23,0.133
LEDA  188457,Sy2,0.595953,0.289693
LEDA  191964,G,0.60286,0.350985
LEDA  194929,rG,0.402023,0.344534
LEDA  197634,GiC,0.468423,0.252761
LEDA  213485,LSB,0.27,0.0891
LEDA  213682,LSB,0.41,0.23
LEDA  214504,LIN,0.39887,0.363929
LEDA  231818,G,0.453,0.354
LEDA  237599,EmG,0.54,0.205
LEDA  258539,EmG,0.433,0.303
LEDA  263886,Sy2,0.227,0.199
LEDA  273096,EmG,0.25,0.15
LEDA  282900,Sy2,0.307,0.276
LEDA  290311,G,0.187,0.119
LEDA  303338,Sy2,0.287,0.269
LEDA  379711,G,0.32,0.25
LEDA  383826,AG?,0.507,0.233
LEDA  437522,EmG,0.237,0.17
LEDA  462443,EmG,0.443807,0.351806
LEDA  463254,G,0.34,0.238
LEDA  475810,Sy1,0.50079,0.425421
LEDA  482697,G,0.33,0.22
LEDA  514277,G,0.479773,0.377102
LEDA  528828,G,0.267,0.203
LEDA  532749,EmG,0.36,0.166
LEDA  538798,AG?,0.81,0.56
LEDA  542296,G,0.383,0.245
LEDA  562356,G,0.43572,0.323827
LEDA  570863,GiC,0.35,0.21
LEDA  571140,G,0.412,0.36771
LEDA  572428,GiC,0.25,0.22
LEDA  575260,GiC,0.25,0.23
LEDA  576026,GiC,0.36,0.23
LEDA  738553,Sy2,0.34632,0.274805
LEDA  740452,G,0.4,0.31
LEDA  740618,Sy2,0.397,0.262
LEDA  805895,G,0.37,0.3
LEDA  815406,G,0.33,0.264
LEDA  821172,EmG,0.17,0.146
LEDA  826993,G,0.78,0.26
LEDA  851564,Sy1,0.307,0.209
LEDA  861397,G,0.357,0.278
LEDA  862643,EmG,0.33,0.158
LEDA  878891,G,0.267,0.16
LEDA  883039,G,0.203,0.15
LEDA  890964,Sy2,0.307,0.258
LEDA  893809,EmG,0.697,0.153
LEDA  920013,AG?,0.29,0.244
LEDA  945892,G,0.14,0.14
LEDA  952148,G,0.28,0.17
LEDA  954379,AG?,0.377,0.211
LEDA  954978,AG?,0.573,0.172
LEDA  955220,AG?,0.26,0.19
LEDA 1070500,G,0.35428,0.296816
LEDA 1201013,AGN,0.22,0.19
LEDA 1201448,AGN,0.364647,0.105419
LEDA 1230840,Sy1,0.177,0.124
LEDA 1231991,AGN,0.28,0.22
LEDA 1232430,AGN,0.33,0.21
LEDA 1232627,AGN,0.23,0.21
LEDA 1232838,Sy2,0.383807,0.311766
LEDA 1287804,GiC,0.31,0.25
LEDA 1288230,GiC,0.22,0.19
LEDA 1288378,GiC,0.21,0.2
LEDA 1303417,BLL,0.26,0.23
LEDA 1350351,LSB,0.46,0.14
LEDA 1486645,Sy1,0.427,0.307
LEDA 1495340,GiC,0.472243,0.414205
LEDA 1534888,GiC,0.26,0.2
LEDA 1558868,GiC,0.29,0.16
LEDA 1617816,GiC,0.39351,0.274827
LEDA 1800707,EmG,0.26,0.19
LEDA 1801474,GiC,0.25,0.18
LEDA 1821555,GiC,0.26,0.16
LEDA 1821898,GiC,0.3,0.22
LEDA 1825766,EmG,0.26,0.2
LEDA 1893007,G,0.440203,0.176522
LEDA 1906186,G,0.65911,0.150804
LEDA 1913691,G,0.14,0.14
LEDA 2029155,G,0.22,0.18
LEDA 2029530,G,0.4363,0.345811
LEDA 2035272,G,0.503787,0.257233
LEDA 2057303,G,0.48898,0.186497
LEDA 2060555,G,0.147,0.147
LEDA 2070611,Sy1,0.3,0.22
LEDA 2086308,G,0.482193,0.257636
LEDA 2107094,AGN,0.2,0.18
LEDA 2115652,G,0.310787,0.246889
LEDA 2143673,G,0.28,0.15
LEDA 2149945,Sy1,0.18,0.137
LEDA 2152937,GiC,0.511093,0.332875
LEDA 2157109,GiC,0.6539,0.255936
LEDA 2158386,GiC,0.376807,0.304686
LEDA 2165897,G,0.133,0.133
LEDA 2200516,G,0.403487,0.312258
LEDA 2217104,AG?,0.32,0.27
LEDA 2230938,GiC,0.27,0.14
LEDA 2268822,G,0.355127,0.244931
LEDA 2284119,H2G,0.22,0.2
LEDA 2296540,rG,0.28,0.2
LEDA 2299722,AGN,0.26,0.2
LEDA 2301533,AGN,0.25,0.16
LEDA 2414734,AG?,0.317077,0.194844
LEDA 2488118,G,0.207,0.182
LEDA 2529285,AGN,0.24,0.19
LEDA 2531454,AGN,0.28,0.21
LEDA 2790912,EmG,,
LEDA 2790925,EmG,,
LEDA 2793576,GiC,0.04,0.04
LEDA 2793629,AGN,,
LEDA 2793632,AGN,,
LEDA 2793650,EmG,,
LEDA 2802268,GiC,,
LEDA 2802278,GiC,0.03156667,0.023266668
LEDA 2815986,AG?,0.07766667,0.07766667
LEDA 2816074,AG?,0.26,0.203
LEDA 2817443,AG?,0.533,0.352
LEDA 2819197,rG,,
LEDA 2823818,QSO,,
LEDA 2826493,rG,,
LEDA 2827430,Sy2,0.15,0.15
LEDA 3084699,G,,
LEDA 3084821,GiC,,
LEDA 3088323,G,0.417023,0.334661
LEDA 3095402,AGN,,
LEDA 3095441,AGN,,
LEDA 3095444,AGN,,
LEDA 3095511,AGN,,
LEDA 3095553,AGN,,
LEDA 3095641,Sy1,0.18,0.126
LEDA 3095695,Sy1,,
LEDA 3095732,Sy2,0.193,0.17
LEDA 3095790,AGN,,
LEDA 3095883,AGN,,
LEDA 3095895,AGN,,
LEDA 3095896,Sy2,0.303,0.2
LEDA 3095900,AGN,,
LEDA 3095902,AGN,,
LEDA 3095908,AGN,,
LEDA 3095990,AGN,,
LEDA 3096010,AGN,,
LEDA 3096073,QSO,,
LEDA 3096101,AGN,,
LEDA 3096125,AGN,,
LEDA 3096126,AGN,,
LEDA 3096130,AGN,,
LEDA 3096137,AGN,,
LEDA 3096157,AGN,,
LEDA 3096239,AGN,,
LEDA 3096323,AGN,,
LEDA 3096327,AGN,,
LEDA 3096346,AGN,,
LEDA 3096380,AGN,,
LEDA 3096395,AGN,,
LEDA 3096411,AGN,,
LEDA 3096425,AGN,,
LEDA 3096490,AGN,,
LEDA 3096644,AGN,,
LEDA 3096717,AGN,,
LEDA 3096755,AGN,,
LEDA 3097916,G,0.07,0.07
LEDA 3097917,G,0.23,0.16
LEDA 3097926,G,0.11,0.11
LEDA 3099240,EmG,0.487,0.389
LEDA 3698873,AG?,0.433,0.329
LEDA 3765180,G,0.23,0.193
LEDA 3871332,EmG,0.443,0.177
LEE  57,C*,,
LEE 228,C*,,
LEE 334,C*,,
LF  1,reg,,
LF  1 +04   42,*,,
LF  1 +05  127,*,,
LF  1 +08  129,*,,
LF  1 A  29,LP?,,
LF  1 A  40,LP?,,
LF  1 A  58,LP*,,
LF  1 A  64,*,,
LF  1 A  73,LP*,,
LF  1 A 103,LP*,,
LF  1 B  14,LP?,,
LF  1 B  15,LP*,,
LF  1 B  16,*,,
LF  1 B  17,*,,
LF  1 B  21,LP*,,
LF  1 B  27,LP*,,
LF  1 B  39,LP*,,
LF  1 B  41,LP?,,
LF  1 B  55,LP?,,
LF  1 B  56,*,,
LF  1 B  58,LP?,,
LF  1 B  90,LP?,,
LF  1 C   7,LP?,,
LF  1 C  52,EB*,,
LF  1 C  56,LP*,,
LF  1 C  82,LP*,,
LF  1 C 106,LP?,,
LF  1 C 113,LP?,,
LF  1 C 115,*,,
LF  1 C 124,Mi*,,
LF  1 C 130,LP?,,
LF  1 C 160,Mi*,,
LF  1 C 164,LP*,,
LF  1 C 175,*,,
LF  1 C 196,*,,
LF  1 C 199,LP*,,
LF 11,reg,,
LFAM 10,Rad,,
LGG 132,GrG,,
LGGS J002026.69+591732.8,mul,,
LGGS J004109.11+404853.2,s*b,,
LGGS J004229.87+410551.8,s*b,,
LGGS J004353.32+412447.4,Em*,,
LGGS J013301.12+303103.1,HII,,
LGGS J013312.61+303832.2,*,,
LGGS J013327.35+310056.4,s*b,,
LGGS J013335.73+303629.1,WR*,,
LGGS J013358.08+303328.6,sg*,,
LGGS J013410.61+304637.8,s*b,,
LGGS J013413.98+302759.0,s*r,,
LGGS J013413.99+305035.5,cC*,,
LGGS J013429.65+305711.2,*,,
LGGS J194448.88-144417.5,Em*,,
LH  35,As*,,
LH  53,As*,,
LH  65,As*,,
LH  67,As*,,
LH  73,As*,,
LH  82,As*,,
LH  87,As*,,
LH  91,As*,,
LH  92,As*,,
LH 104,As*,,
LH 119,As*,,
LHA 115-N   5,PN,,
LHA 115-N   6,PN,,
LHA 115-N   9,PN,0.35,0.3
LHA 115-N  30,Em*,3.2,2.5
LHA 115-N  31,Y*O,,
LHA 115-N  38,PN,,
LHA 115-N  40,PN,,
LHA 115-N  44,PN,,
LHA 115-N  45,Cl*,0.75,0.75
LHA 115-N  47,PN,,
LHA 115-N  62,Y*O,0.14,0.14
LHA 115-N  63,Em*,0.6,0.6
LHA 115-N  67,PN,,
LHA 115-N  79,Em*,0.3,0.3
LHA 115-N  84,HII,5.0,4.0
LHA 115-S  29,s*b,,
LHA 115-S  35,Em*,,
LHA 115-S  36,Em*,,
LHA 115-S  39,Em*,,
LHA 115-S  45,s*b,,
LHA 115-S  53,Em*,,
LHA 115-S  54,Em*,,
LHA 120-N   9,HII,11.0,7.0
LHA 120-N  11,HII,,
LHA 120-N  14,EmO,4.5,3.3
LHA 120-N  27,HII,1.0,0.9
LHA 120-N  30B,EmO,,
LHA 120-N  30C,EmO,,
LHA 120-N  44,EmO,6.0,5.0
LHA 120-N  51E,HII,,
LHA 120-N  55A,SFR,,
LHA 120-N  64B,HII,,
LHA 120-N  65,HII,12.0,9.0
LHA 120-N  79,HII,16.0,16.0
LHA 120-N  81,reg,,
LHA 120-N 102,PN,0.2,0.2
LHA 120-N 103A,EmO,1.6,1.4
LHA 120-N 114,HII,11.0,5.0
LHA 120-N 122,PN,0.166667,0.166667
LHA 120-N 131,HII,1.2,0.7
LHA 120-N 144,HII,13.0,12.0
LHA 120-N 150,HII,0.8,0.7
LHA 120-N 155,HII,1.2,0.8
LHA 120-N 157,HII,,
LHA 120-N 168,HII,1.7,1.5
LHA 120-N 182,PN,,
LHA 120-N 195,EmO,,
LHA 120-N 200,EmO,17.0,17.0
LHA 120-N 205C,HII,5.0,4.0
LHA 120-S  24,Em*,0.273,0.159
LHA 120-S  31,Em*,,
LHA 120-S 162,No?,,
LIN  30,Em*,,
LIN  35,EmO,,
LIN  38,Em*,,
LIN  64,Em*,,
LIN  66,PN,,
LIN  72,Em*,,
LIN  98,Em*,,
LIN 104,Em*,,
LIN 109,Em*,,
LIN 110,HXB,,
LIN 112,Be*,,
LIN 121,Em*,,
LIN 130,Em*,,
LIN 147,Em*,,
LIN 166,Pe*,,
LIN 193,HXB,1.6166667,1.6166667
LIN 223,Em*,,
LIN 225,Em*,,
LIN 227,EB*,,
LIN 228,Em*,,
LIN 252,Be*,,
LIN 260,Be*,,
LIN 290,Em*,,
LIN 293,Em*,,
LIN 300,Em*,,
LIN 304,Em*,,
LIN 306,Em*,,
LIN 316,Em*,,
LIN 327,Em*,,
LIN 334,Em*,,
LIN 337,Em*,,
LIN 346,Em*,,
LIN 354,Em*,,
LIN 364,Em*,,
LIN 369,Em*,,
LIN 379,Em*,,
LIN 383,Em*,,
LIN 389,HXB,,
LIN 393,SB*,,
LIN 421,Em*,,
LIN 424,Em*,,
LIN 456,Em*,,
LIN 459,Em*,,
LIN 480,Em*,,
LIN 508,Em*,,
LIN 512,EmO,0.5,0.35
LIN 535,Em*,,
LIN 541,Em*,,
LIN 544,Em*,,
LIN 563,Em*,,
LIN 582,Em*,,
LIN 586,Em*,,
LINEAR 22717785,RR*,,
LINEAR 23305930,RR*,,
LINEAR 747079,EB*,,
LLNS  3990,*,,
LMC-BM   3-2,C*,,
LMC-BM   3-3,C*,,
LMC-BM   3-4,C*,,
LMC-BM   6-17,C*,,
LMC-BM   6-3,C*,,
LMC-BM   6-9,C*,,
LMC-BM   7-8,C*,,
LMC-BM   8-2,C*,,
LMC-BM   9-1,C*,,
LMC-BM   9-14,C*,,
LMC-BM   9-24,C*,,
LMC-BM   9-4,C*,,
LMC-BM  10-11,C*,,
LMC-BM  11-8,C*,,
LMC-BM  13-11,C*,,
LMC-BM  13-16,C*,,
LMC-BM  14-5,C*,,
LMC-BM  16-11,C*,,
LMC-BM  16-19,C*,,
LMC-BM  16-2,C*,,
LMC-BM  16-6,C*,,
LMC-BM  17-15,C*,,
LMC-BM  18-20,C*,,
LMC-BM  18-5,C*,,
LMC-BM  20-11,C*,,
LMC-BM  20-18,C*,,
LMC-BM  20-2,C*,,
LMC-BM  20-25,C*,,
LMC-BM  20-28,C*,,
LMC-BM  21-15,C*,,
LMC-BM  21-17,C*,,
LMC-BM  23-13,C*,,
LMC-BM  23-3,C*,,
LMC-BM  24-9,C*,,
LMC-BM  25-4,C*,,
LMC-BM  28-1,C*,,
LMC-BM  28-11,C*,,
LMC-BM  28-12,C*,,
LMC-BM  28-17,C*,,
LMC-BM  28-3,C*,,
LMC-BM  28-7,C*,,
LMC-BM  30-33,C*,,
LMC-BM  30-5,C*,,
LMC-BM  31-4,C*,,
LMC-BM  32-16,C*,,
LMC-BM  32-2,C*,,
LMC-BM  32-20,C*,,
LMC-BM  32-25,C*,,
LMC-BM  32-3,C*,,
LMC-BM  32-6,C*,,
LMC-BM  33-15,C*,,
LMC-BM  33-16,C*,,
LMC-BM  33-19,C*,,
LMC-BM  33-21,C*,,
LMC-BM  33-25,C*,,
LMC-BM  33-29,C*,,
LMC-BM  33-3,C*,,
LMC-BM  33-36,C*,,
LMC-BM  33-42,C*,,
LMC-BM  33-45,C*,,
LMC-BM  33-5,C*,,
LMC-BM  33-50,C*,,
LMC-BM  33-58,C*,,
LMC-BM  34-17,C*,,
LMC-BM  34-19,C*,,
LMC-BM  35-17,C*,,
LMC-BM  35-3,C*,,
LMC-BM  35-8,C*,,
LMC-BM  36-19,C*,,
LMC-BM  36-3,C*,,
LMC-BM  36-4,C*,,
LMC-BM  37-19,C*,,
LMC-BM  37-20,C*,,
LMC-BM  37-34,C*,,
LMC-BM  37-41,C*,,
LMC-BM  38-16,C*,,
LMC-BM  38-7,C*,,
LMC-BM  39-7,C*,,
LMC-BM  42-21,C*,,
LMC-BM  42-28,C*,,
LMC-BM  42-32,C*,,
LMC-BM  43-15,C*,,
LMC-BM  46-10,C*,,
LMC-BM  46-8,C*,,
LMC-BM  50-3,C*,,
LMC-BM  51-8,C*,,
LMC-BM  52-1,C*,,
LMCN 1988-10a,No*,,
LP   53-7,WD*,,
LP   98-79,PM*,,
LP  160-47,PM*,,
LP  209-46,PM*,,
LP  214-38,WD*,,
LP  239-25,PM*,,
LP  271-25,LM*,,
LP  272-15,PM*,,
LP  294-17,PM*,,
LP  294-50,**,,
LP  301-16,PM*,,
LP  301-63,PM*,,
LP  301-82,PM*,,
LP  302-46,PM*,,
LP  314-56,Pe*,,
LP  317-5,PM*,,
LP  320-477,PM*,,
LP  321-799,WD*,,
LP  325-29,PM*,,
LP  345-49,PM*,,
LP  346-7,PM*,,
LP  349-13,WD*,,
LP  349-14,PM*,,
LP  357-279,PM*,,
LP  358-731,TT*,,
LP  359-262,PM*,,
LP  376-71,PM*,,
LP  413-89,PM*,,
LP  414-133,PM*,,
LP  414-134,PM*,,
LP  414-149,PM*,,
LP  414-158,PM*,,
LP  414-159,PM*,,
LP  414-175,PM*,,
LP  415-101,PM*,,
LP  415-1166,PM*,,
LP  415-12,PM*,,
LP  415-143,PM*,,
LP  415-162,PM*,,
LP  415-165,PM*,,
LP  415-185,PM*,,
LP  415-21,PM*,,
LP  415-22,PM*,,
LP  415-235,PM*,,
LP  415-35,PM*,,
LP  415-4,PM*,,
LP  415-58,PM*,,
LP  415-688,PM*,,
LP  415-9,PM*,,
LP  416-26,PM*,,
LP  417-44,LM*,,
LP  428-25,PM*,,
LP  456-20,PM*,,
LP  474-155,PM*,,
LP  474-218,PM*,,
LP  474-228,PM*,,
LP  474-271,PM*,,
LP  474-275,SB*,,
LP  475-132,PM*,,
LP  475-14,PM*,,
LP  475-160,PM*,,
LP  475-17,PM*,,
LP  475-173,PM*,,
LP  475-214,PM*,,
LP  475-56,PM*,,
LP  475-9,PM*,,
LP  484-6,LM*,,
LP  495-79,WD*,,
LP  517-63,*,,
LP  518-12,PM*,,
LP  522-33,PM*,,
LP  582-61,PM*,,
LP  587-63,PM*,,
LP  605-23,Em*,,
LP  684-38,PM*,,
LP  740-12,PM*,,
LP  740-61,**,,
LP  759-25,PM*,,
LP  760-3,LM*,,
LP  845-17,Em*,,
LP  906-58,PM*,,
LP  907-33,PM*,,
LP  907-34,PM*,,
LP  907-53,PM*,,
LP  908-16,PM*,,
LS   58,*,,
LS   I +61  280,Y*O,,
LS   I +67   10,*,,
LS   I +68    5,*,,
LS   V +21   27,*,,
LS  108,*,,
LS  192,*,,
LS  673,EB*,,
LS  903,*,,
LS  956,*,,
LS  II +36   37,*,,
LS  II +40   37,*,,
LS 1301,*,,
LS 1302,bC?,,
LS 1307,*,,
LS 1309,*,,
LS 3693,WR*,,
LS 3982,WR*,,
LSB F560-1,LSB,,
LSB F568-2,LSB,,
LSB F570-7,LSB,,
LSB F572-2,LSB,,
LSB F573-7,LSB,,
LSB F574-2,LSB,,
LSB F575-5,LSB,,
LSB F576-1,LSB,,
LSB F577-2,LSB,,
LSPM J0216+4819,PM*,,
LSPM J0336+3118,PM*,,
LSPM J0622+5456,PM*,,
LSPM J1452+2939,PM*,,
LT 39,G,,
LZK 12,Or*,,
Liller 1,Cl*,,
LkHa101CXO J043017.92+351510.9,Rad,,
Lu YC 0020-41,G,,
Lu YC 0117-40,G,,
Lu YC 0243-55,G,,
Lu YC 0725-57,G,,
Lu YC 2200-37,G,,
Lupus 4,MoC,,
M   1,SNR,7.0,5.0
M   2,GlC,12.9,12.9
M   3,GlC,16.2,16.2
M   4,GlC,26.3,26.3
M   5,GlC,17.4,17.4
M   8,OpC,,
M  13,GlC,33.0,33.0
M  15,GlC,12.3,12.3
M  16,OpC,80.0,80.0
M  20,OpC,28.0,28.0
M  22,GlC,24.0,24.0
M  23,OpC,35.0,35.0
M  27,PN,6.7,6.7
M  28,GlC,11.2,11.2
M  30,GlC,11.0,11.0
M  31,AGN,199.53,70.79
M  32,GiG,3.375,2.73375
M  33,GiG,60.26,35.48
M  37,OpC,19.3,19.3
M  41,OpC,39.8,39.8
M  42,HII,66.0,66.0
M  49,Sy2,8.24445,6.84866
M  51,Sy2,9.04379,7.78399
M  53,GlC,12.6,12.6
M  54,GlC,9.1,9.1
M  55,GlC,19.0,19.0
M  56,GlC,7.1,7.1
M  57,PN,1.153,1.153
M  58,Sy2,5.7078,4.50403
M  59,GiG,5.58133,3.79698
M  60,GiC,6.43409,5.04754
M  61,Sy2,4.996,4.95603
M  62,GlC,14.1,14.1
M  63,LIN,13.18,7.94
M  64,SyG,10.9934,6.22445
M  65,GiP,15.9663,4.5472
M  66,AGN,11.4338,5.99247
M  68,GlC,12.0,12.0
M  69,GlC,7.1,7.1
M  71,GlC,7.2,7.2
M  74,G,6.70395,6.653
M  75,GlC,2.383,2.145
M  76,PN,2.307,2.307
M  77,Sy2,5.49952,5.08871
M  78,RNe,,
M  80,GlC,8.9,8.9
M  81,Sy2,21.38,10.23
M  82,AGN,,
M  83,SBG,13.8,12.88
M  84,Sy2,6.46,5.75
M  85,GiP,6.88674,5.17332
M  86,GiG,9.33669,6.60384
M  87,AGN,6.29875,5.7262
M  88,Sy2,6.69443,3.45299
M  89,Sy2,4.36363,3.91025
M  90,Sy2,9.6021,3.93302
M  91,LIN,5.24764,4.32091
M  92,GlC,11.2,11.2
M  94,SyG,6.99078,5.86107
M  95,GiP,5.59651,5.00776
M  96,GiP,6.59388,4.93881
M  98,LIN,10.9447,2.86533
M  99,H2G,4.602,4.2817
M 100,AGN,6.30534,5.29964
M 101,GiP,21.88,20.89
M 102,SyG,6.31,2.69
M 104,LIN,8.51,5.01
M 105,LIN,5.13,4.68
M 106,Sy2,17.78,6.92
M 107,GlC,10.0,10.0
M 108,AGN,14.5939,3.86883
M 109,GiG,8.2046,4.60934
M 110,GiG,3.332,2.0991666
M31GC J003552+402101,*,,
M31GC J003913+400732,G,,
M31GC J004211+401856,G,,
M31GC J004229+411315,*,,
M31GC J004230+411303,*,,
M31GC J004235+405544,Gl?,,
M31GC J004243+402927,GlC,,
M31GC J004247+411209,*,,
M31GC J004254+411520,*,,
M31GC J004308+411653,*,,
M31GC J004327+404727,*,,
M31GC J004632+392423,*,,
M31GC J004754+424402,G,0.0225802,0.0225802
M31GC J004809+425519,G,0.143,0.143
M31GC J004914+425309,G,,
M33SNR  5,SNR,,
M33SNR 41,bub,0.29833335,0.29833335
M33SNR 74,HII,0.28166667,0.28166667
M33SSS J013232.53+303108.7,cC*,,
M33SSS J013236.47+303143.0,cC*,,
M33SSS J013300.38+303416.8,Mi*,,
M33SSS J013322.50+304847.9,cC*,,
M33SSS J013438.01+304126.4,cC*,,
M3T 18,MoC,,
M3T 27,MoC,,
M3T 37,MoC,,
M3T 45,MoC,,
M3T 50,MoC,,
M3T 52,MoC,,
M3T 53,MoC,,
MAC 1-113,UV,,
MAC 1-121,*,,
MAC 1-273,UV,,
MAC 1-284,UV,,
MAC 1-301,*,,
MAC 1-343,*,,
MAC 1-347,*,,
MAC 1-362,UV,,
MAC 1-369,UV,,
MAC 1-376,UV,,
MAC 1-432,s?r,,
MAC 1-496,UV,,
MAC 1-50,UV,,
MAC 1-512,*,,
MAC 1-557,WR*,,
MAC 1-86,UV,,
MAC 2-186,*,,
MAC 2-256,*,,
MAC 2-331,*,,
MAC 2-415,*,,
MAC 2-440,s?b,,
MAC 2-510,*,,
MAC 2-518,*,,
MAC 2-647,*,,
MAC 3-12,*,,
MAC 3-32,*,,
MAC 3-76,s*b,,
MAC 3-77,*,,
MAC OB  48-4,*,,
MAC OB  69-1,WR*,,
MAC OB  69-5,*,,
MAC OB 102-2,*,,
MAC OB 136-2,*,,
MAC OB 138-1,WR*,,
MACHO  80.7557.84,*,,
MBM   7,MoC,,
MBM  16,MoC,,
MBM  25,MoC,,
MBM  30,MoC,,
MBM  31,MoC,,
MBM  32,MoC,,
MBM  40,MoC,,
MBM  43,MoC,,
MBM  49,MoC,,
MBM  54,MoC,,
MBM 151,MoC,,
MBO  73,Y*O,,
MC3 2257+16.3,Rad,,
MCA 14,WR*,,
MCG+00-02-031,rG,0.578777,0.235794
MCG+00-02-126,Sy1,0.841207,0.591032
MCG+00-03-016,LSB,0.44706,0.444378
MCG+00-03-022,LSB,0.746977,0.423088
MCG+00-11-027,LSB,0.407,0.382
MCG+00-13-031,GiC,0.38,0.182
MCG+00-13-040,GiG,0.487,0.467
MCG+00-27-023,BiC,1.68117,1.13109
MCG+00-36-022,LSB,0.569237,0.499221
MCG+00-52-008,GiP,0.45,0.288
MCG+01-40-003,GiG,1.02385,0.72591
MCG+01-51-002,rG,0.48,0.394
MCG+01-59-027,GiC,0.943617,0.630242
MCG+01-59-046,G,0.48,0.125
MCG+01-59-081,G,0.347,0.236
MCG+02-21-002,Sy2,0.920277,0.792174
MCG+02-27-037,G,0.309,0.223
MCG+02-30-040,GiC,0.59,0.38333333
MCG+02-32-025,GiG,0.625337,0.52028
MCG+02-32-032,GiC,0.474327,0.450326
MCG+02-32-045,GiC,0.84076,0.508323
MCG+02-32-063,LSB,1.1,0.6666667
MCG+02-32-077,LSB,0.192323,0.168033
MCG+02-32-161,GiG,1.14792,0.730993
MCG+02-32-163,G,0.61329,0.372328
MCG+02-33-043,GiG,0.841033,0.588723
MCG+02-38-007,LIN,0.860247,0.686305
MCG+02-39-019,GiC,0.442487,0.277572
MCG+02-39-020,rG,1.58174,1.19058
MCG+02-60-017,Sy2,1.06034,0.586158
MCG+03-02-002,EmG,0.525903,0.263635
MCG+03-20-011,BiC,1.63056,0.997414
MCG+03-27-008,AGN,0.665133,0.316803
MCG+03-27-024,BiC,0.96886,0.580541
MCG+03-30-026,LIN,0.853807,0.408717
MCG+03-30-055,GiC,1.25467,0.626082
MCG+03-30-078,GiG,0.630537,0.559349
MCG+03-30-079,GiG,0.761527,0.369493
MCG+03-33-011,LSB,0.7613,0.190325
MCG+03-38-014,AGN,0.283,0.232
MCG+03-40-057,IG,0.588927,0.282508
MCG+03-41-008,GiC,0.866887,0.649645
MCG+03-41-012,GiC,0.73521,0.629413
MCG+03-41-067,GiC,0.70794,0.485364
MCG+03-41-072,GiC,0.668093,0.360436
MCG+03-41-080,GiC,0.59987,0.443064
MCG+03-41-112,LIN,0.546977,0.487466
MCG+03-41-120,GiC,0.661317,0.465964
MCG+03-45-020,G,0.768973,0.640555
MCG+04-01-020,AG?,0.855103,0.320236
MCG+04-03-017,EmG,1.02696,0.463774
MCG+04-04-010,EmG,0.47284,0.401157
MCG+04-04-015,EmG,0.681013,0.48958
MCG+04-17-001,GiG,0.83,0.73
MCG+04-18-005,GiG,0.952603,0.727598
MCG+04-19-007,EmG,1.09094,0.662966
MCG+04-22-016,LSB,0.664207,0.460959
MCG+04-22-060,G,0.587537,0.522203
MCG+04-23-025,GiG,0.783157,0.352107
MCG+04-28-077,EmG,0.91156,0.699258
MCG+04-28-119,EmG,0.6613,0.568916
MCG+04-33-028,EmG,0.45194,0.385821
MCG+04-37-037,PaG,1.445,0.831
MCG+04-38-005,GiG,1.3433334,0.87
MCG+04-38-024,EmG,0.855353,0.53126
MCG+04-40-016,EmG,0.52601,0.407763
MCG+04-41-017,G,0.46233,0.299174
MCG+04-42-010,GiG,0.873783,0.236883
MCG+04-43-033,GiG,0.87,0.47
MCG+05-01-021,GiG,0.923777,0.564612
MCG+05-03-060,GiG,0.28,0.185
MCG+05-16-010,Sy2,0.563,0.372
MCG+05-18-005,G,1.07973,0.685415
MCG+05-18-017,G,1.06241,0.487752
MCG+05-22-018,AGN,0.349993,0.339109
MCG+05-27-015,GiG,0.566307,0.429487
MCG+05-28-021,IG,0.68774,0.543727
MCG+05-28-074,EmG,1.0609,0.478254
MCG+05-30-081,IG,0.39695,0.375197
MCG+05-31-036,AGN,0.575593,0.428241
MCG+05-31-037,LIN,0.707837,0.487204
MCG+05-31-046,GiG,0.782957,0.699415
MCG+05-31-108,EmG,0.44204,0.410788
MCG+05-41-011,LIN,0.573,0.355
MCG+06-16-029,GiG,0.938933,0.53322
MCG+06-19-020,Q?,0.633437,0.498831
MCG+06-21-068,Sy1,0.85117,0.61829
MCG+06-25-068,G,0.50554,0.489514
MCG+06-32-058a,SBG,0.34,0.177
MCG+06-33-023,G,0.33,0.178
MCG+07-16-022,AGN,0.653603,0.612557
MCG+07-25-041,G,0.93475,0.339501
MCG+07-25-043,LSB,0.883843,0.392515
MCG+07-31-049,EmG,0.66708,0.489036
MCG+07-34-050,GiC,0.62705,0.433103
MCG+07-35-026,G,0.734683,0.689941
MCG+07-35-055,GiG,1.04146,0.613732
MCG+07-37-031,Sy2,0.89,0.89
MCG+07-40-005,rG,0.447,0.322
MCG+07-40-015,GiG,0.89,0.356
MCG+08-16-005,Sy1,0.511523,0.333462
MCG+08-21-077,GiP,0.557,0.189
MCG+08-34-022,G,1.22042,0.438498
MCG+08-36-003,LSB,0.81,0.69
MCG+09-13-062,rG,0.537493,0.46821
MCG+09-16-055,G,0.733847,0.167024
MCG+09-17-022,LIN,0.58442,0.42464
MCG+09-19-092,GiC,0.41635,0.28978
MCG-01-03-065,LSB,2.08972,1.5374
MCG-01-09-014,Sy2,0.819073,0.624298
MCG-01-25-011,GiG,0.710683,0.220951
MCG-01-33-027,GiP,1.49131,0.8663
MCG-01-57-001,LIN,1.2174,0.899415
MCG-01-60-022,Sy2,1.16525,0.599987
MCG-02-07-026,GiG,1.00892,0.689498
MCG-02-09-032,EmG,0.80784,0.596671
MCG-02-25-006,AG?,0.96,0.787
MCG-02-50-003,HII,1.096,0.977
MCG-03-26-006,GiG,0.507,0.405
MCG-03-27-009,EmG,0.42,0.218
MCG-03-27-024,Sy2,0.687,0.522
MCG-03-32-001,G,0.36,0.302
MCG-03-52-002,EmG,1.68,0.202
MCG-04-24-016,EmG,0.553,0.387
MCG-04-33-015,GiG,0.517,0.331
MCG-05-02-035,EmG,0.599167,0.420855
MCG-05-08-008,AG?,0.762533,0.600114
MCG-06-08-024,Sy2,0.840317,0.614271
MCG-06-08-027,EmG,0.99132,0.781953
MCG-06-23-021,GiG,0.637,0.471
MCG-07-02-015,GiG,0.82756,0.776996
MCG-07-04-006,G,0.984537,0.747559
MCT 2020-4234,WD*,,
MFJG  5,SCG,,
MGSD LH 117  43,*,,
MGSD LH 117  62,EB*,,
MGSD LH 118 138,*,,
MITG J0001+5049,,,
MITG J0006+4134,,,
MITG J0009+4001,,,
MITG J0013+4053,,,
MITG J0015+5038,,,
MITG J0019+4537,,,
MITG J0023+4930,,,
MITG J0026+4407,,,
MITG J0026+4619,,,
MITG J0036+4441,,,
MITG J0045+3824,,,
MITG J0046+3900,,,
MITG J0047+4633,,,
MITG J0048+4654,,,
MITG J0050+3811,,,
MITG J0052+0751,Rad,,
MITG J0056+4658,,,
MITG J0059+1848,Rad,,
MITG J0102+4124,,,
MITG J0102+4747,,,
MITG J0103+1831,Rad,,
MITG J0105+4452,,,
MITG J0108+4852,,,
MITG J0110+4402,,,
MITG J0112+4932,,,
MITG J0113+4109,,,
MITG J0116+4017,,,
MITG J0120+4308,,,
MITG J0123+4313,,,
MITG J0128+0200,Rad,,
MITG J0132+3839,,,
MITG J0138+4834,,,
MITG J0140+4342,,,
MITG J0141+3924,,,
MITG J0143+4128,,,
MITG J0146+4251,,,
MITG J0146+4605,,,
MITG J0146+4743,,,
MITG J0149+3721,,,
MITG J0149+3932,,,
MITG J0154+4558,,,
MITG J0156+4648,,,
MITG J0158+4137,,,
MITG J0204+4748,,,
MITG J0204+4822,,,
MITG J0207+4545,,,
MITG J0219+4435,,,
MITG J0223+1730,Rad,,
MITG J0223+3913,,,
MITG J0223+4244,,,
MITG J0223+4620,,,
MITG J0225+4031,,,
MITG J0227+5004,,,
MITG J0258+0127,Rad,,
MITG J0359+0342,Rad,,
MITG J0402+0540,Rad,,
MITG J0438+1313,Rad,,
MITG J0442+1651,Rad,,
MITG J0520+1409,Rad,,
MITG J0838-0037,Rad,,
MITG J0912+0810,Rad,,
MITG J0917+1544,Rad,,
MITG J0942+0627,Rad,,
MITG J1117+1408,rG,,
MITG J1148+0455,Rad,,
MITG J1202+1245,Rad,,
MITG J1300+1417,Rad,,
MITG J1306+0341,Rad,,
MITG J1401+0921,rG,,
MITG J1441+1055,Rad,,
MITG J1525+0509,Rad,,
MITG J1535+4957,,,
MITG J1540+4543,,,
MITG J1541+4727,,,
MITG J1545+4050,,,
MITG J1546+4119,,,
MITG J1547+4739,,,
MITG J1555+3812,,,
MITG J1558+4817,,,
MITG J1601+4731,,,
MITG J1603+4702,,,
MITG J1605+3719,,,
MITG J1605+4408,,,
MITG J1610+3856,,,
MITG J1616+4314,,,
MITG J1620+4055,,,
MITG J1621+4344,,,
MITG J1622+4007,,,
MITG J1623+1239,Rad,,
MITG J1623+4719,,,
MITG J1629+1341,Rad,,
MITG J1630+4209,,,
MITG J1631+4348,,,
MITG J1632+4056,,,
MITG J1634+3900,,,
MITG J1636+0832,Rad,,
MITG J1641+4007,,,
MITG J1644+5003,,,
MITG J1646+1449,AG?,,
MITG J1648+3745,,,
MITG J1648+4105,,,
MITG J1653+4006,,,
MITG J1654+4124,,,
MITG J1654+4808,,,
MITG J1701+3851,,,
MITG J1703+4014,,,
MITG J1703+4657,,,
MITG J1703+4907,,,
MITG J1707+4203,,,
MITG J1710+4238,,,
MITG J1710+4623,,,
MITG J1711+3956,,,
MITG J1716+4531,,,
MITG J1722+3721,,,
MITG J1723+1735,Rad,,
MITG J1723+4204,,,
MITG J1727+4702,,,
MITG J1731+1502,Rad,,
MITG J1737+3740,,,
MITG J1738+4247,,,
MITG J1740+4506,,,
MITG J1745+4100,,,
MITG J1749+4719,,,
MITG J1750+4348,,,
MITG J1752+4530,,,
MITG J1756+0338,Rad,,
MITG J1800+4831,,,
MITG J1807+4252,,,
MITG J1808+3904,,,
MITG J1809+4449,,,
MITG J1810+1017,Rad,,
MITG J1810+4109,,,
MITG J1810+4511,,,
MITG J1810+4917,,,
MITG J1813+4247,,,
MITG J1813+4304,,,
MITG J1817+4915,,,
MITG J1818+3710,,,
MITG J1818+3933,,,
MITG J1819+3843,,,
MITG J1819+5030,,,
MITG J1822+3931,,,
MITG J1823+3715,,,
MITG J1825+4939,,,
MITG J1826+4401,,,
MITG J1827+4050,,,
MITG J1828+3720,,,
MITG J1832+3755,,,
MITG J1833+4530,,,
MITG J1835+1515,Rad,,
MITG J1840+3852,,,
MITG J1844+4532,,,
MITG J1847+3857,,,
MITG J1850+4958,,,
MITG J1901+4436,,,
MITG J1903+4432,,,
MITG J1912+4554,,,
MITG J1913+4706,,,
MITG J1913+4813,,,
MITG J1916+4614,,,
MITG J1918+4937,,,
MITG J1921+4333,,,
MITG J1923+4530,,,
MITG J1927+4210,,,
MITG J1936+4625,,,
MITG J1937+4104,,,
MITG J1939+3817,,,
MITG J1942+5035,,,
MITG J1947+4633,,,
MITG J1948+4857,,,
MITG J1949+3812,,,
MITG J1951+3831,,,
MITG J1954+4639,,,
MITG J1956+4045,,,
MITG J1957+4028,,,
MITG J1957+4044,,,
MITG J1957+4105,,,
MITG J1959+4122,,,
MITG J1959+4133,,,
MITG J2000+4013,,,
MITG J2001+4016,,,
MITG J2001+4033,,,
MITG J2001+4053,,,
MITG J2002+4133,,,
MITG J2003+4058,,,
MITG J2003+4505,,,
MITG J2005+4556,,,
MITG J2007+4034,,,
MITG J2009+4411,,,
MITG J2011+4527,,,
MITG J2015+3947,,,
MITG J2015+3953,,,
MITG J2015+4129,,,
MITG J2015+4337,,,
MITG J2015+4628,,,
MITG J2016+4145,,,
MITG J2016+4150,,,
MITG J2017+3956,,,
MITG J2018+3951,,,
MITG J2018+4610,,,
MITG J2019+3913,,,
MITG J2019+3932,,,
MITG J2019+4046,,,
MITG J2020+3750,,,
MITG J2020+3931,,,
MITG J2020+3958,,,
MITG J2020+4045,,,
MITG J2020+4306,,,
MITG J2021+3726,,,
MITG J2021+3932,,,
MITG J2021+4025,,,
MITG J2021+4054,,,
MITG J2021+4154,,,
MITG J2021+4159,,,
MITG J2021+4223,,,
MITG J2022+4000,,,
MITG J2022+4031,,,
MITG J2022+4135,,,
MITG J2023+3929,,,
MITG J2023+4021,,,
MITG J2023+4046,,,
MITG J2023+4101,,,
MITG J2023+4257,,,
MITG J2023+4308,,,
MITG J2024+4018,,,
MITG J2024+4156,,,
MITG J2024+4241,,,
MITG J2024+4314,,,
MITG J2024+4317,,,
MITG J2024+4346,,,
MITG J2024+4410,,,
MITG J2025+4001,,,
MITG J2025+4318,,,
MITG J2026+3959,,,
MITG J2026+4033,,,
MITG J2026+4139,,,
MITG J2026+4149,,,
MITG J2026+4208,,,
MITG J2027+3911,,,
MITG J2027+4000,,,
MITG J2027+4041,,,
MITG J2028+4129,,,
MITG J2028+4347,,,
MITG J2029+0456,Rad,,
MITG J2029+3930,,,
MITG J2029+3931,,,
MITG J2029+3952,,,
MITG J2029+4111,,,
MITG J2029+4130,,,
MITG J2029+4248,,,
MITG J2029+4331,,,
MITG J2029+4333,,,
MITG J2029+4404,,,
MITG J2030+3905,,,
MITG J2030+3925,,,
MITG J2030+4029,,,
MITG J2030+4105,,,
MITG J2030+4115,,,
MITG J2030+4159,,,
MITG J2030+4206,,,
MITG J2030+4304,,,
MITG J2030+4421,,,
MITG J2031+3855,,,
MITG J2031+3856,,,
MITG J2031+3909,,,
MITG J2031+3946,,,
MITG J2031+4003,,,
MITG J2031+4006,,,
MITG J2031+4202,,,
MITG J2031+4246,,,
MITG J2031+4327,,,
MITG J2031+4333,,,
MITG J2031+4342,,,
MITG J2031+4402,,,
MITG J2031+4431,,,
MITG J2031+4436,,,
MITG J2032+3910,,,
MITG J2032+4222,,,
MITG J2032+4333,,,
MITG J2032+4422,,,
MITG J2033+3900,,,
MITG J2033+3924,,,
MITG J2033+3949,,,
MITG J2033+4139,,,
MITG J2033+4144,,,
MITG J2033+4406,,,
MITG J2033+4534,,,
MITG J2033+4639,,,
MITG J2034+3913,,,
MITG J2034+3916,,,
MITG J2034+3956,,,
MITG J2034+4057,,,
MITG J2034+4115,,,
MITG J2034+4120,,,
MITG J2034+4401,,,
MITG J2034+4646,,,
MITG J2034+4710,,,
MITG J2035+3836,,,
MITG J2035+3949,,,
MITG J2035+4056,,,
MITG J2035+4113,,,
MITG J2035+4114,,,
MITG J2035+4132,,,
MITG J2035+4358,,,
MITG J2036+3900,,,
MITG J2036+3903,,,
MITG J2036+3949,,,
MITG J2036+4021,,,
MITG J2036+4211,,,
MITG J2036+4248,,,
MITG J2036+4356,,,
MITG J2036+4713,,,
MITG J2036+4717,,,
MITG J2037+1605,rG,,
MITG J2037+3923,,,
MITG J2037+3936,,,
MITG J2037+4037,,,
MITG J2037+4146,,,
MITG J2038+3950,,,
MITG J2038+4226,,,
MITG J2038+4229,,,
MITG J2038+4237,,,
MITG J2038+4238,,,
MITG J2039+4044,,,
MITG J2039+4111,,,
MITG J2039+4204,,,
MITG J203959+4140,Rad,,
MITG J2040+4135,,,
MITG J2040+4138,,,
MITG J2041+4119,,,
MITG J2042+3902,,,
MITG J2042+3929,,,
MITG J2042+5029,,,
MITG J2043+3949,,,
MITG J2043+4219,,,
MITG J2043+4224,,,
MITG J2043+4230,,,
MITG J2044+3935,,,
MITG J2044+4233,,,
MITG J2045+3950,,,
MITG J2045+4117,,,
MITG J2046+4127,,,
MITG J2047+3847,,,
MITG J2048+4135,,,
MITG J2049+4227,,,
MITG J2050+4311,,,
MITG J2050+4415,,,
MITG J2050+4416,,,
MITG J2051+4220,,,
MITG J2051+4345,,,
MITG J2051+4925,,,
MITG J2052+4335,,,
MITG J2052+4716,,,
MITG J2053+4333,,,
MITG J2053+4348,,,
MITG J2054+4400,,,
MITG J2054+4443,,,
MITG J2055+4301,,,
MITG J2058+4325,,,
MITG J2059+4258,,,
MITG J2059+4849,,,
MITG J2100+4347,,,
MITG J2105+4939,,,
MITG J2106+4751,,,
MITG J2106+5015,,,
MITG J2109+5012,,,
MITG J2112+4748,,,
MITG J2114+4217,,,
MITG J2114+4815,,,
MITG J2117+4348,,,
MITG J2119+4128,,,
MITG J2120+4434,,,
MITG J2121+4346,,,
MITG J2123+1712,Rad,,
MITG J2125+3957,,,
MITG J2125+4017,,,
MITG J2126+3930,,,
MITG J2126+5055,,,
MITG J2131+3717,,,
MITG J2137+5021,,,
MITG J2138+1158,rG,,
MITG J2138+5024,,,
MITG J2140+3911,,,
MITG J2142+4410,,,
MITG J2148+3759,,,
MITG J2151+1418,Rad,,
MITG J2153+4241,,,
MITG J2154+4810,,,
MITG J2157+4440,,,
MITG J2201+4429,,,
MITG J2203+3822,,,
MITG J2205+4300,,,
MITG J2205+4912,,,
MITG J2206+0223,Rad,,
MITG J2206+4554,,,
MITG J2207+4843,,,
MITG J2209+4102,,,
MITG J2209+4328,,,
MITG J2211+4042,,,
MITG J2226+4142,,,
MITG J2227+5009,,,
MITG J2228+4418,,,
MITG J2235+4010,,,
MITG J2238+4110,,,
MITG J2238+4158,,,
MITG J2240+4332,,,
MITG J2241+4843,,,
MITG J2242+4115,,,
MITG J2243+4443,,,
MITG J2244+3846,,,
MITG J2245+4401,,,
MITG J2251+3935,,,
MITG J2251+4241,,,
MITG J2252+5026,,,
MITG J2254+4141,,,
MITG J2255+4130,,,
MITG J2304+4028,,,
MITG J2306+4652,,,
MITG J2314+3902,,,
MITG J2317+3952,,,
MITG J2317+4721,,,
MITG J2319+4718,,,
MITG J2322+4157,,,
MITG J2323+4235,,,
MITG J2323+5024,,,
MITG J2324+4632,,,
MITG J2324+5007,,,
MITG J2327+4801,,,
MITG J2327+4910,,,
MITG J2331+3806,,,
MITG J2332+4428,,,
MITG J2333+4012,,,
MITG J2339+4236,,,
MITG J2339+5004,,,
MITG J2341+4227,,,
MITG J2342+4910,,,
MITG J2352+4822,,,
MITG J2357+4420,,,
MITG J2358+4920,,,
MKW  2,ClG,,
MLA  208,WR*,,
MLA  395,WR*,,
MLA  578,WR*,,
MLCG 0165,CGG,,
MLCG 1532,CGG,,
MLLA   79,Or*,,
MLLA  267,Y*?,,
MLLA  361,Y*?,,
MLLA  532,Y*O,,
MLLA  588B,Y*O,,
MLLA  752B,*,,
MLLA  773A,Y*?,,
MLLA  800,Y*O,,
MLLA  906,*,,
MLLA  923,Or*,,
MO 1-104,*,,
MO 1-107,*,,
MO 1-111,*,,
MO 1-114,*,,
MO 1-118,*,,
MO 1-119,*,,
MO 1-127,*,,
MO 1-131,*,,
MO 1-139,*,,
MO 1-156,*,,
MO 1-179,*,,
MO 1-180,*,,
MO 1-225,*,,
MO 1-249,*,,
MO 1-33,*,,
MO 1-41,*,,
MO 1-49,*,,
MO 1-55,*,,
MO 1-65,*,,
MO 1-86,*,,
MODS deep  420,G,,
MODS deep  577,G,,
MODS deep  687,G,,
MODS deep  815,G,,
MODS deep  997,G,,
MODS deep 1009,G,,
MODS deep 1025,G,,
MODS deep 1108,G,,
MODS deep 1253,G,,
MODS deep 1278,PoG,,
MODS deep 1342,G,,
MODS deep 1351,PoG,,
MODS deep 1352,EmG,,
MODS deep 1444,G,,
MODS deep 1459,G,,
MODS deep 1642,G,,
MODS deep 1651,G,,
MODS deep 1702,G,,
MODS deep 1721,G,,
MODS deep 1725,G,,
MODS deep 1817,G,,
MODS deep 1835,G,,
MODS deep 1845,G,,
MODS deep 1853,G,,
MODS deep 1878,G,,
MODS deep 1895,G,,
MODS deep 1957,G,,
MODS deep 1982,EmG,,
MODS deep 2003,G,,
MODS deep 2081,G,,
MODS deep 2113,PoG,,
MODS deep 2123,G,,
MODS deep 2228,G,,
MODS deep 2289,G,,
MODS deep 2310,G,,
MODS deep 2314,G,,
MODS deep 2316,PoG,,
MODS deep 2477,G,,
MODS deep 2556,PoG,,
MODS deep 2563,G,,
MODS deep 2672,PoG,,
MODS deep 2711,PoG,,
MODS deep 2748,G,,
MODS deep 2763,G,,
MODS deep 2828,G,,
MODS deep 3109,EmG,,
MODS deep 3136,G,,
MODS deep 3156,G,,
MODS deep 3210,G,,
MODS deep 3304,G,,
MODS wide  5593,G,,
MPWK 0211+330,Rad,,
MPWK 1156+495,Rad,,
MPWK 1203+499,Rad,,
MR  35,s*b,,
MR  39,WR*,,
MR  55,WR*,,
MR  67,WR*,,
MR  89,WR*,,
MR  93,WR*,,
MR 112,WR*,,
MR 114,WR*,,
MRC 1138-262,rG,,
MSB 53,C*,,
MSH 22+0-01,Rad,,
MSX LMC  332,LP*,0.0666667,0.0666667
MSX5C G014.9957-00.6735,MIR,,
MSX6C G023.2637+00.0744,Y*O,0.076,0.076
MSX6C G025.3953+00.0336,Y*O,0.077,0.077
MSX6C G026.4700+00.0207,s*b,1.3333334,1.3333334
MWMM V14,Ce*,,
MWMM V20,Ce*,,
MWMM V27,Ce*,,
MWMM V29,Ce*,,
MWMM V33,Ce*,,
MWMM V9,Ce*,,
MWP 1,PN,,
MY 071022.2+343639.1,Rad,,
MacC 25,*,,
MacC 31,*,,
MacC 34,*,,
MacC C,*,,
MacC E,*,,
MacC I,*,,
MacC J,*,,
MacC sH1,*,,
MacC sH3,*,,
MacC sH5,*,,
MacC sv8,*,,
MacC v8,*,,
Min 1-92,pA*,,
Min 3-60,LP?,,
Mrk    3,Sy2,0.99,0.812
Mrk    9,Sy1,0.5237,0.517311
Mrk   22,Sy1,0.444887,0.256655
Mrk   33,AGN,1.19401,0.827093
Mrk   34,Sy2,0.605023,0.508885
Mrk   37,H2G,0.342283,0.25928
Mrk   38,G,0.367,0.213
Mrk   40,Sy1,0.363,0.167
Mrk   42,Sy2,0.630557,0.505896
Mrk   47,G,0.577867,0.451372
Mrk   53,AGN,0.408253,0.278021
Mrk   55,LIN,0.347673,0.323371
Mrk   57,AGN,0.43246,0.313317
Mrk   59,rG,0.87,0.71
Mrk   63,H2G,0.147,0.147
Mrk   67,EmG,0.23,0.147
Mrk   69,Sy1,0.183,0.169
Mrk   79,Sy1,1.23877,0.989031
Mrk   96,G,0.355027,0.303122
Mrk  100,AG?,0.830617,0.779201
Mrk  102,rG,0.67115,0.572424
Mrk  105,bCG,0.417083,0.228437
Mrk  110,Sy1,0.553777,0.389028
Mrk  116,AGN,2.0,2.0
Mrk  116A,H2G,,
Mrk  116B,EmG,0.41,0.35
Mrk  140,H2G,0.507733,0.385573
Mrk  141,Sy1,0.52627,0.434436
Mrk  142,Sy1,0.213,0.183
Mrk  176,Sy2,1.207,0.241
Mrk  194,G,0.409097,0.386228
Mrk  197,H2G,0.73771,0.728931
Mrk  205,BLL,1.2,0.71
Mrk  215,bCG,0.567217,0.500512
Mrk  220,rG,1.12145,0.340025
Mrk  231,Sy1,0.814767,0.633726
Mrk  236,Sy1,0.622867,0.374779
Mrk  238,Sy1,0.851,0.758
Mrk  248,Sy2,0.477,0.267
Mrk  262,G,0.53764,0.168873
Mrk  267,SBG,0.64319,0.415629
Mrk  268,Sy2,0.92006,0.561145
Mrk  279,Sy1,0.894257,0.60568
Mrk  290,Sy1,0.427963,0.387521
Mrk  315,Sy1,0.5185,0.441192
Mrk  331,AGN,0.93952,0.664335
Mrk  335,Sy1,,
Mrk  349,EmG,0.523767,0.478094
Mrk  352,Sy1,0.73002,0.594747
Mrk  374,Sy1,0.679603,0.502839
Mrk  382,Sy1,0.703437,0.500706
Mrk  416,EmG,1.55144,0.572481
Mrk  423,Sy2,0.772777,0.493109
Mrk  431,AG?,1.27922,0.663146
Mrk  450,H2G,1.13316,0.731793
Mrk  454,H2G,0.37033,0.300634
Mrk  459,H2G,0.187,0.157
Mrk  461,Sy2,0.909247,0.654021
Mrk  464,Sy2,0.18,0.14
Mrk  469,rG,0.16,0.16
Mrk  475,AGN,0.38948,0.284087
Mrk  477,Sy2,0.44403,0.392123
Mrk  478,Sy1,,
Mrk  486,Sy1,,
Mrk  487,bCG,0.207,0.194
Mrk  493,Sy1,1.18031,0.701104
Mrk  507,Sy1,0.23,0.189
Mrk  509,Sy1,0.597383,0.488361
Mrk  513,AG?,0.451667,0.238028
Mrk  546,H2G,0.328303,0.178925
Mrk  552,GiG,0.83742,0.591051
Mrk  569,GiG,0.497863,0.359557
Mrk  573,Sy1,1.08576,1.01747
Mrk  582,GiP,0.353,0.212
Mrk  586,Sy1,,
Mrk  599,Sy2,0.602773,0.500302
Mrk  600,AG?,0.676757,0.372622
Mrk  618,Sy1,0.83145,0.587336
Mrk  668,BLL,0.263,0.253
Mrk  685,bCG,0.634057,0.387789
Mrk  699,Sy1,0.444307,0.382504
Mrk  705,Sy1,0.662033,0.576366
Mrk  707,Sy1,0.363873,0.274215
Mrk  724,EmG,0.33048,0.237086
Mrk  802,rG,0.455177,0.28312
Mrk  829,H2G,0.849283,0.320944
Mrk  841,Sy1,0.263,0.258
Mrk  846,H2G,0.520963,0.428909
Mrk  882,H2G,0.41109,0.204723
Mrk  892,EmG,0.612427,0.296353
Mrk  896,Sy1,0.920213,0.643965
Mrk  928A,Sy2,1.51,1.15
Mrk  937,Sy1,0.648903,0.633395
Mrk  955,Sy2,0.880407,0.591281
Mrk  960,bCG,0.703247,0.503173
Mrk  985,G,0.477,0.276
Mrk 1052,EmG,1.68544,0.831429
Mrk 1066,Sy2,0.94,0.451
Mrk 1104,rG,0.697397,0.653182
Mrk 1114,rG,0.5288,0.316804
Mrk 1125,G,0.507503,0.329065
Mrk 1197,GiG,0.6,0.372
Mrk 1198,G,0.89,0.356
Mrk 1210,Sy2,0.844153,0.824653
Mrk 1279,H2G,0.742863,0.50017
Mrk 1304,rG,0.69088,0.426135
Mrk 1307,Sy1,0.60083,0.543631
Mrk 1407,AG?,0.75826,0.403773
Mrk 1446,H2G,0.419617,0.384663
Mrk 1498,Sy2,0.614243,0.510436
Mrk 1501,Bla,0.247,0.178
Mrk 1502,Sy1,0.48,0.35
Mrk 1506,Bla,0.51,0.326
Muzzio   II-10,*,,
Muzzio   II-19,*,,
Muzzio   II-34,*,,
Muzzio   II-37,*,,
Muzzio   II-53,*,,
Muzzio   II-56,*,,
Muzzio   II-7,*,,
Muzzio  III-5,*,,
NAME 30 Dor Nebula,SFR,40.0,25.0
NAME 3C 330G2,Sy2,,
NAME AFGL 5142 Cluster,Cl*,,
NAME AQR A SUPERCL,SCG,,
NAME Andromeda II,G,10.359,10.359
NAME Andromeda III,G,4.22,4.22
NAME Antennae,IG,,
NAME Aquarius Dwarf,G,1.12,0.5733333
NAME Aquila Supershell,HI,,
NAME Aur A,Rad,,
NAME Aveni-Hunter 1,OpC,59.5,59.5
NAME BL Lac,BLL,1.05e-05,5.6666668e-06
NAME BOO SUPERCL,SCG,,
NAME Barn 30 I,Cld,,
NAME Barnard's Loop,HII,,
NAME Barnard's star,BY*,,
NAME Burnham's Nebula,HII,,
NAME Cancer Cluster,ClG,,
NAME Car-Sgr Arm,PoG,,
NAME Carina dSph,G,19.9333,19.9333
NAME Cartwheel,EmG,0.785343,0.482201
NAME Cas 2,GiG,,
NAME Cas A,SNR,5.0,5.0
NAME Centaurus A,BLL,25.7,17.78
NAME Cep E,HII,,
NAME Cepheus A,SFR,,
NAME Cepheus Cloud,SFR,,
NAME Cepheus Flare,MoC,,
NAME Cha 1,MoC,,
NAME Cha II,MoC,,
NAME Chamaeleon Region,SFR,480.0,420.0
NAME CoKu Tau 1,Y*O,,
NAME Corona Australis Cloud,MoC,600.0,540.0
NAME Coronet Cluster,Cl*,,
NAME Cyg A,Bla,0.603,0.507
NAME Cyg A Cluster,ClG,,
NAME Cyg Complex,reg,,
NAME Cyg Loop,SNR,230.0,160.0
NAME Cyg Superbubble,PoC,1080.0,780.0
NAME Cyg X FIR 33,Y*O,,
NAME DEM S 68SE,SNR,3.3,1.8
NAME DR 21(OH) MM 2,Mas,,
NAME Dra dSph,G,15.8,15.8
NAME Duck Nebula,smm,,
NAME Duck Redux,SNR,35.0,35.0
NAME E 2,Cl*,0.92,0.92
NAME E 3,GlC,7.2,7.2
NAME Eridanus Star Cluster,GlC,,
NAME Eridanus X-Ray Source,X,,
NAME FGN,ISM,,
NAME Flame Nebula,HII,,
NAME Fornax Dwarf Spheroidal,G,27.5,27.5
NAME Fornax H3,GlC,,
NAME Fornax H4,GlC,0.32,0.262
NAME Fornax H5,GlC,0.337,0.29
NAME Fourcade-Figueroa,AG?,11.48,1.74
NAME GUM Nebula,ISM,300.0,300.0
NAME Gal Center Snake,Rad,,
NAME Galactic CENTRE LOBE,Rad,,
NAME Galactic Center,reg,,
NAME Geminga,Psr,,
NAME Great Attractor,SCG,,
NAME HERCULES SUPERCL,SCG,,
NAME HH 1-2,HH,,
NAME HH 240-241,DNe,1.0333333,0.8
NAME HH 290 IRS,HH,0.233,0.14
NAME HH 7-11,FIR,,
NAME HH 86-87-88,?,,
NAME HHL 73 IRS 1,Y*?,,
NAME HI 1225+01,HI,,
NAME Her 36SE,Y*O,,
NAME Her B,Bla,,
NAME Hercules A,SyG,0.44846,0.270018
NAME Hodge 11,GlC,2.7,2.7
NAME Hodge 3,GlC,1.8,1.8
NAME Hodge 4,GlC,1.66,1.66
NAME Homunculus Nebula,ISM,,
NAME Horsehead Nebula,DNe,6.0,4.0
NAME Hubble Deep Field,reg,,
NAME Hya A,LIN,1.17934,0.792752
NAME Hydra I Cluster,ClG,20.416666,20.416666
NAME IC 1396 North,CGb,0.43,0.35
NAME IC 342 Group,GrG,,
NAME IC 4329 Group,GrG,,
NAME II Zw 70-71,,,
NAME III CEP ASSOC,As*,,
NAME K 3-50A,HII,,
NAME Kutner's Cloud,MoC,,
NAME LDN 1551 II,Cld,,
NAME LDN 1641 North,HII,,
NAME LDN 637 I,Cld,,
NAME LDN 637 II,Cld,,
NAME LDN 666 IV,Cld,,
NAME LDN 723 III,Cld,,
NAME LDN 810 IRS,HII,,
NAME LEP SUPERCL,SCG,,
NAME LMC,G,322.82666,274.77
NAME LMC 4 Supergiant Shell,sh,77.4,75.4
NAME LMC 7 Supergiant Shell,HII,,
NAME LMC Bar,PoG,,
NAME Leo A,G,4.25,2.04
NAME Lower's Nebula,HII,,
NAME Lupus Complex,SFR,660.0,480.0
NAME Lupus SN,SNR,30.0,30.0
NAME M 81-82 Group,GrG,,
NAME M33 FUV 297,*,,
NAME M33 FUV 420,UV,,
NAME M33 X-7,HXB,,
NAME MONOCEROS NEB,SNR,220.0,220.0
NAME MS 0302+17 Supercluster,SCG,,
NAME MSH 11-61A,SNR,19.0,14.0
NAME Maddalena Cloud,MoC,,
NAME Magellanic Clouds,GrG,,
NAME Magellanic Stream,HVC,,
NAME Majaess 69,OpC,,
NAME Mayall II,GlC,0.0283,0.0283
NAME Mon I,MoC,300.0,210.0
NAME Mon OB1 D,PoC,,
NAME Mon OB1 G,PoC,,
NAME Mon R2,HII,60.0,90.0
NAME Mon R2 IRS,IR,,
NAME Mon R2 IRS 3NE,Y*O,,
NAME Mon R2 IRS 4,*,,
NAME Mon R2 Stellar Cluster,Cl*,,
NAME Mon V,Cld,,
NAME NCP,reg,,
NAME NGC 134 Group,GrG,,
NAME NGC 1569 CL* A,Cl*,,
NAME NGC 2300 Group,GrG,,
NAME NGC 3628 Tail,PoG,,
NAME NGC 3690 East,AGN,2.24,1.62
NAME NGC 3690 West,GiP,2.9,2.1
NAME NGC 4278 Group,GrG,,
NAME NGC 4636 Group,GrG,,
NAME NGC 4696 Group,GrG,,
NAME NGC 5353 Radio Supernebula,Cl*,,
NAME NGC 5424 Group,GrG,,
NAME NGC 6334-IV,Cl*,2.0,2.0
NAME NGC 6334F (C),HII,,
NAME NGC 6334V Western Nebula,IR,,
NAME NGC 7819 Group,GrG,,
NAME Norma Cloud,Cld,,
NAME Norma III,PoG,,
NAME OMC 2 IRS 4,IR,,
NAME OMC-1,MoC,7.0,4.0
NAME OMC-2 IRS 3,HII,,
NAME OMC1 Ridge,reg,,
NAME Ophiuchus Molecular Cloud,SFR,600.0,480.0
NAME Ori A,MoC,420.0,120.0
NAME Ori B,MoC,360.0,270.0
NAME Ori Complex,Cld,,
NAME Ori I,As*,,
NAME Ori Trapezium,OpC,,
NAME Origem Loop,SNR,400.0,400.0
NAME Orion Northern Filament,MoC,279.0,279.0
NAME Orion Peak 1,PoC,,
NAME Orion S,reg,,
NAME Orion-KL,SFR,,
NAME PCG 11,WR*,,
NAME PD 2,AG?,0.64,0.461
NAME PegDIG,G,5.0,3.0
NAME Per Arm,PoG,,
NAME Per B,SyG,,
NAME Per VI,Cld,,
NAME Phoenix Dwarf Galaxy,Sy1,4.9,4.1
NAME Pic A,Sy1,0.527163,0.361581
NAME Pisces II,G,,
NAME Pup A,SNR,60.0,50.0
NAME Puppis,reg,,
NAME Pyxis Cluster,GlC,,
NAME Quintuplet Cluster,OpC,0.5,0.5
NAME Rapid Burster,LXB,,
NAME Ret,GlC,3.88,3.88
NAME Rosette Molecular Cloud,MoC,280.2,127.8
NAME Rosette Nebula,HII,,
NAME Rosette OB Association,As*,,
NAME S254-258 complex,SFR,25.0,13.0
NAME SDG,G,,
NAME SDIG,AG?,1.2,0.95
NAME SERPENS SMM 3,Y*O,,
NAME SFO 12 IR Stellar Group,Cl*,,
NAME SH 2-106 IR,Y*O,,
NAME SH 2-235 IR Cluster,Cl*,,
NAME SMC,G,158.11333,93.105
NAME SMM J21536+1741,BiC,0.163,0.163
NAME SUPERCL UMA,SCG,,
NAME Scl Group,GrG,,
NAME Sculptor Dwarf Galaxy,G,15.2667,15.2667
NAME Scutum Supershell,sh,,
NAME Serpens Cloud,SFR,,
NAME Serpens Dwarf,GlC,9.6,9.6
NAME Sex A,H2G,5.9,4.9
NAME Sextans B,H2G,4.3,4.3
NAME Sextans dSph,LSB,52.2,52.2
NAME Sgr A B,Rad,,
NAME Sgr A D,Em*,,
NAME Sgr A East,SNR,3.5,2.5
NAME Sgr A Region,reg,,
NAME Sgr A West,HII,,
NAME Sgr A*,X,,
NAME Sgr A-E,Rad,,
NAME Sgr A-F,Rad,,
NAME Sgr B,MoC,,
NAME Sgr B2,MoC,,
NAME Sgr B2 (North),Rad,,
NAME Sgr B2 (South),HII,,
NAME Sgr B2 HII BB,HII,,
NAME Sgr B2 HII C,HII,,
NAME Sgr B2 HII F,HII,,
NAME Sgr B2 HII F2,HII,,
NAME Sgr B2 HII F3,HII,,
NAME Sgr B2 HII I,HII,,
NAME Sgr B2 HII K1,HII,,
NAME Sgr B2 HII K3,HII,,
NAME Sgr B2 HII P,HII,,
NAME Sgr B2 HII R,HII,,
NAME Sgr B2 HII X,HII,,
NAME Sgr B2 HII Z,HII,,
NAME Sgr C,MoC,3.3333333,3.0
NAME Sgr D HII,HII,,
NAME Sh 2-187 B,HII,,
NAME Slow Burster,LXB,,
NAME South America,rG,0.277,0.155
NAME Sz 46N,Or*,,
NAME Taffy System,PaG,,
NAME Tau-Aur Complex,SFR,,
NAME Taurus Complex,SFR,450.0,300.0
NAME Tornado Nebula,SNR,8.0,3.0
NAME UCD-FORS 50,GlC,0.00111,0.00111
NAME UMi Galaxy,G,32.2333,32.2333
NAME Ursa Major Moving Group,MGr,,
NAME V380 Ori-NE,*,,
NAME V633 Cas B,Y*O,,
NAME VLA 1623-243,Y*O,6.2,0.0
NAME Vela Pulsar,Psr,,
NAME Vela XYZ,SNR,255.0,255.0
NAME Virgo Cluster,ClG,,
NAME W 3 OH,HII,,
NAME W 49A South,HII,1.1666666,1.1666666
NAME W 5 East,MoC,,
NAME W 51 IRS 1,HII,,
NAME W3 IRS 5,Y*O,,
NAME WL 20E,TT*,,
NAME Wolf-Lundmark-Melotte,G,11.5,4.0
NAME [BM89] B35A,PoC,,
NAME [BM89] B5,DNe,,
NAME [BM89] L1400,DNe,5.0,5.0
NAME [BM89] L1400K,PoC,,
NAME [BM89] L1506,PoC,,
NAME [BM89] L1521E,DNe,,
NAME [BM89] L1523,PoC,4.2,6.0
NAME [BM89] L1544,cor,,
NAME [BM89] TMC-2,PoC,,
NAME [G2012b] C037,G,,
NAME rho Oph A Cloud,MoC,,
NAME the Seashell,EmG,0.48,0.317
NAME vZ 1128,pA*,,
NBGG 13-03,GrG,,
NBGG 41-08,GrG,,
NBGG 41-14,GrG,,
NBGG 52-12,GrG,,
NBGG 62-03,GrG,,
NBGG 64-08,GrG,,
NBGG 70-01,GrG,,
NEK 13.4+00.3,Rad,,
NEK 133.3-01.5,Rad,,
NEK 137.2+00.9,Rad,,
NEK 154.4-01.8,Rad,,
NEK 16.8-01.5,Rad,,
NEK 164.1-00.6,Rad,,
NEK 167.7+01.9,Rad,,
NEK 168.8+00.8,Rad,,
NEK 169.9+01.2,Rad,,
NEK 173.9+00.9,Rad,,
NEK 175.5-01.9,Rad,,
NEK 177.7-00.7,Rad,,
NEK 179.3+01.2,Rad,,
NEK 179.6-01.3,Rad,,
NEK 181.4+00.4,Rad,,
NEK 183.7+01.9,Rad,,
NEK 183.9-00.5,Rad,,
NEK 186.4-01.6,Rad,,
NEK 186.9-00.2,Rad,,
NEK 194.3-01.1,Rad,,
NEK 196.2-01.0,Rad,,
NEK 197.3+02.0,Rad,,
NEK 20.5-01.7,Rad,,
NEK 200.0-01.1,Rad,,
NEK 211.5-00.2,Rad,,
NEK 216.4+02.4,Rad,,
NEK 229.3+01.0,Rad,,
NEK 233.4-01.5,Rad,,
NEK 234.8-02.2,Rad,,
NEK 237.7+00.2,Rad,,
NEK 241.5+00.3,Rad,,
NEK 246.1-00.7,Rad,,
NEK 250.9-00.5,Rad,,
NEK 27.9-01.2,Rad,,
NEK 28.8+01.9,Rad,,
NEK 29.3+01.9,Rad,,
NEK 29.6+00.9,Rad,,
NEK 31.1-00.9,Rad,,
NEK 33.0-01.8,Rad,,
NEK 34.4+02.1,Rad,,
NEK 41.6+01.2,Rad,,
NEK 43.4-02.2,Rad,,
NEK 45.2+00.6,Rad,,
NEK 46.2+01.5,Rad,,
NEK 46.3-02.1,Rad,,
NEK 47.5-00.7,Rad,,
NEK 50.0+02.1,Rad,,
NEK 51.1+00.0,Rad,,
NEK 51.4+00.2,Rad,,
NEK 51.4+01.3,Rad,,
NEK 53.1+00.4,Rad,,
NEK 53.3-00.5,Rad,,
NEK 56.7+00.7,Rad,,
NEK 58.4+00.7,Rad,,
NEK 58.8-00.4,Rad,,
NEK 86.6+00.6,Rad,,
NEK 88.2-02.5,Rad,,
NEK 90.3-02.1,Rad,,
NEK 90.5-00.8,Rad,,
NEK 91.3+01.5,Rad,,
NEK 92.2+00.7,Rad,,
NEK 93.3-00.2,Rad,,
NEK 94.4-02.5,Rad,,
NEK 96.3+02.0,Rad,,
NEK 97.1+00.5,Rad,,
NEK 98.2-00.1,Rad,,
NGC    10,EmG,2.78096,1.53815
NGC    23,AGN,2.15785,1.30572
NGC    24,EmG,5.75,1.58
NGC    27,GiG,0.83,0.349
NGC    29,GiG,1.58299,0.775189
NGC    39,GiG,1.28999,0.939368
NGC    40,PN,0.1,0.7667017
NGC    43,GiG,1.39098,1.31294
NGC    45,Sy2,7.24,4.79
NGC    53,Sy2,1.82995,1.21088
NGC    55,rG,32.36,3.98
NGC    60,Sy2,0.75842,0.708213
NGC    67,GiG,0.207,0.186
NGC    70,Sy2,0.997,0.738
NGC    84,GiG,1.00262,0.35202
NGC    88,GiG,0.826437,0.515283
NGC    92,GiC,1.59259,0.845665
NGC   104,GlC,43.8,43.8
NGC   104    68,*,,
NGC   121,GlC,3.8,3.1
NGC   128,GiG,3.49622,1.32297
NGC   129    16,Em*,,
NGC   129    27,*,,
NGC   129    52,*,,
NGC   129    85,*,,
NGC   129    91,*,,
NGC   129   107,*,,
NGC   129   114,*,,
NGC   129   117,*,,
NGC   129   119,*,,
NGC   129   130,*,,
NGC   129   142,*,,
NGC   129   149,*,,
NGC   129   151,*,,
NGC   129   157,*,,
NGC   147,GiG,12.59,7.08
NGC   150,Sy1,3.25418,1.73936
NGC   157,Sy2,4.12369,2.934
NGC   160,AG?,2.07521,1.19096
NGC   174,Sy2,2.06387,1.03937
NGC   185,Sy2,11.48,9.55
NGC   192,GiC,3.08184,1.25092
NGC   206,As*,,
NGC   210,GiP,3.96515,2.63008
NGC   235,Sy1,0.9,0.45
NGC   238,Sy2,1.73442,1.43228
NGC   247,LSB,17.0189,5.97876
NGC   249,HII,1.1,0.7
NGC   253,SyG,28.84,5.89
NGC   257,GiG,1.76025,1.15156
NGC   261,HII,1.3,1.1
NGC   262,Bla,1.19866,1.13933
NGC   267,HII,2.4,1.7
NGC   275,GiP,2.22508,1.28365
NGC   278,H2G,1.57,1.539
NGC   281,HII,,
NGC   288,GlC,19.2,19.2
NGC   288    18,HB*,,
NGC   288    53,Pe*,,
NGC   300,GiG,20.89,13.49
NGC   309,EmG,2.06768,1.84602
NGC   312,GiG,1.94328,1.50157
NGC   315,LIN,3.32626,2.42118
NGC   346,Cl*,,
NGC   348,EmG,0.904343,0.580769
NGC   357,EmG,2.24701,1.80233
NGC   362,GlC,12.9,12.9
NGC   362  1007,RG*,,
NGC   362  1044,RG*,,
NGC   376,Cl*,1.8,1.8
NGC   379,GiG,1.72588,0.909713
NGC   381,OpC,11.2,11.2
NGC   382,GiP,0.2,0.2
NGC   383,AGN,2.43897,1.978
NGC   384,GiG,0.6,0.444
NGC   388,GiG,0.556437,0.344379
NGC   404,LIN,6.0,6.0
NGC   411,Cl*,2.1,1.9
NGC   414,GiG,0.637,0.522
NGC   419,OpC,2.8,2.8
NGC   428,AGN,2.78064,2.07686
NGC   449,Sy2,1.12856,0.55909
NGC   450,H2G,2.25751,1.6613
NGC   455,AG?,2.22357,1.11935
NGC   456,HII,3.3,2.7
NGC   457    23,*,,
NGC   457    41,*,,
NGC   457    43,*,,
NGC   457    50,*,,
NGC   457    84,*,,
NGC   457    96,*,,
NGC   457   105,*,,
NGC   457   107,*,,
NGC   457   116,*,,
NGC   457   119,*,,
NGC   460,Cl*,,
NGC   465,OpC,5.0,4.0
NGC   467,GiG,2.13312,1.8588
NGC   470,GiP,2.39469,1.33696
NGC   474,GiP,2.50372,2.22405
NGC   488,GiG,4.9168,3.9241
NGC   495,GiG,0.8,0.512
NGC   499,LIN,1.35,0.864
NGC   503,GiG,0.80355,0.655295
NGC   505,AG?,0.936867,0.627326
NGC   507,rG,3.01884,2.75711
NGC   520,AGN,5.09596,1.94309
NGC   524,GiP,3.40024,3.21731
NGC   533,rG,3.14689,2.26576
NGC   534,Sy2,1.09584,1.05989
NGC   536,AGN,1.463,0.585
NGC   538,GiG,1.4274,0.704706
NGC   541,AGN,1.94424,1.62519
NGC   544,GiG,1.31527,1.00605
NGC   547,rG,2.78337,2.12733
NGC   584,Sy2,4.08885,2.74648
NGC   595,HII,,
NGC   604,HII,,
NGC   613,AGN,7.06149,4.17616
NGC   615,Sy2,3.2411,1.30033
NGC   630,GiG,1.72154,1.37792
NGC   654    10,*,,
NGC   654    33,*,,
NGC   654    42,*,,
NGC   654    51,*,,
NGC   654    80,*,,
NGC   654    84,*,,
NGC   660,Sy2,6.15686,2.71086
NGC   663,OpC,18.0,18.0
NGC   663    11,*,,
NGC   663    36,*,,
NGC   663    46,**,,
NGC   663    47,*,,
NGC   663    56,*,,
NGC   663    64,*,,
NGC   663   105,*,,
NGC   663   126,*,,
NGC   663   128,*,,
NGC   670,GiG,2.73615,1.02387
NGC   672,GiP,6.17,2.29
NGC   679,GiG,0.983,0.905
NGC   680,GiP,2.16375,1.71672
NGC   681,Sy2,2.93452,1.87047
NGC   685,Sy2,3.19216,2.81165
NGC   692,GiG,1.72521,1.46091
NGC   695,AGN,0.66543,0.58478
NGC   698,GiG,0.818867,0.725106
NGC   708,rG,1.847,1.108
NGC   720,Sy1,4.77895,2.61934
NGC   741,rG,2.90228,2.27481
NGC   742,GiP,1.28777,0.601133
NGC   751,GiP,2.5,1.7
NGC   752,OpC,58.2,58.2
NGC   752     8,*,,
NGC   752    26,*,,
NGC   752    36,*,,
NGC   752    65,*,,
NGC   752    73,SB*,,
NGC   752    87,SB*,,
NGC   752   101,SB*,,
NGC   752   109,*,,
NGC   752   123,*,,
NGC   752   128,*,,
NGC   752   145,*,,
NGC   752   149,*,,
NGC   752   175,*,,
NGC   752   192,*,,
NGC   752   229,*,,
NGC   752   230,RG*,,
NGC   752   253,*,,
NGC   752   266,SB*,,
NGC   752   286,*,,
NGC   752   289,**,,
NGC   752   293,*,,
NGC   752   314,*,,
NGC   761,GiG,1.57619,0.727253
NGC   770,GiP,0.587,0.399
NGC   772,GiP,4.98701,3.58317
NGC   779,EmG,5.01404,1.62856
NGC   782,Sy1,2.44782,1.76488
NGC   784,LSB,6.45539,1.40663
NGC   788,Sy2,1.89689,1.62146
NGC   801,AGN,1.28,0.461
NGC   803,AG?,3.65928,1.29831
NGC   824,Sy1,1.37196,1.07328
NGC   828,AGN,1.203,0.722
NGC   833,Sy2,1.77033,0.851883
NGC   835,Sy2,1.39045,0.989583
NGC   863,Sy2,1.28784,1.22873
NGC   869   650,*,,
NGC   869   685,*,,
NGC   869   715,s*b,,
NGC   869   716,*,,
NGC   869   773,*,,
NGC   869   778,*,,
NGC   869   800,*,,
NGC   869   833,*,,
NGC   869   871,*,,
NGC   869   892,*,,
NGC   869   896,*,,
NGC   869   930,*,,
NGC   869   960,*,,
NGC   869   982,*,,
NGC   869  1004,*,,
NGC   869  1031,*,,
NGC   869  1056,*,,
NGC   869  1072,*,,
NGC   869  1093,Pu*,,
NGC   869  4021,*,,
NGC   869  4052,*,,
NGC   877,LSB,1.483,1.068
NGC   884,OpC,15.0,15.0
NGC   884  2241,*,,
NGC   890,GiG,1.853,1.149
NGC   891,H2G,12.3,2.45
NGC   894,Sy2,3.0489,2.01654
NGC   897,Sy2,2.19695,1.53765
NGC   899,EmG,1.46133,1.11412
NGC   908,Sy1,9.19872,3.87726
NGC   917,GiG,2.60411,1.30778
NGC   925,H2G,10.47,5.75
NGC   931,Sy1,2.86848,0.728881
NGC   935,GiP,1.76223,1.2392
NGC   936,EmG,4.84834,3.74001
NGC   948,Sy2,0.517,0.3
NGC   955,EmG,3.34059,0.993827
NGC   972,G,2.227,1.024
NGC   974,GiG,1.19,0.904
NGC   985,Sy1,0.892423,0.755436
NGC   986,Sy1,3.70552,2.89771
NGC   992,AGN,1.12497,0.60647
NGC  1003,GiG,4.37,1.23
NGC  1023,AG?,,
NGC  1024,AG?,2.55122,1.39628
NGC  1035,EmG,4.03807,1.16054
NGC  1039   123,*,,
NGC  1039   126,*,,
NGC  1039   146,*,,
NGC  1039   147,*,,
NGC  1039   152,Pe*,,
NGC  1039   165,*,,
NGC  1039   185,*,,
NGC  1039   208,*,,
NGC  1039   222,*,,
NGC  1039   287,*,,
NGC  1039   299,*,,
NGC  1039   315,*,,
NGC  1039   316,*,,
NGC  1039   382,*,,
NGC  1039   387,*,,
NGC  1042,SyG,3.65639,3.19203
NGC  1044,rG,1.45399,1.09107
NGC  1052,Bla,3.42,2.57731
NGC  1055,EmG,7.07699,3.49674
NGC  1056,Sy2,0.947,0.776
NGC  1058,Sy2,1.483,1.365
NGC  1073,EmG,3.9591,3.01802
NGC  1079,Sy2,3.14699,1.92281
NGC  1084,EmG,3.40576,2.0942
NGC  1087,H2G,4.01078,2.53882
NGC  1097,LIN,10.6011,5.66205
NGC  1099,EmG,2.13606,0.840968
NGC  1100,Sy2,2.24795,1.06755
NGC  1124,G,0.937457,0.683312
NGC  1129,BiC,1.527,1.221
NGC  1156,GiG,1.617,0.873
NGC  1165,AG?,2.42873,0.778165
NGC  1167,LIN,1.547,1.206
NGC  1172,GiP,2.73025,1.88278
NGC  1179,LSB,2.14093,1.80267
NGC  1187,Sy1,4.02628,2.9424
NGC  1199,GiP,2.56447,2.13569
NGC  1201,EmG,3.49953,1.98738
NGC  1218,Sy1,1.7692,1.25825
NGC  1229,Sy2,0.8359,0.476045
NGC  1241,Sy2,2.73547,1.5956
NGC  1242,AG?,0.527,0.348
NGC  1249,Sy2,4.69519,1.87197
NGC  1261,GlC,6.9,6.9
NGC  1265,rG,1.8,1.6
NGC  1267,GiG,0.733,0.587
NGC  1269,EmG,10.47,8.13
NGC  1272,GiG,1.2,1.176
NGC  1273,GiG,0.69,0.58
NGC  1277,GiG,0.68,0.381
NGC  1278,GiG,0.917,0.825
NGC  1282,GiC,0.833,0.583
NGC  1283,AGN,0.637,0.471
NGC  1294,GiG,1.017,0.793
NGC  1300,Sy2,6.84619,3.82017
NGC  1302,GiG,4.04727,3.28558
NGC  1309,GiG,1.91309,1.7654
NGC  1310,Sy2,1.93945,1.54593
NGC  1313,AG?,9.33,7.24
NGC  1316,rG,9.73605,6.45111
NGC  1317,GiP,3.24,2.75
NGC  1325,EmG,5.58589,1.82435
NGC  1326,Sy1,3.87062,3.10347
NGC  1333,OpC,480.0,480.0
NGC  1336,GiG,2.23482,1.53979
NGC  1341,EmG,1.52003,1.37837
NGC  1350,Sy2,6.51861,3.57611
NGC  1351,GiG,3.23516,1.94659
NGC  1353,EmG,5.41916,2.28038
NGC  1355,EmG,1.60594,0.363585
NGC  1357,Sy2,3.36658,2.73703
NGC  1358,Sy2,2.335,1.75265
NGC  1359,EmG,1.87777,0.909967
NGC  1360,PN,6.4,6.4
NGC  1365,Sy1,7.56088,4.51611
NGC  1366,Sy2,2.98826,1.36862
NGC  1367,EmG,4.58542,3.23593
NGC  1376,GiG,1.6758,1.57492
NGC  1379,GiP,2.64097,2.56491
NGC  1381,GiP,3.70266,1.10709
NGC  1382,GiP,1.39544,1.30752
NGC  1385,EmG,3.1247,2.60663
NGC  1386,Sy1,4.87093,1.78666
NGC  1387,Sy2,3.2842,3.19553
NGC  1395,SyG,4.59218,3.91897
NGC  1398,GiG,6.16504,4.84942
NGC  1399,rG,6.15061,5.65487
NGC  1404,rG,4.79,3.8
NGC  1407,rG,5.24361,5.00345
NGC  1419,GiG,1.22527,1.13656
NGC  1421,EmG,6.53291,1.58423
NGC  1424,Sy2,1.4541,0.555029
NGC  1426,GiG,2.97881,2.01457
NGC  1427,GiG,3.48847,2.45868
NGC  1428,GiG,1.40931,0.802743
NGC  1433,Sy2,5.46065,4.92168
NGC  1436,GiG,3.12161,2.11832
NGC  1440,GiG,2.49152,1.94912
NGC  1460,GiG,1.77497,1.25952
NGC  1465,GiG,1.527,0.397
NGC  1466,GlC,3.5,3.5
NGC  1487,GiP,2.24047,1.53069
NGC  1493,Sy2,2.86811,2.65702
NGC  1499,HII,,
NGC  1501,PN,0.863,0.863
NGC  1507,H2G,4.86115,1.01841
NGC  1511,G,3.73991,1.30785
NGC  1512,GiP,5.74437,3.26682
NGC  1515,EmG,6.02685,1.68089
NGC  1517,AG?,0.767,0.629
NGC  1527,GiG,6.4275,2.62885
NGC  1530,AG?,4.57,2.51
NGC  1531,GiP,1.5662,1.03259
NGC  1533,EmG,3.1813,2.81704
NGC  1535,PN,0.65,0.611
NGC  1536,EmG,2.50375,1.47471
NGC  1543,EmG,4.78732,3.24772
NGC  1546,EmG,4.07442,2.37864
NGC  1553,GiP,6.08202,4.04089
NGC  1559,GiG,4.73251,2.47747
NGC  1560,GiG,9.55,1.62
NGC  1566,Sy1,5.33634,3.97717
NGC  1568,GiG,1.49223,1.16259
NGC  1569,rG,,
NGC  1579,OpC,13.4,13.4
NGC  1587,GiP,2.29542,1.76266
NGC  1590,GiG,0.613,0.515
NGC  1600,rG,3.70709,2.44297
NGC  1602,GiP,1.88179,1.05117
NGC  1606,AG?,0.61963,0.551471
NGC  1614,Sy1,1.30603,0.828413
NGC  1624,OpC,3.8,3.8
NGC  1637,Sy2,3.5725,2.87122
NGC  1651,GlC,2.7,2.7
NGC  1659,Sy2,1.49768,1.01857
NGC  1666,EmG,1.49113,1.33397
NGC  1667,Sy2,1.79335,1.32027
NGC  1672,SyG,6.81505,4.10607
NGC  1680,AG?,1.32749,0.532058
NGC  1690,GiC,0.547,0.514
NGC  1691,GiC,0.91,0.546
NGC  1699,EmG,1.04875,0.747861
NGC  1705,Sy2,1.76425,1.26391
NGC  1711,Cl*,3.5,3.3
NGC  1722,HII,1.3,1.3
NGC  1741,EmG,1.23394,0.451376
NGC  1744,LSB,6.46195,2.48785
NGC  1747,As*,,
NGC  1754,Cl*,1.6,1.6
NGC  1761,As*,,
NGC  1763,As*,,
NGC  1770,HII,8.0,7.0
NGC  1777,Cl*,2.4,2.4
NGC  1782,Cl*,1.2,1.1
NGC  1783,GlC,5.3,4.7
NGC  1786,Cl*,2.0,2.0
NGC  1787,As*,1.1,1.1
NGC  1792,Sy1,6.40474,3.05762
NGC  1795,Cl*,1.4,1.3
NGC  1796,GiG,2.08591,1.03357
NGC  1803,GiP,1.27245,0.811694
NGC  1806,GlC,2.5,2.5
NGC  1808,Sy2,9.99762,3.7881
NGC  1829,Cl*,,
NGC  1835,Cl*,2.3,2.0
NGC  1839,Cl*,1.6,1.6
NGC  1841,GlC,0.9,0.9
NGC  1846,Cl*,3.8,3.8
NGC  1847,Cl*,1.8,1.6
NGC  1850,Cl*,3.0,3.0
NGC  1851,GlC,11.0,11.0
NGC  1855,Cl*,2.3,2.3
NGC  1865,Cl*,1.4,1.4
NGC  1866,GlC,5.5,5.5
NGC  1872,Cl*,1.7,1.7
NGC  1875,IG,0.71,0.596
NGC  1879,AG?,2.1505,1.43223
NGC  1888,Sy2,1.49,0.864
NGC  1892,GiG,1.55,0.496
NGC  1893,OpC,36.0,36.0
NGC  1898,As*,1.6,1.6
NGC  1904    44,*,,
NGC  1904   153,RG*,,
NGC  1904   300,RG*,,
NGC  1909,RNe,,
NGC  1910,As*,1.54,1.54
NGC  1915,Cl*,0.6,0.55
NGC  1916,Cl*,2.1,2.1
NGC  1918,SNR,1.36,1.36
NGC  1929,Cl*,0.8,0.8
NGC  1931,OpC,13.0,13.0
NGC  1942,Cl*,1.6,1.6
NGC  1947,GiG,3.24,2.88
NGC  1948,As*,3.9,3.9
NGC  1955,As*,,
NGC  1961,LIN,4.17,2.95
NGC  1966,Cl*,1.1,1.0
NGC  1977,OpC,,
NGC  1978,GlC,4.0,2.7
NGC  1981,OpC,,
NGC  1984,Cl*,1.5,1.2
NGC  2004,Cl*,3.0,2.8
NGC  2011,Cl*,1.0,1.0
NGC  2015,As*,1.0,0.9
NGC  2018,As*,,
NGC  2022,PN,0.30681834,0.304675
NGC  2023,RNe,,
NGC  2024,Cl*,,
NGC  2029,SNR,2.25,2.25
NGC  2030,HII,9.0,6.0
NGC  2044,As*,0.95,0.9
NGC  2056,Cl*,1.5,1.5
NGC  2058,Cl*,2.1,2.1
NGC  2067,RNe,,
NGC  2070,Cl*,3.5,3.5
NGC  2071,RNe,,
NGC  2083,Cl*,,
NGC  2099    14,*,,
NGC  2099   107,*,,
NGC  2099   178,*,,
NGC  2099   180,BS*,,
NGC  2099   350,*,,
NGC  2100,Cl*,2.5,2.5
NGC  2107,Cl*,1.7,1.7
NGC  2120,Cl*,2.14,2.14
NGC  2121,Cl*,2.7,2.2
NGC  2122,As*,6.0,5.0
NGC  2141  3240,RG*,,
NGC  2141  4023,*,,
NGC  2144,AG?,0.99,0.733
NGC  2146,AGN,7.97142,3.49228
NGC  2148,G,1.2265,0.980707
NGC  2154,Cl*,2.4,2.4
NGC  2156,GlC,2.1,2.1
NGC  2158,OpC,5.3,5.3
NGC  2159,GlC,1.9,1.9
NGC  2162,GlC,1.82,1.82
NGC  2168    16,SB*,,
NGC  2168    18,Pu*,,
NGC  2168    32,MS*,,
NGC  2168    52,*,,
NGC  2168    70,*,,
NGC  2168    83,*,,
NGC  2168    88,*,,
NGC  2168    98,*,,
NGC  2168   102,*,,
NGC  2168   131,*,,
NGC  2168   162,MS*,,
NGC  2168   170,*,,
NGC  2168   183,*,,
NGC  2168   198,*,,
NGC  2168   221,*,,
NGC  2168   240,*,,
NGC  2168   247,*,,
NGC  2168   259,*,,
NGC  2168   273,*,,
NGC  2168   300,Pu*,,
NGC  2168   324,*,,
NGC  2168   360,*,,
NGC  2168   388,*,,
NGC  2168   389,Pu*,,
NGC  2168   397,*,,
NGC  2168   414,*,,
NGC  2168   418,*,,
NGC  2168   439,Pu*,,
NGC  2168   463,*,,
NGC  2168   472,*,,
NGC  2168   498,*,,
NGC  2168   507,Pu*,,
NGC  2168   513,Pu*,,
NGC  2168   610,Pu*,,
NGC  2168   636,*,,
NGC  2168   637,*,,
NGC  2168   638,*,,
NGC  2168   654,*,,
NGC  2168   661,*,,
NGC  2168   665,Pu*,,
NGC  2168   671,MS*,,
NGC  2168   674,Ro*,,
NGC  2168   685,*,,
NGC  2168   689,*,,
NGC  2168   693,*,,
NGC  2168   701,Pu*,,
NGC  2173,GlC,2.6,2.6
NGC  2175,OpC,,
NGC  2183,RNe,1.51,0.93
NGC  2188,EmG,7.56109,1.44341
NGC  2194,OpC,9.0,9.0
NGC  2200,EmG,0.95162,0.753873
NGC  2207,AG?,,
NGC  2217,Sy2,4.9,4.37
NGC  2223,GiG,1.46,1.256
NGC  2233,GiG,0.65,0.26
NGC  2243,OpC,5.5,5.5
NGC  2243  4301,*,,
NGC  2244,OpC,88.0,88.0
NGC  2244   194,Y*O,,
NGC  2247,RNe,,
NGC  2257,Cl*,4.0,4.0
NGC  2264,OpC,240.0,240.0
NGC  2264     8,*,,
NGC  2264    23,TT*,,
NGC  2264    81,TT*,,
NGC  2264   102,TT*,,
NGC  2264   104,Y*O,,
NGC  2264   118,Y*O,,
NGC  2264   119,Ce*,,
NGC  2264   140B,TT*,,
NGC  2264   147,**,,
NGC  2264   162,TT*,,
NGC  2264   181,Y*O,,
NGC  2264   191,Or*,,
NGC  2264   192,*,,
NGC  2264   209,Y*O,,
NGC  2264   216,El*,,
NGC  2264   218,*,,
NGC  2264   234,*,,
NGC  2268,GiG,1.577,0.946
NGC  2276,AG?,1.243,1.069
NGC  2280,EmG,6.03,2.75
NGC  2287     7,*,,
NGC  2287     9,SB*,,
NGC  2287    18,*,,
NGC  2287    22,*,,
NGC  2287    33,*,,
NGC  2287    66,*,,
NGC  2294,GiG,1.10029,0.482587
NGC  2297,GiG,0.953,0.496
NGC  2298,GlC,9.6,9.6
NGC  2300,AG?,,
NGC  2316,Cl*,,
NGC  2330,GiC,0.42,0.26
NGC  2332,Bla,1.01,0.667
NGC  2336,GiP,4.80228,3.39137
NGC  2339,H2G,1.457,1.253
NGC  2343    17,*,,
NGC  2343    21,*,,
NGC  2343    23,*,,
NGC  2343    42,*,,
NGC  2343    50,*,,
NGC  2344,G,2.27885,2.08332
NGC  2346,PN,0.91,0.91
NGC  2347,LIN,1.92962,1.20486
NGC  2359,HII,,
NGC  2360     2,*,,
NGC  2360     4,*,,
NGC  2360     9,*,,
NGC  2360    31,*,,
NGC  2360    51,SB*,,
NGC  2360    52,SB*,,
NGC  2360    78,Pu*,,
NGC  2360    88,*,,
NGC  2360    89,*,,
NGC  2360    99,*,,
NGC  2362    37,Y*O,,
NGC  2362    41,Y*O,,
NGC  2362    43,Y*O,,
NGC  2363,AG?,1.862,1.258
NGC  2363A,HII,,
NGC  2366,H2G,6.66503,2.3201
NGC  2371,PN,0.727,0.727
NGC  2375,G,1.02802,0.777695
NGC  2376,AG?,0.723067,0.537239
NGC  2387,G,0.479373,0.462068
NGC  2388,AGN,1.35321,0.749676
NGC  2392,PN,0.33549997,0.33528835
NGC  2393,AG?,1.14124,0.722861
NGC  2397,Sy1,1.643,0.887
NGC  2403,AGN,10.154,5.93199
NGC  2405,AG?,0.816237,0.520514
NGC  2416,AG?,0.533,0.459
NGC  2419,GlC,4.1,4.1
NGC  2420,OpC,6.4,6.4
NGC  2420    17,Pe*,,
NGC  2420   115,*,,
NGC  2420   174,HB*,,
NGC  2420   233,*,,
NGC  2420   236,HB*,,
NGC  2420   250,SB*,,
NGC  2424,LIN,4.22961,0.752025
NGC  2437,OpC,25.3,25.3
NGC  2438,PN,1.173,1.173
NGC  2439    45,*,,
NGC  2439    49,*,,
NGC  2439    76,*,,
NGC  2439    77,*,,
NGC  2439    83,*,,
NGC  2439   100,*,,
NGC  2439   106,*,,
NGC  2439   114,*,,
NGC  2439   129,*,,
NGC  2439   137,*,,
NGC  2439   156,*,,
NGC  2439   158,*,,
NGC  2439   175,*,,
NGC  2439   192,*,,
NGC  2439   196,*,,
NGC  2439   197,*,,
NGC  2439   272,*,,
NGC  2439   290,*,,
NGC  2439   298,*,,
NGC  2440,PN,0.36363664,0.34045
NGC  2442,LIN,5.13,3.72
NGC  2444,AG?,0.413,0.306
NGC  2445,GiP,2.18966,1.36438
NGC  2452,PN,0.3053033,0.30485168
NGC  2460,AGN,2.3233,1.68811
NGC  2467    39,*,,
NGC  2476,GiG,1.5441,1.03177
NGC  2477,OpC,18.0,18.0
NGC  2477  5268,*,,
NGC  2481,GiP,1.75483,0.814417
NGC  2484,Sy2,1.84463,1.20418
NGC  2498,AG?,1.31843,0.891652
NGC  2500,GiG,2.71447,2.71447
NGC  2506  2111,*,,
NGC  2506  3255,RB?,,
NGC  2508,LIN,1.99641,1.40068
NGC  2512,GiG,1.51615,1.00854
NGC  2523,AG?,2.57344,1.88813
NGC  2529,GiG,1.26856,1.03527
NGC  2532,AG?,1.56583,1.51212
NGC  2534,LIN,1.39644,1.24367
NGC  2535,GiG,1.99561,1.30693
NGC  2549,AG?,6.17932,2.01755
NGC  2552,EmG,2.64594,1.58016
NGC  2554,Sy2,2.28039,1.88383
NGC  2558,LIN,1.66452,1.17781
NGC  2559,GiG,3.8,1.82
NGC  2562,LIN,1.31933,0.855192
NGC  2563,GiG,2.34086,1.64141
NGC  2566,GiG,3.72,2.34
NGC  2567    14,*,,
NGC  2567    20,*,,
NGC  2567    37,*,,
NGC  2567    43,*,,
NGC  2567    48,*,,
NGC  2567    49,*,,
NGC  2567    52,*,,
NGC  2567    58,*,,
NGC  2567    60,*,,
NGC  2567    64,*,,
NGC  2567    70,*,,
NGC  2567    78,*,,
NGC  2567    79,*,,
NGC  2567    83,*,,
NGC  2567    93,*,,
NGC  2567    94,*,,
NGC  2567    96,*,,
NGC  2567    97,*,,
NGC  2567   101,*,,
NGC  2567   103,*,,
NGC  2567   105,*,,
NGC  2567   126,*,,
NGC  2567   130,*,,
NGC  2567   168,*,,
NGC  2567   172,*,,
NGC  2567   178,*,,
NGC  2610,PN,0.573,0.573
NGC  2613,Sy2,7.59,1.7
NGC  2632,OpC,118.2,118.2
NGC  2633,GiG,2.24508,1.45324
NGC  2636,GiG,0.568683,0.559926
NGC  2639,Sy2,2.69703,1.53299
NGC  2650,Sy2,1.73521,1.09579
NGC  2655,Sy2,5.01769,4.03774
NGC  2669,OpC,14.2,14.2
NGC  2681,LIN,3.54955,3.10053
NGC  2682,OpC,25.0,25.0
NGC  2682    16,BS?,,
NGC  2682    22,SB*,,
NGC  2682    24,SB*,,
NGC  2682    27,*,,
NGC  2682    28,SB*,,
NGC  2682    39,SB*,,
NGC  2682    48,RB?,,
NGC  2682    51,SB*,,
NGC  2682    54,Pe*,,
NGC  2682    55,BS*,,
NGC  2682    70,*,,
NGC  2682    83,*,,
NGC  2682    84,HB*,,
NGC  2682    89,*,,
NGC  2682    90,BS*,,
NGC  2682    97,*,,
NGC  2682    98,SB*,,
NGC  2682   104,RG*,,
NGC  2682   105,RG*,,
NGC  2682   106,*,,
NGC  2682   107,*,,
NGC  2682   108,RG*,,
NGC  2682   115,Pe*,,
NGC  2682   119,RS*,,
NGC  2682   120,RS*,,
NGC  2682   124,BS*,,
NGC  2682   127,*,,
NGC  2682   130,BS*,,
NGC  2682   132,*,,
NGC  2682   135,RG*,,
NGC  2682   140,*,,
NGC  2682   141,HB*,,
NGC  2682   143,SB*,,
NGC  2682   147,RS*,,
NGC  2682   149,SB*,,
NGC  2682   150,*,,
NGC  2682   152,*,,
NGC  2682   153,BS*,,
NGC  2682   155,*,,
NGC  2682   157,*,,
NGC  2682   159,*,,
NGC  2682   171,*,,
NGC  2682   174,*,,
NGC  2682   175,*,,
NGC  2682   181,*,,
NGC  2682   182,*,,
NGC  2682   185,BS*,,
NGC  2682   188,BS*,,
NGC  2682   195,SB*,,
NGC  2682   201,SB*,,
NGC  2682   202,SB*,,
NGC  2682   213,*,,
NGC  2682   216,SB*,,
NGC  2682   225,*,,
NGC  2682   233,*,,
NGC  2682   241,*,,
NGC  2682   243,Pe*,,
NGC  2682   244,RG*,,
NGC  2682   259,SB*,,
NGC  2682   265,*,,
NGC  2683,AGN,8.71,2.57
NGC  2685,Sy2,3.10252,1.84321
NGC  2692,LIN,1.50049,0.660366
NGC  2701,AG?,1.91787,1.30166
NGC  2713,SyG,5.49448,2.0868
NGC  2715,GiG,4.86828,2.35187
NGC  2719,GiP,1.58863,0.359983
NGC  2732,GiP,1.477,0.502
NGC  2748,GiG,3.17662,1.2716
NGC  2763,Sy2,0.92,0.791
NGC  2767,GiG,0.875137,0.699409
NGC  2768,SyG,6.76,2.95
NGC  2770,GiG,4.75237,1.20615
NGC  2775,AG?,4.86015,3.91194
NGC  2782,Sy2,2.17965,1.9521
NGC  2785,rG,1.86065,0.670577
NGC  2792,PN,0.35,0.315
NGC  2797,GiG,0.641177,0.564492
NGC  2798,GiG,2.57,0.87
NGC  2803,G,1.08105,0.939976
NGC  2805,GiP,2.72903,2.45176
NGC  2808,GlC,13.8,13.8
NGC  2816,GiG,4.41243,2.20621
NGC  2818,OpC,9.4,9.4
NGC  2818  1063,*,,
NGC  2818  1104,V*,,
NGC  2818  1159,*,,
NGC  2818A,PN,0.585915,0.5625284
NGC  2820,GiP,4.52128,0.687686
NGC  2831,rG,0.79,0.79
NGC  2832,LIN,3.04611,2.24955
NGC  2835,EmG,6.76,4.17
NGC  2841,LIN,7.84872,4.06721
NGC  2859,AG?,3.24994,3.16674
NGC  2865,GiG,1.357,1.058
NGC  2874,LIN,4.31582,1.42034
NGC  2881,EmG,0.727,0.392
NGC  2889,GiG,1.387,1.082
NGC  2905,AGN,8.85891,4.61727
NGC  2907,LIN,3.08509,2.06177
NGC  2911,Sy2,3.35001,2.23412
NGC  2914,LIN,1.49854,0.803519
NGC  2915,AG?,2.04,1.1
NGC  2935,Sy2,1.393,0.892
NGC  2955,GiG,1.93643,1.05748
NGC  2962,GiP,2.69938,1.64554
NGC  2966,GiP,3.34558,1.26731
NGC  2974,Sy2,2.227,1.247
NGC  2976,GiG,4.05263,2.92316
NGC  2990,GiG,1.44491,0.824323
NGC  2992,Sy2,3.24,0.91
NGC  2993,Sy1,0.61,0.598
NGC  2997,GiG,9.77,6.92
NGC  3001,Sy1,1.797,1.078
NGC  3003,EmG,6.0132,1.6422
NGC  3023,GiP,1.64923,1.2008
NGC  3038,EmG,1.533,0.981
NGC  3056,Sy2,1.51,0.936
NGC  3073,EmG,1.2471,1.14284
NGC  3077,GiP,5.99714,4.50565
NGC  3079,Sy2,10.791,2.71608
NGC  3081,Sy2,1.33,0.904
NGC  3084,Sy1,1.13,0.723
NGC  3100,Sy2,1.937,1.162
NGC  3109,AG?,18.2,3.31
NGC  3115,GiG,13.3205,5.27357
NGC  3132,PN,0.75,0.75
NGC  3137,Sy2,6.17,3.09
NGC  3145,GiP,1.66,0.896
NGC  3147,Sy2,3.89438,3.2335
NGC  3149,Sy2,0.963,0.886
NGC  3153,AG?,2.5128,1.07573
NGC  3162,GiG,2.38148,1.7511
NGC  3166,GiP,5.82345,3.16621
NGC  3169,SyG,5.16641,3.43153
NGC  3180,GiG,6.03292,5.64621
NGC  3185,Sy2,2.90362,1.60367
NGC  3187,GiP,1.99607,0.770681
NGC  3189,GiP,6.12913,1.98829
NGC  3193,GiP,1.847,1.551
NGC  3195,PN,0.667,0.667
NGC  3198,EmG,6.2504,2.2739
NGC  3200,AG?,2.213,0.62
NGC  3201,GlC,18.2,18.2
NGC  3211,PN,0.323,0.226
NGC  3223,Sy2,2.34,1.778
NGC  3226,rG,2.46689,2.02606
NGC  3227,Sy1,6.46483,2.94796
NGC  3239,AG?,3.13834,1.92412
NGC  3242,PN,0.1,0.51229334
NGC  3254,Sy2,7.72073,2.12474
NGC  3256,Sy2,1.277,1.251
NGC  3262,GiG,0.743,0.55
NGC  3265,GiG,0.986797,0.660759
NGC  3275,EmG,1.45,1.073
NGC  3281,Sy2,2.04,0.898
NGC  3293,OpC,13.0,13.0
NGC  3294,AG?,4.77854,2.20816
NGC  3301,GiG,3.52459,1.08135
NGC  3309,rG,4.17,3.39
NGC  3310,AGN,2.15441,1.92518
NGC  3311,EmG,3.8,3.31
NGC  3319,SyG,5.56684,1.97345
NGC  3332,LIN,1.71605,1.49725
NGC  3338,SyG,4.82464,2.73268
NGC  3343,rG,1.82684,1.1732
NGC  3344,EmG,5.02017,4.4072
NGC  3346,EmG,2.64531,2.2046
NGC  3353,AGN,1.3657,0.968557
NGC  3356,AG?,1.57304,0.854633
NGC  3358,GiG,1.583,1.108
NGC  3359,EmG,5.10237,2.9655
NGC  3364,GiG,1.41201,1.18821
NGC  3367,Sy1,2.24752,2.02209
NGC  3372,HII,,
NGC  3376,AG?,1.2443,0.656121
NGC  3377,GiP,4.8692,3.22682
NGC  3384,GiG,5.5,3.16
NGC  3389,GiG,3.91827,1.70915
NGC  3390,LIN,2.41,0.482
NGC  3391,GiG,0.922347,0.573146
NGC  3395,GiG,2.17267,1.13348
NGC  3396,GiP,0.937,0.45
NGC  3414,GiC,3.02515,2.42647
NGC  3420,AG?,0.68,0.571
NGC  3423,SyG,3.36017,2.8585
NGC  3424,AGN,4.16067,1.06014
NGC  3430,GiP,3.70933,1.95074
NGC  3432,AG?,7.83692,1.41221
NGC  3435,AG?,1.54492,0.79177
NGC  3437,EmG,2.38142,0.855406
NGC  3447,GiP,2.07595,1.20177
NGC  3448,AG?,3.18504,1.16063
NGC  3454,GiP,2.98207,0.542736
NGC  3455,GiP,1.71742,1.03079
NGC  3464,GiG,1.23,0.664
NGC  3471,H2G,2.06083,1.23691
NGC  3485,AGN,2.09471,1.75432
NGC  3489,GiG,4.49448,2.54612
NGC  3504,LIN,2.83744,2.33237
NGC  3510,LSB,3.1538,0.745558
NGC  3512,GiP,1.49905,1.30447
NGC  3513,EmG,1.007,0.886
NGC  3516,Sy1,2.03462,1.72353
NGC  3521,EmG,6.92675,4.67694
NGC  3536,LIN,0.884577,0.692535
NGC  3553,GiG,0.609413,0.315737
NGC  3557,Sy1,2.27,1.816
NGC  3561,LIN,1.44937,0.788166
NGC  3569,Bla,1.11982,1.05991
NGC  3577,LIN,1.03211,0.86955
NGC  3583,GiG,2.35287,1.80583
NGC  3590,OpC,4.1,4.1
NGC  3590     3,*,,
NGC  3590     5,*,,
NGC  3590    13,Y*?,,
NGC  3590    21,*,,
NGC  3590    29,Y*?,,
NGC  3593,GiG,7.58569,3.01228
NGC  3596,H2G,2.48184,2.255
NGC  3597,EmG,0.667,0.533
NGC  3603,OpC,4.7,4.7
NGC  3603    49,EB*,,
NGC  3603    68,*,,
NGC  3608,LIN,3.11756,2.44136
NGC  3610,GiG,2.66777,2.30362
NGC  3611,GiG,1.92456,1.21613
NGC  3613,GiG,4.22604,2.23684
NGC  3621,Sy2,10.96,4.79
NGC  3628,LIN,24.4304,4.81034
NGC  3631,AG?,3.88428,3.38865
NGC  3641,GiG,0.513,0.452
NGC  3642,LIN,2.2676,2.11726
NGC  3646,GiP,3.52957,1.79408
NGC  3647,G,0.217,0.186
NGC  3653,EmG,1.53601,0.894572
NGC  3657,H2G,0.945337,0.776783
NGC  3659,LSB,2.29682,1.14152
NGC  3660,Sy2,1.99489,1.59212
NGC  3664,GiP,1.68647,0.833624
NGC  3672,Sy2,2.283,0.959
NGC  3675,GiG,5.89,3.24
NGC  3680    23,*,,
NGC  3680    30,*,,
NGC  3680    33,*,,
NGC  3684,GiP,2.33325,1.65778
NGC  3686,GiP,2.96038,2.43106
NGC  3690,IG,,
NGC  3697,GiG,3.00555,0.986122
NGC  3706,EmG,1.8,1.296
NGC  3718,Sy2,4.01238,3.03015
NGC  3726,G,6.11659,3.67118
NGC  3729,GiP,3.81537,2.14538
NGC  3732,Sy1,0.773,0.665
NGC  3745,GiC,0.526173,0.333015
NGC  3746,GiG,0.76,0.426
NGC  3748,GiG,0.44,0.229
NGC  3751,GiC,0.806587,0.462174
NGC  3753,AGN,1.43414,0.689821
NGC  3756,GiG,4.51378,2.23342
NGC  3758,Sy1,0.760577,0.664288
NGC  3761,Sy2,0.79007,0.706007
NGC  3769,GiP,4.31473,1.46011
NGC  3780,LIN,2.83379,2.17493
NGC  3782,GiG,2.2828,1.02817
NGC  3783,Sy1,1.063,1.0
NGC  3798,Sy2,2.11724,1.09715
NGC  3800,GiC,1.85235,0.694815
NGC  3801,LIN,2.64804,1.48767
NGC  3808,H2G,0.912367,0.754071
NGC  3809,Bla,1.64787,1.21316
NGC  3810,GiC,3.78455,2.64956
NGC  3813,GiG,2.33748,1.16056
NGC  3817,LIN,1.12635,0.863345
NGC  3819,GiG,1.03176,0.797447
NGC  3822,Sy2,1.37517,0.767482
NGC  3832,GiC,1.51642,1.44272
NGC  3840,EmG,0.888917,0.67371
NGC  3842,BiC,2.24301,1.7547
NGC  3851,GiG,0.665103,0.479007
NGC  3856,LIN,1.36829,1.21682
NGC  3861,Sy2,1.7974,1.06784
NGC  3862,Sy2,1.68531,1.4824
NGC  3863,GiC,2.70271,0.5873
NGC  3870,H2G,1.18456,0.802423
NGC  3873,GiP,1.40795,1.08468
NGC  3875,GiP,0.963,0.328
NGC  3877,GiG,5.01,1.15
NGC  3887,Sy2,2.097,1.552
NGC  3893,GiG,3.7345,2.46104
NGC  3900,GiP,2.90664,1.52105
NGC  3917,GiP,8.84752,2.08448
NGC  3921,LIN,1.78861,1.49564
NGC  3923,GiG,6.76,4.47
NGC  3924,AG?,1.02982,0.863607
NGC  3928,SyG,1.49035,1.42656
NGC  3931,GiP,1.22103,0.954479
NGC  3938,GiG,4.24989,4.06162
NGC  3940,GiG,1.42691,1.23642
NGC  3945,GiG,6.17,3.63
NGC  3949,GiC,2.79363,1.83681
NGC  3953,GiG,6.43808,3.2229
NGC  3962,LIN,1.993,1.674
NGC  3963,GiP,2.13481,2.01334
NGC  3964,LIN,1.09538,0.771474
NGC  3977,LIN,1.1514,0.971669
NGC  3982,Sy2,1.77222,1.58082
NGC  3983,LIN,1.11792,0.429506
NGC  3985,GiG,1.48142,1.02558
NGC  3990,GiP,1.56176,0.965322
NGC  3991,EmG,2.33728,0.394532
NGC  3994,LIN,1.65007,0.835594
NGC  3995,GiG,1.32336,0.989344
NGC  4000,EmG,1.10579,0.30354
NGC  4004,rG,1.16333,0.669031
NGC  4013,GiG,7.51879,1.93308
NGC  4015,IG,1.40906,1.06356
NGC  4024,GiG,1.273,1.171
NGC  4026,GiP,4.94585,1.27801
NGC  4027,AG?,1.903,1.218
NGC  4030,EmG,3.7135,2.90321
NGC  4038,EmG,5.2,3.1
NGC  4039,GiP,3.1,1.6
NGC  4041,SyG,2.35849,2.1658
NGC  4047,AG?,1.87652,1.45862
NGC  4051,Sy1,5.33923,2.93658
NGC  4060,LIN,0.582363,0.354077
NGC  4065,LIN,1.57427,1.28177
NGC  4070,LIN,1.42444,1.28613
NGC  4073,BiC,3.21134,1.96855
NGC  4074,Sy2,0.943673,0.586493
NGC  4084,LIN,0.949643,0.901781
NGC  4085,GiP,3.10785,0.786908
NGC  4088,AGN,5.86394,2.15617
NGC  4096,GiG,10.3886,3.06567
NGC  4100,GiG,5.12305,1.49439
NGC  4102,Sy2,2.95,1.7
NGC  4104,rG,3.32216,1.61922
NGC  4111,LIN,5.98568,1.34139
NGC  4118,EmG,0.625427,0.386889
NGC  4123,AGN,3.49963,2.00004
NGC  4132,GiP,1.35991,0.497999
NGC  4136,GiG,2.75622,2.56329
NGC  4142,GiC,1.65434,0.911378
NGC  4143,LIN,2.73594,1.63965
NGC  4145,GiP,5.03934,3.13245
NGC  4147,GlC,1.053,0.99
NGC  4147   106,RR*,,
NGC  4147   110,*,,
NGC  4147   116,*,,
NGC  4147   123,*,,
NGC  4147   124,*,,
NGC  4147   214,*,,
NGC  4147   307,*,,
NGC  4147   401,*,,
NGC  4150,GiG,2.33303,1.55497
NGC  4151,Sy1,3.29851,2.90104
NGC  4152,AGN,1.60846,1.31475
NGC  4156,LIN,1.17928,1.02456
NGC  4157,GiC,10.0281,1.82011
NGC  4158,SyG,1.65723,1.21409
NGC  4169,Sy2,2.03151,1.08726
NGC  4174,Sy2,0.663,0.318
NGC  4175,AGN,1.377,0.358
NGC  4178,H2G,8.55588,2.51457
NGC  4183,GiG,4.18433,0.705896
NGC  4189,GiC,2.46961,1.86209
NGC  4190,LSB,1.67946,1.28428
NGC  4193,AGN,3.22649,1.43966
NGC  4194,rG,0.753,0.422
NGC  4203,LIN,3.58578,3.24118
NGC  4206,SyG,4.68,0.85
NGC  4211,LIN,1.10516,0.853297
NGC  4212,H2G,3.0776,1.87179
NGC  4215,GiG,2.77913,0.989091
NGC  4216,AGN,11.338,2.29482
NGC  4217,GiG,7.66457,1.61493
NGC  4219,Sy1,2.34,0.889
NGC  4221,GiG,2.45374,1.67272
NGC  4228,SBG,5.33281,4.07907
NGC  4235,Sy1,4.15839,1.00051
NGC  4236,GiG,12.4727,3.01839
NGC  4237,AGN,2.66137,1.64472
NGC  4242,GiG,4.23544,2.9233
NGC  4244,GiG,19.0689,2.72876
NGC  4252,LSB,1.56025,0.430161
NGC  4260,GiP,4.14098,1.81334
NGC  4261,LIN,3.9567,3.20572
NGC  4262,GiG,1.87118,1.65244
NGC  4272,rG,1.46995,1.09673
NGC  4274,LIN,7.8228,3.02899
NGC  4277,GiP,1.10791,0.87647
NGC  4278,LIN,3.55858,3.23902
NGC  4281,GiG,4.35447,2.1916
NGC  4283,GiG,0.877,0.824
NGC  4288,GiG,1.6609,1.26046
NGC  4293,LIN,7.47022,3.32723
NGC  4294,GiC,4.31824,1.50966
NGC  4298,GiC,3.41157,1.86681
NGC  4299,GiC,1.54294,1.5184
NGC  4302,GiC,5.25,0.91
NGC  4307,GiG,5.29322,1.16874
NGC  4312,GiC,6.37217,1.78421
NGC  4313,GiG,6.42539,1.61406
NGC  4314,LIN,4.3342,3.29486
NGC  4319,GiG,2.91263,1.87806
NGC  4335,rG,2.01586,1.59636
NGC  4340,GiP,3.06064,2.25539
NGC  4342,GiP,1.44063,0.614862
NGC  4344,bCG,1.49841,1.43743
NGC  4350,GiP,4.69732,1.84323
NGC  4351,GiG,2.15224,1.42392
NGC  4353,GiG,1.25964,0.77846
NGC  4361,PN,1.35,1.35
NGC  4365,GiG,5.64379,4.27235
NGC  4369,AGN,2.15586,2.10434
NGC  4370,GiG,1.86528,1.17643
NGC  4377,GiG,1.72559,1.37719
NGC  4378,Sy2,2.58982,2.14955
NGC  4380,BLL,4.76681,2.52689
NGC  4383,AGN,1.007,0.584
NGC  4384,EmG,1.26273,0.957531
NGC  4385,AGN,2.04215,1.11399
NGC  4387,GiG,1.143,0.686
NGC  4388,Sy2,7.98475,2.06246
NGC  4389,GiG,3.18457,1.7203
NGC  4390,GiG,1.63666,1.19787
NGC  4394,GiP,3.3143,2.66072
NGC  4395,Sy2,5.28422,2.30762
NGC  4396,GiC,4.81217,1.28822
NGC  4402,GiC,2.637,0.686
NGC  4410,LIN,1.23558,0.893445
NGC  4414,GiC,4.99634,3.16768
NGC  4415,GiG,1.47727,1.29261
NGC  4417,GiP,2.59422,0.845197
NGC  4419,LIN,5.24676,1.78757
NGC  4424,H2G,5.0509,2.37443
NGC  4425,GiG,3.62884,1.2955
NGC  4429,GiG,8.29981,3.96814
NGC  4430,GiG,2.43214,1.99655
NGC  4431,GiP,1.69385,1.05781
NGC  4435,GiG,3.50944,2.29517
NGC  4436,GiP,1.91183,0.988034
NGC  4437,AGN,17.8112,2.2638
NGC  4438,LIN,8.91,5.01
NGC  4440,GiG,1.80652,1.77942
NGC  4442,GiG,5.46193,2.25141
NGC  4445,GiG,3.41532,0.633883
NGC  4446,GiC,0.849777,0.60946
NGC  4448,H2G,5.76727,2.03239
NGC  4449,EmG,6.68825,3.96212
NGC  4449N,G,,
NGC  4449S,G,,
NGC  4450,LIN,5.661,3.77532
NGC  4451,GiG,1.53975,0.94756
NGC  4457,LIN,3.60978,3.12968
NGC  4459,H2G,3.99553,3.24077
NGC  4461,GiP,5.48108,2.22258
NGC  4469,GiG,4.5787,1.36903
NGC  4471,AG?,0.263,0.2
NGC  4474,GiG,2.8275,1.79574
NGC  4475,EmG,1.25749,0.81083
NGC  4476,GiG,1.922,1.34771
NGC  4477,Sy2,3.77114,3.31861
NGC  4478,GiP,1.25,1.05
NGC  4479,GiG,1.63403,1.3734
NGC  4483,GiG,1.84701,1.06646
NGC  4485,GiP,1.04,0.749
NGC  4487,EmG,3.77842,2.57008
NGC  4488,GiG,3.55063,1.2445
NGC  4489,GiG,1.77785,1.62034
NGC  4490,GiG,6.76,2.14
NGC  4494,GiP,4.36282,3.87026
NGC  4498,GiG,2.92073,1.35668
NGC  4502,GiP,1.20023,0.658564
NGC  4503,GiP,5.03131,2.28824
NGC  4504,EmG,3.61457,2.26381
NGC  4505,GiP,2.8931,2.19094
NGC  4506,GiG,1.84345,1.31696
NGC  4507,Sy2,1.12,0.941
NGC  4519,GiG,2.31247,1.74337
NGC  4522,GiG,4.78168,1.20212
NGC  4523,GiC,1.09915,0.512973
NGC  4527,AGN,9.80073,3.29696
NGC  4532,H2G,3.31658,1.1094
NGC  4535,H2G,6.40866,4.97632
NGC  4536,H2G,6.50055,2.56187
NGC  4540,GiG,2.35454,1.80287
NGC  4544,GiG,2.50263,0.839882
NGC  4550,GiP,4.15548,1.331
NGC  4559,H2G,7.23294,3.00601
NGC  4563,GiC,0.602093,0.418997
NGC  4564,GiG,4.24606,2.0674
NGC  4565,Sy2,13.8,2.19
NGC  4568,H2G,6.37761,2.72197
NGC  4570,GiG,5.90254,1.64504
NGC  4571,GiC,3.20133,3.16227
NGC  4578,GiG,3.15403,2.22958
NGC  4586,GiG,6.32805,2.0351
NGC  4589,LIN,3.72899,2.70165
NGC  4593,Sy1,4.02325,2.80823
NGC  4595,GiG,1.84586,1.27456
NGC  4596,GiP,4.31482,3.42165
NGC  4597,GiP,3.74009,1.88052
NGC  4601,GiG,1.217,0.365
NGC  4605,GiG,5.7987,2.30904
NGC  4606,GiP,4.14093,1.84271
NGC  4607,GiC,3.24263,0.558381
NGC  4614,Sy1,0.747,0.463
NGC  4615,EmG,1.133,0.317
NGC  4618,GiP,4.0797,2.84519
NGC  4619,Sy2,1.31757,1.22784
NGC  4631,GiC,16.5621,3.13851
NGC  4632,EmG,3.47976,1.28612
NGC  4634,GiG,3.07152,0.648091
NGC  4636,LIN,6.10405,4.79961
NGC  4639,Sy1,2.26203,1.74561
NGC  4641,GiG,1.45035,1.21757
NGC  4643,LIN,3.59203,3.28922
NGC  4647,H2G,3.31652,2.70959
NGC  4648,GiG,2.0199,1.29758
NGC  4650,Sy2,1.543,1.266
NGC  4651,LIN,3.8311,2.60209
NGC  4654,H2G,6.25975,2.9859
NGC  4656,GiP,9.69183,2.09441
NGC  4658,GiG,0.133,0.133
NGC  4660,GiP,2.48194,1.65273
NGC  4664,GiG,3.93425,3.80206
NGC  4670,AG?,1.48326,1.0279
NGC  4672,Sy2,1.027,0.595
NGC  4673,GiG,1.12045,0.899046
NGC  4676,IG,2.344,0.446
NGC  4679,EmG,1.443,0.606
NGC  4683,GiG,1.16,0.603
NGC  4688,GiP,1.86776,1.66604
NGC  4689,H2G,4.03167,3.12333
NGC  4694,AGN,3.88793,1.98246
NGC  4696,rG,4.57,2.82
NGC  4697,GiG,7.56822,5.0253
NGC  4698,Sy2,4.01567,2.95192
NGC  4699,EmG,4.97926,4.01129
NGC  4710,H2G,6.02097,1.44443
NGC  4712,EmG,2.75704,1.13838
NGC  4713,GiG,2.2566,1.59948
NGC  4715,LIN,1.5995,1.20202
NGC  4719,AGN,1.19663,0.975735
NGC  4725,Sy2,10.629,5.86295
NGC  4731,Sy2,4.41898,1.42424
NGC  4742,GiG,1.327,0.823
NGC  4744,GiG,1.397,0.754
NGC  4747,GiP,3.5042,1.26992
NGC  4748,Sy1,0.757,0.545
NGC  4753,GiG,7.23862,4.15497
NGC  4755   108,*,,
NGC  4755   112,*,,
NGC  4755   122,*,,
NGC  4755   132,V*,,
NGC  4755   136,*,,
NGC  4755   144,*,,
NGC  4755   146,*,,
NGC  4755   148,*,,
NGC  4755   221,*,,
NGC  4755   236,*,,
NGC  4755   239,*,,
NGC  4755   402,*,,
NGC  4755   406,*,,
NGC  4755   408,*,,
NGC  4755   421,*,,
NGC  4755   433,*,,
NGC  4755   434,*,,
NGC  4755   443,*,,
NGC  4755   444,*,,
NGC  4758,GiG,3.42561,0.75843
NGC  4760,Sy1,1.357,1.167
NGC  4761,BiC,2.59991,2.1444
NGC  4762,LIN,9.17351,1.38245
NGC  4767,GiG,1.81,1.014
NGC  4772,LIN,4.77399,2.5369
NGC  4774,rG,0.771183,0.477517
NGC  4781,Sy2,1.847,0.96
NGC  4782,rG,1.957,1.213
NGC  4783,GiP,1.189,0.944
NGC  4786,Sy2,2.15246,1.7196
NGC  4793,SBG,2.99364,1.53154
NGC  4808,GiG,3.74157,1.42554
NGC  4809,GiP,1.84593,0.637215
NGC  4818,Sy2,6.8915,2.42029
NGC  4827,LIN,1.32241,1.07181
NGC  4833,GlC,13.5,13.5
NGC  4839,BiC,2.61853,1.43757
NGC  4840,LIN,0.81041,0.735933
NGC  4842,LIN,0.413,0.372
NGC  4845,Sy2,5.57253,1.36917
NGC  4850,AGN,0.679017,0.623745
NGC  4854,GiG,1.05103,0.773135
NGC  4858,EmG,0.27,0.238
NGC  4861,H2G,3.63,1.48
NGC  4864,GiG,0.831337,0.770732
NGC  4866,LIN,4.67252,1.27934
NGC  4869,EmG,0.828063,0.690853
NGC  4871,LIN,0.873927,0.50443
NGC  4872,AGN,0.57,0.4
NGC  4874,LIN,2.34007,2.26074
NGC  4876,LIN,0.616623,0.421215
NGC  4881,LIN,0.996753,0.96695
NGC  4886,EmG,0.87348,0.575012
NGC  4889,EmG,2.92341,1.8169
NGC  4895,LIN,1.69013,0.580054
NGC  4896,LIN,1.14841,0.650459
NGC  4897,Sy2,0.9,0.702
NGC  4899,Sy2,1.34,0.777
NGC  4906,G,0.669717,0.581649
NGC  4907,LIN,0.97023,0.913763
NGC  4908,LIN,0.9557,0.666983
NGC  4911,LIN,1.34981,1.17447
NGC  4919,GiG,1.10768,0.551626
NGC  4923,EmG,0.92937,0.757065
NGC  4928,Sy2,1.31547,0.991207
NGC  4929,GiG,0.93361,0.780498
NGC  4931,GiG,1.53639,0.584905
NGC  4939,Sy2,5.01,2.19
NGC  4945,Sy2,20.42,4.27
NGC  4951,Sy2,3.77705,1.57239
NGC  4952,LIN,1.66545,1.06522
NGC  4966,LIN,1.28275,0.694609
NGC  5005,LIN,7.06092,3.21201
NGC  5026,Sy2,1.65,1.089
NGC  5033,Sy2,6.28843,2.79583
NGC  5037,GiP,1.903,0.571
NGC  5053,GlC,9.6,9.6
NGC  5053     5,*,,
NGC  5053    60,*,,
NGC  5053    86,*,,
NGC  5053   109,Pe*,,
NGC  5054,Sy1,4.68,2.95
NGC  5063,EmG,1.39,1.14
NGC  5064,Sy2,1.803,0.902
NGC  5068,AG?,7.24,6.46
NGC  5084,Sy2,12.02,2.75
NGC  5085,GiG,3.72,3.09
NGC  5087,Sy2,1.62,1.199
NGC  5088,Sy2,1.177,0.471
NGC  5091,AG?,0.723,0.42
NGC  5100,Sy2,0.83922,0.691266
NGC  5102,EmG,9.55,3.39
NGC  5104,AGN,1.70592,0.741052
NGC  5127,LIN,2.03128,1.47105
NGC  5139,GlC,36.3,36.3
NGC  5139    18,*,,
NGC  5139    41,RB?,,
NGC  5139    49,RB?,,
NGC  5139    61,RG*,,
NGC  5139    68,*,,
NGC  5139    69,RB?,,
NGC  5139    89,RG*,,
NGC  5139    92,RB?,,
NGC  5139   113,*,,
NGC  5139   158,RG*,,
NGC  5139   200,RG*,,
NGC  5139   206,RG*,,
NGC  5139   253,RG*,,
NGC  5139   282,Pe*,,
NGC  5139   297,RG*,,
NGC  5139   315,RB?,,
NGC  5139   319,RG*,,
NGC  5139   355,RG*,,
NGC  5139   394,RG*,,
NGC  5139   449,RG*,,
NGC  5139   450,RB?,,
NGC  5139   482,*,,
NGC  5139   508,RB?,,
NGC  5139   523,*,,
NGC  5139   581,RG*,,
NGC  5139   591,RG*,,
NGC  5139  2232,*,,
NGC  5139  2590,*,,
NGC  5139  6179,RB?,,
NGC  5139  6355,RG*,,
NGC  5139  6712,*,,
NGC  5170,GiP,8.13,1.17
NGC  5171,GiG,1.5635,1.03769
NGC  5189,PN,2.333,2.333
NGC  5195,GiG,5.89,4.68
NGC  5197,GiG,0.42,0.176
NGC  5204,LSB,3.37443,2.12826
NGC  5206,GiG,1.207,1.014
NGC  5211,LIN,1.72861,1.2745
NGC  5230,GiG,1.54466,1.40425
NGC  5237,EmG,1.027,0.78
NGC  5247,EmG,5.25,4.37
NGC  5248,G,4.63025,3.09856
NGC  5253,rG,2.147,1.073
NGC  5256,PaG,1.01394,0.899368
NGC  5257,H2G,1.32322,0.650096
NGC  5258,GiP,1.84418,0.968381
NGC  5266,Sy2,2.09,1.379
NGC  5272   182,HB*,,
NGC  5272   191,HB*,,
NGC  5272   281,RG*,,
NGC  5272   290,*,,
NGC  5272   297,*,,
NGC  5272   354,RG*,,
NGC  5272   595,*,,
NGC  5272   740,*,,
NGC  5272  1251,*,,
NGC  5272  1345,RG*,,
NGC  5272  1362,RG*,,
NGC  5272  1376,RG*,,
NGC  5272  1384,RR*,,
NGC  5273,Sy1,2.53722,2.12974
NGC  5283,Sy2,1.17149,1.02049
NGC  5286,GlC,9.1,9.1
NGC  5291,Sy2,1.057,0.634
NGC  5297,GiP,6.5931,1.90145
NGC  5298,Sy2,1.143,0.617
NGC  5300,EmG,3.16328,2.05329
NGC  5301,GiG,5.27292,1.17744
NGC  5308,GiP,4.56185,0.97441
NGC  5315,PN,0.08931617,0.087669
NGC  5316   110,*,,
NGC  5316   122,*,,
NGC  5322,SyG,5.01899,3.44754
NGC  5329,GiG,1.55581,1.41361
NGC  5331S,GiP,,
NGC  5353,rG,3.097,1.363
NGC  5354,LIN,2.88,2.37
NGC  5355,GiP,1.14107,0.77821
NGC  5360,GiP,1.90872,0.786394
NGC  5364,GiP,5.69312,3.66978
NGC  5379,GiP,1.83327,0.664745
NGC  5383,EmG,2.92423,2.12533
NGC  5389,GiG,3.80045,1.11429
NGC  5390,LIN,3.86876,3.3929
NGC  5394,H2G,0.982617,0.777545
NGC  5398,LSB,2.88,1.7
NGC  5416,GiC,1.29629,0.84544
NGC  5419,rG,4.07,3.09
NGC  5421,H2G,1.53387,0.883663
NGC  5427,Sy1,2.49456,2.12362
NGC  5452,AG?,1.45024,1.03866
NGC  5455,H2G,,
NGC  5462,HII,,
NGC  5466,GlC,11.0,11.0
NGC  5471A,HII,,
NGC  5474,GiP,3.44165,3.22758
NGC  5477,AG?,1.18455,0.808337
NGC  5480,AG?,1.94159,1.39018
NGC  5486,LSB,1.44459,0.914859
NGC  5490,GiG,2.00416,1.58128
NGC  5496,GiG,4.10264,0.717141
NGC  5506,Bla,4.5769,1.21929
NGC  5514,AGN,1.78357,0.829715
NGC  5515,Sy2,1.52457,0.837904
NGC  5530,AG?,4.68,2.09
NGC  5532,LIN,2.28693,1.96104
NGC  5533,Sy2,2.97331,1.85267
NGC  5541,G,1.0196,0.717189
NGC  5542,LIN,0.863443,0.606569
NGC  5544,Sy2,1.2121,0.895138
NGC  5545,GiP,2.20435,0.704068
NGC  5548,Sy1,1.48647,1.28625
NGC  5566,AG?,8.04001,2.96033
NGC  5569,GiP,1.29933,1.00451
NGC  5576,GiP,3.78294,2.53116
NGC  5584,EmG,3.13822,2.27176
NGC  5585,GiG,4.07007,2.69642
NGC  5600,GiG,1.40826,1.38137
NGC  5611,AG?,1.83504,0.799528
NGC  5612,GiG,1.23,0.664
NGC  5613,Sy2,0.559063,0.417676
NGC  5615,G,0.23,0.23
NGC  5626,GiG,0.84,0.706
NGC  5631,Sy2,2.3926,2.33661
NGC  5633,EmG,1.56833,1.04608
NGC  5635,SyG,2.98267,1.48537
NGC  5638,GiP,2.47364,2.22627
NGC  5643,Sy2,5.13,4.37
NGC  5653,AGN,1.60797,1.31226
NGC  5665,AG?,2.27954,1.4564
NGC  5669,H2G,3.08635,2.05088
NGC  5675,Sy2,2.25075,0.863837
NGC  5676,GiG,4.36756,2.0248
NGC  5678,SyG,3.01483,1.63555
NGC  5689,GiP,3.5538,0.954906
NGC  5701,GiG,3.21785,2.77315
NGC  5713,GiG,2.51929,2.40466
NGC  5728,Sy2,3.02,1.78
NGC  5730,GiP,1.91827,0.41166
NGC  5740,GiP,3.31475,1.71505
NGC  5746,GiP,9.90542,1.7493
NGC  5754,GiG,1.35027,1.17973
NGC  5755,IG,0.670467,0.448877
NGC  5774,GiP,2.26849,1.72745
NGC  5775,GiG,3.14,0.76
NGC  5777,GiP,2.67487,0.538451
NGC  5799,EmG,0.883,0.707
NGC  5804,AGN,1.29695,0.947292
NGC  5806,Sy2,4.12409,2.16515
NGC  5812,EmG,2.76472,2.56317
NGC  5820,GiP,1.75002,1.00398
NGC  5823     4,*,,
NGC  5823     8,*,,
NGC  5838,GiG,5.8005,2.15025
NGC  5846,rG,4.15594,3.75988
NGC  5854,GiG,4.20073,1.36146
NGC  5857,Sy2,1.0,0.46
NGC  5859,LIN,4.14173,1.27897
NGC  5861,Sy2,2.113,1.057
NGC  5879,AGN,5.27808,2.02837
NGC  5885,EmG,1.32,0.977
NGC  5897,GlC,19.8,19.8
NGC  5897    25,*,,
NGC  5897    29,*,,
NGC  5897    75,*,,
NGC  5897    76,*,,
NGC  5897   152,*,,
NGC  5897   170,*,,
NGC  5897   216,*,,
NGC  5897   260,*,,
NGC  5897   272,*,,
NGC  5897   277,*,,
NGC  5897   340,*,,
NGC  5897   343,*,,
NGC  5898,EmG,1.453,1.279
NGC  5903,GiG,1.617,1.293
NGC  5904   185,HB*,,
NGC  5904   187,RG*,,
NGC  5904   218,RR*,,
NGC  5904   222,RG*,,
NGC  5904   234,RG*,,
NGC  5904   235,*,,
NGC  5904   264,HB*,,
NGC  5904   268,*,,
NGC  5904   271,HB*,,
NGC  5904   308,RG*,,
NGC  5904   346,HB*,,
NGC  5904   362,HB*,,
NGC  5904   373,HB*,,
NGC  5904   382,RG*,,
NGC  5904   385,RR*,,
NGC  5904   434,RG*,,
NGC  5904   448,*,,
NGC  5904   470,HB*,,
NGC  5904   612,RG*,,
NGC  5904   618,LP*,,
NGC  5904   626,RG*,,
NGC  5904   627,HB*,,
NGC  5904   662,RR*,,
NGC  5904   713,HB*,,
NGC  5904   718,AB*,,
NGC  5904   728,RR*,,
NGC  5904   733,RS*,,
NGC  5904   765,RG*,,
NGC  5904   776,RR*,,
NGC  5904   786,*,,
NGC  5904   792,RG*,,
NGC  5904   814,RG*,,
NGC  5904   818,AB*,,
NGC  5904   821,RG*,,
NGC  5904   823,RR*,,
NGC  5904   831,HB*,,
NGC  5904   851,*,,
NGC  5904   855,RR*,,
NGC  5904   874,RG*,,
NGC  5904   875,RG*,,
NGC  5904   878,*,,
NGC  5904   889,RG*,,
NGC  5904   929,RG*,,
NGC  5904   931,*,,
NGC  5904   938,HB*,,
NGC  5905,H2G,2.27582,1.82703
NGC  5906,GiG,15.4703,1.68317
NGC  5921,AG?,4.27886,2.75259
NGC  5927,GlC,12.0,12.0
NGC  5929,Sy1,0.91,0.87
NGC  5930,AGN,1.91822,1.35522
NGC  5941,GiG,0.780787,0.739639
NGC  5944,GiG,0.846803,0.267336
NGC  5949,AG?,3.55491,1.66512
NGC  5953,Sy2,1.47092,1.00008
NGC  5954,GiP,1.31,0.865
NGC  5962,GiP,2.69174,1.84034
NGC  5967,EmG,1.663,0.965
NGC  5972,Sy2,1.01938,0.738949
NGC  5973,Sy2,0.787,0.267
NGC  5975,GiC,1.69287,0.628055
NGC  5982,LIN,3.41197,2.45252
NGC  5985,SyG,4.70578,2.36983
NGC  5987,GiG,4.53243,1.89864
NGC  5994,GiP,0.297,0.131
NGC  6014,G,1.57404,1.34518
NGC  6015,AG?,5.54285,2.64838
NGC  6022,LIN,0.658123,0.5392
NGC  6026,PN,0.563,0.563
NGC  6027,GiG,0.597,0.251
NGC  6028,LIN,1.0912,0.999645
NGC  6034,Sy2,1.24895,0.866774
NGC  6039,G,0.89,0.72
NGC  6042,GiG,0.93466,0.778011
NGC  6043,PaG,0.704663,0.547523
NGC  6044,GiG,0.626873,0.599855
NGC  6047,rG,1.03768,0.924988
NGC  6051,LIN,1.84982,1.32318
NGC  6052,rG,0.64,0.474
NGC  6058,PN,0.44,0.44
NGC  6061,Sy2,1.07087,0.886249
NGC  6070,AG?,3.7418,1.83498
NGC  6077,SyG,1.20021,0.994971
NGC  6086,LIN,1.74452,1.19744
NGC  6090,PaG,0.794733,0.623309
NGC  6101,GlC,10.7,10.7
NGC  6109,LIN,1.21606,1.13361
NGC  6118,EmG,1.603,0.898
NGC  6121    47,RG*,,
NGC  6121    71,RG*,,
NGC  6121   148,*,,
NGC  6121   149,*,,
NGC  6121   219,*,,
NGC  6121   288,*,,
NGC  6121   348,*,,
NGC  6121   370,RG*,,
NGC  6121   389,*,,
NGC  6121   410,*,,
NGC  6121   446,RG*,,
NGC  6121   448,*,,
NGC  6121   474,RG*,,
NGC  6121   518,Pe*,,
NGC  6121   545,RG*,,
NGC  6121   562,HB*,,
NGC  6121   608,HB*,,
NGC  6121   620,*,,
NGC  6121   630,*,,
NGC  6121   655,*,,
NGC  6124    40,*,,
NGC  6144,GlC,9.3,9.3
NGC  6153,PN,0.53,0.498
NGC  6161,G,0.644817,0.270178
NGC  6162,GiG,1.32172,0.906565
NGC  6166,Sy2,2.33639,1.53851
NGC  6173,LIN,2.64467,1.64128
NGC  6181,H2G,1.79459,1.05181
NGC  6185,LIN,1.59228,0.959824
NGC  6193,OpC,18.7,18.7
NGC  6205     2,RS*,,
NGC  6205     7,*,,
NGC  6205    16,RG*,,
NGC  6205    17,*,,
NGC  6205    18,RG*,,
NGC  6205    25,*,,
NGC  6205    33,*,,
NGC  6205    43,RG*,,
NGC  6205    49,*,,
NGC  6205    52,*,,
NGC  6205    57,HS?,,
NGC  6205    66,*,,
NGC  6205    70,RG*,,
NGC  6205    72,RG*,,
NGC  6205    79,RG*,,
NGC  6205    81,*,,
NGC  6205    96,RG*,,
NGC  6205   114,RG*,,
NGC  6205   172,RG*,,
NGC  6205   194,RG*,,
NGC  6205   206,RR*,,
NGC  6205   244,RG*,,
NGC  6205   262,RG*,,
NGC  6205   267,*,,
NGC  6205   269,*,,
NGC  6205   300,*,,
NGC  6205   318,*,,
NGC  6205   343,Pe*,,
NGC  6205   404,Pe*,,
NGC  6205   414,RG*,,
NGC  6205   456,*,,
NGC  6205   468,*,,
NGC  6205   493,*,,
NGC  6205   496,*,,
NGC  6205   509,*,,
NGC  6205   528,*,,
NGC  6205   539,*,,
NGC  6205   567,*,,
NGC  6205   588,*,,
NGC  6205   604,*,,
NGC  6205   621,*,,
NGC  6205   666,*,,
NGC  6205   736,Pe*,,
NGC  6205   766,RG*,,
NGC  6205   798,*,,
NGC  6205   800,*,,
NGC  6205   802,*,,
NGC  6205   935,*,,
NGC  6205   972,*,,
NGC  6205   978,*,,
NGC  6205  1007,*,,
NGC  6205  1030,RG*,,
NGC  6205  1053,*,,
NGC  6205  1076,HS?,,
NGC  6205  1106,*,,
NGC  6207,GiC,2.72328,1.36763
NGC  6210,PN,0.44,0.414
NGC  6215,GiG,2.4,2.04
NGC  6217,AGN,2.64587,1.89232
NGC  6218  1102,RG*,,
NGC  6218  1425,*,,
NGC  6218  2247,RG*,,
NGC  6218  3327,*,,
NGC  6229,GlC,1.533,1.411
NGC  6231,OpC,120.0,120.0
NGC  6231   213,Y*O,,
NGC  6240,Sy2,2.19487,0.932821
NGC  6241,GiG,0.740147,0.676198
NGC  6242,OpC,12.5,12.5
NGC  6250     8,*,,
NGC  6251,Bla,1.98855,1.65348
NGC  6254  2089,WV*,,
NGC  6259,OpC,17.3,17.3
NGC  6259  1006,*,,
NGC  6259  1008,*,,
NGC  6259  1014,*,,
NGC  6259  1017,*,,
NGC  6259  1021,*,,
NGC  6259  2003,*,,
NGC  6259  2004,*,,
NGC  6259  2013,*,,
NGC  6259  2014,*,,
NGC  6259  2020,*,,
NGC  6259  2039,*,,
NGC  6259  2041,*,,
NGC  6259  2050,*,,
NGC  6259  3002,*,,
NGC  6259  3013,*,,
NGC  6259  3032,*,,
NGC  6259  4005,*,,
NGC  6259  4007,*,,
NGC  6259  4010,*,,
NGC  6259  4014,*,,
NGC  6259  4019,*,,
NGC  6259  4024,*,,
NGC  6259  4032,*,,
NGC  6259  4034,*,,
NGC  6259  4035,*,,
NGC  6284,GlC,1.167,1.12
NGC  6286,AGN,1.31583,0.753048
NGC  6288,G,1.03957,0.663664
NGC  6292,AG?,1.1765,0.745546
NGC  6302,PN,0.47182336,0.44727832
NGC  6304,GlC,6.8,6.8
NGC  6305,Sy2,1.017,0.63
NGC  6308,Sy2,1.32428,1.03227
NGC  6312,G,0.967517,0.824324
NGC  6314,LIN,1.78008,0.964268
NGC  6321,AG?,1.10699,0.922123
NGC  6328,QSO,1.017,0.813
NGC  6334,HII,9.15,9.15
NGC  6334A,HII,5.6,5.6
NGC  6338,Bla,1.9494,1.42832
NGC  6340,GiP,3.11498,3.03336
NGC  6341  1006,*,,
NGC  6341  1013,HB*,,
NGC  6341  1014,RG*,,
NGC  6341  2006,RG*,,
NGC  6341  2070,AB*,,
NGC  6341  2083,HS?,,
NGC  6341  3013,Pe*,,
NGC  6341  3049,*,,
NGC  6341  4017,*,,
NGC  6341  4027,*,,
NGC  6341  4041,Pe*,,
NGC  6341  4094,AB*,,
NGC  6341  4099,*,,
NGC  6341  4114,RG*,,
NGC  6341  5023,HS?,,
NGC  6341  6061,*,,
NGC  6341  7003,*,,
NGC  6341  7039,RG*,,
NGC  6341  7076,*,,
NGC  6341  8004,*,,
NGC  6341  8010,*,,
NGC  6341  8018,HS?,,
NGC  6341  8030,*,,
NGC  6341  8043,RG*,,
NGC  6341  9008,*,,
NGC  6341  9025,*,,
NGC  6341  9026,HS?,,
NGC  6341  9030,*,,
NGC  6341  9081,PM*,,
NGC  6341 10004,RG*,,
NGC  6341 10023,*,,
NGC  6341 11019,RG*,,
NGC  6341 11038,RG*,,
NGC  6341 11046,Pe*,,
NGC  6341 12024,HB*,,
NGC  6341 12034,AB*,,
NGC  6341 12045,RG*,,
NGC  6347,AG?,1.90583,0.919755
NGC  6352,GlC,7.1,7.1
NGC  6362     4,*,,
NGC  6362    13,*,,
NGC  6362    22,*,,
NGC  6362    24,*,,
NGC  6362    41,*,,
NGC  6362    42,*,,
NGC  6369,PN,0.58564,0.5837383
NGC  6375,GiP,1.60537,1.33358
NGC  6380,GlC,3.6,3.6
NGC  6384,AG?,5.5,2.75
NGC  6392,AG?,0.913,0.84
NGC  6397,GlC,25.7,25.7
NGC  6397    43,*,,
NGC  6397    77,V*,,
NGC  6397   211,*,,
NGC  6397   245,HB*,,
NGC  6397   435,*,,
NGC  6397   522,*,,
NGC  6397   531,*,,
NGC  6397   603,*,,
NGC  6397   662,*,,
NGC  6397   749,*,,
NGC  6397  4100,*,,
NGC  6405    98,*,,
NGC  6419,GiG,1.45254,0.385504
NGC  6422,GiG,0.994403,0.874081
NGC  6438,AG?,1.907,1.144
NGC  6440,GlC,4.8,4.8
NGC  6475,OpC,100.1,100.1
NGC  6491,AG?,1.33546,0.619789
NGC  6492,Sy2,1.567,0.846
NGC  6496,GlC,3.6,3.6
NGC  6500,LIN,1.93498,1.50851
NGC  6501,GiP,0.997,0.817
NGC  6503,LIN,6.76,2.24
NGC  6504,AG?,2.69178,0.51709
NGC  6509,GiG,1.143,0.755
NGC  6512,rG,1.29814,0.944265
NGC  6517,GlC,1.473,1.326
NGC  6518,GiG,1.03253,0.877444
NGC  6522,GlC,5.6,5.6
NGC  6523,Cl*,,
NGC  6527,AG?,1.22786,0.94017
NGC  6528,GlC,2.4,2.4
NGC  6530    22,*,,
NGC  6530    37,*,,
NGC  6530    39,Or*,,
NGC  6530    64,Y*O,,
NGC  6530    89,*,,
NGC  6543,PN,0.623,0.536
NGC  6552,Sy2,1.47361,0.795751
NGC  6553,GlC,10.8,10.8
NGC  6563,PN,0.717,0.717
NGC  6567,PN,0.12884083,0.12506567
NGC  6569,GlC,3.6,3.6
NGC  6570,GiG,0.903,0.687
NGC  6571,GiG,0.892443,0.876736
NGC  6572,PN,0.597,0.406
NGC  6575,GiP,1.76372,1.26953
NGC  6576,GiG,0.46,0.442
NGC  6587,AG?,0.953,0.801
NGC  6606,AG?,1.2815,0.882315
NGC  6611     1,*,,
NGC  6611     3,*,,
NGC  6611     7,*,,
NGC  6611    19,*,,
NGC  6611    20,*,,
NGC  6611    31,*,,
NGC  6611    34,Y*?,,
NGC  6611    36,*,,
NGC  6611    37,*,,
NGC  6611    39,*,,
NGC  6611    42,Y*O,,
NGC  6611    44,*,,
NGC  6611    60,*,,
NGC  6611    69,*,,
NGC  6611    71,**,,
NGC  6611    75,*,,
NGC  6611    79,*,,
NGC  6611    83,*,,
NGC  6611    85,*,,
NGC  6611    88,*,,
NGC  6611    97,*,,
NGC  6611   131,*,,
NGC  6611   137,*,,
NGC  6611   141,*,,
NGC  6611   145,*,,
NGC  6611   151,Y*O,,
NGC  6611   153,Y*?,,
NGC  6611   167,*,,
NGC  6611   169,*,,
NGC  6611   178,Y*O,,
NGC  6611   181,Y*O,,
NGC  6611   186,Y*O,,
NGC  6611   187,*,,
NGC  6611   190,*,,
NGC  6611   198,*,,
NGC  6611   201,*,,
NGC  6611   211,*,,
NGC  6611   215,*,,
NGC  6611   220,*,,
NGC  6611   222,Y*O,,
NGC  6611   223,Y*O,,
NGC  6611   225,*,,
NGC  6611   227,Y*O,,
NGC  6611   228,Y*O,,
NGC  6611   236,*,,
NGC  6611   258,EB*,,
NGC  6611   260,*,,
NGC  6611   265,*,,
NGC  6611   269,Y*O,,
NGC  6611   270,dS*,,
NGC  6611   282,Y*O,,
NGC  6611   291,*,,
NGC  6611   296,Y*O,,
NGC  6611   299,Ae*,,
NGC  6611   307,Y*O,,
NGC  6611   310,Y*O,,
NGC  6611   311,Em*,,
NGC  6611   322,Y*O,,
NGC  6611   324,*,,
NGC  6611   331,*,,
NGC  6611   336,Y*O,,
NGC  6611   337,*,,
NGC  6611   360,Y*O,,
NGC  6611   361,*,,
NGC  6611   371,Y*O,,
NGC  6611   375,*,,
NGC  6611   380,*,,
NGC  6611   385,*,,
NGC  6611   399,*,,
NGC  6611   404,Y*O,,
NGC  6611   405,Y*?,,
NGC  6611   413,*,,
NGC  6611   443,Y*O,,
NGC  6611   471,*,,
NGC  6611   478,Y*O,,
NGC  6611   482,*,,
NGC  6611   485,*,,
NGC  6611   486,*,,
NGC  6611   490,Y*?,,
NGC  6611   501,*,,
NGC  6611   523,*,,
NGC  6611   524,*,,
NGC  6611   550,*,,
NGC  6611   564,Y*?,,
NGC  6611   583,*,,
NGC  6611   584,Y*O,,
NGC  6611   591,*,,
NGC  6611   597,Y*O,,
NGC  6611   598,*,,
NGC  6611   613,*,,
NGC  6611   625,Y*?,,
NGC  6611   638,Y*O,,
NGC  6618,OpC,1.6333333,1.6333333
NGC  6618   341,**,,
NGC  6624,GlC,5.9,5.9
NGC  6626  1012,*,,
NGC  6626  1017,*,,
NGC  6626  1066,*,,
NGC  6626  1079,*,,
NGC  6626  1117,*,,
NGC  6626  2017,*,,
NGC  6626  2101,*,,
NGC  6626  2108,*,,
NGC  6626  2119,*,,
NGC  6628,GiG,1.083,0.693
NGC  6633,OpC,43.2,43.2
NGC  6635,GiG,0.893,0.804
NGC  6638,GlC,3.0,3.0
NGC  6643,AG?,3.58729,1.8123
NGC  6649     1,*,,
NGC  6649    11,*,,
NGC  6649    13,*,,
NGC  6649    14,*,,
NGC  6649    37,*,,
NGC  6649    59,Be*,,
NGC  6649    68,*,,
NGC  6649   119,*,,
NGC  6649   208,*,,
NGC  6649   217,*,,
NGC  6649   218,*,,
NGC  6649   219,*,,
NGC  6649   231,*,,
NGC  6649   264,*,,
NGC  6649   267,*,,
NGC  6649   273,*,,
NGC  6649   313,*,,
NGC  6649   318,*,,
NGC  6649   324,*,,
NGC  6649   329,*,,
NGC  6649   342,*,,
NGC  6649   344,*,,
NGC  6649   351,*,,
NGC  6649   352,*,,
NGC  6649   357,*,,
NGC  6649   396,*,,
NGC  6649   413,*,,
NGC  6649   414,*,,
NGC  6649   418,*,,
NGC  6649   488,*,,
NGC  6649   490,*,,
NGC  6649   497,*,,
NGC  6649   504,*,,
NGC  6649   546,*,,
NGC  6649   558,*,,
NGC  6649   565,*,,
NGC  6649   569,*,,
NGC  6649   571,*,,
NGC  6649   577,*,,
NGC  6649   578,*,,
NGC  6649   579,*,,
NGC  6649   601,*,,
NGC  6656     8,*,,
NGC  6656    11,Ce*,,
NGC  6656  1009,*,,
NGC  6656  1011,*,,
NGC  6656  1054,Pe*,,
NGC  6656  1060,*,,
NGC  6656  1073,Pe*,,
NGC  6656  1092,*,,
NGC  6656  1113,*,,
NGC  6656  2001,*,,
NGC  6656  2010,*,,
NGC  6656  2013,*,,
NGC  6656  2096,Pe*,,
NGC  6656  2098,RG*,,
NGC  6656  2100,Pe*,,
NGC  6656  3010,*,,
NGC  6656  3015,Pe*,,
NGC  6656  3033,Pe*,,
NGC  6656  3035,Pe*,,
NGC  6656  3038,*,,
NGC  6656  3047,Pe*,,
NGC  6656  3053,Pe*,,
NGC  6656  3055,*,,
NGC  6656  3072,HB*,,
NGC  6656  3084,*,,
NGC  6656  3091,*,,
NGC  6656  3093,Pe*,,
NGC  6656  3097,*,,
NGC  6656  3102,*,,
NGC  6656  4003,*,,
NGC  6656  4024,*,,
NGC  6656  4031,Pe*,,
NGC  6656  4033,*,,
NGC  6656  4039,Pe*,,
NGC  6656  4040,*,,
NGC  6656  4057,*,,
NGC  6656  4064,*,,
NGC  6656  4082,*,,
NGC  6656  4085,Pe*,,
NGC  6656  4101,Pe*,,
NGC  6656  5002,*,,
NGC  6656  5004,*,,
NGC  6660,GiG,1.503,1.052
NGC  6680,AG?,0.637,0.42
NGC  6686,G,0.942603,0.846929
NGC  6703,AG?,2.76812,2.70556
NGC  6704     1,*,,
NGC  6704     4,*,,
NGC  6704     5,*,,
NGC  6704    29,*,,
NGC  6704    50,*,,
NGC  6704    51,*,,
NGC  6704    55,*,,
NGC  6704    56,*,,
NGC  6704    60,*,,
NGC  6704    66,*,,
NGC  6704    72,*,,
NGC  6704    76,*,,
NGC  6704    78,*,,
NGC  6705,OpC,8.9,8.9
NGC  6705   411,HB*,,
NGC  6705   485,*,,
NGC  6705   668,*,,
NGC  6705   694,*,,
NGC  6705   720,*,,
NGC  6705   756,*,,
NGC  6705   757,*,,
NGC  6705   800,*,,
NGC  6705   818,*,,
NGC  6705   832,*,,
NGC  6705   905,*,,
NGC  6705   914,*,,
NGC  6705   916,HB*,,
NGC  6705   919,*,,
NGC  6705   992,*,,
NGC  6705  1006,*,,
NGC  6705  1016,*,,
NGC  6705  1044,*,,
NGC  6705  1080,*,,
NGC  6705  1106,*,,
NGC  6705  1112,*,,
NGC  6705  1120,*,,
NGC  6705  1158,*,,
NGC  6705  1176,SB*,,
NGC  6705  1225,*,,
NGC  6705  1266,*,,
NGC  6705  1270,*,,
NGC  6705  1306,*,,
NGC  6705  1331,*,,
NGC  6705  1338,*,,
NGC  6705  1373,*,,
NGC  6705  1381,*,,
NGC  6705  1410,*,,
NGC  6705  1435,*,,
NGC  6705  1645,*,,
NGC  6710,AG?,1.0,0.58
NGC  6712,GlC,7.2,7.2
NGC  6716,OpC,11.9,11.9
NGC  6716     6,*,,
NGC  6716    10,*,,
NGC  6723,GlC,11.0,11.0
NGC  6739,Sy1,1.35,0.594
NGC  6744,GiG,17.38,10.96
NGC  6745,AG?,1.327,0.557
NGC  6751,PN,0.4,0.36
NGC  6752,GlC,20.4,20.4
NGC  6752     3,RG*,,
NGC  6752    19,*,,
NGC  6752    24,Pe*,,
NGC  6752    27,HS?,,
NGC  6752    28,RG*,,
NGC  6752    29,RG*,,
NGC  6752    30,RG*,,
NGC  6752    34,*,,
NGC  6752    40,RG*,,
NGC  6752    43,*,,
NGC  6752    55,RG*,,
NGC  6753,Sy2,2.75,2.4
NGC  6760,GlC,4.8,4.8
NGC  6764,LIN,3.19972,1.71409
NGC  6769,GiG,2.57,1.86
NGC  6791  1240,*,,
NGC  6791  2034,*,,
NGC  6804,PN,0.05,0.968275
NGC  6810,Sy2,1.917,0.958
NGC  6814,Sy1,2.797,2.629
NGC  6818,PN,0.4436667,0.4436667
NGC  6820,GNe,,
NGC  6822,G,13.8,12.88
NGC  6826,PN,0.663,0.584
NGC  6835,AG?,2.63,0.65
NGC  6838  1001,RG*,,
NGC  6838  1003,RG*,,
NGC  6838  1007,*,,
NGC  6838  1023,*,,
NGC  6838  1029,AB*,,
NGC  6838  1042,HB*,,
NGC  6838  1048,HB*,,
NGC  6838  1060,*,,
NGC  6838  1065,RG*,,
NGC  6838  1066,RG*,,
NGC  6838  1068,RG*,,
NGC  6838  1071,RG*,,
NGC  6838  1072,RG*,,
NGC  6838  1074,*,,
NGC  6838  1075,RG*,,
NGC  6838  1080,*,,
NGC  6838  1081,*,,
NGC  6838  1084,*,,
NGC  6838  1090,RG*,,
NGC  6838  1094,HB*,,
NGC  6838  1096,*,,
NGC  6838  1102,HB*,,
NGC  6838  1103,HB*,,
NGC  6838  1105,*,,
NGC  6838  1109,*,,
NGC  6838  1110,*,,
NGC  6838  1113,RG*,,
NGC  6842,PN,0.79,0.79
NGC  6857,HII,1.7666667,1.7666667
NGC  6872,AG?,,
NGC  6880,GiG,1.377,0.633
NGC  6884,PN,0.127,0.127
NGC  6886,PN,0.092726335,0.0896555
NGC  6888,WR*,,
NGC  6890,Sy2,1.187,0.878
NGC  6891,PN,0.323,0.297
NGC  6894,PN,0.733,0.733
NGC  6905,PN,0.53,0.445
NGC  6909,AG?,3.35451,1.61956
NGC  6910    15,*,,
NGC  6910    20,*,,
NGC  6910    25a,*,,
NGC  6912,Sy1,0.89,0.623
NGC  6913    11,*,,
NGC  6913    21,*,,
NGC  6913    26,*,,
NGC  6913    27,*,,
NGC  6913    29,*,,
NGC  6918,Sy1,1.1055,0.740466
NGC  6925,EmG,4.47,1.23
NGC  6942,Sy2,2.24068,1.79456
NGC  6946,H2G,11.48,10.72
NGC  6951,Sy2,2.327,1.489
NGC  6962,Sy2,2.71662,2.03937
NGC  6984,Sy2,1.61621,1.01951
NGC  6992,sh,,
NGC  7000,Cl*,,
NGC  7006,GlC,1.107,1.018
NGC  7009,PN,0.707,0.523
NGC  7013,AG?,1.87,0.935
NGC  7014,Sy1,2.0087,1.54831
NGC  7020,GiG,3.79029,1.63741
NGC  7023,OpC,,
NGC  7026,PN,0.59,0.378
NGC  7027,PN,0.19885333,0.18750334
NGC  7048,PN,0.917,0.917
NGC  7049,GiP,3.84944,2.83819
NGC  7052,rG,1.76,0.88
NGC  7078    12,HB*,,
NGC  7078    25,*,,
NGC  7078    30,RR*,,
NGC  7078    33,*,,
NGC  7078    40,*,,
NGC  7078    47,RG*,,
NGC  7078    66,RG*,,
NGC  7078    70,RG*,,
NGC  7078    87,RG*,,
NGC  7078    89,RG*,,
NGC  7078   113,*,,
NGC  7078   238,RG*,,
NGC  7078   341,RG*,,
NGC  7078   373,*,,
NGC  7078   386,RG*,,
NGC  7078   393,RG*,,
NGC  7078   431,RG*,,
NGC  7078   462,RG*,,
NGC  7078   476,RG*,,
NGC  7078   560,RG*,,
NGC  7078   582,HB*,,
NGC  7078   613,RG*,,
NGC  7078   659,RR*,,
NGC  7078   714,HB*,,
NGC  7078   761,Pu*,,
NGC  7078   810,*,,
NGC  7078   918,*,,
NGC  7078   928,RG*,,
NGC  7078   943,Pe*,,
NGC  7078   956,RG*,,
NGC  7078   969,RG*,,
NGC  7078   978,*,,
NGC  7078   994,RG*,,
NGC  7078  1001,*,,
NGC  7078  1049,RG*,,
NGC  7078  1054,RG*,,
NGC  7078  1094,*,,
NGC  7078  1115,*,,
NGC  7089  1009,Pe*,,
NGC  7089  1022,*,,
NGC  7089  1031,*,,
NGC  7089  1040,*,,
NGC  7089  1060,*,,
NGC  7089  1064,*,,
NGC  7089  2003,*,,
NGC  7089  2024,*,,
NGC  7089  2029,*,,
NGC  7089  2030,*,,
NGC  7089  2040,*,,
NGC  7089  2065,*,,
NGC  7089  2066,*,,
NGC  7089  2070,RG*,,
NGC  7089  2074,*,,
NGC  7089  2077,*,,
NGC  7089  2086,Pe*,,
NGC  7089  2094,*,,
NGC  7089  2095,RG*,,
NGC  7089  3022,*,,
NGC  7089  3030,*,,
NGC  7089  3068,*,,
NGC  7089  3072,*,,
NGC  7089  3073,*,,
NGC  7089  3075,*,,
NGC  7089  3080,*,,
NGC  7089  4006,*,,
NGC  7089  4010,*,,
NGC  7089  4022,*,,
NGC  7089  4026,*,,
NGC  7089  4036,Pe*,,
NGC  7089  4042,*,,
NGC  7089  4070,*,,
NGC  7089  4072,*,,
NGC  7089  4073,*,,
NGC  7089  4075,*,,
NGC  7089  4078,*,,
NGC  7089  4079,*,,
NGC  7089  4081,*,,
NGC  7089  4086,*,,
NGC  7089  4088,*,,
NGC  7089  4093,*,,
NGC  7089  4096,*,,
NGC  7092,OpC,120.4,120.4
NGC  7092    42,*,,
NGC  7094,PN,1.583,1.583
NGC  7096,Sy2,1.92639,1.78306
NGC  7098,AG?,2.277,1.275
NGC  7099     3,*,,
NGC  7099   100,*,,
NGC  7107,AG?,1.80269,1.43224
NGC  7119,PaG,0.87,0.75
NGC  7123,AG?,1.683,0.707
NGC  7124,AG?,3.62867,1.45764
NGC  7125,EmG,2.15063,1.67018
NGC  7129,OpC,120.0,120.0
NGC  7135,Sy1,1.583,1.203
NGC  7145,GiG,2.79713,2.48413
NGC  7155,GiG,1.98424,1.96797
NGC  7157,G,0.637,0.382
NGC  7171,Sy2,2.84129,1.57351
NGC  7173,GiP,0.88,0.739
NGC  7177,LIN,2.71264,1.85463
NGC  7184,AG?,6.31,1.35
NGC  7205,Sy2,4.36326,2.20999
NGC  7217,LIN,2.477,2.279
NGC  7218,EmG,2.57,1.07
NGC  7236,LIN,0.983,0.393
NGC  7242,GiG,1.747,1.258
NGC  7244,bCG,0.822017,0.496087
NGC  7252,AGN,0.88,0.757
NGC  7253,AG?,2.69942,0.620326
NGC  7267,Sy1,1.15,0.736
NGC  7293,PN,13.4,13.4
NGC  7303,EmG,1.63577,1.15371
NGC  7307,EmG,4.24383,0.978628
NGC  7314,Sy2,4.37,1.86
NGC  7316,AG?,1.03056,0.864437
NGC  7317,Sy2,0.83,0.79
NGC  7318,IG,,
NGC  7318A,GiP,0.6,0.5
NGC  7319,Sy2,1.62,1.07
NGC  7320,GiG,2.34,1.29
NGC  7331,LIN,10.47,4.17
NGC  7332,GiP,4.83326,1.33301
NGC  7343,GiG,0.9558,0.836229
NGC  7354,PN,0.41482833,0.41215667
NGC  7380,OpC,10.8,10.8
NGC  7393,Sy2,1.97921,0.927261
NGC  7400,AG?,1.98757,0.63185
NGC  7410,Sy2,5.89,1.74
NGC  7413,G,0.905403,0.629799
NGC  7416,Sy2,4.16907,1.18485
NGC  7435,GiG,1.5,0.7
NGC  7448,AG?,2.95982,1.48998
NGC  7457,AG?,3.73534,2.01783
NGC  7468,bCG,0.85235,0.646422
NGC  7469,Sy1,1.69593,1.29976
NGC  7479,Sy2,5.58039,2.57368
NGC  7485,AG?,0.883,0.495
NGC  7492,GlC,6.0,6.0
NGC  7497,AG?,4.65124,1.23537
NGC  7503,rG,1.11326,1.02409
NGC  7510,OpC,6.6,6.6
NGC  7525,Sy1,0.558147,0.517011
NGC  7531,GiG,3.89868,1.99846
NGC  7537,GiP,2.48117,0.741125
NGC  7538,OpC,,
NGC  7541,GiG,5.64463,1.82717
NGC  7550,LIN,1.90407,1.74603
NGC  7552,Sy1,3.60846,2.94487
NGC  7559,GiG,1.334,1.12817
NGC  7576,GiP,1.29338,0.951025
NGC  7578,BiC,2.43233,1.6175
NGC  7582,Sy2,5.35165,2.15243
NGC  7585,AG?,2.89021,2.20696
NGC  7590,Sy1,1.91,0.802
NGC  7591,SyG,1.56621,0.952097
NGC  7592,IG,,
NGC  7599,EmG,4.39643,1.48995
NGC  7603,Sy1,1.86452,1.16645
NGC  7608,GiG,1.9967,0.564466
NGC  7609,IG,0.87637,0.709947
NGC  7619,GiG,3.00008,2.54707
NGC  7625,AG?,1.65955,1.46555
NGC  7626,rG,2.79871,2.41305
NGC  7640,GiG,9.12,1.78
NGC  7650,Sy2,1.30047,1.21893
NGC  7652,Sy2,1.22189,0.915931
NGC  7654  1165,*,,
NGC  7662,PN,0.380885,0.38070166
NGC  7664,GiG,2.02775,1.09499
NGC  7673,EmG,1.01966,0.886085
NGC  7674,Sy1,1.04078,0.986559
NGC  7678,AGN,1.83715,1.61412
NGC  7679,Sy2,1.22993,0.924172
NGC  7682,Sy2,1.47131,1.16616
NGC  7689,Sy2,2.68301,1.84645
NGC  7694,Sy2,1.70087,0.837678
NGC  7702,Sy2,2.96123,1.4667
NGC  7703,GiG,2.69729,0.744991
NGC  7714,AGN,1.62879,1.08087
NGC  7715,GiP,3.56728,0.709889
NGC  7720,Sy1,2.09927,1.42184
NGC  7723,Sy1,3.30846,2.28681
NGC  7728,rG,1.37029,1.15529
NGC  7731,GiP,1.04387,0.813801
NGC  7732,GiP,2.22986,0.722697
NGC  7741,GiP,4.06571,2.42032
NGC  7743,Sy2,2.84913,2.21178
NGC  7750,AG?,2.01881,1.00355
NGC  7752,GiP,0.56,0.235
NGC  7753,AG?,2.35854,1.64201
NGC  7756,AG?,1.7784,1.30712
NGC  7778,GiG,1.30445,1.18614
NGC  7779,GiG,1.43619,1.28395
NGC  7789,OpC,25.3,25.3
NGC  7790,OpC,7.1,7.1
NGC  7790     2,*,,
NGC  7790     4,*,,
NGC  7790     6,*,,
NGC  7790     7,*,,
NGC  7790    10,*,,
NGC  7790    11,*,,
NGC  7790    16,*,,
NGC  7790    23,*,,
NGC  7790    26,*,,
NGC  7790    27,*,,
NGC  7790    33,*,,
NGC  7790    34,*,,
NGC  7790    38,*,,
NGC  7790    42,*,,
NGC  7790    47,*,,
NGC  7790    49,*,,
NGC  7790    50,RG*,,
NGC  7790    54,*,,
NGC  7790    57,*,,
NGC  7790    59,*,,
NGC  7790    61,*,,
NGC  7790    67,*,,
NGC  7790    69,*,,
NGC  7790    72,*,,
NGC  7790    73,*,,
NGC  7790    77,*,,
NGC  7790    79,*,,
NGC  7790    83,*,,
NGC  7790    85,*,,
NGC  7790    89,*,,
NGC  7790    92,*,,
NGC  7790   100,*,,
NGC  7790   105,*,,
NGC  7790   106,*,,
NGC  7790   113,*,,
NGC  7790   120,*,,
NGC  7790   137,*,,
NGC  7790   138,*,,
NGC  7790   146,*,,
NGC  7790   152,*,,
NGC  7790   154,*,,
NGC  7790   159,*,,
NGC  7790   168,*,,
NGC  7790   171,*,,
NGC  7790   172,*,,
NGC  7790   173,*,,
NGC  7790   175,*,,
NGC  7790   190,*,,
NGC  7790   197,*,,
NGC  7790   220,*,,
NGC  7790   221,*,,
NGC  7790   227,*,,
NGC  7790   275,*,,
NGC  7790   291,*,,
NGC  7793,GiG,10.0,6.03
NGC  7798,H2G,1.41323,1.23573
NGC  7814,GiG,6.76467,3.28019
NGC  7817,H2G,3.54237,0.912161
NGC  7822,HII,22.8,22.8
NGC  7822    29,Y*O,,
NGC  7828,AG?,1.34632,0.603557
NGC  7836,GiG,1.04645,0.61688
NGP 38  25,PM*,,
NGP9 F380-0198365,Sy1,,
NHU V2937,V*,,
NHU V2941,V*,,
NOVA Oph 1938,No*,,
NRAO 376,Rad,,
NSV    11,*,,
NSV    15,*,,
NSV  7805,dS*,,
NSV 12028,LP*,,
NSV 12186,LP*,,
NSV 13955,AB*,,
NSVS   9443125,LP*,,
NTTS 160623-1851N,*,,
NTTS 164430-1411,*,,
NVSS J000318+614505,Rad,,
NVSS J000419+400613,Rad,,
NVSS J000422+613752,Rad,,
NVSS J000630+720415,Rad,,
NVSS J000727+631221,Rad,,
NVSS J000758+625555,Rad,,
NVSS J001036+261918,Rad,,
NVSS J001313+624154,Rad,,
NVSS J005614+134116,Rad,,
NVSS J011827+621857,Rad,,
NVSS J012137+630235,Rad,,
NVSS J012357+623729,Rad,,
NVSS J012839+623228,Rad,,
NVSS J013105+311123,Rad,,
NVSS J013600-272745,rG,,
NVSS J014205+290016,Rad,,
NVSS J020445+414152,Rad,,
NVSS J021338+315911,Rad,,
NVSS J021819+603047,Rad,,
NVSS J021828+354958,Rad,,
NVSS J022243+623515,Rad,,
NVSS J022309+390307,Rad,,
NVSS J023537+595630,Rad,,
NVSS J025651-271756,rG,,
NVSS J032631+152126,Rad,,
NVSS J044427-282710,rG,,
NVSS J045046+241126,Rad,,
NVSS J055323-224005,rG,,
NVSS J062205+871948,Rad,,
NVSS J063356+531657,rG,,
NVSS J074403+330441,G,0.56,0.364952
NVSS J074705+275647,GiG,1.03871,0.605154
NVSS J075009+304357,G,1.6082,0.963475
NVSS J075530+394320,rG,,
NVSS J080327+250605,rG,0.578577,0.406334
NVSS J081927+251918,rG,,
NVSS J084520+434955,Rad,,
NVSS J084911+445009,Rad,,
NVSS J084954+171848,Rad,,
NVSS J085333+155918,rG,,
NVSS J085355+561157,QSO,,
NVSS J085530+163725,Rad,,
NVSS J090041+171814,Rad,,
NVSS J090129+161934,Rad,,
NVSS J090131+181313,Rad,,
NVSS J090147+164851,Rad,,
NVSS J090530+340756,rG,,
NVSS J092215+375403,rG,,
NVSS J094220+554432,rG,0.369203,0.297172
NVSS J094628+472403,Rad,,
NVSS J094739+455147,Rad,,
NVSS J095355+474754,rG,0.0730815,0.0730815
NVSS J105047+501007,H2G,0.45612,0.347518
NVSS J110326+344947,rG,,
NVSS J111112+284243,GiC,0.507,0.355
NVSS J112100+212016,GiC,0.96,0.25
NVSS J112917-014225,G,0.657663,0.409922
NVSS J113505+370840,rG,,
NVSS J114411+371111,rG,0.595597,0.359026
NVSS J120425+294522,Rad,,
NVSS J121534+215000,GiC,1.95688,0.634615
NVSS J121951+282520,rG,0.38,0.319
NVSS J122756+752930,Rad,,
NVSS J135225+350229,rG,,
NVSS J144524+303315,rG,0.300827,0.27667
NVSS J145233+275758,rG,,
NVSS J145627+301005,Rad,,
NVSS J151252+512350,G,0.47,0.235
NVSS J151404+300846,rG,0.71903,0.388348
NVSS J153139+740227,Rad,,
NVSS J155945+184802,GiC,1.0166,0.649605
NVSS J164021+464247,rG,,
NVSS J171119+301918,rG,,
NVSS J172523-363227,Rad,,
NVSS J173155-344959,Rad,,
NVSS J173345-312245,Rad,,
NVSS J174937-263108,Rad,,
NVSS J175455-260946,Rad,,
NVSS J181434-162632,Rad,,
NVSS J183214-070643,HII,,
NVSS J183321-073121,HII,,
NVSS J184511-060146,Rad,,
NVSS J184620+152906,Rad,,
NVSS J184838+864755,Rad,,
NVSS J185126+162819,Rad,,
NVSS J190058+050823,Rad,,
NVSS J190229+134532,Rad,,
NVSS J190355+160147,Rad,,
NVSS J190651+141332,Rad,,
NVSS J190655+152342,Rad,,
NVSS J190759+124313,Rad,,
NVSS J190809+130903,Rad,,
NVSS J191000+122524,Rad,,
NVSS J191041+120633,Rad,,
NVSS J191125+111424,Rad,,
NVSS J191157+100720,Rad,,
NVSS J191235+145751,Rad,,
NVSS J191327+105217,Rad,,
NVSS J191447+100425,Rad,,
NVSS J191553+145532,Rad,,
NVSS J191656+112152,Rad,,
NVSS J191743+124938,Rad,,
NVSS J191805+140512,Rad,,
NVSS J191818+172759,Rad,,
NVSS J191916+130445,Rad,,
NVSS J192133+120411,Rad,,
NVSS J192203+125852,Rad,,
NVSS J192313+164527,Rad,,
NVSS J192437+163429,Rad,,
NVSS J192442+181330,Rad,,
NVSS J192502+181817,Rad,,
NVSS J192535+175506,Rad,,
NVSS J192554+182445,Rad,,
NVSS J192612+183210,Rad,,
NVSS J192620+163152,Rad,,
NVSS J192642+195203,Rad,,
NVSS J192701+185832,Rad,,
NVSS J192715+190716,Rad,,
NVSS J192721+182840,Rad,,
NVSS J192744+154543,Rad,,
NVSS J192802+143628,Rad,,
NVSS J192814+161557,Rad,,
NVSS J192832+175008,Rad,,
NVSS J192857+213252,Rad,,
NVSS J192858+202848,Rad,,
NVSS J192937+132150,Rad,,
NVSS J192947+203322,Rad,,
NVSS J193029+185213,Rad,,
NVSS J193041+210427,Rad,,
NVSS J193124+224332,Rad,,
NVSS J193133+160505,Rad,,
NVSS J193242+175739,Rad,,
NVSS J193306+145624,Rad,,
NVSS J193348+222715,Rad,,
NVSS J193415+220100,Rad,,
NVSS J193419+241353,Rad,,
NVSS J193426+182001,Rad,,
NVSS J193447+173836,Rad,,
NVSS J193602+210147,Rad,,
NVSS J193617+195503,Rad,,
NVSS J193624+191507,Rad,,
NVSS J193626+192538,Rad,,
NVSS J193632+220848,Rad,,
NVSS J193648+205137,Rad,,
NVSS J193657+195736,Rad,,
NVSS J193734+195430,Rad,,
NVSS J193805+253232,Rad,,
NVSS J193808+224843,Rad,,
NVSS J193825+664853,Rad,,
NVSS J193901+182236,Rad,,
NVSS J193947+225436,Rad,,
NVSS J194006+195159,Rad,,
NVSS J194013+205154,Rad,,
NVSS J194040+214004,Rad,,
NVSS J194048+225904,Rad,,
NVSS J194104+214913,Rad,,
NVSS J194129+183634,Rad,,
NVSS J194151+234214,Rad,,
NVSS J194155+230755,Rad,,
NVSS J194215+270149,Rad,,
NVSS J194244+254810,Rad,,
NVSS J194251+202250,Rad,,
NVSS J194251+211546,Rad,,
NVSS J194258+200206,Rad,,
NVSS J194446+254539,Rad,,
NVSS J194457+273827,Rad,,
NVSS J194517+205417,Rad,,
NVSS J194534+223811,Rad,,
NVSS J194622+225523,Rad,,
NVSS J194726+265348,Rad,,
NVSS J194729+273901,Rad,,
NVSS J194734+241359,Rad,,
NVSS J194750+211121,Rad,,
NVSS J194922+302600,Rad,,
NVSS J194925+241644,Rad,,
NVSS J195021+273643,Rad,,
NVSS J195043+225846,Rad,,
NVSS J195101+260946,Rad,,
NVSS J195104+283614,Rad,,
NVSS J195130+242841,Rad,,
NVSS J195219+283706,Rad,,
NVSS J195235+282334,Rad,,
NVSS J195250+302748,Rad,,
NVSS J195420+301045,Rad,,
NVSS J195433+304410,Rad,,
NVSS J195434+245156,Rad,,
NVSS J195509+314050,Rad,,
NVSS J195550+285155,Rad,,
NVSS J195556+323305,Rad,,
NVSS J195620+260532,Rad,,
NVSS J195640+251825,Rad,,
NVSS J195640+294523,Rad,,
NVSS J195653+284726,Rad,,
NVSS J195705+242436,Rad,,
NVSS J195726+250337,Rad,,
NVSS J195752+300012,Rad,,
NVSS J195800+273859,Rad,,
NVSS J195800+274946,Rad,,
NVSS J195948+323032,Rad,,
NVSS J195954+300658,Rad,,
NVSS J200047+261545,Rad,,
NVSS J200048+273850,Rad,,
NVSS J200050+292129,Rad,,
NVSS J200114+313300,Rad,,
NVSS J200130+304105,Rad,,
NVSS J200148+320506,Rad,,
NVSS J200151+302905,Rad,,
NVSS J200249+285147,Rad,,
NVSS J200250+332227,Rad,,
NVSS J200258+345116,Rad,,
NVSS J200316+301654,Rad,,
NVSS J200341+295836,Rad,,
NVSS J200345+310623,Rad,,
NVSS J200352+295225,Rad,,
NVSS J200352+343509,Rad,,
NVSS J200420+274140,Rad,,
NVSS J200427+285202,Rad,,
NVSS J200453+322103,Rad,,
NVSS J200502+340530,Rad,,
NVSS J200509+301650,Rad,,
NVSS J200525+312415,Rad,,
NVSS J200529+330620,Rad,,
NVSS J200544+290115,Rad,,
NVSS J200554+313117,Rad,,
NVSS J200604+285154,Rad,,
NVSS J200617+322131,Rad,,
NVSS J200650+282658,Rad,,
NVSS J200654+325936,Rad,,
NVSS J200720+285351,Rad,,
NVSS J200800+324538,Rad,,
NVSS J201009+304815,Rad,,
NVSS J201036+325024,Rad,,
NVSS J201146+364934,Rad,,
NVSS J201205+310510,Rad,,
NVSS J201223+343823,Rad,,
NVSS J201340+320244,Rad,,
NVSS J201357+312555,Rad,,
NVSS J201359+321548,Rad,,
NVSS J201425+353648,Rad,,
NVSS J201613+345212,Rad,,
NVSS J201626+342834,Rad,,
NVSS J201642+353648,Rad,,
NVSS J201749+381548,Rad,,
NVSS J201825+330510,Rad,,
NVSS J201902+401828,Rad,,
NVSS J201914+354357,Rad,,
NVSS J201931+334519,Rad,,
NVSS J201950+362936,Rad,,
NVSS J202039+352619,Rad,,
NVSS J202052+332949,Rad,,
NVSS J202052+335552,Rad,,
NVSS J202136+334338,Rad,,
NVSS J202154+374613,Rad,,
NVSS J202200+342838,Rad,,
NVSS J202222+330114,Rad,,
NVSS J202235+351936,Rad,,
NVSS J202319+351502,Rad,,
NVSS J202430+364602,Rad,,
NVSS J202432+363012,Rad,,
NVSS J202454+361458,Rad,,
NVSS J202544+381551,Rad,,
NVSS J202707+381607,Rad,,
NVSS J202711+385554,Rad,,
NVSS J202717+375346,Rad,,
NVSS J202812+175010,Rad,,
NVSS J202851+413438,Rad,,
NVSS J202901+394617,Rad,,
NVSS J203010+271521,Rad,,
NVSS J203031+370036,Rad,,
NVSS J203303+400018,Rad,,
NVSS J203719+434319,Rad,,
NVSS J203927+450713,Rad,,
NVSS J204156+434802,Rad,,
NVSS J204314+443510,Rad,,
NVSS J204321+393159,Rad,,
NVSS J204452+462106,Rad,,
NVSS J204521+443251,Rad,,
NVSS J204538+413027,Rad,,
NVSS J204544+435301,Rad,,
NVSS J204545+464301,Rad,,
NVSS J204548+424428,Rad,,
NVSS J204605+400637,Rad,,
NVSS J204622+441546,Rad,,
NVSS J204638+442417,Rad,,
NVSS J204644+421906,Rad,,
NVSS J204720+410948,Rad,,
NVSS J204819+431042,Rad,,
NVSS J204833-255241,rG,,
NVSS J204906+411359,Rad,,
NVSS J205039+453330,Rad,,
NVSS J205059+451437,Rad,,
NVSS J205111+463615,Rad,,
NVSS J205232+461029,Rad,,
NVSS J205609+454616,Rad,,
NVSS J205719+481229,Rad,,
NVSS J205733+480729,Rad,,
NVSS J205902+482224,Rad,,
NVSS J205928+470202,Rad,,
NVSS J210047+472619,Rad,,
NVSS J210104+440122,Rad,,
NVSS J210108+491832,Rad,,
NVSS J210123+464502,Rad,,
NVSS J210234+485234,Rad,,
NVSS J210307+464945,Rad,,
NVSS J210422+485344,Rad,,
NVSS J210426+473712,Rad,,
NVSS J210511+454621,Rad,,
NVSS J210542+455122,Rad,,
NVSS J210548+500109,Rad,,
NVSS J210621+462244,Rad,,
NVSS J210623+472353,Rad,,
NVSS J210705+482639,Rad,,
NVSS J210740+442835,Rad,,
NVSS J210802+462830,Rad,,
NVSS J210816+471143,Rad,,
NVSS J210826+464802,Rad,,
NVSS J210942+463036,Rad,,
NVSS J211051+491353,Rad,,
NVSS J211132+485356,Rad,,
NVSS J211223+495816,Rad,,
NVSS J211234+474622,Rad,,
NVSS J211501+475954,Rad,,
NVSS J211619+494803,Rad,,
NVSS J212020+493232,Rad,,
NVSS J212036+474519,Rad,,
NVSS J212109+480147,Rad,,
NVSS J212218-052538,rG,0.307313,0.268961
NVSS J212232+475521,Rad,,
NVSS J212457+474810,Rad,,
NVSS J213340+521951,Rad,,
NVSS J213833+513550,Rad,,
NVSS J215212-060154,AG?,,
NVSS J215300+541804,Rad,,
NVSS J215534+191449,Rad,,
NVSS J215658+543356,Rad,,
NVSS J221845+570733,Rad,,
NVSS J223727+582808,Rad,,
NVSS J224812+595405,Rad,,
NVSS J225418+600021,Rad,,
NVSS J230702+123740,Rad,,
NVSS J230834-195130,rG,0.35,0.301
NVSS J232824+192958,Rad,,
NVSS J234547+611624,Rad,,
NVSS J235106+010322,G,1.95156,0.797601
NVSS J235443+623407,Rad,,
OBC A1-5,LSB,,
OBC C4-2,LSB,,
OBC N1-3,LSB,,
OBC N5-3,G,,
OBC N6-1,G,,
OBC N9-2,LSB,,
OBC P6-6,LSB,,
OGLE BLG-RRLYR-12117,RR*,,
OGLE BLG-RRLYR-14809,RR*,,
OGLE BLG-RRLYR-42342,RR*,,
OGLE BLG-RRLYR-47190,RR*,,
OGLE BLG-RRLYR-47194,RR*,,
OGLE BLG-RRLYR-47335,RR*,,
OGLE BLG-RRLYR-59797,RR*,,
OGLE BLG-RRLYR-59804,RR*,,
OGLE BLG-RRLYR-59844,RR*,,
OGLE BLG-RRLYR-59878,RR*,,
OGLE BLG-RRLYR-59887,RR*,,
OGLE BLG-T2CEP-1112,WV*,,
OGLE BLG-T2CEP-1121,WV*,,
OGLE BLG-T2CEP-1295,WV*,,
OGLE BLG566.9  65482,RR*,,
OGLE BRIGHT-LMC-MISC-195,*,,
OGLE BW1 V138,EB*,,
OGLE BW2 V132,EB*,,
OGLE BW3 V171,EB*,,
OGLE BW6 V123,EB*,,
OGLE BWC   I   5341,*,,
OGLE BWC   I   5959,*,,
OGLE BWC V125,EB*,,
OGLE BWC V24,EB*,,
OGLE GD-RRLYR-9171,RR*,,
OGLE J050458.40-692333.6,RR*,,
OGLE LMC-CEP-1343,cC*,,
OGLE LMC-CEP-1825,cC*,,
OGLE LMC-CEP-1985,cC*,,
OGLE LMC-CEP-552,cC*,,
OGLE LMC-ECL-13737,EB*,,
OGLE LMC-ECL-13746,EB*,,
OGLE LMC-ECL-13859,EB*,,
OGLE LMC-ECL-15664,EB*,,
OGLE LMC-ECL-15794,EB*,,
OGLE LMC-ECL-15838,EB*,,
OGLE LMC-ECL-15897,EB*,,
OGLE LMC-ECL-15906,EB*,,
OGLE LMC-ECL-1845,EB*,,
OGLE LMC-ECL-1882,EB*,,
OGLE LMC-ECL-2521,EB*,,
OGLE LMC-ECL-27787,EB*,,
OGLE LMC-ECL-36559,EB*,,
OGLE LMC-LPV-10704,LP*,,
OGLE LMC-LPV-11344,LP*,,
OGLE LMC-LPV-19596,LP*,,
OGLE LMC-LPV-21060,LP*,,
OGLE LMC-LPV-22661,LP*,,
OGLE LMC-LPV-5158,LP*,,
OGLE LMC-LPV-5217,LP*,,
OGLE LMC-LPV-6042,s*r,,
OGLE LMC-LPV-6839,LP*,,
OGLE LMC-LPV-79894,LP*,,
OGLE LMC-LPV-81213,LP*,,
OGLE LMC-LPV-81958,LP*,,
OGLE LMC-LPV-91310,LP*,,
OGLE LMC-LPV-91315,LP*,,
OGLE LMC-RRLYR-15653,RR*,,
OGLE LMC-SC12  34144,RR*,,
OGLE LMC-SC12  35076,RR*,,
OGLE LMC-SC12  35288,RR*,,
OGLE LMC-SC12  39115,RR*,,
OGLE LMC-SC12  39125,RR*,,
OGLE LMC-SC12  39205,RR*,,
OGLE LMC-SC20 113500,EB*,,
OGLE LMC108.3     103,LP*,,
OGLE LMC509.15.000246,El*,,
OGLE LMC533.28.000411,EB*,,
OGLE LMC745.04.000418,RR*,,
OGLE MBR141.07.01444,RR*,,
OGLE MBR141.07.01455,RR*,,
OGLE MBR141.07.01627,RR*,,
OGLE MBR141.07.01632,RR*,,
OGLE MBR141.07.01638,RR*,,
OGLE SMC-CEP-1732,cC*,,
OGLE SMC-CEP-979,cC*,,
OGLE SMC-ECL- 6089,EB*,,
OGLE SMC-SC6  89617,EB*,1.0,1.0
OGLE SMC103.4  41731,EB*,0.85,0.85
OGLE SMC108.2  37529,EB*,,
OGLE SMC108.2  38234,EB*,,
OGLE Scl 1457,RR*,,
OGLE Scl 1875,RR*,,
OGLE Scl 1914,RR*,,
OGLE Scl 3320,RR*,,
OGLE Scl 3827,RR*,,
OGLE Scl 3888,RR*,,
OGLE Scl 4263,RR*,,
OGLE Scl 5141,RR*,,
OGLE Scl 5344,RR*,,
OGLE Scl 5359,RR*,,
OGLE Scl 5375,RR*,,
OGLE Scl 5721,RR*,,
OGLE Scl 6031,RR*,,
OGLE Scl 6032,RR*,,
OGLE-CL LMC 111,Cl*,1.2,1.1
OGLE-CL LMC 205,Cl*,0.8,0.65
OGLE-CL LMC 265,Cl*,0.55,0.5
OGLE-CL LMC 318,Cl*,1.3,1.3
OGLE-CL LMC 365,Cl*,0.8,0.65
OGLE-CL LMC 479,Cl*,0.85,0.75
OGLE-CL LMC 508,Cl*,0.85,0.75
OGLE-CL LMC 523,Cl*,0.65,0.55
OGLE-CL LMC 591,Cl*,1.0,0.8
OGLE-CL SMC 102,Cl*,0.5,0.4
OGLE-CL SMC 74,OpC,0.95,0.95
OH 000.076+00.146,OH*,,
OH 000.079-00.114,OH*,,
OH 000.13+00.10,OH*,,
OH 000.2+00.0,OH*,,
OH 019.61-00.23,Mas,,
OH 042.3-00.1,OH*,,
OH 138.0+07.2,OH*,,
OH 1959+33,Y*?,,
OH 231.8+04.2,OH*,,
OH 359.825-00.024,OH*,,
OH 359.88-00.09,OH*,,
OH 359.986-00.061,OH*,,
OHIO A 001,Rad,,
OHIO A 001.1,Rad,,
OHIO A 001.4,Rad,,
OHIO A 004.2,Rad,,
OHIO A 019,Rad,,
OHIO A 023,Rad,,
OHIO A 053,Rad,,
OHIO A 069.1,Rad,,
OHIO B 027,Rad,,
OHIO J 324,Rad,,
OHIO K 373,Rad,,
OHIO K 391,Rad,,
OHIO L 398,Rad,,
OHIO M 278,Rad,,
OHIO M 362,Rad,,
OHIO N 281,Rad,,
OHIO P 303,Rad,,
OHIO P 397,Rad,,
OHIO Q 165,Rad,,
OHIO Q 238,Rad,,
OHIO Q 248,Rad,,
OHIO Q 252,Rad,,
OHIO Q 268,Rad,,
OHIO Q 272,Rad,,
OHIO Q 316,Rad,,
OHIO R 204,Rad,,
OHIO R 259,Rad,,
OHIO R 309,Rad,,
OHIO S 185,Rad,,
OHIO T 136.8,Rad,,
OHIO X 089,Rad,,
OHIO Z 106,Rad,,
OHSC  7,Cl*,0.65,0.65
OMC 2,MoC,,
PB  1332,WD*,,
PB  1856,WD*,,
PB  2049,QSO,,
PB  2694,*,,
PB  2725,QSO,,
PB  2739,*,,
PB  2811,QSO,,
PB  2884,QSO,0.23,0.21
PB  2907,*,,
PB  2930,QSO,,
PB  2946,WD*,,
PB  3036,*,,
PB  3047,QSO,,
PB  3053,*,,
PB  3132,*,,
PB  3138,QSO,,
PB  3167,WD*,,
PB  3179,QSO,,
PB  3205,*,,
PB  3245,QSO,,
PB  3273,QSO,,
PB  3296,QSO,,
PB  3307,Sy1,,
PB  3322,HS*,,
PB  3344,QSO,,
PB  3362,QSO,,
PB  3428,Sy1,0.133,0.133
PB  3430,QSO,,
PB  3467,QSO,,
PB  3476,AGN,,
PB  3505,QSO,,
PB  3518,QSO,,
PB  5235,QSO,,
PB  5901,QSO,,
PB  6874,WD*,,
PB  6914,**,,
PB  6918,Sy1,0.349177,0.241316
PB  6931,WD*,,
PB  6947,WD*,,
PB  6962,WD*,,
PB  6976,QSO,,
PC 0036+0215,AGN,,
PC 0151+0124,AGN,,
PC 0340+0124,AGN,,
PC 0821+4749,AGN,,
PC 0927+4640,AGN,,
PC 0947+4745,AGN,,
PC 1133+4755,LSB,0.26166666,0.26166666
PC 1203+3801,AGN,,
PC 1219+4720,EmG,,
PC 1450+4747,AGN,,
PC 1452+4747C,AGN,,
PC 1538+4748,AGN,,
PC 1547+4635,AGN,,
PC 1646+4740,EmO,,
PC 1646+4747,AGN,,
PC 2249+0126,QSO,,
PDCS  9,ClG,,
PDCS 10S,ClG,,
PDCS 13,ClG,,
PDCS 15S,ClG,,
PDCS 20,ClG,,
PDCS 22S,ClG,,
PDCS 23,ClG,,
PDCS 30,ClG,,
PDCS 34,ClG,,
PDCS 43,ClG,,
PDCS 60,ClG,,
PDCS 68,ClG,,
PDCS 79,ClG,,
PEARS n47517,EmG,,
PG 0020+240,HS*,,
PG 0038+199,WD*,,
PG 0046+078,WD*,,
PG 0046+207,HS*,,
PG 0050+201,HS*,,
PG 0059+258,WD*,,
PG 0102+096,WD*,,
PG 0110+262,HS*,,
PG 0122+214,HS?,,
PG 0134+181,WD*,,
PG 0217+168,HB*,,
PG 0235+064,WD*,,
PG 0240+066,HS*,,
PG 0250+189,HS*,,
PG 0306+141,PM*,,
PG 0314+103,HS*,,
PG 0342+026,HS*,,
PG 0805+655,**,,
PG 0806+516,HS*,,
PG 0808+595,WD*,,
PG 0818+513,CV*,,
PG 0823+499,HS*,,
PG 0825+428,HS*,,
PG 0833+211,HS*,,
PG 0834+501,WD*,,
PG 0843+517,WD*,,
PG 0852+659,WD*,,
PG 0855+294,HB*,,
PG 0909+169,*,,
PG 0912+189,HS*,,
PG 0914+120,HS*,,
PG 0916+065,WD*,,
PG 0926+065,HS*,,
PG 0936+037,HS*,,
PG 0941+433,WD*,,
PG 0942-029,HS*,,
PG 0947+036,WD*,,
PG 0949-101,HS*,,
PG 0953+414,Sy1,,
PG 0954+049,HS*,,
PG 0957+037,HS*,,
PG 0958-119,HS*,,
PG 1010+065,WD*,,
PG 1011+649,HS*,,
PG 1030-104,HS*,,
PG 1043+760,HS*,,
PG 1058-129,WD*,,
PG 1100+526,HS*,,
PG 1101-264,QSO,,
PG 1106-097,HS*,,
PG 1109-114,HS*,,
PG 1110+045,HS*,,
PG 1115+166,WD*,,
PG 1115-065,HS*,,
PG 1118+099,HS*,,
PG 1119+147,HS*,,
PG 1125-026,WD*,,
PG 1127+746,HS*,,
PG 1129-081,HS*,,
PG 1131+614,WD*,,
PG 1136-003,HS*,,
PG 1138+425,HS*,,
PG 1145+446,PM*,,
PG 1149+203,HS*,,
PG 1158+433,WD*,,
PG 1204+543,WD*,,
PG 1205+228,HB*,,
PG 1223+059,HS*,,
PG 1230+052,HS*,,
PG 1232+238,WD*,,
PG 1232+501,HS*,,
PG 1233+338,WD*,,
PG 1234+482,WD*,,
PG 1240+754,WD*,,
PG 1242-106,WD*,,
PG 1244+113,HS*,,
PG 1245-042,HS*,,
PG 1252-009,RR*,,
PG 1253+376,HB*,,
PG 1300-099,WD*,,
PG 1316+212,HS*,,
PG 1318+062,HS*,,
PG 1323-086,HS*,,
PG 1325+102,HS*,,
PG 1326-132,HS*,,
PG 1332-091,HS?,,
PG 1333+511,WD*,,
PG 1342+444,WD*,,
PG 1343-102,HS*,,
PG 1347+086,Pe*,,
PG 1347+093,HB*,,
PG 1348+369,HS*,,
PG 1349+659,HS*,,
PG 1349-012,HS*,,
PG 1350-090,WD*,,
PG 1355+071,HS*,,
PG 1403+019,HS*,,
PG 1403-110,HS*,,
PG 1411-061,HS*,,
PG 1412+613,HS*,,
PG 1412-109,WD*,,
PG 1413+114,HS*,,
PG 1418+178,HS*,,
PG 1420+518,WD*,,
PG 1421+345,HS*,,
PG 1423-013,HS*,,
PG 1424+535,WD*,,
PG 1426-067,HS*,,
PG 1428+513,HS*,,
PG 1429+406,*,,
PG 1430+066,HS*,,
PG 1434+386,HS*,,
PG 1436+526,WD*,,
PG 1437+398,BLL,,
PG 1438+056,HS*,,
PG 1438-078,HS*,,
PG 1439+305,WD*,,
PG 1443+337,WD*,,
PG 1444+487,HS*,,
PG 1447+459,HS*,,
PG 1451+473,HS*,,
PG 1454+494,WD*,,
PG 1457-086,WD*,,
PG 1459+645,WD*,,
PG 1501+426,HS*,,
PG 1501+664,WD*,,
PG 1507+021,WD*,,
PG 1508+177,HS*,,
PG 1510-017,HS*,,
PG 1511+624,HS*,,
PG 1513+442,WD*,,
PG 1514+455,HS*,,
PG 1516+205,HS*,,
PG 1518-098,HS*,,
PG 1520-050,HS*,,
PG 1525+024,HS*,,
PG 1525+107,HS*,,
PG 1525-009,HS*,,
PG 1525-071,HS*,,
PG 1526+014,WD*,,
PG 1526+440,HS*,,
PG 1528+062,HS*,,
PG 1528+104,HS*,,
PG 1530+459,HS*,,
PG 1538+47,Sy1,,
PG 1540+044,HS?,,
PG 1541+174,HB*,,
PG 1544+488,HS*,,
PG 1545+035,HS*,,
PG 1546+045,HS*,,
PG 1548+149,WD*,,
PG 1550+191,CV*,,
PG 1552+141,HS*,,
PG 1554+262,WD*,,
PG 1554+505,HS*,,
PG 1558+449,HS*,,
PG 1606+627,HS?,,
PG 1607+228,HS*,,
PG 1609+045,WD*,,
PG 1610+519,HS*,,
PG 1611+368,HB*,,
PG 1612+112,WD*,,
PG 1612+437,WD*,,
PG 1618+379,HB*,,
PG 1618+563,HS*,,
PG 1619+123,WD*,,
PG 1620+017,HS*,,
PG 1626+471,HS*,,
PG 1633+099,HS*,,
PG 1635+608,WD*,,
PG 1636+104,SB*,,
PG 1636+351,WD*,,
PG 1639+338,HS*,,
PG 1642+038,HS*,,
PG 1647+376,WD*,,
PG 1649+522,HS*,,
PG 1656+253,HS*,,
PG 1658+246,HS*,,
PG 1700+247,HS*,,
PG 1703+355,HS*,,
PG 1704+222,HS*,,
PG 1705+505,HS*,,
PG 1706+357,HS*,,
PG 1707+427,WD*,,
PG 1715+273,HS*,,
PG 1716+426,HS*,,
PG 1724+523,HS*,,
PG 1729+272,HS*,,
PG 1735+435,HS*,,
PG 2050+001,HS*,,
PG 2110+127,HS*,,
PG 2115+145,HS*,,
PG 2128+113,HS*,,
PG 2129+151,HS*,,
PG 2130+067,HS?,,
PG 2132+095,HS*,,
PG 2132+126,HS?,,
PG 2155+175,HS?,,
PG 2204+071,HS*,,
PG 2215+151,HS*,,
PG 2218+052,HS*,,
PG 2223+171,HS*,,
PG 2228+120,HS*,,
PG 2234+160,HS*,,
PG 2239+082,WD*,,
PG 2240+105,HS*,,
PG 2257+138,WD*,,
PG 2303+013,HS*,,
PG 2317+046,HS*,,
PG 2323+049,HS*,,
PG 2329+232,HS*,,
PG 2337+070,HS*,,
PG 2345+241,HS*,,
PG 2346+149,HS*,,
PG 2349+002,HS*,,
PG 2356+167,HS*,,
PG 2357+125,*,,
PG 2358+107,HS*,,
PG 2359+197,HS*,,
PGMW 1007,*,,
PGMW 1022,*,,
PGMW 1029,*,,
PGMW 1046,*,,
PGMW 1047,*,,
PGMW 1050,*,,
PGMW 1085,*,,
PGMW 1087,*,,
PGMW 1093,*,,
PGMW 1094,Pu*,,
PGMW 1107,*,,
PGMW 1121,*,,
PGMW 1134,*,,
PGMW 1149,*,,
PGMW 1161,*,,
PGMW 1166,*,,
PGMW 1172,*,,
PGMW 1182,*,,
PGMW 1206,*,,
PGMW 1208,*,,
PGMW 1213,*,,
PGMW 1214,*,,
PGMW 1217,*,,
PGMW 1220,*,,
PGMW 1241,*,,
PGMW 1257,*,,
PGMW 1287,*,,
PGMW 1296,*,,
PGMW 1298,*,,
PGMW 1301,Pu*,,
PGMW 1306,*,,
PGMW 1311,*,,
PGMW 1317,*,,
PGMW 1320,*,,
PGMW 1333,*,,
PGMW 1340,*,,
PGMW 1357,*,,
PGMW 1358,*,,
PGMW 1375,*,,
PGMW 1385,*,,
PGMW 1399,*,,
PGMW 1403,*,,
PGMW 1406,*,,
PGMW 1409,*,,
PGMW 1428,*,,
PGMW 1429,*,,
PGMW 1436,*,,
PGMW 1459,*,,
PGMW 1475,*,,
PGMW 1479,*,,
PGMW 1495,*,,
PGMW 1499,*,,
PGMW 1502,*,,
PGMW 1506,*,,
PGMW 1515,*,,
PGMW 2014,*,,
PGMW 2017,*,,
PGMW 2020,*,,
PGMW 2053,*,,
PGMW 2060,*,,
PGMW 2070,*,,
PGMW 2085,*,,
PGMW 2087,*,,
PGMW 2091,*,,
PGMW 2092,*,,
PGMW 2098,*,,
PGMW 2103,*,,
PGMW 2115,*,,
PGMW 2117,*,,
PGMW 2134,*,,
PGMW 2135,*,,
PGMW 2136,*,,
PGMW 2141,*,,
PGMW 2145,*,,
PGMW 2149,*,,
PGMW 2151,*,,
PGMW 2177,*,,
PGMW 2188,*,,
PGMW 2190,*,,
PGMW 2196,*,,
PGMW 2198,*,,
PGMW 2204,*,,
PGMW 2206,*,,
PGMW 2216,*,,
PGMW 2222,*,,
PGMW 2227,*,,
PGMW 2244,*,,
PGMW 2252,*,,
PGMW 2254,*,,
PGMW 2270,*,,
PGMW 2271,*,,
PGMW 2287,*,,
PGMW 2291,*,,
PGMW 2293,*,,
PGMW 2294,*,,
PGMW 2300,*,,
PGMW 2325,*,,
PGMW 2327,*,,
PGMW 2329,*,,
PGMW 2340,*,,
PGMW 3014,*,,
PGMW 3025,*,,
PGMW 3033,*,,
PGMW 3053,*,,
PGMW 3086,*,,
PGMW 3089,*,,
PGMW 3102,V*,,
PGMW 3112,*,,
PGMW 3148,*,,
PGMW 3163,*,,
PGMW 3171,*,,
PGMW 3173,*,,
PGMW 3184,*,,
PGMW 3186,*,,
PGMW 3218,*,,
PGMW 3226,*,,
PGMW 3229,*,,
PGMW 3240,*,,
PGMW 3245,*,,
PGMW 3253,*,,
PGMW 3258,*,,
PGMW 3268,*,,
PGMW 4009,*,,
PGMW 4021,*,,
PGMW 4050,*,,
PGMW 4052,*,,
PGMW 4077,*,,
PGMW 4084,*,,
PGMW 4087,*,,
PHA 46,Em*,,
PHL   585,blu,,
PHL   957,QSO,,
PHL  1018,WD*,,
PHL  1023,blu,,
PHL  1024,blu,,
PHL  1196,blu,,
PHL  1220,Sy1,,
PHL  1400,WD*,,
PHL  1412,QSO,0.16,0.16
PHL  3372,blu,,
PHL  3394,blu,,
PHL  3415,blu,,
PKS 0001-233,rG,0.187,0.138
PKS 0007-44,Rad,,
PKS 0012-383,Rad,,
PKS 0032-20,rG,,
PKS 0057-819,Rad,,
PKS 0308-292,Rad,,
PKS 0318-315,Rad,,
PKS 0324-70,Rad,,
PKS 0354-48,Rad,,
PKS 0405-123,Bla,,
PKS 0428+205,rG,0.133,0.133
PKS 0519-20,rG,,
PKS 0523-570,rG,,
PKS 0546-445,rG,,
PKS 0620-526,rG,0.803,0.643
PKS 0822-52,Rad,,
PKS 1132-258,rG,,
PKS 1232-41,rG,,
PKS 1245-53,Rad,,
PKS 1255-773,Rad,,
PKS 1331-098,rG,,
PKS 1342-314,Rad,,
PKS 1344-07,rG,,
PKS 1632-68,Rad,,
PKS 1728-76,Rad,,
PKS 1737-309,Rad,,
PKS 1833-759,Rad,,
PKS 1834+19,rG,1.097,0.899
PKS 1847-79,rG,0.477,0.324
PKS 1920-077,rG,,
PKS 1941-09,Rad,,
PKS 1943-317,Rad,,
PKS 1959-370,Rad,,
PKS 2032-35,rG,,
PKS 2041-60,rG,,
PKS 2107-34,Rad,,
PKS 2159-201,rG,,
PKS 2200-251,rG,,
PKS 2207-45,Rad,,
PKS 2232-232,rG,,
PKS 2241-356,Rad,,
PKS 2252-53,Rad,,
PKS 2314-349,Rad,,
PKS 2330+015,Rad,,
PKS 2335-351,Rad,,
PKS 2340+038,rG,,
PKS J0009-2829,Rad,,
PKS J0027-2731,rG,,
PKS J0103-2715,rG,,
PKS J0115-2817,rG,,
PKS J0130-2610,rG,,
PKS J0219+0155,rG,1.21763,0.690274
PKS J0225-2421,rG,,
PKS J0235-2850,rG,,
PKS J0255-2547,rG,,
PKS J0318-2535,rG,,
PKS J0431-2331,rG,,
PKS J0750+0406,Rad,,
PKS J0957-2838,rG,,
PKS J1015-2357,rG,,
PKS J1025-2253,rG,,
PKS J1025-2515,rG,,
PKS J1037-2646,rG,,
PKS J1050-2733,rG,,
PKS J1110-2207,rG,,
PKS J1129-2457,rG,0.233,0.173
PKS J1140-2602,rG,,
PKS J1144-2057,rG,,
PKS J1214-2041,rG,,
PKS J1238-2256,rG,,
PKS J1243-2751,rG,,
PKS J1301-2020,rG,,
PKS J1312-2940,rG,,
PKS J1315-2744,rG,,
PKS J1930-3551,Rad,,
PKS J1941-3519,Rad,,
PKS J1952-3309,Rad,,
PKS J1958-3401,Rad,,
PKS J2028+0035,rG,0.123,0.123
PKS J2029-3127,rG,,
PKS J2031-3205,Rad,,
PKS J2042-2855,rG,,
PKS J2045-3556,Rad,,
PKS J2114+0144,Rad,,
PKS J2118-3518,Rad,,
PKS J2129-0007,Rad,,
PKS J2154+0158,Rad,,
PKS J2206+0221,Rad,,
PKS J2208-3131,Rad,,
PKS J2219-3503,Rad,,
PKS J2222-0506,Rad,,
PKS J2224+0417,Rad,,
PKS J2227-5233,rG,,
PKS J2239-1720,rG,0.323,0.317
PKS J2255-0018,Rad,,
PKS J2308+0336,rG,,
PKS J2316-2730,rG,,
PKS J2324-3201,rG,0.173,0.125
PKS J2327-0239,rG,,
PKS J2344-3333,Rad,,
PKS J2346-0728,Rad,,
PLHX  4,X,,
PM J20301+7950,PM*,,
PMMR  37,s*r,,
PMMR  45,s*y,,
PMMR 148,s*r,,
PMN J0022-0820,Rad,,
PMN J0035+0104,QSO,,
PMN J0042+0326,rG,,
PMN J0048+0810,Rad,,
PMN J0051+0650,rG,,
PMN J0055-0827,,,
PMN J0102-0435,Rad,,
PMN J0114-3302,Rad,,
PMN J0120-0415,Rad,,
PMN J0120-0812,rG,,
PMN J0121-0533,Rad,,
PMN J0124-0038,Rad,,
PMN J0127-1956,rG,,
PMN J0128+0314,Rad,,
PMN J0128-0339,,,
PMN J0129+0801,QSO,,
PMN J0132+0115,Rad,,
PMN J0154+0425,Rad,,
PMN J0157+0011,rG,,
PMN J0205-2042,rG,,
PMN J0206+0755,Rad,,
PMN J0212+0742,rG,,
PMN J0228-2905,rG,,
PMN J0234+0714,,,
PMN J0242-0334,Rad,,
PMN J0254+0822,Rad,,
PMN J0254-2427,rG,,
PMN J0255+0835,Rad,,
PMN J0256+0635,Rad,,
PMN J0314-0243,AGN,,
PMN J0316-0605,Rad,,
PMN J0317+0218,AGN,,
PMN J0321+0629,Rad,,
PMN J0322+0959,Rad,,
PMN J0325+0944,Rad,,
PMN J0336-0345,Rad,,
PMN J0337-3001,Rad,,
PMN J0339+0512,Rad,,
PMN J0352+0114,Rad,,
PMN J0414+0438,Rad,,
PMN J0419+0804,rG,,
PMN J0419-0042,Rad,,
PMN J0422-2917,,,
PMN J0428-0444,Rad,,
PMN J0442+0112,Rad,,
PMN J0443+0643,Rad,,
PMN J0452+0239,Rad,,
PMN J0455+0625,Rad,,
PMN J0506+0522,Rad,,
PMN J0513-3031,,,
PMN J0523+0142,Rad,,
PMN J0524+0857,Rad,,
PMN J0537+0938,Rad,,
PMN J0541+0243,Rad,,
PMN J0543-6918,Rad,10.0,6.0
PMN J0544+0059,Rad,,
PMN J0550+0146,Rad,,
PMN J0552+0340,,,
PMN J0559-2330,rG,,
PMN J0600-0005,Rad,,
PMN J0615-0118,Rad,,
PMN J0620-0512,Rad,,
PMN J0622+0132,,,
PMN J0624+0826,Rad,,
PMN J0624-0335,Rad,,
PMN J0629-0022,Rad,,
PMN J0629-3052,Rad,,
PMN J0631+0727,Rad,,
PMN J0634+0904,Rad,,
PMN J0657+0225,Rad,,
PMN J0659+0846,Rad,,
PMN J0700-0108,Rad,,
PMN J0700-0248,Rad,,
PMN J0708+0748,Rad,,
PMN J0717+0324,Rad,,
PMN J0717+0713,Rad,,
PMN J0720+0404,,,
PMN J0727+0039,Rad,,
PMN J0729+0835,Rad,,
PMN J0729-0018,Rad,,
PMN J0732+0007,Rad,,
PMN J0735+0407,Rad,,
PMN J0742+0409,Rad,,
PMN J0757+0004,Rad,,
PMN J0811-0520,Rad,,
PMN J0812+0705,Rad,,
PMN J0823+0115,Rad,,
PMN J0825-0204,Rad,,
PMN J0832+0423,rG,0.56277,0.447402
PMN J0832-0058,Rad,,
PMN J0838-0002,Rad,,
PMN J0844-0916,,,
PMN J0846+0211,Rad,,
PMN J0849-0457,Rad,,
PMN J0853+0005,Rad,,
PMN J0900+0745,,,
PMN J0902-0459,Rad,,
PMN J0913-0915,Rad,,
PMN J0921+0523,Rad,,
PMN J0927-3337,Rad,,
PMN J0928-0204,,,
PMN J0928-0507,Rad,,
PMN J0929+0549,Rad,,
PMN J0930-0314,Rad,,
PMN J0941+0908,Rad,,
PMN J0949-0050,rG,0.153,0.153
PMN J0957+0309,Rad,,
PMN J1028+0144,Rad,,
PMN J1047-0432,Rad,,
PMN J1049+0336,Rad,,
PMN J1102-0023,Rad,,
PMN J1106+0631,Rad,,
PMN J1111-2128,rG,,
PMN J1141-0011,,,
PMN J1154+0542,rG,,
PMN J1156+0430,Rad,,
PMN J1310-2159,rG,,
PMN J1326-0721,Rad,,
PMN J1334-2143,rG,,
PMN J1446+0507,rG,,
PMN J1505+0527,Rad,,
PMN J1512-0554,Rad,,
PMN J1521+0018,Rad,,
PMN J1531+0906,rG,,
PMN J1542+0701,,,
PMN J1602-0109,Rad,,
PMN J1619+0701,rG,,
PMN J1629-2523,Rad,,
PMN J1636+0926,Rad,,
PMN J1640-0100,Rad,,
PMN J1643+0448,Rad,,
PMN J1709+0523,Rad,,
PMN J1725+0030,Rad,,
PMN J1726+0549,Rad,,
PMN J1727+0528,Rad,,
PMN J1754-0638,Rad,,
PMN J1755-3630,,,
PMN J1756-0048,,,
PMN J1756-3257,,,
PMN J1759-3449,Rad,,
PMN J1800+0012,Rad,,
PMN J1800-0217,Rad,,
PMN J1800-0400,,,
PMN J1800-3205,Rad,,
PMN J1806-0832,Rad,,
PMN J1806-2031,Rad,,
PMN J1806-2137,Rad,,
PMN J1807-0856,Rad,,
PMN J1808+0103,Rad,,
PMN J1809-0741,,,
PMN J1811-0131,,,
PMN J1811-2923,Rad,,
PMN J1816-0008,Rad,,
PMN J1816-3052,Rad,,
PMN J1816-3314,,,
PMN J1822-0720,,,
PMN J1823-0521,,,
PMN J1824-0023,,,
PMN J1824-0727,Rad,,
PMN J1826-0243,Rad,,
PMN J1826-0449,,,
PMN J1827-0405,Rad,,
PMN J1828-0735,Rad,,
PMN J1831-0224,Rad,,
PMN J1832-0544,,,
PMN J1832-0826,,,
PMN J1833-0323,Rad,,
PMN J1834-0204,Rad,,
PMN J1834-0740,,,
PMN J1837-0402,,,
PMN J1837-0803,,,
PMN J1838-0246,,,
PMN J1839-0619,,,
PMN J1840-0834,,,
PMN J1845-0755,,,
PMN J1847-0405,,,
PMN J1850-0338,,,
PMN J1851-0745,Rad,,
PMN J1851-2900,Rad,,
PMN J1851-3144,Rad,,
PMN J1854-0251,,,
PMN J1857-3629,Rad,,
PMN J1858-0516,Rad,,
PMN J1858-0926,Rad,,
PMN J1859-2927,,,
PMN J1900-0334,Rad,,
PMN J1901-0706,Rad,,
PMN J1902-0457,Rad,,
PMN J1902-0710,Rad,,
PMN J1905-2942,Rad,,
PMN J1906-3453,Rad,,
PMN J1910-0341,,,
PMN J1911-0420,Rad,,
PMN J1912-0725,Rad,,
PMN J1917-0824,Rad,,
PMN J1919-3644,,,
PMN J1920-0805,Rad,,
PMN J1921-0427,Rad,,
PMN J1922-0316,,,
PMN J1922-0422,,,
PMN J1923-0610,Rad,,
PMN J1927-0713,,,
PMN J1927-0714,Rad,,
PMN J1927-0842,Rad,,
PMN J1928-2931,,,
PMN J1929-3613,Rad,,
PMN J1932-0043,,,
PMN J1932-0807,,,
PMN J1932-0920,,,
PMN J1933+0604,Rad,,
PMN J1933+0726,BLL,,
PMN J1934+0017,Rad,,
PMN J1934+0958,Rad,,
PMN J1935-0329,Rad,,
PMN J1935-0806,,,
PMN J1936+0827,Rad,,
PMN J1936-0919,Rad,,
PMN J1939+0743,Rad,,
PMN J1940-0927,,,
PMN J1941-0740,,,
PMN J1942+0056,Rad,,
PMN J1946+0139,Rad,,
PMN J1946+0739,Rad,,
PMN J1949+0416,Rad,,
PMN J1950+0047,Rad,,
PMN J1952+0658,Rad,,
PMN J1953-0506,,,
PMN J1954-0441,Rad,,
PMN J1955-0911,Rad,,
PMN J1955-2916,Rad,,
PMN J1958+0114,Rad,,
PMN J1959-3454,Rad,,
PMN J2000-3557,Rad,,
PMN J2003+0407,Rad,,
PMN J2004+0957,Rad,,
PMN J2007+0253,Rad,,
PMN J2007-0259,Rad,,
PMN J2010-0408,Rad,,
PMN J2010-0658,Rad,,
PMN J2012-0638,Rad,,
PMN J2013+0834,Rad,,
PMN J2014-0711,,,
PMN J2016-0229,Rad,,
PMN J2017-0407,Rad,,
PMN J2017-3102,,,
PMN J2020+0614,Rad,,
PMN J2022+0147,Rad,0.18,0.137
PMN J2022+0947,,,
PMN J2022-0808,Rad,,
PMN J2024+0754,Rad,,
PMN J2026+0703,Rad,,
PMN J2027-3536,,,
PMN J2029+0246,Rad,,
PMN J2029+0944,Rad,,
PMN J2030+0854,Rad,,
PMN J2031-0405,AGN,,
PMN J2031-2953,Rad,,
PMN J2032-0247,Rad,,
PMN J2034-3230,Rad,,
PMN J2037-0247,Rad,,
PMN J2037-0915,AGN,,
PMN J2038-0310,Rad,,
PMN J2039-0317,rG,,
PMN J2040+0023,Rad,,
PMN J2041-0838,Rad,,
PMN J2042+0941,Rad,,
PMN J2042-0310,,,
PMN J2042-3236,Rad,,
PMN J2043-0705,Rad,,
PMN J2046-0450,Rad,,
PMN J2047-3137,Rad,,
PMN J2048+0752,Rad,,
PMN J2051-3437,rG,,
PMN J2052+0636,,,
PMN J2052+0740,Rad,,
PMN J2053-3418,,,
PMN J2053-3440,Rad,,
PMN J2054-0456,Rad,,
PMN J2055+0534,,,
PMN J2055+0940,Rad,,
PMN J2058+0542,rG,,
PMN J2103+0032,Rad,,
PMN J2104-0127,Rad,,
PMN J2105+0555,AGN,,
PMN J2105+0725,Rad,,
PMN J2105-3054,Rad,,
PMN J2106-0757,,,
PMN J2107+0011,,,
PMN J2108+0139,Rad,,
PMN J2108+0915,Rad,,
PMN J2108-2337,rG,,
PMN J2111-0742,Rad,,
PMN J2111-3546,AGN,,
PMN J2114-3014,Rad,,
PMN J2115+0740,Rad,,
PMN J2115-0818,Rad,,
PMN J2116+0507,QSO,,
PMN J2116-0306,Rad,,
PMN J2121-2926,rG,,
PMN J2124+0757,Rad,,
PMN J2125-0534,Rad,,
PMN J2125-2908,Rad,,
PMN J2129-2248,rG,,
PMN J2131+0609,Rad,,
PMN J2131-0906,Rad,,
PMN J2132-0524,Rad,,
PMN J2133-0223,,,
PMN J2133-0617,Rad,,
PMN J2133-3326,Rad,,
PMN J2135-0112,Rad,,
PMN J2136-0045,Rad,,
PMN J2136-3212,,,
PMN J2137+0256,Rad,,
PMN J2138+0343,Rad,,
PMN J2141+0013,Rad,,
PMN J2141-3631,,,
PMN J2142+0712,rG,,
PMN J2144+0148,Rad,,
PMN J2146-0152,Rad,,
PMN J2147-2323,rG,,
PMN J2148-0510,Rad,,
PMN J2148-0912,,,
PMN J2152+0907,Rad,,
PMN J2153-0610,Rad,,
PMN J2154+0357,Rad,,
PMN J2156+0943,Rad,,
PMN J2159+0455,rG,,
PMN J2200-0311,Rad,,
PMN J2201+0838,Rad,,
PMN J2201-0347,Rad,,
PMN J2201-0359,Rad,,
PMN J2202+0248,Rad,,
PMN J2202+0848,Rad,,
PMN J2205+0919,Rad,,
PMN J2205-3032,Rad,,
PMN J2210+0257,rG,,
PMN J2214-0531,Rad,,
PMN J2215-0252,,,
PMN J2218-0532,Rad,,
PMN J2219+0855,Rad,,
PMN J2221-0555,,,
PMN J2223+0356,QSO,,
PMN J2223+0455,Rad,,
PMN J2224-0430,Rad,,
PMN J2225+0422,Rad,,
PMN J2225+0820,,,
PMN J2228+0758,Rad,,
PMN J2229-0139,Rad,,
PMN J2229-0240,rG,,
PMN J2229-0320,,,
PMN J2229-2210,rG,,
PMN J2230-0419,Rad,,
PMN J2231+0444,Rad,,
PMN J2232-0903a,,,
PMN J2232-3656,Rad,,
PMN J2233+0824,Rad,,
PMN J2234+0407,Rad,,
PMN J2236-0441,rG,0.147,0.147
PMN J2237+0243,Rad,,
PMN J2239+0159,Rad,,
PMN J2239+0850,Rad,,
PMN J2240+0040,,,
PMN J2245+0240,Rad,,
PMN J2245-3543,Rad,,
PMN J2246+0633,Rad,,
PMN J2246+0703,rG,,
PMN J2246+0956,rG,,
PMN J2246-0112,Rad,,
PMN J2246-3044,Rad,,
PMN J2247+0359,Rad,,
PMN J2247-0405,Rad,,
PMN J2249+0814,Rad,,
PMN J2249+0826,Rad,,
PMN J2249-0036,,,
PMN J2249-0707,rG,,
PMN J2252+0804,Rad,,
PMN J2252-0315,Rad,,
PMN J2252-0758,Rad,,
PMN J2254+0206,Rad,,
PMN J2254-0010,Rad,,
PMN J2255-0514,,,
PMN J2257+0011,Rad,,
PMN J2257+0624,Rad,,
PMN J2257+0825,Rad,,
PMN J2258-0510,,,
PMN J2300+0321,Rad,,
PMN J2300-0840,Rad,,
PMN J2301+0028,rG,,
PMN J2303+0143,Rad,,
PMN J2304-3633,Rad,,
PMN J2305-0650,Rad,,
PMN J2307-0311,,,
PMN J2308+0950,Rad,,
PMN J2309+0723,Rad,,
PMN J2310+0926,Rad,,
PMN J2311-0609,Rad,,
PMN J2315-0329,Rad,,
PMN J2317-0824,Rad,,
PMN J2317-3012,Rad,,
PMN J2320+0700,rG,,
PMN J2320-0027,Rad,,
PMN J2322+0938,Rad,,
PMN J2323+0700,rG,,
PMN J2323-2640,rG,,
PMN J2324+0423,Rad,,
PMN J2324-2234,rG,,
PMN J2326-0140,QSO,,
PMN J2326-2910,Rad,,
PMN J2328+0026,rG,,
PMN J2328+0138,Rad,,
PMN J2330+0245,Rad,,
PMN J2330-0517,,,
PMN J2333-0026,,,
PMN J2334-0630,Rad,,
PMN J2335-2907,,,
PMN J2335-3433,Rad,,
PMN J2337-3241,,,
PMN J2339+0813,Rad,,
PMN J2339-0137,Rad,,
PMN J2340-0215,Rad,,
PMN J2341-0759,Rad,,
PMN J2344-0242,Rad,,
PMN J2345-0717,Rad,,
PMN J2346-0634,Rad,,
PMN J2351+0301,Rad,,
PMN J2351-3609,Rad,,
PMN J2352-0730,Rad,,
PMN J2352-0747,Rad,,
PMN J2355+0040,Rad,,
PMN J2356-0131,Rad,,
PMN J2357-0210,Rad,,
PMN J2358-3539,Rad,,
PN A66    1,PN,0.783,0.783
PN A66    2,PN,0.517,0.517
PN A66    3,PN,1.0,1.0
PN A66    6,PN,3.1,3.1
PN A66   12,PN,0.617,0.617
PN A66   16,PN,2.35,2.35
PN A66   20,PN,1.117,1.117
PN A66   21,PN,10.25,10.25
PN A66   24,PN,5.913,5.913
PN A66   30,PN,0.287,0.132
PN A66   31,PN,16.2,16.2
PN A66   32,?,2.233,2.233
PN A66   36,PN,6.117,6.117
PN A66   39,PN,2.9,2.9
PN A66   41,PN,0.307,0.307
PN A66   45,PN,,
PN A66   54,PN,0.933,0.933
PN A66   59,PN,1.433,1.433
PN A66   61,PN,,
PN A66   65,PN,1.8,1.8
PN A66   73,PN,1.22,1.22
PN A66   74,PN,,
PN A66   78,PN,1.783,1.783
PN A66   83,PN,0.78333336,0.78333336
PN Al  2-Q,PN,,
PN Cn  1-5,PN,0.213,0.196
PN DdDm    1,PN,0.017,0.017
PN G012.1+00.0,PN?,0.41,0.41
PN G050.5+00.0,PN,0.44666666,0.44666666
PN G053.1-02.1,PN,,
PN G114.0-04.6,PN,1.35,1.35
PN G255.3-03.6,PN,,
PN GJJC    1,PN,,
PN H  1-53,PN,0.41666666,0.41666666
PN H  1-63,PN,0.11666667,0.11666667
PN H  1-9,PN,0.013333334,0.013333334
PN H  2-39,PN,,
PN HaTr    4,PN,,
PN Hb   12,PN,0.013333334,0.013333334
PN IsWe    1,PN,,
PN JaFu    1,PN,,
PN Jn    1,PN,5.533,5.533
PN K  1-14,PN,0.783,0.783
PN K  1-16,PN,1.567,1.567
PN K  3-27,PN,0.273,0.273
PN K  3-46,PN,,
PN KFL    8,Sy*,,
PN KFL    9,PN,0.19666667,0.19666667
PN KFL   16,PN,0.20666666,0.20666666
PN KjPn    2,PN,0.60333335,0.60333335
PN Lo    4,PN,0.8,0.8
PN M  1-16,PN,0.193,0.135
PN M  1-26,PN,0.064957164,0.06327433
PN M  1-74,PN,0.016666668,0.016666668
PN M  1-79,PN,0.5,0.5
PN M  2-2,PN,0.273,0.262
PN M  2-26,PN,0.117,0.117
PN M  2-51,PN,0.653,0.653
PN M  2-9,PN,0.767,0.767
PN M  3-17,PN,0.05,0.05
PN M  3-23,PN,0.2,0.2
PN M  3-28,PN,0.15,0.15
PN M  3-9,PN,0.28,0.28
PN Me  2-2,PN,0.026841834,0.026364833
PN MyCn   18,PN,0.059052,0.058380168
PN Mz    1,PN,0.43,0.43
PN PC   12,PN,0.03,0.03
PN Pe  1-6,PN,0.12,0.12
PN SwSt    1,PN,0.05,0.02913
PN Tc    1,PN,0.47,0.423
PN VV   28,PN,0.337,0.249
PN Vy  2-2,PN,0.020668166,0.0205315
PNS-EPN NGC3377-117,PN,,
PNS-EPN NGC3377-118,PN,,
PNS-EPN NGC3377-124,PN,,
PNS-EPN NGC3377-130,PN,,
PNS-EPN NGC3377-19,PN,,
PNS-EPN NGC3377-23,PN,,
PNS-EPN NGC3377-24,PN,,
PNS-EPN NGC3377-64,PN,,
PNS-EPN NGC3377-89,PN,,
PNS-EPN NGC3379-119,PN,,
PNS-EPN NGC3379-12,PN,,
PNS-EPN NGC3379-135,PN,,
PNS-EPN NGC3379-140,PN,,
PNS-EPN NGC3379-153,PN,,
PNS-EPN NGC3379-26,PN,,
PNS-EPN NGC3379-42,PN,,
PNS-EPN NGC3379-7,PN,,
PNS-EPN NGC3379-87,PN,,
PNS-EPN NGC3379-97,PN,,
PNS-EPN NGC4374-127,PN,,
PNS-EPN NGC4374-129,PN,,
PNS-EPN NGC4374-158,PN,,
PNS-EPN NGC4374-221,PN,,
PNS-EPN NGC4374-286,PN,,
PNS-EPN NGC4374-314,PN,,
PNS-EPN NGC4374-32,PN,,
PNS-EPN NGC4374-333,PN,,
PNS-EPN NGC4374-352,PN,,
PNS-EPN NGC4374-361,PN,,
PNS-EPN NGC4374-414,PN,,
PNS-EPN NGC4374-77,PN,,
PNS-EPN NGC4374-93,PN,,
PNS-EPN NGC4374-95,PN,,
PNS-EPN NGC4494-115,PN,,
PNS-EPN NGC4494-120,PN,,
PNS-EPN NGC4494-190,PN,,
PNS-EPN NGC4494-191,PN,,
PNS-EPN NGC4494-203,PN,,
PNS-EPN NGC4494-22,PN,,
PNS-EPN NGC4494-229,PN,,
PNS-EPN NGC4494-23,PN,,
PNS-EPN NGC4494-254,PN,,
PNS-EPN NGC4494-72,PN,,
PSH 130,Rad,,
PSH 167,*,,
PSH 186,*,,
PSK 178,HII,,
PSK 322,HII,,
PSK 416,HII,,
PSO J010.1407+40.6206,cC*,,
PSO J010.1833+40.8772,s?b,,
PSO J010.5522+40.8105,s?b,,
PSO J010.7370+41.0532,cC*,,
PSO J010.7817+41.0451,cC*,,
PSO J010.9414+41.1716,Ce*,,
PSO J010.9579+41.2977,Ce*,,
PSR B0329+54,Psr,,
PSR B0355+54,Psr,,
PSR B0450-18,Psr,,
PSR B0540-69,Psr,1.0,1.0
PSR B0611+22,Psr,,
PSR B0656+14,Psr,,
PSR B0919+06,Psr,0.093,0.08866667
PSR B0950+08,Psr,,
PSR B1055-52,Psr,,
PSR B1154-62,Psr,,
PSR B1237+25,Psr,0.089666665,0.08783333
PSR B1338-62,Psr,,
PSR B1509-58,Psr,,
PSR B1643-43,Psr,,
PSR B1744-24A,Psr,,
PSR B1757-24,Psr,,
PSR B1758-23,Psr,,
PSR B1821+05,Psr,,
PSR B1849+00,Psr,,
PSR B1855+09,Psr,,
PSR B1859+03,Psr,,
PSR B1911+13,Psr,,
PSR B1915+13,Psr,,
PSR B1929+10,Psr,,
PSR B1937+21,Psr,,
PSR B1944+22,Psr,,
PSR B1951+32,Psr,,
PSR B1953+29,Psr,,
PSR B2020+28,Psr,,
PSR B2044+15,Psr,,
PSR B2223+65,Psr,,
PSR B2303+30,Psr,,
PSR J0007+7303,Psr,,
PSR J0437-47,Psr,,
PSR J1627+1419,Psr,,
PSR J1809-2332,Psr,,
PSR J1836+5925,Psr,,
PSR J1915+1606,Psr,,
PSR J1959+2048,Psr,,
PSR J2021+4026,Psr,,
PSR J2229+26,Psr,,
PSS  56-1,PM*,,
PSS  57-1,*,,
PSS  57-2,*,,
PSS  76-1,PM*,,
PSS  76-6,PM*,,
PSS 107-4,PM*,,
PSS 154-3,PM*,,
PSS 176-4,PM*,,
PSS 210-15,*,,
PSS 210-24,PM*,,
PSS 210-32,PM*,,
PSS 210-4,PM*,,
PSS 210-43,PM*,,
PSS 210-44,PM*,,
PSS 210-46,*,,
PSS 210-55,PM*,,
PSS 295-13,PM*,,
PSS 295-22,PM*,,
PSS 295-36,PM*,,
PSS 327-3,PM*,,
PSS 327-5,*,,
PSS 342-1,PM*,,
PSS 348-4,PM*,,
PSS 377-7,PM*,,
PSS 391-2,PM*,,
PSS 391-4,PM*,,
PSS 413-1,PM*,,
PSS 418-8,PM*,,
PSS 437-4,PM*,,
PSS 449-6,PM*,,
PSS 550-1,PM*,,
PSS 550-8,*,,
PSS 564-4,PM*,,
PSS 655-4,*,,
PSS 729-1,PM*,,
PSS 741-5,PM*,,
PWP 16,Rad,,
Parenago  1537,*,,
Parenago  1606,TT*,,
Parenago  1726,Or*,,
Parenago  1754,Or*,,
Parenago  1820,Or*,0.0021666666,0.0018333333
Parenago  1823,Or*,,
Parenago  1867,Or*,,
Parenago  1912,Or*,,
Parenago  1936,Or*,,
Parenago  1943,TT*,,
Parenago  1957,Or*,,
Parenago  1964,Y*O,,
Parenago  2009,Or*,,
Parenago  2127,Or*,,
Parenago  2291,TT*,,
Parenago  2304,*,,
Parenago  2583,Y*O,,
Parenago  2633,*,,
Parenago  2649,Ae*,2.0,2.0
Parenago  2675,**,,
Pluto 30.03,*,,
Pottasch IC  1396 E,PoC,,
Pul -3  120080,*,,
PvdB 15,RR*,,
PvdB 16,RR*,,
QSO B0002+0507,BLL,,
QSO B0002-008,QSO,,
QSO B0002-478,Bla,,
QSO B0003-007,QSO,,
QSO B0003-012,QSO,,
QSO B0003-066,BLL,,
QSO B0003-4258,QSO,,
QSO B0013+0213,QSO,0.424577,0.400673
QSO B0013-005,Bla,,
QSO B0018-422,QSO,,
QSO B0023+171,QSO,,
QSO B0024+046,QSO,,
QSO B0027+002,QSO,,
QSO B0027-1836,QSO,,
QSO B0031-076,QSO,,
QSO B0035-4213,QSO,,
QSO B0037-3939,QSO,,
QSO B0040-3947,QSO,,
QSO B0041+0215,QSO,,
QSO B0046+111,QSO,0.11,0.11
QSO B0046+398,QSO,,
QSO B0047-5754,Bla,,
QSO B0048-3507,QSO,,
QSO B0048-360,QSO,,
QSO B0049+014,QSO,0.3,0.27
QSO B0049-276,QSO,,
QSO B0049-3746,QSO,,
QSO B0050.5-2641,QSO,,
QSO B0051-3843,QSO,,
QSO B0051-4239,QSO,,
QSO B0052+145,QSO,,
QSO B0052-384,QSO,,
QSO B0053-3252,QSO,,
QSO B0053-350,QSO,,
QSO B0055-4139,QSO,,
QSO B0058-259,QSO,,
QSO B0059-4110,QSO,,
QSO B0100+108,QSO,,
QSO B0100-3648,QSO,,
QSO B0101+0118,QSO,,
QSO B0101-4216,QSO,,
QSO B0102.7-3012,QSO,,
QSO B0103+013,QSO,,
QSO B0104-3809,QSO,,
QSO B0105-3909,QSO,,
QSO B0114+074,QSO,,
QSO B0118-396,QSO,,
QSO B0125-0029,QSO,,
QSO B0127-813,BLL,,
QSO B0130-4010,QSO,,
QSO B0131+013,QSO,,
QSO B0131+055,QSO,,
QSO B0132-197,QSO,,
QSO B0132-4048,QSO,,
QSO B0132-4055,QSO,,
QSO B0140+081,QSO,,
QSO B0148-097,QSO,,
QSO B0153+744,BLL,,
QSO B0158+001,BLL,,
QSO B0201+113,Bla,,
QSO B0207-0019,QSO,,
QSO B0220-349,Bla,9.05e-05,1.7333334e-05
QSO B0223+175,QSO,,
QSO B0234+013,QSO,,
QSO B0235+0121,QSO,,
QSO B0235+1624,BLL,1.15e-05,5.1666666e-06
QSO B0237+040,Bla,1.2666666e-05,5.1666666e-06
QSO B0238+100,QSO,,
QSO B0238-300,Q?,,
QSO B0239-154,QSO,,
QSO B0245-009,Q?,,
QSO B0248-312,QSO,,
QSO B0249-184,QSO,,
QSO B0249-222,QSO,,
QSO B0307+0222,QSO,,
QSO B0307-195A,QSO,,
QSO B0308+190,QSO,,
QSO B0324-4047,QSO,,
QSO B0326+277,QSO,,
QSO B0330-368,QSO,,
QSO B0332+0225,QSO,,
QSO B0335-336,QSO,,
QSO B0336-0156,Bla,8.666667e-06,4.3333334e-06
QSO B0338-405,QSO,,
QSO B0346-279,Bla,1.7e-05,6.1666665e-06
QSO B0348+061,QSO,,
QSO B0350-280,QSO,,
QSO B0355-483,Bla,,
QSO B0355-669,QSO,,
QSO B0400-402,QSO,,
QSO B0406-180,QSO,,
QSO B0407-65,Sy2,,
QSO B0414+009,BLL,,
QSO B0419+19,BLL,,
QSO B0420-0127,Bla,1.2333333e-05,4.666667e-06
QSO B0421+019,Bla,,
QSO B0430+2859,BLL,,
QSO B0438-165,QSO,,
QSO B0438-43,Bla,,
QSO B0440-003,Bla,,
QSO B0454+0356,Bla,,
QSO B0458+6530,BLL,0.133,0.133
QSO B0459+135,BLL,1.2166666e-05,4.833333e-06
QSO B0502+675,BLL,,
QSO B0530-37,QSO,,
QSO B0534-201,QSO,,
QSO B0537-441,BLL,1.1833334e-05,4.1666667e-06
QSO B0548-322,BLL,0.802443,0.635054
QSO B0553-205,QSO,,
QSO B0618-252,QSO,,
QSO B0710+439,QSO,,
QSO B0804+5620,QSO,,
QSO B0805-077,Bla,1.4e-05,5.1666666e-06
QSO B0808+019,BLL,1.3333333e-05,5.3333333e-06
QSO B0809+4809,QSO,,
QSO B0828+5625,QSO,,
QSO B0832+2510,QSO,,
QSO B0839+187,Bla,2.65e-05,9.666666e-06
QSO B0847+1540,QSO,,
QSO B0851+5628,QSO,,
QSO B0905+4749,QSO,,
QSO B0910+564,QSO,,
QSO B0913+003,BLL,,
QSO B0914+5621,QSO,,
QSO B0915+5117,QSO,,
QSO B0915-213,Bla,,
QSO B0920-397,Bla,,
QSO B0928+4637,QSO,,
QSO B0930+4640,QSO,,
QSO B0936+3653,QSO,,
QSO B0938+1159,QSO,,
QSO B0947+5628,QSO,,
QSO B0950+49,BLL,,
QSO B0952+698,QSO,,
QSO B0957+557,QSO,,
QSO B1015-314,QSO,,
QSO B1026-084,Bla,,
QSO B1038+4753,QSO,,
QSO B1038-2712,QSO,,
QSO B1046-409,QSO,,
QSO B1054+015,QSO,,
QSO B1055+017,QSO,,
QSO B1055+0201,QSO,,
QSO B1055+0208,QSO,,
QSO B1055.6+0144,QSO,,
QSO B1056+015,QSO,,
QSO B1056+017,QSO,,
QSO B1057+016,QSO,,
QSO B1058.0+0058,QSO,,
QSO B1058.6+0119,QSO,,
QSO B1059+282,Bla,,
QSO B1059+4641,QSO,,
QSO B1103-006,Sy1,,
QSO B1115+080A,QSO,,
QSO B1117+4638,QSO,,
QSO B1128+072,QSO,,
QSO B1130+106Z,QSO,,
QSO B1136+122,QSO,,
QSO B1145-071,Bla,,
QSO B1148-671,QSO,,
QSO B1153+4751,QSO,,
QSO B1207+39,BLL,,
QSO B1208+101,QSO,,
QSO B1208+1011A,LeQ,,
QSO B1208+1011B,LeQ,,
QSO B1215+4754,QSO,,
QSO B1215-457,QSO,,
QSO B1228+0750,QSO,,
QSO B1234+4642,QSO,,
QSO B1236+077,Bla,1.2166666e-05,4.833333e-06
QSO B1237-101,Bla,,
QSO B1243+346,QSO,,
QSO B1248+401,QSO,,
QSO B1248+473,QSO,,
QSO B1249+265,QSO,,
QSO B1259+344B,QSO,,
QSO B1307+121,BLL,,
QSO B1307+4747A,QSO,,
QSO B1312+270,QSO,,
QSO B1313+1752,QSO,,
QSO B1327-2040,QSO,,
QSO B1331+170,Bla,,
QSO B1332+2734,QSO,,
QSO B1333+2820,QSO,,
QSO B1334+2652,QSO,,
QSO B1334+2707,QSO,,
QSO B1334+2745,QSO,,
QSO B1334+4637,QSO,,
QSO B1334+4642,QSO,,
QSO B1335+2651,QSO,,
QSO B1335+2803,QSO,,
QSO B1336+135,QSO,,
QSO B1336+266,QSO,,
QSO B1336-260,Bla,,
QSO B1337+2738,QSO,,
QSO B1337+285,QSO,,
QSO B1337.9+2830,QSO,,
QSO B1338+2628,QSO,,
QSO B1340+2741,QSO,,
QSO B1340+2752,QSO,,
QSO B1342.6+2826,QSO,,
QSO B1347+4748,QSO,,
QSO B1351+021,Bla,,
QSO B1353+4749,QSO,,
QSO B1355-4138,BLL,,
QSO B1359-281,Bla,,
QSO B1402+04,BLL,,
QSO B1402+044,Bla,,
QSO B1402-012,BLL,,
QSO B1414+0859,QSO,,
QSO B1415+2513,QSO,,
QSO B1417+4746,QSO,,
QSO B1420-272,QSO,,
QSO B1426+428,BLL,0.193,0.143
QSO B1429+160,QSO,,
QSO B1436+4748,QSO,,
QSO B1438+3757,QSO,,
QSO B1440+532,QSO,,
QSO B1441+099,QSO,,
QSO B1441+522,QSO,,
QSO B1442+4639,QSO,,
QSO B1445+101,Bla,,
QSO B1500+0824,QSO,,
QSO B1502+1041,Bla,1.2e-05,5e-06
QSO B1504-167,Bla,,
QSO B1512+0000,QSO,,
QSO B1519-273,BLL,1.22e-05,4.7e-06
QSO B1520+41,QSO,,
QSO B1534+01,BLL,,
QSO B1544+212,QSO,,
QSO B1544+4855,Sy1,0.42,0.1
QSO B1548+093,QSO,,
QSO B1554+4633,QSO,,
QSO B1555+001,Bla,,
QSO B1556+335,Bla,,
QSO B1601+182,QSO,,
QSO B1601+4637,QSO,,
QSO B1602+4742,QSO,,
QSO B1604+1756,QSO,,
QSO B1605+288,QSO,,
QSO B1607+290,QSO,,
QSO B1610+4742,QSO,,
QSO B1610-771,Bla,,
QSO B1613+182,QSO,,
QSO B1615+028,Bla,,
QSO B1622+268,QSO,,
QSO B1623+269B,QSO,,
QSO B1626+5529,Sy1,,
QSO B1628+377,QSO,,
QSO B1628+3803,QSO,,
QSO B1629+377,QSO,,
QSO B1629+382,QSO,,
QSO B1630+3744,QSO,,
QSO B1631+379,QSO,,
QSO B1634+176,QSO,,
QSO B1634+627,QSO,,
QSO B1635+267A,QSO,,
QSO B1635-035,Bla,,
QSO B1639+410,QSO,,
QSO B1640+398,QSO,,
QSO B1640+400A,QSO,,
QSO B1640+404,QSO,,
QSO B1640+4628,QSO,,
QSO B1641+3938,QSO,,
QSO B1641+3958,QSO,,
QSO B1641+4005,QSO,,
QSO B1641+409,QSO,,
QSO B1641+4115,QSO,,
QSO B1642+410C,QSO,,
QSO B1643+400,QSO,,
QSO B1643+406,QSO,,
QSO B1717+178,BLL,1.1166667e-05,4.3333334e-06
QSO B1722+119,BLL,,
QSO B1726+4955,QSO,,
QSO B1730-130,Bla,1.2166666e-05,4.833333e-06
QSO B1741-038,Bla,1.2666666e-05,5.5e-06
QSO B1743+173,Bla,,
QSO B1744+206,QSO,,
QSO B1752+5938,Q?,,
QSO B1757+703,BLL,,
QSO B1827+387,QSO,,
QSO B1851+488,Bla,,
QSO B1932-464,Sy2,,
QSO B1933-400,Bla,,
QSO B1936-623,QSO,,
QSO B1951+498,QSO,,
QSO B2005-489,BLL,,
QSO B2012-017,BLL,,
QSO B2013-307,QSO,,
QSO B2016+112,QSO,,
QSO B2020-3705,Bla,,
QSO B2025+117,QSO,,
QSO B2040-400,QSO,,
QSO B2041-3104,QSO,,
QSO B2059+1604,QSO,,
QSO B2111+058,QSO,,
QSO B2111+062,QSO,,
QSO B2113+057,QSO,,
QSO B2124-1204,QSO,,
QSO B2125-1326,QSO,,
QSO B2126-1148,QSO,,
QSO B2126-15,Bla,1.25e-05,4.833333e-06
QSO B2134+0018,QSO,,
QSO B2134+0028,Bla,,
QSO B2140+0222,QSO,,
QSO B2142-765,QSO,,
QSO B2143+07,BLL,0.113,0.113
QSO B2153-204,Bla,,
QSO B2155-304,BLL,,
QSO B2203+2915,QSO,,
QSO B2224-4020,QSO,,
QSO B2224-4052,QSO,,
QSO B2226-4009,QSO,,
QSO B2227-3934,QSO,,
QSO B2227-3937,QSO,,
QSO B2228-399,QSO,,
QSO B2238-1730,QSO,,
QSO B2256+017,Bla,,
QSO B2258-391,QSO,,
QSO B2259-349,QSO,,
QSO B2300-3512,QSO,,
QSO B2311-036,QSO,,
QSO B2325+093,Bla,1.1833334e-05,5.3333333e-06
QSO B2329-366,QSO,,
QSO B2329-406,QSO,,
QSO B2331+0216,QSO,,
QSO B2332-017,Bla,,
QSO B2340+008,QSO,,
QSO B2340+011,QSO,,
QSO B2340-0339,Bla,,
QSO B2341-235,QSO,,
QSO B2342+008,QSO,,
QSO B2345+007,QSO,,
QSO B2345-358,QSO,,
QSO B2346+007,QSO,,
QSO B2350-4139,QSO,,
QSO B2352-420,QSO,,
QSO B2355-364,QSO,,
QSO B2357-326,Bla,,
QSO J0003-2603,QSO,,
QSO J0017-0512,Bla,,
QSO J0019+2021,BLL,1.05e-05,5.1666666e-06
QSO J0046+0104,QSO,,
QSO J0046-2628,QSO,,
QSO J0051-4226,Bla,,
QSO J0140-3753,QSO,,
QSO J0214-0517,QSO,,
QSO J0217+0144,Bla,,
QSO J0354-3809,QSO,,
QSO J0427-1303,QSO,,
QSO J0429+2724,BLL,1.0833333e-05,4.833333e-06
QSO J0455-4216,QSO,,
QSO J0459+0229,QSO,,
QSO J0530+13,Bla,1e-05,4.833333e-06
QSO J0635-7516,Bla,,
QSO J0738+1742,BLL,1.1166667e-05,5.1666666e-06
QSO J0743-6726,Bla,,
QSO J0854+2006,BLL,,
QSO J0949+2955,QSO,,
QSO J1008+0621,BLL,1.2666666e-05,5e-06
QSO J1103-2329,BLL,0.16,0.16
QSO J1115+4249,QSO,,
QSO J1116+0829,Bla,1.7833334e-05,7e-06
QSO J1130-1449,Bla,,
QSO J1208+4540,QSO,,
QSO J1244+1721B,QSO,,
QSO J1301-3226,Bla,1.407,1.097
QSO J1331+4101,QSO,,
QSO J1339+2814,QSO,,
QSO J1415+1129,QSO,,
QSO J1418+1541,QSO,,
QSO J1418+1703,QSO,,
QSO J1423+1159,QSO,,
QSO J1455-1108,QSO,,
QSO J1557+0253,QSO,,
QSO J1658+0515,Bla,,
QSO J1716+5328,QSO,0.183,0.121
QSO J1719+4804,Bla,,
QSO J1840+3900,Bla,,
QSO J2019+1127A,LeQ,,
QSO J2123+0535,Bla,1.2e-05,4.833333e-06
QSO J2134-0419,QSO,,
QSO J2147-7536,Bla,,
QSO J2240+0321,QSO,,
QSO J2257+0243,Bla,1.4e-05,5.6666668e-06
QSO J2320+0513,QSO,1.4833333e-05,7e-06
RAFGL  490,Or*,,
RAFGL  618,pA*,0.2,0.2
RAFGL  799,C*,,
RAFGL  935,C*,,
RAFGL  961,Y*O,,
RAFGL  971,C*,,
RAFGL 1274,OH*,,
RAFGL 2019,OH*,,
RAFGL 2046,HII,,
RAFGL 2047,C*,,
RAFGL 2052,IR,,
RAFGL 2063,OH*,,
RAFGL 2136,Y*O,0.9,0.73333335
RAFGL 2179,WR*,,
RAFGL 2192,Mi*,,
RAFGL 2271,SFR,,
RAFGL 2591,Y*O,0.51,0.4
RAFGL 2686,C*,,
RAFGL 2699,C*,,
RAFGL 2885,OH*,,
RAFGL 3011,C*,,
RAFGL 3068,C*,,
RAFGL 4305,IR,,
RAFGL 5085,Y*O,1.227,0.491
RAFGL 5123,Y*O,0.867,0.347
RAFGL 5163,Y*O,,
RAFGL 5436,HII,0.8,0.6
RAFGL 6815S,pA*,,
RAFGL 6850S,cor,0.93333334,0.6666667
RC J0318+0506,Rad,,
RC J1045+0455,Rad,,
RCW  38,SFR,,
RCW 117,HII,,
RE J144603+632856,WD*,,
RE J1925-566,*,,
RGC  83,Mi*,,
RGC  98,C*,,
RGC 106,Mi*,,
RGO 11193,*,,
RHV 0543275-675146,*,,
RL  89,WD*,,
RL 111,HB*,,
RL 116,*,,
RL 121,*,,
RL 127,*,,
RL 133,BS*,,
RLP   90,*,,
RLP  206,*,,
RLP  211,*,,
RLP  218,*,,
RLP  300,*,,
RLP  526,*,,
RLP  527,*,,
RLP  530,SB*,,
RLP  581,*,,
RLP  614,*,,
RLP  680,SB*,,
RLP  686,*,,
RLP  814,SB*,,
RLP  874,*,,
RLP  899,*,,
RLP 1505,*,,
RLP 1548,*,,
RM 1-738,s*r,,
RMB   8,blu,,
RMB   9,blu,,
RMB  33,blu,,
RMB  38,*,,
RMB  40,blu,,
RMB  48,*,,
RMB  49,blu,,
RMB  60,*,,
RMB  61,blu,,
RMB  65,blu,,
RMB  70,blu,,
RMB  75,WD*,,
RMB  87,blu,,
RMB  93,WD*,,
RMB 101,blu,,
RMB 108,blu,,
RMB 119,blu,,
RMB 123,blu,,
RMB 125,blu,,
RMB 135,*,,
RMB 138,HB*,,
RMB 140,blu,,
RMB 143,*,,
RMB 146,*,,
RMB 149,blu,,
RMB 152,blu,,
RMB 164,blu,,
RMB 169,GiC,0.6,0.6
RMB 177,blu,,
RMB 181,blu,,
RMB 204,blu,,
RMB 206,blu,,
RMB 215,blu,,
RMB 226,blu,,
RMC  16,s*b,,
RMC  17,s*b,,
RMC  23,s*b,,
RMC  37,s*b,,
RMC  43,sg*,,
RMC 135,WR*,,
RMC 136,Cl*,,
RMC 136a,Cl*,,
RMC 140,WR*,,
RMC 141,s*b,,
RMS G139.9091+00.1969A,Or*,,
RNO   1F,ISM,,
RNO 129,Y*O,,
ROC  1,Rad,,
ROC 35,Rad,,
ROC 58,Rad,,
ROS  6,Rad,,
ROS 29,Rad,,
ROS 31,Rad,,
ROS 32,Rad,,
ROS 48,Rad,,
ROX  3,Or*,,
ROX 27,TT*,0.15,0.13333334
ROX C17,X,,
RSCG  1,CGG,,
RSCG 18,CGG,,
RSCG 37,CGG,,
RSCG 45,CGG,0.6,0.6
RSCG 48,CGG,,
RSCG 59,CGG,6.9,6.9
RSCG 61,CGG,7.8,7.8
RSCG 65,CGG,,
RSCG 78,CGG,4.6,4.6
RX J0005.1+7253,X,,
RX J0014.1-3923,X,,
RX J0016.9-3926,X,,
RX J0042.6+4113,X,,
RX J0042.8+4118,XB?,,
RX J0042.9+4125,SNR,,
RX J004228.5+411219,X,,
RX J004241.6+411440,X,,
RX J004244.7+411136,HXB,,
RX J004248.7+412522,HXB,,
RX J004253.0+411533,X,,
RX J0043.1+4048,X,,
RX J004301.8+413015,XB*,,
RX J0046.4+4155,SNR,,
RX J0051.9-7255,HXB,,
RX J0053.9-7226,HXB,,
RX J0105.1-7211,HXB,,
RX J0132.4+3036,*,,
RX J0133.8+3029,X,,
RX J0133.9+3037,X,,
RX J0135.0+3034,X,,
RX J034724.2+235403,X,,
RX J043229.6+172411,X,,
RX J0512.0-0042,WD*,,
RX J0516.7-7146,X,,
RX J0618.1+7506,LM*,,
RX J0648.9-2523,WD*,,
RX J0702.0+1257,XB*,,
RX J0720.4-3125,N*,,
RX J080423-23340,X,,
RX J0831.7-5341,WD*,,
RX J0957.9+6903,ULX,,
RX J1145.7+1946,X,,
RX J1300.9-7708,Y*O,,
RX J1320.3+3056A,QSO,,
RX J1404.4+5419,X,,
RX J1535.3+0909,*,,
RX J1546.9-3646,WD*,,
RX J160355.5+174318,X,,
RX J160450.4+175805,X,,
RX J160452.0+173438,X,,
RX J1607.4+2319,X,,
RX J1619.3+2310,X,,
RX J162750+65249,X,,
RX J1711.4+6645,WD*,,
RX J1724.1+7000,GrG,,
RX J175155.4-345629,X,,
RX J175233.2-345416,X,,
RX J175239.4-345253,X,,
RX J175310.2-345444,X,,
RX J175313.4-344646,X,,
RX J175331.8-345624,X,,
RX J175337.9-350210,X,,
RX J175345.5-344640,X,,
RX J175404.1-344224,X,,
RX J175407.2-344105,X,,
RX J175413.3-344221,X,,
RX J175425.5-345341,X,,
RX J175441.3-345044,*,,
RX J175457.9-344029,X,,
RX J175503.8-345718,X,,
RX J175514.8-345140,*,,
RX J175546.8-344220,X,,
RX J1833.7+6521,GrG,,
RX J1847.9-2219,WD*,,
RX J190333+10439,*,,
RX J191221+77547,X,,
RX J2024.2+2000,**,,
RX J203517+64479,X,,
RX J2207.7+2520,WD*,,
RX J2214.1-4918,WD*,,
Rosino  91,No*,,
Rosino 100,No*,,
Rosino 115,No*,,
Rosino 119,No*,,
Rosino 120,No*,,
Rosino 128,No*,,
Rosino 142,No*,,
Ross   41,PM*,,
Ross  137,WD*,,
Ross  409,PM*,,
Ross  508,PM*,,
Ross  614,**,,
Ross  627,WD*,,
Ross  733,PM*,,
Ross  863,PM*,,
Ruiz 207-108,**,,
Ruiz 207-126,PM*,,
Ruiz 207-167,PM*,,
Ruiz 207-29,PM*,,
Ruiz 207-33,PM*,,
Ruiz 207-49,PM*,,
Ruiz 207-6,PM*,,
Ruiz 207-76,PM*,,
Ruiz 207-77,PM*,,
Ruiz 207-83,PM*,,
Ruiz 207-98,PM*,,
Ruiz 267-110,WD*,,
Ruiz 439-103,PM*,,
Ruiz 439-121,PM*,,
Ruiz 439-145,PM*,,
Ruiz 439-162,WD*,,
Ruiz 439-165,PM*,,
Ruiz 439-174,PM*,,
Ruiz 439-192,PM*,,
Ruiz 439-197,PM*,,
Ruiz 439-208,PM*,,
Ruiz 439-213,PM*,,
Ruiz 439-242,PM*,,
Ruiz 439-84,PM*,,
Ruiz 439-95,WD*,,
Ruiz 440-111,PM*,,
Ruiz 440-112,PM*,,
Ruiz 440-129,PM*,,
Ruiz 440-173,PM*,,
Ruiz 440-194,PM*,,
Ruiz 440-234,PM*,,
Ruiz 440-243,PM*,,
Ruiz 440-246,PM*,,
Ruiz 440-247,PM*,,
Ruiz 440-26,PM*,,
Ruiz 440-270,PM*,,
Ruiz 440-287,PM*,,
Ruiz 440-307,PM*,,
Ruiz 440-316,PM*,,
Ruiz 440-333,**,,
Ruiz 440-341,PM*,,
Ruiz 440-344,PM*,,
Ruiz 440-365,PM*,,
Ruiz 440-378,PM*,,
Ruiz 440-379,PM*,,
Ruiz 440-427,PM*,,
Ruiz 440-428,WD*,,
Ruiz 440-43,PM*,,
Ruiz 440-440,PM*,,
Ruiz 440-449,PM*,,
Ruiz 440-469,WD*,,
Ruiz 440-477,PM*,,
Ruiz 440-478,PM*,,
Ruiz 440-51,PM*,,
Ruiz 440-55B,PM*,,
Ruiz 440-68,PM*,,
Ruiz 440-69,*,,
Ruiz 440-86,PM*,,
Ruiz 445-249,WD*,,
S1* 615,S*,,
S96 18,As*,,
S96 20,As*,,
S96 G6,G,,
SA  12-391,*,,
SA  57-,reg,,
SA  95-107,LM*,,
SA  97-42,*,,
SA  98-,reg,,
SA  98-626,*,,
SA 101-207,*,,
SA 101-431,*,,
SA 104-428,SB*,,
SA 110-,reg,,
SA 113-241,*,,
SA 114-750,*,,
SB  33,HB*,,
SB  42,HS?,,
SB  44,SB*,,
SB  52,*,,
SB  53,*,,
SB  72,RR*,,
SB  74,HB*,,
SB  78,V*,,
SB 101,EB*,,
SB 108,*,,
SB 120,HB*,,
SB 129,*,,
SB 130,V*,,
SB 138,*,,
SB 154,RR*,,
SB 160,SB*,,
SB 164,V*,,
SB 178,*,,
SB 179,*,,
SB 206,*,,
SB 212,*,,
SB 219,*,,
SB 269,*,,
SB 274,*,,
SB 285,*,,
SB 317,*,,
SB 369,HB*,,
SB 373,*,,
SB 389,*,,
SB 395,HS*,,
SB 470,*,,
SB 489,*,,
SB 521,HB*,,
SB 541,EB*,,
SB 542,V*,,
SB 560,*,,
SB 587,RR*,,
SB 684,*,,
SB 694,*,,
SB 715,V*,,
SB 717,*,,
SB 720,*,,
SB 723,*,,
SB 730,Pu*,,
SB 732,V*,,
SB 744,HS*,,
SB 754,EB*,,
SB 792,*,,
SB 793,*,,
SB 818,HB*,,
SB 825,HS?,,
SB 827,V*,,
SB 844,*,,
SB 850,*,,
SB 853,HB*,,
SB 879,*,,
SB 901,*,,
SB 918,*,,
SB 946,*,,
SB 951,Pu*,,
SB 958,LP*,,
SB 965,*,,
SBSG 0934+557,G,,
SBSG 0949+549,G,,
SBSG 0957+537A,G,,
SBSS 0938+550A,WD*,,
SBSS 0939+548,*,,
SBSS 1040+493,WD*,,
SBSS 1158+599,WD*,,
SBSS 1414+512,WD*,,
SBSS 1449+513,WD*,,
SBSS 1452+553,WD*,,
SBSS 1518+541,WD*,,
SCG2 2315-4241,CGG,,
SCHG 2300-349,EmO,,
SCMS    8,*,,
SCMS    9,*,,
SCMS   24,Ev*,,
SCMS   30,*,,
SCMS   34,*,,
SCMS   48,Ev*,,
SCMS   57,*,,
SCMS   79,*,,
SCMS   87,Ev*,,
SCMS  106,*,,
SCMS  115,*,,
SCMS  121,*,,
SCMS  124,Ev*,,
SCMS  125,*,,
SCMS  154,Ev*,,
SCMS  165,RG*,,
SCMS  168,*,,
SCMS  181,*,,
SCMS  186,*,,
SCMS  208,Ev*,,
SCMS  224,Ev*,,
SCMS  230,Ev*,,
SCMS  249,*,,
SCMS  252,Ev*,,
SCMS  254,*,,
SCMS  269,V*,,
SCMS  283,Ev*,,
SCMS  287,RG*,,
SCMS  299,*,,
SCMS  316,*,,
SCMS  332,*,,
SCMS  344,*,,
SCMS  367,Ev*,,
SCMS  439,*,,
SCMS  448,Ev*,,
SCMS  460,*,,
SCMS  477,*,,
SCMS  499,*,,
SCMS  504,*,,
SCMS  554,*,,
SCMS  590,*,,
SCMS  592,Ev*,,
SCMS  604,*,,
SCMS  622,*,,
SCMS  632,*,,
SCMS  638,Ev*,,
SCMS  643,*,,
SCMS  660,*,,
SCMS  663,Ev*,,
SCMS  666,Ev*,0.137,0.137
SCMS  667,*,,
SCMS  668,Ev*,,
SCMS  679,*,,
SCMS  689,*,,
SCMS  702,Ev*,,
SCMS  710,*,,
SCMS  721,*,,
SCMS  723,*,,
SCMS  727,*,,
SCMS  746,*,,
SCMS  748,Ev*,,
SCMS  755,*,,
SCMS  758,XB*,,
SCMS  779,Ev*,,
SCMS  782,Ev*,,
SCMS  819,RG*,,
SCMS  823,Ev*,,
SCMS  825,*,,
SCMS  860,*,,
SCMS  891,*,,
SCMS  908,*,,
SCMS  917,*,,
SCMS  929,*,,
SCMS  936,*,,
SCMS  952,Ev*,,
SCMS  967,*,,
SCMS  979,*,,
SCMS  989,*,,
SCMS  998,*,,
SCMS 1002,*,,
SCMS 1012,*,,
SCMS 1044,*,,
SCMS 1065,Ev*,,
SCMS 1097,*,,
SCMS 1098,*,,
SCMS 1125,*,,
SCMS 1128,Ev*,,
SCMS 1136,*,,
SCMS 1142,*,,
SCMS 1144,Ev*,,
SCMS 1150,*,,
SCMS 1156,Ev*,,
SCMS 1171,*,,
SCMS 1178,Ev*,,
SCMS 1184,*,,
SCMS 1193,Ev*,,
SCMS 1210,*,,
SCMS 1251,*,,
SCMS 1268,*,,
SCMS 1281,V*,,
SCMS 1300,Ev*,,
SCMS 1323,Ev*,,
SCMS 1337,*,,
SCMS 1345,WD?,,
SCMS 1349,V*,,
SCMS 1379,Ev*,,
SCMS 1407,Ev*,,
SCMS 1418,Ev*,,
SCMS 1429,*,,
SCMS 1460,*,,
SCMS 1469,*,,
SCMS 1487,Ev*,,
SCMS 1532,*,,
SDH  26,HII,,
SDH  28,HII,,
SDH  39,HII,,
SDH 107,HII,,
SDH 130,HII,,
SDH 132,HII,,
SDH 148,HII,,
SDH 160,HII,,
SDH 163,HII,,
SDH 177,HII,,
SDH 182,HII,,
SDH 199,HII,,
SDH 202,HII,,
SDH 205,HII,,
SDH 207,HII,,
SDH 210,HII,,
SDH 212,HII,,
SDH 230,HII,,
SDH 255,HII,,
SDH 262,HII,,
SDH 272,HII,,
SDH 276,HII,,
SDH 278,HII,,
SDH 292,HII,,
SDH 303,HII,,
SDH 321,HII,,
SDSS J005949.14+045042.2,QSO,,
SDSS J011239.13-032842.7,BLL,,
SDSS J014827.60+140217.1,rG,0.26786667,0.26786667
SDSS J021415.62+320350.3,QSO,,
SDSS J021835.44+004039.2,QSO,,
SDSS J022247.69+074257.1,QSO,,
SDSS J022612.13+013831.8,LSB,,
SDSS J023952.72-013418.8,rG,0.213,0.111
SDSS J035516.62+003054.8,QSO,,
SDSS J085207.18+115309.2,BiC,,
SDSS J085822.29+165707.6,rG,,
SDSS J085943.79+155232.8,QSO,,
SDSS J095000.29+180418.7,Bla,,
SDSS J101350.78+344251.1,BiC,0.19,0.16
SDSS J102103.08-023642.6,Sy2,,
SDSS J103339.77-003940.0,LSB,,
SDSS J110050.42+010941.6,QSO,,
SDSS J113019.23+101526.7,BLL,,
SDSS J113258.90+555506.1,GiC,0.430253,0.307803
SDSS J121134.20+390053.5,BLL,,
SDSS J121319.39+133332.4,G,,
SDSS J121905.52+392423.4,QSO,,
SDSS J122410.06+091408.5,G,0.43333334,0.43333334
SDSS J122942.96+104525.0,Sy2,,
SDSS J123117.00+395643.4,QSO,,
SDSS J123622.42+162947.8,GiC,0.18,0.13
SDSS J123626.70+163143.6,GiC,0.13,0.13
SDSS J123657.71+621315.4,G,0.0249,0.0249
SDSS J125715.51+273759.5,*,,
SDSS J125928.50+280109.3,AG?,,
SDSS J130008.39+275716.7,GiC,,
SDSS J131124.45-012110.9,EmG,,
SDSS J131126.91-011936.7,GiC,,
SDSS J131128.21-011811.8,AGN,,
SDSS J131129.01-012116.6,GiC,,
SDSS J131129.96-011955.9,GiC,,
SDSS J131130.24-012051.7,GiC,,
SDSS J131134.63-012152.4,GiC,,
SDSS J131135.39-012042.6,GiC,,
SDSS J131135.53-011742.1,GiC,,
SDSS J131135.56-012109.1,GiC,,
SDSS J131202.31-010843.8,GiC,0.163,0.163
SDSS J131958.56+340209.8,G,0.319757,0.287429
SDSS J134033.33+261622.6,QSO,,
SDSS J134105.84+265029.2,WD*,,
SDSS J134850.45+263507.4,GiC,0.163,0.163
SDSS J135935.33+295442.3,EmG,,
SDSS J140811.40+485344.4,G,,
SDSS J143658.17+503630.2,G,0.30878,0.226521
SDSS J143728.71-023426.1,LSB,,
SDSS J144531.48+000435.4,QSO,,
SDSS J151047.95+054527.2,GiC,,
SDSS J151602.22+341227.1,G,0.19,0.167
SDSS J154855.10+172741.1,Bla,,
SDSS J160426.50+174431.1,LIN,1.033,0.393
SDSS J161813.66+124811.2,G,0.247,0.173
SDSS J162634.26+473744.7,AGN,,
SDSS J162818.06+391111.2,EmG,0.578637,0.167689
SDSS J163532.09+372005.2,QSO,,
SDSS J163659.47+395855.6,QSO,,
SDSS J163906.77+375321.0,QSO,,
SDSS J163956.35+112758.7,QSO,0.197,0.1
SDSS J164031.86+373437.3,QSO,,
SDSS J164036.03+404259.6,QSO,,
SDSS J172026.49+575937.3,*,,
SDSS J172034.76+575956.7,*,,
SDSS J172052.99+575557.7,Pe*,,
SDSS J204736.63+091917.7,rG,,
SDSS J211015.43-011942.5,QSO,,
SDSS J212026.73+044807.6,QSO,,
SDSS J212853.01-012951.7,QSO,,
SDSS J213730.01+045122.1,QSO,,
SDSS J215254.05+174205.3,GiC,,
SDSS J215254.20+174208.1,GiC,,
SDSS J215259.98+174022.4,GiC,,
SDSS J215318.59+174418.6,GiC,,
SDSS J215328.73+174251.8,GiC,,
SDSS J215342.98+174206.2,GiC,,
SDSS J215345.74+174108.3,rG,,
SDSS J215350.44+174057.9,GiC,,
SDSS J221742.01+001845.8,G,,
SDSS J221758.72+002110.8,G,,
SDSS J222022.09+262804.5,QSO,,
SDSS J232258.36-010141.2,LSB,0.21228,0.201241
SDSS J232944.70+073311.9,QSO,,
SDSS J235018.66-000658.5,QSO,,
SDSS J235335.54+023150.2,AGN,,
SDSS J235727.81+065053.1,QSO,,
SDSSCGB 405,CGG,0.28,0.28
SDSSCGB 7177.4,G,,
SED ACO 851  12,GiC,,
SED ACO 851  13,GiC,,
SED ACO 851  26,GiC,,
SED ACO 851  38,GiC,,
SED ACO 851  49,GiC,,
SED ACO 851  55,GiC,,
SED ACO 851  83,GiC,,
SED ACO 851  86,GiC,,
SED ACO 851  87,GiC,,
SED ACO 851  93,GiC,,
SED ACO 851  98,GiC,,
SED ACO 851 110,GiC,,
SED ACO 851 115,GiC,,
SED ACO 851 116,GiC,,
SED ACO 851 129,GiC,,
SED ACO 851 130,GiC,,
SED ACO 851 132,GiC,,
SED ACO 851 139,GiC,,
SED ACO 851 147,GiC,,
SFAM 108,Rad,,
SFO 76,Cld,,
SFO 86,Cld,,
SFO 88,Cld,,
SH  1-118,PN,1.917,1.917
SH  2-105,HII,,
SH  2-106,HII,,
SH  2-112,HII,,
SH  2-121,HII,2.9166667,2.1333334
SH  2-125,HII,17.266666,17.266666
SH  2-128,HII,1.21,0.992
SH  2-130,HII,,
SH  2-140,OpC,35.0,25.0
SH  2-145,HII,,
SH  2-148,HII,3.02,1.58
SH  2-149,HII,,
SH  2-169,HII,,
SH  2-193,HII,4.233333,2.1
SH  2-201,HII,,
SH  2-232,HII,45.633335,45.633335
SH  2-233,HII,2.0,2.0
SH  2-235,HII,,
SH  2-235 A,HII,,
SH  2-235 B,HII,,
SH  2-242,HII,3.45,4.016667
SH  2-256,HII,,
SH  2-258,HII,,
SH  2-271,HII,2.107,2.107
SH  2-286,HII,,
SH  2-307,HII,,
SH  2-4,HII,3.3,3.3
SH  2-45,HII,,
SH  2-71,PN,1.66,1.66
SH  2-88 B,HII,1.413,1.131
SH  2-89,HII,,
SHARDS 20010724,EmG,,
SHARDS 20013475,G,,
SHV 0449514-675908,Mi*,,
SHV 0452519-682410,C*,,
SHV 0453478-674414,LP*,,
SHV 0453561-735520,LP*,,
SHV 0453592-685035,LP*,,
SHV 0456225-682121,C*,,
SHV 0456510-681328,C*,,
SHV 0457439-691307,LP*,,
SHV 0459033-681729,Mi*,,
SHV 0500035-692241,C*,,
SHV 0500529-693434,C*,,
SHV 0500583-690851,Mi*,,
SHV 0501125-683755,C*,,
SHV 0501229-683009,C*,,
SHV 0501389-731337,Mi*,,
SHV 0502197-681625,C*,,
SHV 0503063-675453,C*,,
SHV 0504353-712622,C*,,
SHV 0504472-685756,LP*,,
SHV 0505115-692801,Mi*,,
SHV 0505374-703747,Mi*,,
SHV 0505435-682947,Mi*,,
SHV 0505456-724134,LP*,,
SHV 0507239-683011,LP*,,
SHV 0507349-683736,Mi*,,
SHV 0507395-681146,LP*,,
SHV 0508285-684840,Mi*,,
SHV 0509344-684934,LP*,,
SHV 0509404-691724,LP*,,
SHV 0509431-675318,C*,,
SHV 0509532-683653,LP*,,
SHV 0510455-710329,C*,,
SHV 0511195-691408,Mi*,,
SHV 0511580-685826,Mi*,,
SHV 0512385-693356,Mi*,,
SHV 0513412-690023,Mi*,,
SHV 0514465-682901,C*,,
SHV 0514483-703144,C*,,
SHV 0514558-695044,LP*,,
SHV 0514566-702117,C*,,
SHV 0515239-683227,Mi*,,
SHV 0515440-700926,Mi*,,
SHV 0516236-691329,Mi*,,
SHV 0516298-723618,C*,,
SHV 0516318-693658,C*,,
SHV 0516509-693752,Mi*,,
SHV 0517122-681710,C*,,
SHV 0517454-711322,Mi*,,
SHV 0517559-702503,Mi*,,
SHV 0518238-703537,LP*,,
SHV 0518573-695105,C*,,
SHV 0519086-700358,Mi*,,
SHV 0519429-694409,Mi*,,
SHV 0519435-692511,LP*,,
SHV 0519448-682940,Mi*,,
SHV 0519504-701848,Mi*,,
SHV 0520053-691850,LP*,,
SHV 0520065-740527,LP*,,
SHV 0520158-693059,C*,,
SHV 0520188-693833,C*,,
SHV 0520254-693210,C*,,
SHV 0520336-692926,LP*,,
SHV 0520524-702834,C*,,
SHV 0521476-694312,C*,,
SHV 0522118-702517,Mi*,,
SHV 0522380-691255,Mi*,,
SHV 0522418-693921,Mi*,,
SHV 0522487-713657,C*,,
SHV 0523131-700154,C*,,
SHV 0523205-703219,Mi*,,
SHV 0524304-693544,LP*,,
SHV 0524567-692023,C*,,
SHV 0525012-694829,LP*,,
SHV 0525159-695915,LP*,,
SHV 0525203-693155,Be?,,
SHV 0525233-701233,Mi*,,
SHV 0526104-695215,cC*,,
SHV 0527016-693229,*,,
SHV 0527056-692315,LP*,,
SHV 0528010-710438,LP*,,
SHV 0528274-700134,LP*,,
SHV 0528309-702014,Mi*,,
SHV 0528473-691241,Mi*,,
SHV 0529247-703810,Mi*,,
SHV 0529392-703327,LP*,,
SHV 0529513-734003,*,,
SHV 0530085-685622,Mi*,,
SHV 0530160-700352,LP*,,
SHV 0530380-702618,LP*,,
SHV 0530382-692804,AB*,,
SHV 0531369-694631,C*,,
SHV 0533202-713547,*,,
SHV 0533396-705257,C*,,
SHV 0533527-724334,Mi*,,
SHV 0534323-693855,LP*,,
SHV 0534485-693949,*,,
SHV 0536164-690234,Mi*,,
SHV 0537193-694955,LP*,,
SHV 0537595-710833,mul,,
SHV 0538262-690410,Mi*,,
SHV 0538405-693056,Mi*,,
SHV 0538500-695244,Mi*,,
SHV 0539043-685836,C*,,
SHV 0539158-700327,LP*,,
SHV 0539393-701837,Mi*,,
SHV 0540006-695643,Mi*,,
SHV 0541163-703349,Mi*,,
SHV 0541482-700417,C*,,
SHV 0542111-683837,C*,,
SHV 0542576-714229,C*,,
SHV 0543398-694002,C*,,
SHV 0546297-702505,*,,
SHV 0548137-700231,C*,,
SHV 0549219-694858,*,,
SHV 0549349-702836,C*,,
SHV 0550075-724729,LP*,,
SHV 0550191-695512,*,,
SHV 0550348-705158,mul,,
SHV 0550407-730433,LP*,,
SHV 0551069-694245,LP*,,
SHV 0552258-731815,Mi*,,
SHV 0553344-712127,Mi*,,
SHV 0553448-735854,LP*,,
SHV 0559342-744429,C*,,
SK   17,s*b,,
SK   28,s*b,,
SK   30,*,,
SK   37,s*b,,
SK   69,s*b,,
SK   73,s*b,,
SK   76,s*b,,
SK   94,s*b,,
SK   95,s*b,,
SK   98,sg*,,
SK  109,s?b,,
SK  133,s*b,,
SK  138,s*b,,
SK  159,s*b,,
SK  160,HXB,,
SK  172,s?b,,
SK  183,*,,
SK  187,*,,
SK  199,sg*,,
SK  200,*,,
SK  204,*,,
SK  209,sg*,,
SK  211,sg?,,
SK -66   32,*,,
SK -66  100,V*,,
SK -66  163,*,,
SK -67   18,WR*,,
SK -67  120,*,,
SK -70  117,**,,
SMP LMC   2,PN,,
SMP LMC  12,PN,,
SMP LMC  24,PN,0.111667,0.111667
SMP LMC  28,pA?,0.105,0.105
SMP LMC  96,PN,,
SMP LMC 102,PN,,
SMP LMC 112,PN,0.123333,0.123333
SMP LMC 118,PN,0.1,0.1
SN 1572A,SN*,8.0,8.0
SN 1937C,SN*,,
SN 1939A,SN*,,
SN 1950B,SN*,,
SN 1954J,SN*,,
SN 1956A,SN*,,
SN 1957D,SN*,,
SN 1960F,SN*,,
SN 1961V,SN*,,
SN 1962L,SN*,,
SN 1964A,SN*,,
SN 1966B,SN*,,
SN 1970G,SN*,,
SN 1972E,SN*,,
SN 1973R,SN*,,
SN 1978K,SN*,,
SN 1979C,SN*,,
SN 1980K,SN*,,
SN 1980N,SN*,,
SN 1981B,SN*,,
SN 1981D,SN*,,
SN 1983K,SN*,,
SN 1984L,SN*,,
SN 1986G,SN*,,
SN 1986I,SN*,,
SN 1986J,SN*,,
SN 1987A,SN*,0.03,0.03
SN 1987F,SN*,,
SN 1987K,SN*,,
SN 1988A,SN*,,
SN 1988Z,SN*,,
SN 1990N,SN*,,
SN 1990af,SN*,,
SN 1991T,SN*,,
SN 1991U,SN*,,
SN 1991bg,SN*,,
SN 1992A,SN*,,
SN 1992K,SN*,,
SN 1992al,SN*,,
SN 1992bd,SN*,,
SN 1992bo,SN*,,
SN 1993J,SN*,,
SNR B0045-73.4,SNR,1.1,1.1
SNR B0057-72.2,SNR,14.0,11.0
SNR B0102-72.3,SNR,0.73333335,0.73333335
SNR B013007+30252,SNR,0.39166668,0.39166668
SNR B013015+30245,SNR,0.12666667,0.12666667
SNR B013047+30211,SNR,0.12666667,0.12666667
SNR B013049+30270,SNR,0.08833333,0.08833333
SNR B013100+30241,SNR,,
SNR B013101+30201,SNR,0.20166667,0.20166667
SNR B013109+30168,SNR,,
SNR B013118+30210,SNR,0.425,0.425
SNR B013125+30192,SNR,,
SNR B0456-68.7,SNR,,
SNR B0505-67.9,SNR,1.2,1.2
SNR B0519-69.0,SNR,0.51666665,0.51666665
SNR B0525-66.0,SNR,2.8,2.8
SNR B0527-65.8,SNR,5.05,5.05
SNR B0535-66.0,SNR,1.1,1.1
SNR B0543-68.9,SNR,5.3,5.3
SNR B0547-69.7,SNR,5.0,3.0
SNR B0548-70.4,SNR,1.7,1.7
SNR G006.4+04.0,SNR,31.0,31.0
SNR G006.4-00.1,SNR,48.0,48.0
SNR G011.4-00.1,SNR,8.0,8.0
SNR G012.8-00.2,SFR,,
SNR G015.0-00.6,SNR,,
SNR G015.9+00.2,SNR,7.0,5.0
SNR G018.8+00.3,SNR,17.0,11.0
SNR G021.5-00.9,SNR,5.0,5.0
SNR G021.8-00.6,SNR,20.0,20.0
SNR G023.3-00.3,SNR,27.0,27.0
SNR G023.6+00.3,Rad,10.0,10.0
SNR G024.7-00.6,SNR,15.0,15.0
SNR G029.7-00.2,SNR,3.0,3.0
SNR G030.8-00.0,SFR,6.3,6.3
SNR G032.0-04.9,SNR,60.0,60.0
SNR G034.6-00.5,SNR,35.0,27.0
SNR G035.0-01.1,SNR,,
SNR G035.6-00.0,SNR,,
SNR G039.2-00.3,SNR,8.0,6.0
SNR G039.7-02.0,SNR,120.0,60.0
SNR G040.5-00.5,SNR,22.0,22.0
SNR G041.1-00.3,SNR,4.5,2.5
SNR G042.8+00.6,SNR,24.0,24.0
SNR G046.8-00.3,SNR,17.0,13.0
SNR G047.6+06.1,SNR,,
SNR G053.6-02.2,SNR,33.0,28.0
SNR G054.4-00.3,SNR,40.0,40.0
SNR G065.2+05.7,SNR,310.0,240.0
SNR G068.8+02.6,SNR,80.0,80.0
SNR G073.9+00.9,SNR,27.0,27.0
SNR G074.9+01.2,SNR,5.7,4.2
SNR G084.2-00.8,SNR,20.0,16.0
SNR G089.0+04.7,SNR,120.0,90.0
SNR G093.2+06.7,SNR,27.0,20.0
SNR G094.0+01.0,SNR,30.0,25.0
SNR G109.1-01.0,SNR,28.0,28.0
SNR G114.3+00.3,SNR,90.0,55.0
SNR G116.5+01.1,SNR,80.0,60.0
SNR G119.5+10.2,SNR,90.0,90.0
SNR G126.2+01.6,SNR,70.0,70.0
SNR G127.1+00.5,SNR,45.0,45.0
SNR G130.7+03.1,SNR,9.0,5.0
SNR G132.6+01.5,SNR,80.0,80.0
SNR G156.2+05.7,SNR,110.0,110.0
SNR G160.8+02.6,SNR,140.0,120.0
SNR G166.0+04.3,SNR,55.0,35.0
SNR G166.2+02.5,SNR,,
SNR G180.0-01.7,SNR,180.0,180.0
SNR G206.9+02.3,SNR,60.0,40.0
SNR G261.9+05.5,SNR,40.0,30.0
SNR G291.0-00.1,SNR,15.0,13.0
SNR G292.0+01.8,SNR,12.0,8.0
SNR G295.5+09.7,SNR,90.0,65.0
SNR G299.2-02.9,SNR,18.0,11.0
SNR G302.3+00.7,SNR,17.0,17.0
SNR G308.7+00.0,SNR,,
SNR G309.2-00.6,SNR,15.0,12.0
SNR G311.5+00.0,SNR,,
SNR G312.4-00.4,SNR,38.0,38.0
SNR G315.0-02.3,SNR,42.0,42.0
SNR G315.4-00.3,SNR,24.0,13.0
SNR G318.9+00.4,SNR,30.0,14.0
SNR G320.4-01.0,SNR,,
SNR G322.3-01.2,Rad,,
SNR G328.0+00.3,SNR,,
SNR G330.2+01.0,SNR,11.0,11.0
SNR G337.3+01.0,Rad,15.0,12.0
SNR G338.5+00.1,SNR,9.0,9.0
SNR G340.4+00.4,SNR,10.0,7.0
SNR G341.9-00.3,SNR,7.0,7.0
SNR G343.0-06.0,SNR,250.0,250.0
SNR G344.7-00.1,SNR,8.0,8.0
SNR G346.6-00.2,SNR,8.0,8.0
SNR G348.5+00.1,SNR,15.0,15.0
SNR G348.7+00.3,SNR,17.0,17.0
SNR G349.7+00.2,SNR,2.5,2.0
SNR G350.1-00.3,SNR,4.0,4.0
SNR G351.2+00.1,SNR,7.0,7.0
SNR G355.9-02.5,Rad,13.0,13.0
SNR G359.1-00.5,SNR,24.0,24.0
SNR J045313-665420,SNR,5.0,4.0
SNR J045447-662528,SNR,1.45,1.45
SNR J050555-680150,SNR,1.85,1.85
SNR J052501-693842,SNR,1.9,1.9
SNR J052559-660453,SNR,1.4,1.4
SOPS   IV e-73,C*,,
SP77  23-1,LP*,,
SP77  28-18,*,,
SP77  28-20,C*,,
SP77  30-21,C*,,
SP77  31-11,C*,,
SP77  37-3,C*,,
SP77  37-7,C*,,
SP77  38-3,C*,,
SP77  41-12,C*,,
SP77  51-18,C*,,
SP77  55-17,RC*,,
SP77  55-19,C*,,
SP77  56-4,C*,,
SP77  56-7,C*,,
SP77 47B-1a,C*,,
SPH  14,EmO,,
SPH  16,Em*,,
SPH  18,EmO,,
SPH  31,EmO,,
SPH  69,Em*,,
SPH  70,EmO,,
SPH  72,EmO,,
SPH  79,EmO,,
SPH 109,EmO,,
SPH 116,EmO,,
SPH 148,EmO,,
SPH 156,EmO,,
SPT-CL J2234-3744,ClG,15.333333,15.333333
SS 201,Em*,,
SS 280,Em*,,
SS 433,HXB,,
SSTGLMC G017.5768+00.2879,MIR,,
SSTISAGEMC J045625.01-662900.7,*,,
SSTISAGEMC J050937.20-704908.6,pA?,0.201667,0.201667
SSTISAGEMC J053158.95-684127.4,*,,
SSTc2d J032536.4+304522,Y*O,0.047,0.04
SSV LDN 1551  3,IR,,
SSV LDN 1630 32,IR,,
SSV LDN 1630 37,IR,,
SSWMW HH 25-27  5,?,,
SV* HV   817,cC*,,
SV* HV   827,cC*,,
SV* HV   838,Mi*,,
SV* HV   840,cC*,,
SV* HV   996,s*r,,
SV* HV  1326,cC*,,
SV* HV  1345,cC*,,
SV* HV  1355,cC*,,
SV* HV  1427,cC*,,
SV* HV  1435,cC*,,
SV* HV  1446,cC*,,
SV* HV  1475,s*r,,
SV* HV  1478,cC*,,
SV* HV  1481,cC*,,
SV* HV  1487,cC*,,
SV* HV  1520,cC*,,
SV* HV  1548,cC*,,
SV* HV  1592,cC*,,
SV* HV  1619,cC*,,
SV* HV  1647,RV*,,
SV* HV  1669,EB*,,
SV* HV  1689,cC*,,
SV* HV  1705,cC*,,
SV* HV  1742,cC*,,
SV* HV  1818,cC*,,
SV* HV  1850,cC*,,
SV* HV  1898,cC*,,
SV* HV  1923,cC*,,
SV* HV  1956,cC*,,
SV* HV  1958,cC*,,
SV* HV  1987,cC*,,
SV* HV  2015,cC*,,
SV* HV  2054,cC*,,
SV* HV  2063,cC*,,
SV* HV  2074,cC*,,
SV* HV  2076,cC*,,
SV* HV  2088,cC*,,
SV* HV  2103,cC*,,
SV* HV  2360,LP*,,
SV* HV  2375,cC*,,
SV* HV  2379,RC*,,
SV* HV  2403,EB*,,
SV* HV  2447,cC*,,
SV* HV  2477,cC*,,
SV* HV  2493,Mi*,,
SV* HV  2526,LP*,,
SV* HV  2554,CV*,,
SV* HV  2572,Mi*,,
SV* HV  2604,s*r,,
SV* HV  2683,cC*,,
SV* HV  5546,V*,,
SV* HV  5549,EB*,,
SV* HV  5586,cC*,,
SV* HV  5613,V*,,
SV* HV  5656,cC*,,
SV* HV  5678,V*,,
SV* HV  5682,XB*,,
SV* HV  5845,LP*,,
SV* HV  5849,Mi*,,
SV* HV  5914,LP*,,
SV* HV  6002,Ev*,,
SV* HV  7199,Sy*,,
SV* HV 10355,cC*,,
SV* HV 10357,cC*,,
SV* HV 10364,cC*,,
SV* HV 11190,cC*,,
SV* HV 11193,cC*,,
SV* HV 11262,s*r,,
SV* HV 11367,cC*,,
SV* HV 11459,cC*,,
SV* HV 11472,cC*,,
SV* HV 11988,V*,,
SV* HV 12112,cC*,,
SV* HV 12194,V*,,
SV* HV 12199,Ce*,,
SV* HV 12202,Ce*,,
SV* HV 12204,cC*,,
SV* HV 12205,Ce*,,
SV* HV 12326,s*r,,
SV* HV 13062,cC*,,
SV* R   372,RR*,,
SV* SVS  1370,RR*,,
SZ   1,Em*,,
SZ  28,Or*,,
SZ  30,TT*,,
SZ  40,Or*,,
SZ  41,TT*,,
SZ  44,Or*,,
SZ  58,Em*,,
SZ  60,Y*O,,
SZ  67,TT*,,
SZ  70,Or*,,
SZ 106,Or*,,
Schulte  1,SB*,,
Schulte  7,*,,
Schulte  8C,V*,,
Schulte  8D,SB*,,
Schulte 14,Em*,,
Schulte 15,SB*,,
Schulte 16,*,,
Schulte 18,*,,
Schulte 19,s*b,,
Schulte 22,SB*,0.025,0.0
Schulte 27,SB*,,
Schulte 60,*,,
Schulte 61,*,,
Schulte 66,*,,
Schulte 67,*,,
Schulte 69,*,,
Schulte 85,*,,
ScoPMS  45,Or*,,
StRS  20,LP*,,
StRS  30,*,,
StRS  34,*,,
StRS  52,AB?,,
StRS  54,*,,
StRS  66,*,,
StRS  79,RG*,,
StRS  80,LP*,,
StRS  81,AB?,,
StRS  84,AB?,,
StRS  86,*,,
StRS  96,*,,
StRS 103,*,,
StRS 109,*,,
StRS 112,*,,
StRS 115,*,,
StRS 121,*,,
StRS 132,*,,
StRS 141,*,,
StRS 156,*,,
StRS 192,*,,
StRS 232,*,,
StRS 242,LP?,,
StRS 248,LP*,,
StRS 283,*,,
StRS 329,cC*,,
StRS 334,*,,
StRS 343,*,,
StRS 348,*,,
StRS 392,*,,
StRS 408,*,,
StRS 413,LP*,,
StRS 415,*,,
StRS 420,*,,
StRS 427,*,,
StRS 436,*,,
StRS 445,LP*,,
Str 1904-618,ClG,,
Str 1908-566,ClG,,
TAP 13,TT*,,
TAP 44,TT*,,
TCC  32,Or*,0.00117,0.00108
TCC  47,Y*O,0.00053,0.00042
TCC  51,Y*?,,
TCC  75,Y*O,,
TCC  77,Y*O,,
TCC  78,Y*?,,
TCG ACO  1689  85,GiC,,
TCG ACO  3395  88b,EmG,,
TCG ACO  3888  53,GiC,,
TCG SER 40-6  54,GiC,,
TCG SER 40-6 106,GiC,,
TCG SER 40-6 108,GiC,,
TCG SER 40-6 113,GiC,,
TCG SER 40-6 122,GiC,,
TCG SER 40-6 277,GiC,0.051347,0.051347
TCG SER 40-6 286,GiC,,
TF  79,X,,
TF 106,X,,
TGSSADR J193147.4+181422,Rad,,
TGSSADR J194115.2+214502,Rad,,
TGSSADR J195207.6+275304,Rad,,
TGSSADR J202730.6+342503,Rad,,
TGU H1279,DNe,97.8,66.0
TGU H170,DNe,67.8,58.2
TGU H1905,DNe,73.8,67.8
TGU H416,MoC,19.8,12.0
TGU H819,DNe,28.2,31.8
TGU L13,DNe,564.0,348.0
TGU L16,DNe,126.0,84.0
THA 15-12,Or*,,
THA 15-31,Or*,,
THA 15-38,TT*,,
THA 17-14,Em*,,
THA 17-48,Be*,,
THA 20-1,WR*,,
THA 35-II-143,*,,
THA 35-II-79,Em*,,
TKRS  5853,EmG,0.0033,0.0033
TKRS  6886,EmG,,
TKRS  7437,EmG,0.0042,0.0042
TLE NGC 6522 238,Mi*,,
TMC-1,MoC,,
TS C1,Cl*,,
TS C2,Cl*,,
TXS 1913+115,Rad,,
TXS 1914+094,Rad,,
TXS 2002+310,Rad,,
TXS 2059+438,Rad,,
TXS 2127+031,Rad,,
TYC   30-901-1,PM*,,
TYC   52-921-1,*,,
TYC   66-920-1,*,,
TYC  117-895-1,*,,
TYC  447-460-1,*,,
TYC  473-2863-1,*,,
TYC  473-3046-1,*,,
TYC  473-3249-1,*,,
TYC  473-3947-1,*,,
TYC  475-1498-1,*,,
TYC  476-954-1,*,,
TYC  477-1085-1,*,,
TYC  477-1866-1,*,,
TYC  477-1878-1,*,,
TYC  477-2568-1,*,,
TYC  477-2984-1,*,,
TYC  477-3059-1,*,,
TYC  477-3083-1,*,,
TYC  477-3509-1,*,,
TYC  477-3970-1,*,,
TYC  477-510-1,*,,
TYC  486-1070-1,*,,
TYC  486-2975-1,*,,
TYC  490-1835-1,*,,
TYC  490-2375-1,*,,
TYC  490-2545-1,*,,
TYC  490-3223-1,*,,
TYC  490-3420-1,*,,
TYC  490-3483-1,*,,
TYC  490-366-1,*,,
TYC  490-3950-1,*,,
TYC  490-396-1,*,,
TYC  490-4087-1,*,,
TYC  490-4754-1,*,,
TYC  490-4811-1,*,,
TYC  490-5303-1,*,,
TYC  490-5516-1,PM*,,
TYC  490-5544-1,*,,
TYC  491-2061-1,*,,
TYC  511-1749-1,*,,
TYC  511-2110-1,*,,
TYC  568-1416-1,*,,
TYC  619-708-1,*,,
TYC  737-255-1,*,,
TYC  884-380-1,SB*,,
TYC 1042-826-1,*,,
TYC 1055-1109-1,*,,
TYC 1055-1758-1,*,,
TYC 1055-1898-1,*,,
TYC 1055-2109-1,*,,
TYC 1055-2260-1,*,,
TYC 1055-3403-1,*,,
TYC 1055-3551-1,*,,
TYC 1055-4001-1,*,,
TYC 1055-4795-1,*,,
TYC 1056-2001-1,*,,
TYC 1056-285-1,*,,
TYC 1056-2904-1,*,,
TYC 1056-3241-1,*,,
TYC 1056-3541-1,*,,
TYC 1056-3705-1,*,,
TYC 1056-520-1,*,,
TYC 1328-62-1,*,,
TYC 1600-1705-1,PM*,,
TYC 1852-711-1,*,,
TYC 2258-580-1,*,,
TYC 2341-477-1,PM*,,
TYC 2355-112-1,*,,
TYC 2416-77-1,*,,
TYC 2642-127-1,SB*,,
TYC 2656-2335-1,*,,
TYC 3161-1080-1,*,,
TYC 3161-1172-1,*,,
TYC 3161-1356-1,*,,
TYC 3161-1400-1,*,,
TYC 3184-2179-1,*,,
TYC 3253-229-1,*,,
TYC 3693-104-1,*,,
TYC 3694-480-1,*,,
TYC 3696-444-1,*,,
TYC 3697-1409-1,*,,
TYC 3697-1615-1,*,,
TYC 3697-272-1,*,,
TYC 3697-2813-1,*,,
TYC 3697-3365-1,*,,
TYC 3698-1239-1,*,,
TYC 3698-1335-1,*,,
TYC 3698-2063-1,*,,
TYC 3698-2609-1,*,,
TYC 3895-861-1,*,,
TYC 4032-640-1,*,,
TYC 4033-1533-1,*,,
TYC 4033-1578-1,*,,
TYC 4033-2353-1,*,,
TYC 4046-1054-1,*,,
TYC 4046-685-1,*,,
TYC 4050-2523-1,*,,
TYC 4050-2545-1,*,,
TYC 4050-2809-1,*,,
TYC 4282-418-1,*,,
TYC 4285-3230-1,*,,
TYC 4700-61-1,*,,
TYC 4736-1346-1,*,,
TYC 4768-103-1,*,,
TYC 4778-1159-1,*,,
TYC 4778-123-1,SB*,,
TYC 4778-796-1,Or*,,
TYC 4834-2131-1,*,,
TYC 4865-384-1,*,,
TYC 4907-716-1,*,,
TYC 5017-320-1,*,,
TYC 5267-1060-1,SB*,,
TYC 5346-261-1,*,,
TYC 5346-40-1,*,,
TYC 5402-1573-1,*,,
TYC 6266-1007-1,*,,
TYC 6266-1585-1,*,,
TYC 6266-761-1,*,,
TYC 6276-781-1,*,,
TYC 6561-2017-1,*,,
TYC 6562-2955-1,*,,
TYC 6566-259-1,*,,
TYC 7110-3427-1,*,,
TYC 7114-1044-1,*,,
TYC 7119-1358-1,*,,
TYC 7120-1348-1,*,,
TYC 7121-1167-1,*,,
TYC 7121-1950-1,*,,
TYC 7121-2320-1,EB*,,
TYC 7121-2467-1,*,,
TYC 7124-2667-1,*,,
TYC 7125-4136-1,*,,
TYC 7129-1701-1,*,,
TYC 7129-3761-1,*,,
TYC 7217-984-1,PM*,,
TYC 7218-535-1,PM*,,
TYC 7221-830-1,PM*,,
TYC 7974-225-1,*,,
TYC 7976-806-1,*,,
TYC 8126-1220-1,SB*,,
TYC 8155-2959-1,*,,
TYC 8175-1147-1,*,,
TYC 8178-428-1,Em*,,
TYC 8324-2193-1,*,,
TYC 8328-726-1,*,,
TYC 8584-2952-1,*,,
TYC 8627-2436-1,*,,
TYC 8627-310-1,*,,
TYC 8627-615-1,*,,
TYC 8715-1246-1,*,,
TYC 8957-2545-1,*,,
TYC 8958-1200-1,*,,
TYC 8958-4397-1,*,,
TYC 8988-951-1,Em*,,
TYC 8989-1186-1,*,,
TYC 8989-400-1,*,,
TYC 8992-495-1,*,,
TYC 8993-451-1,*,,
TYC 8994-964-1,*,,
TYC 8997-1033-1,EB*,,
Ton  1057,Sy1,,
Ton  1078,QSO,,
Ton  109,HS*,,
Ton  1100,HS*,,
Ton  1169,QSO,,
Ton  117,HB*,,
Ton  1176,HB*,,
Ton  126,HS*,,
Ton  1323,WD*,,
Ton  1343,WD*,,
Ton  1388,Sy1,,
Ton  139,HS*,,
Ton  1398,QSO,,
Ton  1399,QSO,,
Ton  1494,Sy1,,
Ton  151,AGN,0.26,0.19
Ton  152,WD*,,
Ton  153,QSO,,
Ton  155,QSO,,
Ton  1581,QSO,,
Ton  182,Sy1,0.28,0.23
Ton  199,HS*,,
Ton  202,Sy1,,
Ton  209,HS*,,
Ton  22,HS*,,
Ton  245,HS*,,
Ton  256,Sy1,0.023766667,0.023766667
Ton  28,Sy1,,
Ton  374,blu,,
Ton  443,WD*,,
Ton  469,Bla,1.1e-05,5.1666666e-06
Ton  54,HS*,,
Ton  57,WD*,,
Ton  599,Bla,1.12e-05,5.5e-06
Ton  60,WD*,,
Ton  616,Sy1,,
Ton  618,Bla,,
Ton  63,HS*,,
Ton  662,WD*,,
Ton  676,WD*,,
Ton  677,*,,
Ton  684,*,,
Ton  699,*,,
Ton  708,HS*,,
Ton  72,WD*,,
Ton  788,HS*,,
Ton  803,HS*,,
Ton  807,WD*,,
Ton  89,HB*,,
Ton  909,*,,
Ton  951,Sy1,,
Ton S 137,HS*,,
Ton S 140,HS*,,
Ton S 150,HB*,,
Ton S 154,HS*,,
Ton S 162,*,,
Ton S 189,*,,
Ton S 191,HS*,,
Ton S 203,HB*,,
Ton S 573,WD*,,
Trimble 28,*,,
Triton 136,*,,
Triton 139,*,,
Triton 147,*,,
Triton 148,*,,
Triton 157,*,,
Triton 161,*,,
Triton 181,*,,
Triton 183,*,,
Triton 185,*,,
Triton 187,*,,
Triton 191,*,,
Triton 192,*,,
Triton 201,*,,
Triton 202,*,,
UCAC2   1162293,*,,
UCAC2   3939610,*,,
UCAC2   5565758,*,,
UCAC2   5811283,Em*,,
UCAC2   5911156,*,,
UCAC2   6157665,*,,
UCAC2   8008259,Be*,,
UCAC2   8606324,*,,
UCAC2  16279663,*,,
UCAC2  16960047,*,,
UCAC2  20056019,Pe*,,
UCAC2  20060775,*,,
UCAC2  20298286,*,,
UCAC2  20298301,*,,
UCAC2  20298308,*,,
UCAC2  20298375,*,,
UCAC2  20298436,*,,
UCAC2  20298468,*,,
UCAC2  20298519,*,,
UCAC2  20298520,*,,
UCAC2  20298525,*,,
UCAC2  20298681,*,,
UCAC2  20298780,*,,
UCAC2  20533882,*,,
UCAC2  20533894,*,,
UCAC2  20533895,*,,
UCAC2  20533919,PM*,,
UCAC2  20533927,*,,
UCAC2  20534077,*,,
UCAC2  20765392,*,,
UCAC2  20765436,*,,
UCAC2  21709796,Y*O,,
UCAC2  31483580,V*,,
UCAC2  31649185,*,,
UCAC2  31684013,*,,
UCAC2  31802799,*,,
UCAC2  35156684,Y*O,,
UCAC3 15-9522,*,,
UCAC3 58-104834,PM*,,
UCAC3 73-7870,*,,
UCAC4 055-003996,SB*,,
UCAC4 111-009678,Em*,0.0666667,0.0666667
UCAC4 129-041992,*,,
UCAC4 145-125606,*,,
UCAC4 274-128180,*,,
UCAC4 277-137085,*,,
UCAC4 284-030330,*,,
UCAC4 292-029407,*,,
UCAC4 292-065417,PM*,,
UCAC4 293-029222,*,,
UCAC4 293-031979,*,,
UCAC4 308-000790,*,,
UCAC4 311-000774,*,,
UCAC4 311-000881,*,,
UCAC4 311-000967,*,,
UCAC4 311-001057,*,,
UCAC4 313-000824,*,,
UCAC4 315-001151,*,,
UCAC4 407-007021,*,,
UCAC4 495-146301,**,,
UCAC4 655-002819,*,,
UCAC4 662-103474,*,,
UCM 0012+2109,EmG,,
UCM 0045+2256,EmG,,
UCM 0138+2047,*,,
UCM 1325+2955,*,,
UCM 1437+2148,EmG,,
UCM 2239+2402,*,,
UCM 2241+2431,G,,
UCM 2253+2453,*,,
UCM 2302+2053,EmG,,
UGC    12,G,0.828807,0.545603
UGC   102,GiG,1.53738,1.0262
UGC   105,GiG,1.02801,0.937336
UGC   164,AG?,1.46764,0.519543
UGC   166,AG?,1.24586,0.603619
UGC   191,AG?,1.26923,0.914229
UGC   207,LSB,1.03688,0.295408
UGC   248,G,1.13237,0.452269
UGC   270,AG?,0.384617,0.31704
UGC   284,AG?,1.09601,0.719857
UGC   334,LSB,0.780347,0.5265
UGC   453,AG?,0.69395,0.202286
UGC   467,AG?,0.414067,0.202603
UGC   480,GiP,0.903,0.723
UGC   560,AG?,0.286703,0.182745
UGC   568,LIN,0.91234,0.656429
UGC   637,LSB,0.76302,0.360908
UGC   673,GiG,1.01924,0.340833
UGC   675,LSB,0.394693,0.378787
UGC   743,GiG,1.37735,0.799689
UGC   749,H2G,0.9977,0.397484
UGC   800,AG?,0.76377,0.612696
UGC   807,EmG,0.597,0.274
UGC   873,G,0.590927,0.556476
UGC   891,AG?,1.80204,0.600801
UGC   996,GiG,0.987233,0.322529
UGC  1033,AG?,2.2707,0.383067
UGC  1062,GiG,1.97776,0.948334
UGC  1066,GiC,0.57187,0.169559
UGC  1073,AG?,1.22266,0.725647
UGC  1098,AGN,0.831347,0.536801
UGC  1171,GiP,0.58471,0.356322
UGC  1311,AG?,0.667977,0.480208
UGC  1513,G,0.614517,0.586863
UGC  1641,AG?,1.0066,0.861848
UGC  1729,AG?,0.243,0.146
UGC  1810,IG,1.2,0.504
UGC  1815,AG?,0.730217,0.466681
UGC  1837,GiG,0.703,0.464
UGC  1840,IG,1.513,0.666
UGC  1841,Sy1,3.0,3.0
UGC  1895,G,0.524303,0.340116
UGC  1909,GiG,0.9291,0.563128
UGC  1945,LSB,2.09844,0.841893
UGC  1975,AG?,0.697,0.209
UGC  2011,G,1.38735,0.718094
UGC  2017,AG?,0.401173,0.198902
UGC  2100,AG?,0.69,0.51
UGC  2134,GiG,1.93767,0.887451
UGC  2140 B,G,1.9,1.0
UGC  2225,GiP,0.923,0.277
UGC  2252,rG,1.12147,0.946521
UGC  2275,AG?,1.22271,0.73815
UGC  2411,AG?,1.52,0.182
UGC  2414,G,1.4672,0.281262
UGC  2463,GiC,0.61,0.378
UGC  2488,AG?,0.98,0.98
UGC  2596,LSB,0.993,0.437
UGC  2627,GiP,0.937,0.768
UGC  2812,Sy2,0.734807,0.659709
UGC  2885,AG?,5.5,2.5
UGC  2936,Sy2,2.51,0.65
UGC  2939,GiG,0.717,0.444
UGC  2946,G,0.6,0.32
UGC  2989,bCG,1.233,0.543
UGC  2994,LSB,0.633,0.393
UGC  3014,AG?,0.68,0.354
UGC  3031,EmG,0.544517,0.328834
UGC  3080,GiG,1.5892,1.31888
UGC  3094,AGN,1.03,0.309
UGC  3115,AG?,1.26,0.605
UGC  3139,AG?,0.587,0.446
UGC  3174,GiC,0.757613,0.569346
UGC  3180,GiC,0.727,0.538
UGC  3187,GiC,0.67,0.295
UGC  3192,GiC,0.653,0.51
UGC  3207,GiG,1.11,0.444
UGC  3211,GiC,0.377,0.188
UGC  3237,GiC,0.78,0.187
UGC  3240,GiC,0.71,0.213
UGC  3251,AG?,0.607,0.364
UGC  3255,Sy2,1.103,0.309
UGC  3261,GiG,0.67,0.482
UGC  3277,AG?,1.027,0.37
UGC  3291,GiC,0.513,0.216
UGC  3295,GiG,0.963,0.328
UGC  3329,AG?,1.323,0.556
UGC  3341,AG?,0.69,0.621
UGC  3342,GiG,1.193,0.263
UGC  3349,GiG,0.763,0.519
UGC  3374,Sy1,1.403,0.674
UGC  3407,AG?,0.737,0.471
UGC  3418,G,0.637,0.446
UGC  3439,GiP,2.18475,1.16425
UGC  3477,AG?,1.50826,0.380232
UGC  3479,GiG,0.63,0.277
UGC  3481,AG?,0.80872,0.275369
UGC  3487,AG?,1.18355,0.616985
UGC  3504,GiG,2.74846,1.74582
UGC  3536,GiG,0.92,0.552
UGC  3536 A,GiP,0.93,0.26
UGC  3552,AG?,0.733,0.367
UGC  3571,G,0.907,0.399
UGC  3576,GiG,1.33807,0.754002
UGC  3596,GiG,1.37007,1.12839
UGC  3602,LSB,1.05,0.95
UGC  3612,GiG,1.00742,0.600223
UGC  3622,AG?,1.48676,0.382544
UGC  3649,GiP,0.9,0.468
UGC  3687,rG,0.798157,0.673245
UGC  3688,GiG,0.78,0.281
UGC  3694,AG?,0.95685,0.431826
UGC  3728,G,1.6073,0.788704
UGC  3730,IG,2.818,1.148
UGC  3737,G,0.403,0.226
UGC  3745,G,0.627,0.451
UGC  3753,AG?,0.723,0.333
UGC  3769,G,0.633,0.266
UGC  3779,GiG,1.84198,0.299505
UGC  3780,GiG,1.1515,0.400261
UGC  3786,AG?,1.00635,0.224719
UGC  3790,PaG,0.925183,0.307623
UGC  3833,AG?,0.583733,0.546666
UGC  3843,AG?,0.87587,0.266615
UGC  3860,AG?,0.992643,0.577321
UGC  3873,AG?,1.83611,0.537429
UGC  3892,G,0.9,0.216
UGC  3913,LSB,0.98621,0.296948
UGC  3920,GiG,1.38433,0.91241
UGC  3962,G,2.13068,0.833734
UGC  3969,G,1.57185,0.30211
UGC  3974,G,3.72,3.09
UGC  3986,AG?,0.940027,0.131228
UGC  4005,GiP,1.197,0.263
UGC  4034,AG?,0.85282,0.260792
UGC  4038,G,1.39678,0.634137
UGC  4055,AG?,0.941643,0.661034
UGC  4099,GiG,1.37699,1.05615
UGC  4121,AG?,1.30679,0.314284
UGC  4133,GiP,2.05543,0.291666
UGC  4135,AG?,1.26116,0.267241
UGC  4154,LSB,1.26563,0.529791
UGC  4157,AG?,0.63051,0.498292
UGC  4176,AG?,1.20342,0.426854
UGC  4179,AG?,0.732307,0.447952
UGC  4301,AG?,1.66527,0.681427
UGC  4305,IG,3.84356,2.78543
UGC  4399,GiG,0.894263,0.323187
UGC  4425,AG?,1.25464,0.469235
UGC  4434,AG?,0.949993,0.324043
UGC  4457,AGN,0.865957,0.515504
UGC  4459,GiG,1.5,1.3
UGC  4556,AG?,0.871497,0.383023
UGC  4559,AG?,1.95923,0.416729
UGC  4610,PaG,0.81197,0.33445
UGC  4653,IG,0.937547,0.527839
UGC  4720,AG?,0.876833,0.328637
UGC  4745,AG?,1.24508,0.302056
UGC  4764,H2G,0.743303,0.497419
UGC  4777,EmG,1.58243,0.362059
UGC  4807,AG?,0.9432,0.851049
UGC  4824,LSB,3.05056,0.783385
UGC  4839,G,1.26755,0.284311
UGC  4881,IG,0.69,0.41
UGC  4925,AG?,1.27419,0.203742
UGC  4991,GiG,0.84,0.487
UGC  5005,LSB,0.469867,0.429035
UGC  5044,IG,1.04298,0.69421
UGC  5119,Sy2,0.776,0.671162
UGC  5139,LSB,3.6,3.0
UGC  5146,G,0.62,0.55
UGC  5173,LIN,2.4159,0.344265
UGC  5283,EmG,0.751077,0.607921
UGC  5336,AG?,2.5,2.0
UGC  5339,GiP,0.93701,0.510577
UGC  5389,G,2.34426,0.287172
UGC  5391,AG?,1.06645,0.608623
UGC  5417,G,0.90648,0.412811
UGC  5437,EmG,0.587903,0.280959
UGC  5481,GiG,1.99317,0.662929
UGC  5524,LSB,1.91538,0.33883
UGC  5574,AG?,1.1364,0.293304
UGC  5597,AG?,1.17361,0.279319
UGC  5656,AG?,1.37101,0.710732
UGC  5764,AG?,0.796417,0.282648
UGC  5904,Sy2,2.76336,0.463415
UGC  5984,Sy2,1.2924,0.892917
UGC  5990,GiG,1.23664,0.332655
UGC  5999,LSB,0.569527,0.34519
UGC  6016,AG?,1.07929,0.345806
UGC  6063,AGN,1.57743,0.273684
UGC  6175,IG,0.49,0.255
UGC  6181,GiG,0.87465,0.723073
UGC  6193,GiG,0.88191,0.367845
UGC  6207,EmG,1.48194,0.333882
UGC  6344,LSB,0.48449,0.23895
UGC  6421,GiC,0.72666,0.462955
UGC  6456,bCG,1.00799,0.590178
UGC  6472 C,G,,
UGC  6606,Sy2,0.833053,0.540568
UGC  6614,LIN,1.0247,0.972034
UGC  6628,AG?,1.95835,1.40394
UGC  6674,EmG,1.18259,0.605957
UGC  6684,EmG,0.968173,0.450104
UGC  6697,GiC,1.74493,0.328745
UGC  6719,Sy2,1.10161,0.820587
UGC  6740,GiC,0.854593,0.510449
UGC  6762,GiG,0.9106,0.860517
UGC  6816,GiC,1.07529,0.765609
UGC  6865,IG,1.80607,0.522316
UGC  6883,EmG,0.740593,0.659572
UGC  6892,G,1.02465,0.308932
UGC  6901,SBG,1.00353,0.6816
UGC  6908,G,0.548927,0.317499
UGC  6923,GiC,1.66944,0.90517
UGC  6940,AG?,0.701593,0.22893
UGC  6956,AG?,0.94494,0.436562
UGC  6969,LSB,1.38348,0.419472
UGC  6983,GiC,2.26458,1.41513
UGC  7064,Sy2,0.964747,0.892391
UGC  7089,GiP,3.22201,0.732363
UGC  7143,GiG,1.25856,0.571891
UGC  7188,LSB,0.527913,0.443236
UGC  7223,AG?,0.686773,0.627093
UGC  7230,IG,0.752633,0.36307
UGC  7257,AG?,1.38254,0.771044
UGC  7266,BiC,0.94041,0.481866
UGC  7321,EmG,5.24461,0.384954
UGC  7342,Sy2,0.55528,0.45061
UGC  7374,GiG,0.98993,0.651275
UGC  7391,AG?,0.961813,0.234971
UGC  7421,GiC,0.809333,0.227989
UGC  7559,GiP,0.118937,0.0806391
UGC  7576,GiC,0.54828,0.417844
UGC  7636,LSB,0.5,0.5
UGC  7642,LSB,0.829703,0.510102
UGC  7658,GiG,1.20753,0.975445
UGC  7688,LSB,1.21757,0.935335
UGC  7739,GiP,1.10965,0.825138
UGC  7774,LSB,3.11972,0.519745
UGC  7795,LSB,0.660143,0.386184
UGC  7891,GiC,0.463667,0.173504
UGC  7950,bCG,1.21088,1.0066
UGC  8017,GiC,1.24917,0.426467
UGC  8024,GiC,1.22983,0.585522
UGC  8091,H2G,0.78466666,0.78466666
UGC  8195,SBG,1.2677,0.164548
UGC  8229,EmG,1.36039,0.854733
UGC  8259,SBG,1.7473,0.75169
UGC  8315,EmG,1.1,0.35
UGC  8320,AG?,2.99175,1.26102
UGC  8333,GiC,1.11543,0.335968
UGC  8335 E,AGN,0.97363,0.288194
UGC  8335 W,GiG,0.39,0.172
UGC  8392,GiG,1.09309,0.694331
UGC  8636,SBG,0.734917,0.712869
UGC  8833,AG?,0.777573,0.570583
UGC  8837,AG?,2.80025,0.867796
UGC  8842,EmG,1.1772,0.403426
UGC  9236,EmG,1.21881,0.369788
UGC  9240,AG?,1.60476,1.3159
UGC  9469,LSB,0.81444,0.724444
UGC  9503,IG,0.775263,0.346853
UGC  9521,LIN,1.49821,0.906115
UGC  9562,GiP,0.866577,0.714059
UGC  9580,GiP,1.04258,0.224362
UGC  9618,IG,,
UGC  9634,LIN,0.783587,0.338901
UGC  9672,AG?,0.516717,0.320468
UGC  9799,Sy2,1.98739,1.31366
UGC  9826,Sy2,0.80755,0.553414
UGC  9843,GiG,0.780067,0.434419
UGC  9894,LIN,0.715517,0.621068
UGC 10049,GiG,0.682073,0.417429
UGC 10288,AG?,4.70101,0.649679
UGC 10310,AG?,1.72063,1.06404
UGC 10404,Sy2,1.25738,0.957246
UGC 10491,IG,1.00316,0.387923
UGC 10493,rG,1.38126,0.984422
UGC 10578,GiG,1.507,0.271
UGC 10669,G,0.281683,0.185883
UGC 10672,G,1.54613,0.388543
UGC 10677,G,1.03948,0.928461
UGC 10683,Sy1,0.553,0.454
UGC 10699,AG?,0.836287,0.653725
UGC 10703,G,0.781257,0.626412
UGC 10708,AGN,1.38659,0.457574
UGC 10720,G,0.74132,0.493126
UGC 10797,G,1.19053,0.460139
UGC 10798,AG?,0.943377,0.242731
UGC 10805,AG?,0.92759,0.640037
UGC 10812,G,0.77568,0.497599
UGC 10824,GiG,0.743,0.268
UGC 10926,EmG,1.07681,0.480797
UGC 10929,G,1.04561,0.807106
UGC 10941,G,1.12166,0.585729
UGC 10943,GiG,0.887,0.355
UGC 10976,GiP,1.08582,0.513484
UGC 10979,AG?,1.10562,0.834635
UGC 11017,AG?,0.80894,0.623046
UGC 11024,GiG,1.79002,0.489033
UGC 11039,AG?,0.826507,0.635914
UGC 11055,GiP,0.843,0.54
UGC 11073,AG?,0.66,0.356
UGC 11099,AG?,1.50984,0.537804
UGC 11105,AG?,0.34,0.238
UGC 11127,G,0.67571,0.400223
UGC 11129,G,1.25281,0.778246
UGC 11162,AG?,1.08353,0.644698
UGC 11185,Sy2,0.437,0.314
UGC 11219,G,0.34,0.279
UGC 11237,AG?,0.52,0.343
UGC 11246,GiG,1.027,0.411
UGC 11261,AG?,0.76,0.49
UGC 11262,AG?,1.27494,0.493784
UGC 11281,GiG,1.26108,0.550337
UGC 11333,AG?,0.603,0.169
UGC 11346,AG?,0.673,0.189
UGC 11370,AG?,0.757,0.333
UGC 11467,AG?,0.51,0.296
UGC 11501,G,0.133,0.133
UGC 11615,AG?,0.27,0.135
UGC 11657,EmG,0.618807,0.519859
UGC 11707,AG?,1.02,0.58
UGC 11820,LSB,0.703127,0.596884
UGC 11967,AG?,0.787,0.157
UGC 11988,AG?,0.503823,0.227829
UGC 12064,SyG,0.697,0.585
UGC 12078,G,0.91718,0.270385
UGC 12144,AG?,0.78429,0.481476
UGC 12218,GiG,1.06475,0.592642
UGC 12237,Sy2,1.69894,0.365102
UGC 12323,AG?,1.03159,0.912029
UGC 12385,G,0.91204,0.728264
UGC 12446,LSB,0.69659,0.649501
UGC 12477,BiC,0.3,0.2
UGC 12522,GiP,0.776183,0.741643
UGC 12545,GiG,1.10481,0.481034
UGC 12625,GiG,1.65875,0.331917
UGC 12635,LSB,0.921513,0.890735
UGC 12644,AG?,1.54928,0.345334
UGC 12650,GiG,1.32264,0.294684
UGC 12658,G,0.562827,0.2795
UGC 12665,AG?,1.07109,0.599809
UGC 12682,EmG,1.37776,0.821147
UGC 12755,GiG,1.39481,0.738411
UGC 12776,AG?,1.70164,1.12002
UGC 12798,GiG,1.77077,0.436494
UGC 12915,GiP,0.903,0.343
UGCA  39,GiG,,
UGCA 116,AGN,0.653,0.287
UGCA 201,SBG,0.788637,0.622077
UGCA 259,AG?,0.0612567,0.0296727
UGCA 283,GiG,0.5224,0.475123
UKS 1243-33.6,G,,
UKS 1334-27.8,G,,
UM 127,EmO,,
UM 218,EmO,,
UM 235,G,0.23,0.2
UM 257,G,0.17,0.126
UM 323A,EmO,,
UM 439A,EmO,,
UM 681,QSO,,
US   11,*,,
US   12,**,,
US   14,*,,
US   17,blu,,
US   36,*,,
US   37,*,,
US   43,*,,
US   48,*,,
US   82,*,,
US  101,*,,
US  104,Sy1,0.16,0.16
US  117,*,,
US  118,*,,
US  127,*,,
US  151,QSO,,
US  152,*,,
US  156,QSO,,
US  180,Sy1,,
US  210,*,,
US  228,*,,
US  238,*,,
US  241,QSO,,
US  252,*,,
US  265,*,,
US  274,*,,
US  282,*,,
US  286,Pe*,,
US  302,QSO,,
US  320,QSO,,
US  328,QSO,,
US  348,*,,
US  367,QSO,,
US  371,BLL,1.1e-05,5e-06
US  402,*,,
US  407,QSO,,
US  410,*,,
US  437,*,,
US  451,blu,,
US  452,QSO,,
US  461,G,,
US  485,Sy1,,
US  487,Sy1,,
US  496,*,,
US  542,QSO,,
US  551,PM*,,
US  554,G,,
US  555,blu,,
US  559,QSO,,
US  563,*,,
US  579,*,,
US  594,*,,
US  596,QSO,,
US  610,QSO,,
US  615,*,,
US  621,QSO,,
US  626,QSO,,
US  642,*,,
US  651,QSO,,
US  656,Sy1,,
US  661,QSO,,
US  668,G,,
US  678,QSO,,
US  689,*,,
US  696,*,,
US  705,*,,
US  714,*,,
US  719,HS*,,
US  725,QSO,,
US  735,Sy1,,
US  737,QSO,,
US  742,*,,
US  751,QSO,,
US  753,*,,
US  763,QSO,,
US  767,*,,
US  796,QSO,,
US  798,*,,
US  806,*,,
US  820,*,,
US  836,QSO,,
US  839,*,,
US  842,QSO,,
US  855,*,,
US  863,*,,
US  868,*,,
US  869,*,,
US  877,*,,
US  889,QSO,,
US  898,QSO,,
US  922,QSO,,
US  932,*,,
US  933,*,,
US  939,Sy1,,
US  944,*,,
US  955,*,,
US  962,QSO,,
US  977,Pe*,,
US  981,QSO,,
US  984,QSO,,
US  994,*,,
US 1007,G,,
US 1010,QSO,,
US 1017,*,,
US 1022,QSO,,
US 1026,*,,
US 1028,*,,
US 1030,*,,
US 1040,*,,
US 1067,WD*,,
US 1070,EB*,,
US 1083,*,,
US 1084,*,,
US 1085,G,,
US 1086,*,,
US 1088,WD*,,
US 1089,*,,
US 1127,QSO,,
US 1134,*,,
US 1139,Bla,1.4e-05,5e-06
US 1147,QSO,,
US 1152,QSO,,
US 1156,QSO,,
US 1164,QSO,,
US 1172,QSO,,
US 1183,QSO,,
US 1194,*,,
US 1197,blu,,
US 1226,*,,
US 1227,QSO,,
US 1228,blu,,
US 1231,WD*,,
US 1232,*,,
US 1233,Sy1,,
US 1254,QSO,,
US 1257,blu,,
US 1258,blu,,
US 1266,QSO,,
US 1280,*,,
US 1297,*,,
US 1313,QSO,,
US 1317,G,,
US 1323,*,,
US 1331,blu,,
US 1342,*,,
US 1347,blu,,
US 1348,*,,
US 1354,blu,,
US 1356,QSO,,
US 1357,*,,
US 1363,QSO,,
US 1366,**,,
US 1372,AGN,,
US 1400,*,,
US 1409,QSO,,
US 1420,QSO,,
US 1421,*,,
US 1430,HB*,,
US 1432,Sy1,,
US 1438,QSO,,
US 1439,*,,
US 1455,*,,
US 1465,WD*,,
US 1476,QSO,,
US 1480,*,,
US 1486,PoG,,
US 1489,*,,
US 1493,G,,
US 1503,*,,
US 1523,Sy1,,
US 1530,*,,
US 1551,QSO,,
US 1556,QSO,,
US 1586,*,,
US 1591,*,,
US 1605,QSO,,
US 1614,*,,
US 1618,QSO,,
US 1625,Sy1,,
US 1636,blu,,
US 1639,WD*,,
US 1649,*,,
US 1659,QSO,,
US 1672,QSO,,
US 1693,QSO,,
US 1706,WD*,,
US 1715,*,,
US 1729,*,,
US 1738,*,,
US 1742,Sy1,,
US 1745,*,,
US 1754,WD*,,
US 1755,G,,
US 1769,*,,
US 1785,*,,
US 1788,*,,
US 1791,blu,,
US 1811,*,,
US 1815,*,,
US 1817,QSO,,
US 1820,*,,
US 1831,*,,
US 1833,blu,,
US 1837,QSO,,
US 1841,*,,
US 1844,QSO,,
US 1885,QSO,,
US 1891,*,,
US 1901,QSO,,
US 1905,blu,,
US 1914,*,,
US 1936,QSO,,
US 1937,*,,
US 1961,QSO,,
US 1964,QSO,,
US 1969,*,,
US 1972,QSO,,
US 1974,*,,
US 1987,*,,
US 1990,WD*,,
US 2025,RR*,,
US 2029,WD*,,
US 2039,WD*,,
US 2047,*,,
US 2056,*,,
US 2069,blu,,
US 2073,WD*,,
US 2082,blu,,
US 2089,WD*,,
US 2104,*,,
US 2105,*,,
US 2110,QSO,,
US 2112,WD?,,
US 2114,*,,
US 2126,blu,,
US 2133,QSO,,
US 2145,*,,
US 2154,blu,,
US 2156,QSO,,
US 2160,*,,
US 2168,blu,,
US 2183,*,,
US 2215,*,,
US 2221,*,,
US 2228,*,,
US 2243,WD*,,
US 2256,*,,
US 2260,*,,
US 2294,*,,
US 2302,*,,
US 2311,HS?,,
US 2324,*,,
US 2326,QSO,,
US 2336,QSO,,
US 2343,WD*,,
US 2344,WD*,,
US 2349,WD*,,
US 2352,QSO,,
US 2356,blu,,
US 2357,blu,,
US 2367,*,,
US 2369,*,,
US 2380,*,,
US 2385,blu,,
US 2388,QSO,,
US 2405,*,,
US 2409,*,,
US 2421,QSO,,
US 2430,*,,
US 2434,*,,
US 2459,*,,
US 2492,*,,
US 2498,*,,
US 2508,G,,
US 2517,*,,
US 2521,*,,
US 2524,*,,
US 2533,*,,
US 2545,*,,
US 2547,*,,
US 2567,*,,
US 2570,blu,,
US 2581,QSO,,
US 2607,*,,
US 2638,*,,
US 2641,*,,
US 2653,QSO,,
US 2654,QSO,,
US 2691,*,,
US 2715,*,,
US 2716,*,,
US 2730,QSO,,
US 2742,*,,
US 2759,QSO,,
US 2761,QSO,,
US 2773,*,,
US 2794,QSO,,
US 2798,*,,
US 2799,QSO,,
US 2812,RR*,,
US 2826,blu,,
US 2837,blu,,
US 2844,QSO,,
US 2848,QSO,,
US 2850,*,,
US 2854,*,,
US 2866,Sy1,,
US 2886,QSO,,
US 2893,*,,
US 2894,G,,
US 2897,QSO,,
US 2899,*,,
US 2916,*,,
US 2919,*,,
US 2923,*,,
US 2927,EmG,,
US 2937,WD*,,
US 2944,*,,
US 2975,*,,
US 2982,*,,
US 2990,*,,
US 3007,blu,,
US 3016,QSO,,
US 3023,WD*,,
US 3026,QSO,,
US 3029,QSO,,
US 3038,blu,,
US 3041,*,,
US 3042,*,,
US 3058,*,,
US 3059,HB*,,
US 3088,WD*,,
US 3090,BS*,,
US 3099,Sy1,,
US 3107,*,,
US 3117,AGN,,
US 3130,blu,,
US 3138,*,,
US 3151,*,,
US 3160,*,,
US 3163,QSO,,
US 3164,*,,
US 3169,*,,
US 3186,QSO,,
US 3207,Q?,,
US 3214,*,,
US 3215,Sy1,,
US 3223,*,,
US 3238,*,,
US 3240,*,,
US 3241,**,,
US 3259,HB*,,
US 3261,*,,
US 3287,*,,
US 3316,*,,
US 3337,*,,
US 3353,*,,
US 3361,*,,
US 3362,*,,
US 3374,QSO,,
US 3385,*,,
US 3393,*,,
US 3399,*,,
US 3405,*,,
US 3413,*,,
US 3422,blu,,
US 3435,blu,,
US 3437,QSO,,
US 3443,Pe*,,
US 3455,*,,
US 3461,QSO,,
US 3475,Q?,,
US 3479,PM*,,
US 3501,*,,
US 3506,QSO,,
US 3508,*,,
US 3510,*,,
US 3512,*,,
US 3525,BLL,,
US 3546,Q?,,
US 3547,Pe*,,
US 3554,*,,
US 3562,*,,
US 3570,*,,
US 3573,*,,
US 3600,*,,
US 3603,*,,
US 3607,*,,
US 3612,*,,
US 3614,Pe*,,
US 3629,*,,
US 3638,*,,
US 3639,HB*,,
US 3646,QSO,,
US 3655,*,,
US 3672,G,,
US 3674,WD*,,
US 3675,*,,
US 3676,AGN,,
US 3683,*,,
US 3685,WD*,,
US 3704,WD*,,
US 3711,HS?,,
US 3740,*,,
US 3758,*,,
US 3764,*,,
US 3770,AGN,,
US 3779,*,,
US 3780,*,,
US 3786,*,,
US 3797,WD*,,
US 3805,AGN,,
US 3817,*,,
US 3827,*,,
US 3835,*,,
US 3843,*,,
US 3844,*,,
US 3848,*,,
US 3872,*,,
US 3874,*,,
US 3875,*,,
US 3877,*,,
US 3878,WD*,,
US 3880,QSO,,
US 3886,*,,
US 3887,*,,
US 3894,*,,
US 3904,*,,
US 3919,*,,
US 3921,*,,
US 3942,*,,
US 3944,*,,
USNO-A2.0 0975-01838431,Em*,,
USNO-A2.0 1200-03588518,*,,
V* AA CVn,RR*,,
V* AA Gem,cC*,,
V* AB Aur,Ae*,,
V* AB CVn,EB*,,
V* AB Cru,SB*,,
V* AB Dor,TT*,,
V* AC And,RR*,,
V* AC Her,pA*,,
V* AC Ori,Or*,,
V* AD Leo,PM*,,
V* AD Per,s*r,,
V* AE Aqr,CV*,,
V* AE Aur,Or*,,
V* AE Ori,Or*,,
V* AF Ori,Or*,,
V* AG Dor,RS*,,
V* AH Her,CV*,,
V* AI Cyg,AB*,,
V* AI Hyi,cC*,,
V* AI Ori,Or*,,
V* AI Tri,CV*,,
V* AK CVn,RR*,,
V* AK UMa,RR*,,
V* AM Her,CV*,,
V* AM Ori,TT*,,
V* AM Scl,C*,,
V* AN Ori,TT*,,
V* AN UMa,CV*,,
V* AO Cas,SB*,,
V* AP Her,WV*,,
V* AQ Leo,RR*,,
V* AR And,CV*,,
V* AR Lac,RS*,,
V* AR UMa,CV*,,
V* AT And,RR*,0.0033,0.0
V* AT CVn,RR*,,
V* AT Mic,**,,
V* AT Mic B,PM*,,
V* AU Scl,dS*,,
V* AV Cyg,RV*,,
V* AV Ser,RR*,,
V* AX Ori,TT*,,
V* AX Per,Sy*,,
V* AX Sgr,s*r,,
V* AY Cen,cC*,,
V* BB Lyn,RR*,,
V* BC Dor,CV*,,
V* BC Lyn,RR*,,
V* BD Cam,Sy*,,
V* BE CMa,C*,,
V* BE UMa,CV*,,
V* BF Lyn,BY*,,
V* BF Ori,Ae*,,
V* BF Sge,C*,0.0033,0.0
V* BG And,S*,,
V* BG Ari,CV*,,
V* BH CVn,RS*,,
V* BK Cen,cC*,,
V* BK Nor,C*,,
V* BL Her,WV*,,
V* BL Ori,C*,,
V* BL Tel,SB*,,
V* BM And,Or*,,
V* BN Vul,RR*,,
V* BP Cru,HXB,,
V* BP Tau,Or*,,
V* BQ Mon,AB*,,
V* BR CVn,LP*,,
V* BR Cir,HXB,,
V* BR Cnc,dS*,,
V* BT Mon,No*,,
V* BT Ori,Or*,,
V* BU Ari,Or*,,
V* BU Cru,EB*,,
V* BW Ari,BY*,,
V* BX Scl,SX*,,
V* BZ Car,s*r,,
V* CC And,dS*,,
V* CC Cet,CV*,,
V* CD Ori,Or*,,
V* CD Tau,SB*,,
V* CE Cas B,cC*,,
V* CE Vul,RR*,,
V* CF Cas,cC*,,
V* CF Tuc,RS*,,
V* CG Com,RR*,,
V* CH Cyg,Sy*,,
V* CI Cam,HXB,,
V* CI Cyg,Sy*,,
V* CI Per,cC*,,
V* CI Tau,Or*,,
V* CK Vul,CV*,,
V* CL Gem,Mi*,,
V* CM Cyg,S*,,
V* CM Tau,Psr,,
V* CO Ori,Or*,,
V* CO Ser,RR*,,
V* CP Pup,No*,,
V* CP Ser,LP*,,
V* CR Boo,CV*,,
V* CR Cam,Be*,,
V* CS Cet,PM*,,
V* CS Vel,cC*,,
V* CU Cam,EB*,,
V* CU Cru,EB*,,
V* CU Vir,a2*,,
V* CW Cha,Or*,,
V* CX Tau,Or*,,
V* CY Tau,Or*,,
V* CZ Ori,CV*,,
V* CZ Tau,Or*,,
V* DD Tau,Or*,,
V* DF Cyg,RV*,,
V* DF Tau,TT*,,
V* DG CrA,Or*,,
V* DG Tau,TT*,,
V* DI Cep,Or*,,
V* DI Tau,Or*,,
V* DK Cha,TT*,,
V* DK Lac,No*,,
V* DK Tau,Or*,,
V* DK Tau A,Or*,,
V* DK Vir,dS*,,
V* DL Ori,Or*,,
V* DL Tau,Or*,,
V* DM Gem,No*,,
V* DM UMa,RS*,,
V* DN Cas,SB*,,
V* DN Dra,WD*,,
V* DN Gem,No*,,
V* DO Tau,Or*,,
V* DP Leo,CV*,,
V* DQ Her,CV*,,
V* DQ Tau,Or*,,
V* DR Tau,Or*,,
V* DT Lyn,HS*,,
V* DV UMa,CV*,,
V* DX Del,RR*,,
V* DY Aql,RV*,,
V* EF Eri,CV*,,
V* EG Com,RR*,,
V* EH Aql,Mi*,,
V* EH Cru,Pu*,,
V* EI Eri,RS*,,
V* EK Dra,BY*,,
V* EM Aqr,dS*,,
V* EM Cyg,CV*,,
V* EO Com,RR*,,
V* EO Psc,RS*,,
V* EP Aqr,AB*,,
V* EP Lyr,RV*,,
V* EP Vul,S*,,
V* ER Cep,EB*,,
V* ET And,a2*,,
V* ET Boo,**,0.0033,0.0
V* ET Peg,RR*,,
V* EU Del,LP*,,
V* EU Ser,Ae*,,
V* EU UMa,CV*,,
V* EV Cyg,Mi*,,
V* EV Lac,PM*,,
V* EW Aql,*,,
V* EX Cyg,cC*,,
V* EY Cnc,*,,
V* FF And,SB*,,
V* FF Aql,cC*,,
V* FG Hya,SB*,,
V* FH Ser,No*,,
V* FK Aqr,SB*,,
V* FK Com,PM*,,
V* FL Lyr,SB*,,
V* FM Del,WV*,,
V* FM Tau,Or*,,
V* FP Aql,Mi*,,
V* FQ Car,cC*,,
V* FQ Tau,Or*,,
V* FS Aur,CV*,,
V* FS Cet,CV*,,
V* FS Tau,TT*,,
V* FT Mon,cC*,,
V* FT Vir,dS*,,
V* FU Ori,Or*,,
V* FV Cep,Or*,,
V* FX Tau,Or*,,
V* FY Tau,Or*,,
V* FZ CMa,SB*,,
V* GG Tau,Or*,,
V* GH Car,cC*,,
V* GH Tau,Or*,,
V* GI Cet,LM*,,
V* GI Tau,Or*,,
V* GK Per,No*,,
V* GK Tau,Or*,,
V* GK Vir,**,,
V* GL Cep,Or*,,
V* GP Cas,s*r,,
V* GP Ori,S*,,
V* GP Vel,HXB,,
V* GQ Mon,TT*,,
V* GR Cha,Or*,,
V* GR Mon,TT*,,
V* GR Mus,LXB,,
V* GS Cas,LP*,,
V* GT CMa,S*,,
V* GU Mus,HXB,,
V* GV Lyr,LP*,,
V* GV Tau,TT*,,
V* GW Ori,TT*,,
V* GW Vir,WD*,,
V* GY Aql,Mi*,,
V* HK Leo,CV*,,
V* HK Lyr,C*,,
V* HL Aur,EB*,,
V* HL Tau,Or*,,
V* HM Sge,Sy*,,
V* HN Peg,BY*,,
V* HN Tau,Or*,,
V* HP Cha,TT*,,
V* HP Eri,LP*,,
V* HP Tau,Or*,,
V* HS Her,SB*,,
V* HS Hya,SB*,,
V* HS Sge,No*,,
V* HW Cha,Or*,,
V* HX Ori,Or*,,
V* HZ And,LP*,,
V* HZ Aqr,RS*,,
V* HZ Her,LXB,,
V* IK Peg,dS*,,
V* IK Tau,OH*,,
V* IL Com,RS*,,
V* IM And,EB*,,
V* IN Ori,TT*,,
V* IO Mon,TT*,,
V* IP Mon,TT*,,
V* IP Peg,CV*,,
V* IQ Tau,Or*,,
V* IR Gem,CV*,,
V* IW Ori A,Or*,,
V* IW Tau,TT*,,
V* IX Ori,TT*,,
V* IZ Cen,cC*,,
V* KK Per,s*r,,
V* KM Ori,Or*,,
V* KN Ori,Or*,,
V* KO Ori,Or*,,
V* KO Peg,RR*,,
V* KQ Ori B,*,,
V* KR Aur,CV*,,
V* KR Ori,Or*,,
V* KS Cyg,Mi*,,
V* KS Ori,Or*,,
V* KT Vel,a2*,,
V* KU Com,dS*,,
V* KU Hya,a2*,0.0033,0.0
V* KV Mon,Or*,,
V* KV Sco,AB*,,
V* KY Cyg,s*r,,
V* KY TrA,LXB,,
V* KZ Hya,SX*,,
V* KZ Lyr,Mi*,,
V* KZ Ori,Or*,,
V* LL Ori,Or*,,
V* LM Cam,Mi*,,
V* LO Her,Mi*,,
V* LQ Hya,BY*,,
V* LQ Ori,Or*,,
V* LR Mon,TT*,,
V* LR Ori,Or*,,
V* LR Sct,Mi*,,
V* LS Aqr,LP*,,
V* LT Mon,TT*,,
V* LU TrA,LXB,,
V* LV Ser,a2*,,
V* LW Ori,Or*,,
V* LW Ser,No*,,
V* LX And,pA*,,
V* LX Mon,TT*,,
V* LX Per,RS*,,
V* LY Com,RR*,,
V* LY Ori,Or*,,
V* LZ Sct,EB*,,
V* MM Mon,TT*,,
V* MM Ser,LXB,,
V* MN Sct,LP*,,
V* MO Mon,TT*,,
V* MP Tau,Er*,,
V* MR Ori,Or*,,
V* MS Ori,Or*,,
V* MT Ori,Or*,,
V* MV Lyr,CV*,,
V* MV Ori,Or*,,
V* MW Her,Mi*,,
V* MW Tau,Y*O,,
V* MW Vul,a2*,0.0033,0.0
V* MX Ori,Or*,,
V* MY Ori,TT*,,
V* MY Tau,Y*O,,
V* MZ Ori,TT*,,
V* MZ Ser,Or*,,
V* NN Ser,RS*,,
V* NO Ori,TT*,,
V* NO Ori B,Or*,,
V* NP And,EB*,,
V* NP Ser,LXB,,
V* NP Tau,Y*O,,
V* NQ Gem,Sy*,,
V* NS Ori,TT*,,
V* NT Gem,LP*,,
V* NT Ori,Or*,,
V* NV Mon,TT*,,
V* NV Ori,Ae*,,
V* NY Cep,SB*,0.0033,0.0
V* OO Mon,TT*,,
V* OQ Tau,Y*O,,
V* OR Mon,TT*,,
V* OS Tau,**,,
V* OT Ori,TT*,,
V* OT Ser,PM*,,
V* OW Mon,Or*,,
V* OX Ori,TT*,,
V* OY Car,CV*,,
V* OY Mon,TT*,,
V* OZ Tau,PM*,,
V* PQ Gem,CV*,,
V* PQ Mon,Or*,,
V* PR Ori,Or*,,
V* PV Cep,Or*,0.39,0.36
V* PX And,CV*,,
V* PX Cyg,Mi*,,
V* PY Mon,Or*,,
V* Q Cyg,No*,,
V* QQ Tau,Er*,,
V* QQ Vul,CV*,,
V* QS Nor,Sy*,,
V* QS Pup,bC*,,
V* QS Tel,CV*,,
V* QT Tau,PM*,,
V* QU Car,CV*,,
V* QU TrA,LXB,,
V* QX Aur,Mi*,,
V* QX CMa,LP*,,
V* QY Ser,LP*,,
V* QZ Vir,CV*,,
V* R Aql,OH*,,
V* R Aqr,Sy*,,
V* R CMi,S*,,
V* R Cas,Mi*,,
V* R Cen,Mi*,,
V* R CrA,Ae*,,
V* R Crt,AB*,,
V* R Crv,Mi*,,
V* R Cyg,S*,,
V* R Hya,Mi*,,
V* R Ind,Mi*,,
V* R Leo,Mi*,,
V* R Lep,C*,,
V* R Lup,Mi*,,
V* R Mon,Ae*,,
V* R Ori,S*,,
V* R Ser,Mi*,,
V* R Tri,Mi*,,
V* RR CVn,RR*,,
V* RR Car,S*,,
V* RR Lyr,RR*,,
V* RR Sco,Mi*,,
V* RR Tel,Sy*,,
V* RS Car,No*,,
V* RS Cyg,C*,,
V* RS Pup,cC*,,
V* RT Hya,AB*,,
V* RT Tri,Mi*,,
V* RT Vir,AB*,,
V* RU Ara,Mi*,,
V* RU Her,Mi*,,
V* RU Lup,TT*,,
V* RV Aur,C*,,
V* RV Cam,AB*,,
V* RV Cap,RR*,,
V* RV Cyg,C*,,
V* RV Eri,AB*,,
V* RV Gru,EB*,,
V* RV Tau,RV*,,
V* RW Aur,TT*,,
V* RW Hya,Sy*,,
V* RW LMi,C*,,
V* RW Tri,CV*,,
V* RX Ara,AB*,,
V* RX Boo,AB*,,
V* RX Cen,Mi*,,
V* RY Ari,AB*,,
V* RY Gem,SB*,,
V* RY LMi,WD*,,
V* RY Mon,C*,,
V* RY Sct,Be*,0.23,0.17
V* RY Tau,TT*,,
V* RZ Cep,RR*,,
V* RZ LMi,CV*,,
V* RZ Mon,Mi*,,
V* RZ Per,S*,,
V* RZ Sct,SB*,,
V* S Ant,SB*,,
V* S Cas,S*,,
V* S CrA,Or*,0.16666667,0.13333334
V* S Cyg,S*,,
V* S Dor,sg*,,
V* S Sct,C*,,
V* S Vol,Mi*,,
V* SS Aur,CV*,,
V* SS Cas,Mi*,,
V* SS Cnc,RR*,,
V* SS Cyg,CV*,,
V* SS Gem,RV*,,
V* SS Mon,Or*,,
V* SU Aur,Or*,,
V* SU Crt,dS*,,
V* SU Dra,RR*,,
V* SU Ori,Or*,,
V* SU Psc,EB*,,
V* SU Sco,C*,,
V* SU UMa,CV*,,
V* SV Eri,RR*,,
V* SV Sgr,Or*,,
V* SV Tuc,cC*,,
V* SV UMa,RV*,,
V* SV Vul,cC*,,
V* SW Sex,CV*,,
V* SX Cam,Mi*,,
V* SX Her,RV*,,
V* SX Peg,S*,,
V* SX Phe,SX*,,
V* SY Cha,Or*,,
V* SY Equ,bC*,,
V* SY Tau,LP*,,
V* SZ Aur,Mi*,,
V* SZ Cha,Or*,,
V* SZ Mon,pA*,,
V* SZ Sgr,C*,,
V* SZ Tuc,cC*,,
V* SZ UMa,PM*,,
V* T Aur,No*,,
V* T Boo,CV?,,
V* T CVn,AB*,,
V* T Cam,S*,,
V* T Cas,Mi*,,
V* T Cnc,C*,,
V* T Com,OH*,,
V* T Eri,Mi*,,
V* T Gem,S*,,
V* T Ind,C*,,
V* T Lyr,C*,,
V* T Mon,cC*,,
V* T Pyx,CV*,,
V* T Sco,No*,,
V* T Tau,TT*,0.8,0.56666666
V* TT Cen,S*,,
V* TU Cas,cC*,,
V* TU Leo,CV*,,
V* TU Ori,Or*,,
V* TV Aur,S*,,
V* TW Cha,Or*,,
V* TW Cnc,SB*,,
V* TW Ori,Or*,,
V* TW Pic,CV*,,
V* TX Cnc,SB*,,
V* TX UMa,SB*,,
V* TZ Crv,LP*,,
V* TZ Lyn,a2*,,
V* TZ Per,CV*,,
V* U Cep,SB*,,
V* U Cyg,C*,,
V* U Gem,CV*,,
V* U Hya,C*,,
V* U Leo,CV*,,
V* U Mon,pA*,,
V* U Oph,SB*,,
V* U Sgr,cC*,,
V* UU Aqr,CV*,,
V* UU Aur,C*,,
V* UU Cha,Or*,,
V* UU Vir,RR*,,
V* UV Aur,C*,,
V* UV Scl,RR*,,
V* UX Ari,RS*,0.0067,0.0
V* UX Com,RS*,,
V* UX Lup,WV*,,
V* UX Tau,Or*,,
V* UX Tau A,TT*,,
V* UX Tau B,TT*,,
V* UX UMa,CV*,,
V* UX Vol,S*,,
V* UY Ara,pA*,,
V* UY Aur,Or*,,
V* UY Oph,Mi*,,
V* UY Sex,HS*,,
V* UY UMi,gD*,,
V* UZ Cha,Or*,,
V* UZ For,CV*,,
V* UZ Tau,Or*,,
V* V Boo,AB*,,
V* V Cas,Mi*,,
V* V Cen,cC*,,
V* V Lyr,Mi*,,
V* V1002 Ori,Or*,,
V* V1006 Ori,TT*,,
V* V1010 Oph,SB*,,
V* V1010 Tau,Y*O,,
V* V1012 Sco,EB*,,
V* V1023 Tau,Or*,,
V* V1031 Sco,Er*,,
V* V1038 Tau,BY*,,
V* V1041 Tau,Y*O,,
V* V1042 Oph,RR*,,
V* V1044 Ori,Or*,,
V* V1045 Oph,RR*,,
V* V1045 Ori,a2*,,
V* V1046 Tau,PM*,,
V* V1048 Oph,RR*,,
V* V1049 Oph,RR*,,
V* V1054 Tau,Y*O,,
V* V1062 Sco,a2*,,
V* V1062 Tau,CV*,,
V* V1063 Cyg,Mi*,,
V* V1065 Sco,a2*,,
V* V1073 Ori,Or*,,
V* V1076 Tau,Or*,,
V* V1080 Sco,**,0.005,0.0
V* V1085 Tau,BY*,,
V* V1089 Cen,EB*,,
V* V1089 Tau,BY*,,
V* V1090 Tau,BY*,,
V* V1096 Tau,TT*,,
V* V1099 Her,HS*,,
V* V1116 Tau,dS*,,
V* V1123 Ori,Or*,,
V* V1129 Ori,TT*,,
V* V1155 Cen,Or*,,
V* V1156 Ori,*,,
V* V1162 Ori,dS*,,
V* V1168 Tau,BY*,,
V* V1173 Tau,BY*,,
V* V1175 Ori,Or*,,
V* V1176 Tau,Er*,,
V* V1191 Sco,TT*,,
V* V1193 Sco,Or*,,
V* V1208 Sco,Y*O,,
V* V1210 Tau,gD*,,
V* V1211 Sgr,RR*,,
V* V1213 Tau,Or*,,
V* V1215 Tau,Mi*,,
V* V1219 Tau,Mi*,,
V* V1223 Sgr,CV*,,
V* V1227 Ori,Or*,,
V* V1228 Tau,dS*,,
V* V1229 Ori,Or*,,
V* V1232 Ori,Or*,,
V* V1235 Ori,Or*,,
V* V1237 Aql,LP*,,
V* V1237 Ori,TT*,,
V* V1240 Ori,Or*,,
V* V1251 Aql,LP*,,
V* V1273 Ori,Or*,,
V* V1278 Ori,Or*,,
V* V1282 Tau,RS*,,
V* V1288 Ori,Or*,,
V* V1291 Ori,Or*,,
V* V1296 Ori,TT*,1.1,0.63
V* V1300 Ori,Or*,,
V* V1304 Ori,Or*,,
V* V1312 Tau,TT*,,
V* V1315 Aql,CV*,,
V* V1315 Ori,Or*,,
V* V1326 Ori,Or*,,
V* V1327 Sgr,Mi*,,
V* V1328 Ori,Or*,,
V* V1329 Cyg,Sy*,,
V* V1330 Ori,Or*,,
V* V1332 Ori,Or*,,
V* V1333 Ori,Or*,,
V* V1335 Ori,Or*,,
V* V1338 Ori,TT*,,
V* V1341 Cyg,LXB,,
V* V1345 Ori,TT*,,
V* V1350 Ori,Or*,,
V* V1353 Sgr,RR*,,
V* V1360 Sgr,RR*,,
V* V1367 Sgr,RR*,,
V* V1370 Aql,No*,,
V* V1372 Cyg,a2*,,
V* V1390 Sgr,EB*,,
V* V1398 Ori,Or*,,
V* V1399 Ori,Or*,,
V* V1401 Aql,pA*,,
V* V1405 Aql,LXB,,
V* V1412 Sgr,LP*,,
V* V1418 Sgr,RR*,,
V* V1423 Ori,TT*,,
V* V1430 Aql,RS*,,
V* V1434 Sgr,RR*,,
V* V1440 Ori,TT*,,
V* V1445 Ori,Or*,,
V* V1445 Sgr,RR*,,
V* V1456 Sgr,AB*,,
V* V1459 Sgr,EB*,,
V* V1461 Cyg,LP*,,
V* V1463 Ori,TT*,,
V* V1464 Sgr,RR*,,
V* V1465 Sgr,RR*,,
V* V1468 Sgr,AB*,,
V* V1476 Ori,TT*,,
V* V1477 Ori,TT*,,
V* V1484 Ori,TT*,,
V* V1487 Ori,Or*,,
V* V1488 Ori,Or*,,
V* V1492 Ori,TT*,,
V* V1493 Ori,Or*,,
V* V1494 Ori,Or*,,
V* V1498 Ori,Or*,,
V* V1500 Cyg,No*,,
V* V1501 Ori,Or*,,
V* V1504 Ori,Or*,,
V* V1506 Sgr,AB*,,
V* V1509 Ori,Or*,,
V* V1510 Ori,Or*,,
V* V1512 Sgr,Mi*,,
V* V1515 Cyg,Or*,,
V* V1518 Ori,Or*,,
V* V1518 Sgr,RR*,,
V* V1521 Cyg,HXB,,
V* V1522 Ori,Or*,,
V* V1524 Ori A,Y*?,,
V* V1525 Ori,Or*,,
V* V1538 Ori,Or*,,
V* V1540 Ori,Or*,,
V* V1542 Ori,Or*,,
V* V1548 Ori,Or*,,
V* V1557 Ori,TT*,,
V* V1563 Ori,Or*,,
V* V1569 Ori,TT*,,
V* V1581 Ori,Or*,,
V* V1588 Ori,TT*,,
V* V1610 Cyg,pA*,0.562,0.389
V* V1612 Ori,TT*,,
V* V1612 Sgr,Mi*,,
V* V1615 Ori,Or*,,
V* V1617 Cyg,AB*,,
V* V1671 Ori,Or*,,
V* V1674 Ori,TT*,,
V* V1675 Ori,TT*,,
V* V1703 Ori,TT*,,
V* V1728 Cyg,Mi*,,
V* V1731 Ori,Or*,,
V* V1734 Cyg,Mi*,,
V* V1735 Cyg,Or*,,
V* V1735 Ori,TT*,,
V* V1739 Ori,Or*,,
V* V1748 Ori,TT*,,
V* V1766 Ori,Or*,,
V* V1777 Ori,Or*,,
V* V1792 Cyg,SB*,,
V* V1814 Ori,Or*,,
V* V1819 Cyg,CV*,,
V* V1840 Oph,cC*,,
V* V1900 Ori,TT*,,
V* V1934 Cyg,a2*,,
V* V1975 Ori,TT*,,
V* V2011 Cyg,SB*,,
V* V2011 Ori,Or*,,
V* V2019 Ori,Or*,,
V* V2023 Ori,Or*,,
V* V2026 Ori,TT*,,
V* V2030 Ori,Or*,,
V* V2033 Ori,TT*,,
V* V2051 Oph,CV*,,
V* V2052 Oph,bC*,,
V* V2090 Ori,Or*,,
V* V2102 Ori,TT*,,
V* V2105 Oph,LP*,,
V* V2107 Oph,HXB,,
V* V2109 Ori,TT*,,
V* V2116 Oph,Sy*,,
V* V2131 Oph,Or*,,
V* V2140 Ori,Or*,,
V* V2141 Ori,Or*,,
V* V2142 Ori,Or*,,
V* V2147 Cyg,a2*,,
V* V2149 Ori,Or*,,
V* V2151 Ori,Or*,,
V* V2162 Ori,Or*,,
V* V2170 Ori,Or*,,
V* V2185 Ori,Or*,,
V* V2189 Cyg,EB*,,
V* V2191 Ori,Or*,,
V* V2199 Ori,Or*,,
V* V2201 Ori,Or*,,
V* V2207 Ori,Or*,,
V* V2208 Oph,RR*,,
V* V2214 Oph,No*,,
V* V2221 Ori,Or*,,
V* V2225 Ori,Or*,,
V* V2228 Ori,Or*,,
V* V2230 Ori,Or*,,
V* V2232 Ori,Or*,,
V* V2237 Ori,Or*,,
V* V2238 Ori,Or*,,
V* V2241 Ori,Or*,,
V* V2243 Ori,Or*,,
V* V2254 Ori,Or*,0.0018333333,0.00033333333
V* V2257 Ori,Or*,,
V* V2260 Ori,Or*,0.81666666,0.81666666
V* V2274 Ori,Or*,,
V* V2279 Ori,Or*,0.0022,0.00175
V* V2280 Ori,Or*,,
V* V2289 Ori,Or*,,
V* V2291 Ori,Or*,,
V* V2300 Ori,Or*,,
V* V2301 Ori,Or*,,
V* V2304 Ori,Or*,,
V* V2311 Ori,Or*,,
V* V2314 Oph,dS*,,
V* V2314 Ori,Or*,,
V* V2316 Ori,Or*,,
V* V2318 Ori,TT*,,
V* V2335 Ori,Or*,,
V* V2342 Sgr,RV*,,
V* V2354 Ori,Or*,,
V* V2356 Ori,Or*,,
V* V2372 Ori,Or*,,
V* V2378 Ori,TT*,,
V* V2380 Ori,Or*,,
V* V2383 Ori,Or*,,
V* V2386 Ori,TT*,,
V* V2388 Ori,Or*,,
V* V2407 Ori,Or*,,
V* V2413 Ori,TT*,,
V* V2415 Ori,Or*,,
V* V2423 Ori,Or*,,
V* V2437 Ori,Or*,,
V* V2441 Ori,Or*,,
V* V2454 Ori,TT*,,
V* V2469 Ori,Or*,,
V* V2483 Ori,Or*,,
V* V2487 Ori,Or*,,
V* V2488 Ori,Or*,,
V* V2498 Ori,TT*,,
V* V2534 Ori,TT*,,
V* V2539 Ori,TT*,,
V* V2547 Oph,Mi*,,
V* V2550 Ori,Or*,,
V* V2551 Ori,TT*,,
V* V2560 Ori,Or*,,
V* V2574 Ori,TT*,,
V* V2583 Ori,Or*,,
V* V2586 Ori,TT*,,
V* V2590 Ori,Or*,,
V* V2591 Ori,TT*,,
V* V2616 Oph,LP*,,
V* V2616 Ori,Or*,,
V* V2619 Ori,Or*,,
V* V2625 Ori,Or*,,
V* V2632 Ori,Or*,,
V* V2653 Sgr,Mi*,,
V* V2656 Ori,Or*,,
V* V2675 Sgr,Mi*,,
V* V2681 Sgr,Mi*,,
V* V2736 Sgr,RR*,,
V* V339 Tau,HB*,,
V* V342 Cas,cC*,,
V* V348 Ori,Or*,,
V* V349 Pav,CV*,,
V* V349 Tau,PM*,,
V* V350 Lac,SB*,,
V* V351 Pup,No*,,
V* V353 Per,Be*,,
V* V354 Nor,Pu*,,
V* V355 Tau,Y*O,,
V* V357 Ori,TT*,,
V* V358 CMa,WR*,,
V* V358 Ori,Or*,,
V* V360 Cyg,RV*,,
V* V360 Ori,TT*,,
V* V362 Nor,LP?,,
V* V363 Aur,CV*,,
V* V366 Vel,BY*,,
V* V367 Vel,BY*,,
V* V369 Sct,dS*,,
V* V369 Vel,BY*,,
V* V370 And,AB*,,
V* V370 Tau,BY*,,
V* V371 Cep,EB*,,
V* V371 Ori,PM*,,
V* V371 Ser,Or*,,
V* V371 Tau,Y*O,,
V* V372 Tau,Y*O,,
V* V373 Ori,TT*,,
V* V379 Cep,SB*,,
V* V3792 Sgr,SB*,,
V* V381 Ori,Or*,,
V* V382 Tau,BY*,,
V* V383 Lac,BY*,,
V* V384 Ori,TT*,,
V* V384 Pup,s*r,,
V* V386 Aql,Mi*,,
V* V387 Ori,Or*,,
V* V3874 Sgr,Mi*,,
V* V389 Aur,RR*,,
V* V3897 Sgr,LP*,,
V* V392 Cep,Or*,,
V* V3929 Sgr,Sy*,,
V* V393 Ori,TT*,,
V* V396 Cyg,Ce*,,
V* V400 Car,bC*,,
V* V400 Per,No*,,
V* V403 Ori,Or*,,
V* V4032 Oph,WV*,,
V* V404 Vel,EB*,,
V* V4045 Sgr,a2*,,
V* V4050 Sgr,a2*,,
V* V4084 Sgr,RR*,,
V* V409 Tau,Or*,,
V* V410 Tau,Or*,,
V* V4116 Sgr,RR*,,
V* V412 Ori,Or*,,
V* V4130 Sgr,RR*,,
V* V4134 Sgr,LXB,,
V* V416 Ori,Or*,,
V* V417 Aql,SB*,,
V* V419 Cyg,Mi*,,
V* V419 Ori,TT*,,
V* V420 Ori,Or*,,
V* V4208 Sgr,RR*,,
V* V4212 Sgr,RR*,,
V* V4216 Sgr,RR*,,
V* V422 Aql,Mi*,,
V* V422 Per,s?r,,
V* V4225 Sgr,RR*,,
V* V4234 Sgr,RR*,,
V* V4237 Sgr,RR*,,
V* V424 Mon,TT*,,
V* V424 Ori,TT*,,
V* V4249 Sgr,RR*,,
V* V4270 Sgr,RR*,,
V* V4275 Sgr,RR*,,
V* V428 Ori,Or*,,
V* V4281 Sgr,RR*,,
V* V4284 Sgr,RR*,,
V* V4296 Sgr,RR*,,
V* V4302 Sgr,RR*,,
V* V4309 Sgr,RR*,,
V* V4313 Sgr,RR*,,
V* V4322 Sgr,RR*,,
V* V434 Tau,Y*O,,
V* V4343 Sgr,RR*,,
V* V4344 Sgr,RR*,,
V* V439 Per,s*r,,
V* V441 Per,s*r,,
V* V443 Tau,Em*,,
V* V447 Aql,C*,,
V* V450 Oph,Mi*,,
V* V451 Oph,SB*,,
V* V455 Cyg,EB*,,
V* V4588 Sgr,RR*,,
V* V4590 Sgr,RR*,,
V* V4593 Sgr,RR*,,
V* V4595 Sgr,RR*,,
V* V4596 Sgr,RR*,,
V* V460 Cyg,C*,,
V* V460 Tau,Er*,,
V* V4614 Sgr,RR*,,
V* V4619 Sgr,RR*,,
V* V462 Car,EB*,0.0067,0.0
V* V4626 Sgr,RR*,,
V* V467 Tau,Er*,,
V* V475 Tau,Y*O,,
V* V476 Cyg,No*,,
V* V476 Tau,Y*O,,
V* V477 Cyg,SB*,,
V* V477 Per,EB*,,
V* V484 Tau,PM*,,
V* V485 Cas,Em*,,
V* V487 Cep,Mi*,,
V* V488 Ori,Or*,,
V* V492 Aql,s*r,,
V* V492 Nor,EB*,,
V* V494 Ori,Or*,,
V* V500 Ori,TT*,,
V* V502 Ori,Or*,,
V* V506 Ori,Or*,,
V* V509 Cas,LP*,,
V* V512 Per,Or*,1.217,1.217
V* V513 Cas,CV*,,
V* V514 Tau,Y*O,,
V* V515 Ori,Y*O,,
V* V515 Per,Em*,,
V* V516 Per,Y*O,,
V* V518 Per,HXB,,
V* V525 Aur,Mi*,,
V* V528 Aur,Mi*,,
V* V535 Tau,Y*O,,
V* V539 Ara,SB*,,
V* V541 Ori,Or*,,
V* V543 Aql,Mi*,,
V* V545 Car,BY*,,
V* V549 Car,BY*,,
V* V556 Car,BY*,,
V* V5562 Sgr,EB*,,
V* V557 Ori,TT*,,
V* V558 Tau,Y*O,,
V* V560 Ori,Or*,,
V* V562 Car,BY*,,
V* V562 Ori,Or*,,
V* V566 Ori,Or*,,
V* V570 Ori,TT*,,
V* V571 Car,BY*,,
V* V571 Ori,TT*,,
V* V572 Car,SB*,,
V* V574 Ori,Or*,,
V* V577 Ori,Or*,,
V* V585 Ori,Or*,,
V* V591 Ori,Or*,,
V* V592 Pup,RS*,,
V* V595 Mon,Or*,,
V* V596 Pup,SB*,0.0067,0.0
V* V599 Ori,Or*,,
V* V601 Per,BY*,,
V* V603 Aql,No*,,
V* V607 Mon,TT*,,
V* V609 Mon,Or*,,
V* V616 Ara,EB*,,
V* V616 Per,EB*,,
V* V623 Aql,Mi*,,
V* V630 Sgr,No*,,
V* V630 Tau,PM*,,
V* V642 Mon,TT*,,
V* V645 Cyg,Ae*,,
V* V646 Tau,Y*O,,
V* V649 Ori,Or*,,
V* V658 Tau,PM*,,
V* V671 Per,Mi*,,
V* V677 Tau,BY*,,
V* V679 Oph,S*,,
V* V679 Tau,TT*,,
V* V688 Oph,RR*,,
V* V704 Cep,Mi*,,
V* V705 Cep,Mi*,,
V* V708 Cep,OH*,,
V* V710 Cas B,Or*,,
V* V710 CrA,Or*,0.16666667,0.13333334
V* V710 Tau,Or*,,
V* V710 Tau A,TT*,,
V* V710 Tau B,TT*,,
V* V712 Car,EB*,,
V* V721 CrA,Or*,0.25,0.21666667
V* V724 Oph,RR*,,
V* V725 Car,EB*,,
V* V738 Sgr,WV*,,
V* V760 Sco,SB*,,
V* V774 Ori,Or*,,
V* V778 Cas,s*r,,
V* V779 Cen,HXB,,
V* V789 Mon,RS?,,
V* V795 Her,CV*,,
V* V796 Tau,Y*O,,
V* V797 Ori,RS*,,
V* V800 Tau,Y*O,,
V* V801 Ara,LXB,,
V* V801 Ori,TT*,,
V* V803 Ori,TT*,,
V* V814 Tau,BY*,,
V* V815 Ori,Or*,,
V* V818 Sco,LXB,,
V* V821 Ara,LXB,,
V* V821 Cen,Pu*,,
V* V822 Cen,LXB,,
V* V825 Her,CV*,,
V* V826 Ori,Or*,,
V* V826 Tau,TT*,,
V* V827 Tau,TT*,,
V* V831 Car,EB*,,
V* V836 Cyg,SB*,,
V* V836 Tau,TT*,,
V* V841 Aql,No*,,
V* V841 Cen,RS*,,
V* V841 Oph,No*,,
V* V845 Ori,Or*,,
V* V850 Cen,HXB,,
V* V851 Ara,SB*,,
V* V855 Tau,Y*O,,
V* V856 Sco,Ae*,,
V* V861 Cas,Mi*,,
V* V865 Aql,S*,,
V* V866 Sco,TT*,,
V* V868 Cas,EB*,,
V* V873 Tau,PM*,,
V* V887 Oph,Mi*,,
V* V892 Tau,Ae*,0.6,0.6
V* V893 Aql,Mi*,,
V* V895 Cen,CV*,,
V* V897 Per,RS*,,
V* V901 Ori,V*,,
V* V906 Sco,SB*,,
V* V928 Tau,Or*,,
V* V932 Sgr,Mi*,,
V* V938 Ori,TT*,,
V* V941 Sgr,Mi*,,
V* V964 Sco,bC*,,
V* V982 Ori,Or*,,
V* V988 Ori,Or*,,
V* V989 Ori,Or*,,
V* V989 Tau,BY*,,
V* V992 Tau,PM*,,
V* V993 Tau,BY*,,
V* VV CrA,Or*,0.15,0.13333334
V* VV Ori,SB*,,
V* VW Aql,AB*,,
V* VW Cep,SB*,0.0117,0.0
V* VX Ari,PM*,,
V* VX Cas,Ae*,,
V* VX Her,RR*,,
V* VX Lyn,RR*,,
V* VX Sgr,s*r,,
V* VX UMi,gD*,,
V* VY Mon,Ae*,,
V* VY UMa,C*,,
V* VZ Cha,Or*,,
V* VZ Ori,TT*,,
V* W Aur,Mi*,,
V* W Cep,s*r,,
V* W Hya,Mi*,,
V* W LMi,Mi*,,
V* W Per,s*r,,
V* W Ser,SB*,,
V* W Vir,WV*,,
V* WW Cha,TT*,,
V* WX Ari,CV*,,
V* WX Cam,S*,,
V* WX Cen,WR*,,
V* WX Cyg,C*,,
V* WX Ori,TT*,,
V* WY And,LP*,,
V* WY Cam,S*,,
V* WY Gem,s*r,,
V* WY Lyn,EB*,,
V* WZ Sge,CV*,,
V* X Ari,RR*,,
V* X Cyg,cC*,,
V* X Her,AB*,,
V* X Leo,CV*,,
V* X Mon,Mi*,,
V* X Ser,No*,,
V* XX Sco,Mi*,,
V* XX Tau,No*,,
V* XZ Pic,SB*,,
V* XZ Tau,Or*,,
V* Y CVn,C*,,
V* Y Cam,SB*,,
V* Y Cyg,SB*,,
V* Y Tau,C*,,
V* Y Tri,s*b,,
V* YY Gem,SB*,,
V* YY Men,*,,
V* YZ CMi,PM*,,
V* Z CMa,Ae*,,
V* Z CVn,RR*,,
V* Z Her,RS*,,
V* Z Sco,Mi*,,
V* Z Sge,Mi*,,
V* ZZ Leo,AB*,,
V* ZZ Tau,Or*,19.8,7.8
VB  8,LM*,,
VCC 1512,GiC,0.60406,0.449541
VDBG  89,G,,
VDBG 114,G,,
VDBG 168,G,,
VGHC 2-98,HII,,
VHK 31,Ce*,,
VLSS J1917.3+1706,,,
VLSS J1959.8+2648,,,
VSOP J2129+0733,rG,,
VSS   II-107,*,,
VSS   II-111,*,,
VSS   II-151,*,,
VSS   II-22,**,,
VSS   II-28,Y*O,,
VSS   II-32,*,,
VSS   II-38,*,,
VSS   II-4,*,,
VSS   II-40,*,,
VSS   II-48,*,,
VSS   II-55,*,,
VSS   II-60,PM*,,
VSS   II-64,PM*,,
VSS   II-71,*,,
VSS   II-8,*,,
VSS   II-85,*,,
VSS   II-88,PM*,,
VSS   II-96,*,,
VSS   II-99,*,,
VSS   VI-28,*,,
VSS VIII-13,*,,
VSS VIII-15,*,,
VSS VIII-19,*,,
VSS VIII-25,*,,
VSS VIII-33,*,,
VSS VIII-44,*,,
VSS VIII-46,SB*,,
VSS VIII-47,*,,
VSS VIII-6,*,,
VSS VIII-7,*,,
VSS VIII-73,*,,
VSS VIII-84,*,,
VSS VIII-86,*,,
VSSG   8,TT*,,
VSSG  10,Or*,,
VSSG  11,TT*,,
VSST 12,IR,,
VSST 16,*,,
VV  150b,G,0.59786,0.484207
VV  204,SyG,0.389,0.389
VV  415,Sy1,0.687,0.439
VV  518,G,,
VV  790b,bCG,0.227,0.168
VXR HRI  6,*,,
VXR PSPC  1,X,,
VXR PSPC 22,X,,
VXR PSPC 28,X,,
VXR PSPC 29,X,,
VXR PSPC 37,X,,
VXR PSPC 37a,**,,
VXR PSPC 54,X,,
VXR PSPC 58,X,,
VXR PSPC 76,X,,
VXR PSPC 77,X,,
VdBH 27b,*,,
VdBH 33d,RNe,,
VdBH 53b,*,,
VdBH 55,RNe,,
VdBH 65a,*,,
VdBH 73,RNe,,
VdBH 86,RNe,3.2,2.1
VdBH 86c,*,,
VdBH 88a,*,,
Ve 2-48,Or*,,
Ve 6-15,WR*,,
Ve 6-24,Em*,,
W 3,MoC,,
W 30,SNR,45.0,45.0
W 31,SFR,,
W 49,SFR,,
W 49a,SFR,3.4,3.4
W 49b,SNR,4.0,3.0
W 49n,HII,,
W 51,SNR,30.0,30.0
W 51a,HII,,
W 51e1,HII,0.017333332,0.017166667
W 58c3,Rad,,
W61  6-12,LP?,,
W61  7-13,SB*,,
W61  7-16,*,,
WBHA 51,Em*,,
WBL   9,GrG,,
WBP  14,C*,,
WBP  30,C*,,
WBP  35,C*,,
WBP  48,Mi*,,
WBP  74,Mi*,,
WBP  94,LP*,,
WBP 103,C*,,
WBP 116,S*,,
WBP 126,Mi*,,
WBP 148,Mi*,,
WDG 8,s*b,,
WG   2,WD*,,
WG  22,WD*,,
WHHW 0519.7-7107,X,,
WHHW 0522.5-6759,X,,
WHHW 0522.6-6801,X,,
WHHW 0532.3-6742,X,,
WHHW 0538.0-6932,X,,
WHHW 0538.9-6914,X,,
WHHW 0539.2-6904,X,,
WHHW 0539.4-6859,X,,
WHHW 0539.8-6907,X,,
WHHW 0541.0-6859,X,,
WHHW 0543.9-6934,X,,
WHHW 0553.0-6953,X,,
WISE J043948.43+260250.1,MIR,,
WISE J121857.50+471814.5,Sy1,,
WK81 1,TT*,,
WL  9,Y*O,,
WL 14,Or*,,
WL 18,TT*,0.4,0.0
WL 22,TT*,0.0582,0.031783335
WLY 1-42,IR,,
WLY 1-54,*,,
WLY 1-55,IR,,
WLY 1-62,IR,,
WLY 2-5,*,,
WLY 2-53,TT*,,
WLY 2-69,Y*O,,
WOH G  72,C*,,
WORC  52,C*,,
WORC 131,C*,,
WORC 143,C*,,
WORC 193,C*,,
WORC 210,C*,,
WORC 283,C*,,
WORC 286,C*,,
WR  20b,WR*,,
WR  42b,WR*,,
WR  42c,WR*,,
WR  42d,WR*,,
WR  56,WR*,,
WR 102aa,WR*,,
WR 102bb,WR*,,
WR 126,WR*,,
WR 149,WR*,,
WRAY 15-1061,Em*,,
WRAY 15-1391,Em*,,
WRAY 15-1500,Em*,,
WRAY 15-1581,WR*,,
WRAY 15-1600,WR*,,
WRAY 15-1666,WR*,,
WRAY 15-187,Or*,,
WRAY 15-322,Em*,,
WRAY 15-327,EB*,,
WRAY 15-371,Em*,,
WRAY 15-372,Em*,,
WRAY 15-386,Em*,,
WRAY 15-390,Em*,,
WRAY 15-682,WR*,,
WRAY 15-975,Em*,,
WRAY 15-986,Em*,,
WRAY 16-100,PN,0.048803333,0.047897
WRAY 16-111,PN,,
WRAY 16-141,Sy*,,
WRAY 16-144,PN,0.33333334,0.33333334
WRAY 16-151,PN,0.167,0.167
WRAY 16-156,PN,0.2,0.2
WRAY 16-159,PN,0.61,0.61
WRAY 16-162,PN,0.05368367,0.051453665
WRAY 16-181,PN,0.083333336,0.083333336
WRAY 16-203,Or*,,
WRAY 16-217,PN,0.05,0.05
WRAY 16-56,Sy*,,
WRAY 16-88,PN,0.05,0.05
WRAY 16-98,PN,0.083333336,0.083333336
WRAY 18-42,C*,,
WSB 11,TT*,,
WSB 75,Y*O,,
WSRTGP 1907+1057A,,,
WSRTGP 1910+1010,,,
WSRTGP 1911+1131,,,
WSRTGP 1912+1014A,,,
WSRTGP 1913+1637,,,
WSRTGP 1915+0918,,,
WSRTGP 1915+1359A,,,
WSRTGP 1915+1419,,,
WSRTGP 1915+1529,,,
WSRTGP 1918+1345,,,
WSRTGP 1919+1221,,,
WSRTGP 1919+1229,,,
WSRTGP 1919+1747,,,
WSRTGP 1920+1009,,,
WSRTGP 1921+1047,,,
WSRTGP 1922+1419,,,
WSRTGP 1924+1812,,,
WSRTGP 1925+1954,,,
WSRTGP 1925+2111,Rad,,
WSRTGP 1926+1724,,,
WSRTGP 1930+1845,,,
WSRTGP 1932+2011,,,
WSRTGP 1932+2318,,,
WSRTGP 1933+2051B,,,
WSRTGP 1933+2232,,,
WSRTGP 1934+2037,,,
WSRTGP 1934+2127,,,
WSRTGP 1934+2229,,,
WSRTGP 1935+2106,,,
WSRTGP 1937+1945B,,,
WSRTGP 1937+1949,,,
WSRTGP 1937+2023,,,
WSRTGP 1937+2057,,,
WSRTGP 1938+2119,,,
WSRTGP 1938+2137A,,,
WSRTGP 1938+2206,,,
WSRTGP 1939+2252,,,
WSRTGP 1940+2221,,,
WSRTGP 1941+2124,,,
WSRTGP 1941+2337A,,,
WSRTGP 1942+2412,,,
WSRTGP 1943+2322,,,
WSRTGP 1943+2415,,,
WSRTGP 1944+2504B,,,
WSRTGP 1944+2651,,,
WSRTGP 1945+2603,,,
WSRTGP 1946+2357,,,
WSRTGP 1946+2403,,,
WSRTGP 1947+2506,,,
WSRTGP 1948+2557,,,
WSRTGP 1950+2449,,,
WSRTGP 1950+2600,,,
WSRTGP 1950+2719,,,
WSRTGP 1950+2727,,,
WSRTGP 1951+2701,,,
WSRTGP 1952+2847A,,,
WSRTGP 1952+2857,,,
WSRTGP 1953+2505,,,
WSRTGP 1953+2546,,,
WSRTGP 1953+2733,,,
WSRTGP 1954+3025,,,
WSRTGP 1954+3113,,,
WSRTGP 1955+2747,,,
WSRTGP 1955+3020,,,
WSRTGP 1956+2846,,,
WSRTGP 1956+2944,,,
WSRTGP 1956+3039,,,
WSRTGP 1957+2616B,,,
WSRTGP 1957+3142,,,
WSRTGP 1958+2843,,,
WSRTGP 1959+2825,,,
WSRTGP 1959+2848,,,
WSRTGP 1959+2941,,,
WSRTGP 2000+2946A,,,
WSRTGP 2001+2803A,,,
WSRTGP 2001+2936,,,
WSRTGP 2002+3011,,,
WSRTGP 2003+3228B,,,
WSRTGP 2003+3246,,,
WSRTGP 2004+2802,,,
WSRTGP 2004+2935,,,
WSRTGP 2004+3242,,,
WSRTGP 2005+3040,,,
WSRTGP 2005+3140,,,
WSRTGP 2005+3237,,,
WSRTGP 2006+3338,,,
WSRTGP 2007+3052,,,
WSRTGP 2009+3626,,,
WSRTGP 2011+3116A,,,
WSRTGP 2011+3117,,,
WSRTGP 2013+3443,,,
WSRTGP 2013+3638,,,
WSRTGP 2013+3651B,,,
WSRTGP 2013+3808,,,
WSRTGP 2015+3641,Rad,,
WSRTGP 2016+3527,,,
WSRTGP 2017+3522,,,
WSRTGP 2017+3558,,,
WSRTGP 2018+3521,,,
WSRTGP 2018+3606,,,
WSRTGP 2018+3637,,,
WSRTGP 2019+3546,,,
WSRTGP 2020+3651,,,
WSRTGP 2020+3745,,,
WSRTGP 2021+3740,,,
WSRTGP 2022+3823,,,
WSRTGP 2022+3922,,,
WSRTGP 2025+3518,,,
WSRTGP 2025+3749,,,
WSRTGP 2026+3757,,,
WSRTGP 2027+3925,,,
WSRTGP 2027+4011,,,
WSRTGP 2029+4128,,,
WSRTGP 2030+3759,,,
WSRTGP 2033+3844,,,
WSRTGP 2034+3741,,,
WSRTGP 2034+4035,,,
WSRTGP 2036+3905,,,
WSRTGP 2036+4141,,,
WSRTGP 2036+4302,,,
WSRTGP 2038+4039,,,
WSRTGP 2040+4251,,,
WSRTGP 2042+4244,,,
WSRTGP 2042+4418,,,
WSRTGP 2043+4053,,,
WSRTGP 2043+4612,,,
WSRTGP 2044+4335,,,
WSRTGP 2044+4623,,,
WSRTGP 2045+4154,,,
WSRTGP 2045+4248,,,
WSRTGP 2047+4323,,,
WSRTGP 2048+4213,,,
WSRTGP 2048+4445,,,
WSRTGP 2048+4525,,,
WSRTGP 2048+4532,,,
WSRTGP 2049+4331,,,
WSRTGP 2049+4455,,,
WSRTGP 2050+4425,,,
WSRTGP 2051+4646,,,
WSRTGP 2053+4302,,,
WSRTGP 2053+4549,,,
WSRTGP 2053+4617,,,
WSRTGP 2054+4437,,,
WSRTGP 2055+4249,,,
WSRTGP 2055+4643,,,
WSRTGP 2058+4656,,,
WSRTGP 2058+4707,,,
WSRTGP 2059+4602,,,
WSRTGP 2059+4631,,,
WSRTGP 2100+4641,,,
WSRTGP 2101+4545,,,
WSRTGP 2102+4356,,,
WSRTGP 2103+4724,,,
WSRTGP 2106+4629,,,
WSRTGP 2110+4705,,,
WSRTGP 2113+4718,,,
WSRTGP 2114+4607,,,
WSRTGP 2114+4757,,,
WSRTGP 2114+4858,,,
WSRTGP 2118+4832,,,
WSTB 22W49,Rad,,
WSTB 37W103,Rad,,
WSTB 37W133,Rad,,
WSTB 37W143,Rad,,
WSTB 37W166,Rad,,
WSTB 37W325,Rad,,
WSTB 37W87,SNR,0.4,0.3
WSTB 37W89,Rad,,
WSTB 37W93,Rad,,
WSTB 54W61,Rad,,
WW 14,X,,
Wa Oph 1,Or*,,
Was  16,EmG,,
Was  54,EmG,,
Was  59,EmG,,
Wolf   28,WD*,,
Wolf   33,PM*,,
Wolf  424,**,,
Wolf  489,WD*,,
Wolf  922,**,,
Wolf 1456,Em*,,
Wolf 1516,WD*,,
X LMC X-1,HXB,1.4,1.4
X LMC X-4,HXB,,
X Nor X-1,LXB,,
X Oph X-2,X,,
X Sgr X-1,LXB,,
X Sgr X-4,LXB,,
XMMU J013244.9+303912,*,,
XMMU J013433.6+310021,HII,,
XTE J1901+014,XB*,,
YLW  1,IR,,
YLW  1C,Or*,,
YLW 10A,TT*,,
YLW 10C,Y*O,,
YLW 12A,Y*O,,
YLW 13B,Y*O,,
YLW 15,Y*O,0.060666665,0.033
YLW 16,IR,,
YLW 18,TT*,,
YLW 37,TT*,1.5,1.0
YLW 45,Y*O,0.3,0.3
YLW 47,TT*,2.5,0.0
YSO CB054YC1,*,,
YYG A1,G,,
Z   8-61,G,0.566607,0.294862
Z  12-38,G,0.52448,0.322241
Z  12-54,AG?,0.62736,0.554084
Z  13-56,GiG,0.7188,0.461398
Z  14-54,LSB,0.662773,0.49814
Z  18-35,rG,0.61015,0.570185
Z  29-27,G,0.38,0.274
Z  30-12,AG?,,
Z  31-17,G,0.82216,0.615962
Z  40-36,AG?,1.0345,0.369835
Z  41-74,AG?,0.687813,0.298167
Z  42-108,GiG,1.60172,1.30059
Z  43-130,G,0.44192,0.385929
Z  47-107,Sy1,0.49982,0.454236
Z  49-57,rG,0.68973,0.445497
Z  50-32,G,0.31,0.248
Z  55-18,GiG,0.373,0.358
Z  56-10,AG?,0.39,0.257
Z  58-19,G,0.42,0.193
Z  58-44,G,0.52517,0.429011
Z  58-57,G,0.576703,0.438756
Z  64-73,G,11.4667,11.4667
Z  83-11,AG?,0.60082,0.516946
Z  84-29,AG?,0.823,0.412
Z  87-22,rG,1.11794,0.803466
Z  94-70,G,0.729277,0.622511
Z 112-65,AG?,0.777103,0.326306
Z 113-11,AG?,0.979353,0.808456
Z 114-15,AG?,0.65,0.208
Z 114-6,AG?,0.713,0.214
Z 117-42,AG?,0.828053,0.434231
Z 117-45,AG?,0.85494,0.390879
Z 117-49,G,0.709217,0.64872
Z 118-49,AG?,0.575073,0.363849
Z 118-7,G,0.504677,0.433568
Z 126-111,G,6.1333,6.1333
Z 127-92,rG,0.79105,0.751814
Z 139-41,AG?,0.548287,0.350574
Z 140-18,AG?,0.923687,0.270548
Z 140-48,AG?,0.832247,0.373928
Z 143-17,AG?,0.743,0.178
Z 143-7,AG?,0.703,0.211
Z 148-68,AG?,0.90438,0.387708
Z 148-95,G,0.65209,0.54593
Z 160-106,EmG,0.680257,0.461622
Z 160-114,LIN,1.03668,0.298667
Z 160-127,EmG,0.60212,0.415282
Z 160-82,EmG,0.38294,0.334958
Z 162-10,LIN,1.16071,0.876217
Z 164-19,Sy2,0.283,0.249
Z 170-3,G,0.822733,0.454149
Z 172-26,AG?,0.84473,0.431488
Z 172-30,G,0.477,0.353
Z 178-7,GiG,0.89019,0.537586
Z 181-63,AG?,0.746813,0.486848
Z 182-14,AG?,0.823767,0.301581
Z 191-68,G,0.559263,0.447746
Z 197-39,G,0.831223,0.690248
Z 200-2,AG?,0.48,0.365
Z 201-21,AG?,0.733887,0.224863
Z 204-23,AG?,0.594187,0.458593
Z 204-26,AG?,0.961387,0.512804
Z 205-13,AG?,0.725313,0.394498
Z 205-29,AG?,0.736227,0.477885
Z 214-21,G,0.55241,0.263444
Z 222-6,G,0.473947,0.409111
Z 224-27,GiG,0.903607,0.691801
Z 224-55,LIN,1.13238,0.41264
Z 224-61,GiG,0.913273,0.466409
Z 230-26,AG?,0.707,0.509
Z 248-34,G,0.81787,0.673925
Z 289-26,AG?,0.72204,0.363258
Z 378-15,AGN,0.955263,0.449451
Z 385-122,EmG,0.626763,0.32786
Z 385-129,GiG,0.607823,0.473616
Z 385-135,EmG,0.762893,0.238633
Z 385-95,Sy2,1.14078,0.449924
Z 388-48,Sy2,0.967173,0.559413
Z 397-5,AG?,0.577,0.542
Z 413-30,GiG,0.744583,0.583232
Z 436-12,LIN,1.04783,0.873369
Z 468-2,Sy2,0.627,0.414
Z 469-5,AG?,0.53,0.445
Z 476-30,G,0.616293,0.342289
Z 479-45,rG,1.37135,1.10311
Z 480-14,EmG,0.551337,0.362504
Z 496-39,G,0.536037,0.528264
Z 496-49,G,0.90194,0.71136
Z 498-44,G,0.702593,0.433008
Z 501-50,G,0.26,0.177
Z 501-51,AG?,0.547,0.35
ZH  57,GiC,,
ZHT AN  7,Cl*,0.35,0.3
ZHT AN  9,Cl*,,
ZHT SP  6,Cl*,,
ZTF J064655.47+011914.6,RS*,,
ZW  III  35,Sy2,0.307,0.202
ZW  VII  31,rG,0.263,0.242
ZwCl 0018+2214,ClG,,
ZwCl 0024+1652,ClG,4.55,4.55
ZwCl 0335+0956,ClG,3.5,3.5
ZwCl 0839+2937,ClG,,
ZwCl 1305+2941,ClG,7.33,7.33
ZwCl 1358+6245,ClG,,
ZwCl 1400+0949,ClG,,
ZwCl 1455+2232,ClG,2.0,2.0
ZwCl 1754+6807,ClG,,
[A61]  4,ClG,,
[A61]  8,ClG,,
[A64] Red +04   8,*,,
[A64] Red -02   3,LP?,,
[A77b] G2,G,,
[A81] 000324-3624C,G,,
[A81] 004106-5029B,G,,
[A81] 004948-2737A,G,,
[A81] 015222-5657N,G,,
[A81] 021925-2727,G,,
[A81] 031407-6312,G,,
[A81] 035922-6749SE,G,,
[A81] 090711-7539,G,,
[A81] 090711-7539SW,G,,
[A81] 203813-3242,G,,
[A81] 234106-3214B,G,,
[A81b] NGC  2777 UB 3,blu,,
[A92] 5,G,,
[AAG2011] 20,*,,
[AAG2011] 7,*,,
[ABB2014] WISE G358.844+00.026,HII,0.8,0.8
[ABG85] 52,Rad,,
[ACM2000] 3-11 A,G,,
[ACM2000] 3-49 A,G,,
[ACM2000] 3-81 A,G,,
[ACM2000] 3-85 A,G,,
[AD95]  337,*,,
[AD95]  553,*,,
[AD95]  554,*,,
[AD95]  644,Em*,,
[AD95]  765,*,,
[AD95]  901,Or*,,
[AD95] 1362,Y*O,0.067,0.067
[AD95] 1564,Or*,,
[AD95] 1967,Ir*,,
[AD95] 2017,*,,
[AFF2006] 0127-2,Ce*,,
[AFF2006] 0427-3,Ce*,,
[AFF2006] 3171-2,Ce*,,
[AM85] M 33  3,Pe*,,
[AM85] M 33 23,Pe*,,
[AMA2011] ac114 041,AGN,,
[AMB2011] HII 1446,PN,0.0344,0.0344
[AN2004]  4,Y*O,0.443,0.337
[APS2019] 159,GiC,,
[APS2019] 189,GiC,,
[AR95]   9,PoC,,
[AR95]  18,PoC,,
[AR95]  21,PoC,,
[AR95]  23,PoC,,
[AR95]  30,PoC,,
[AR95]  43,PoC,,
[AR95]  44,PoC,,
[AR95]  49,PoC,,
[AR95]  52,PoC,,
[AR95]  59,PoC,,
[AR95]  69,PoC,,
[AR95]  72,PoC,,
[AR95]  78,PoC,,
[AR95]  79,PoC,,
[AR95]  93,PoC,,
[AR95]  95,PoC,,
[AR95] 102,PoC,,
[AR95] 111,PoC,,
[AR95] 118,PoC,,
[AR95] 123,PoC,,
[AR95] 125,PoC,,
[AR95] 135,PoC,,
[AR95] 136,PoC,,
[AR95] 141,PoC,,
[AR95] 143,PoC,,
[AR95] 144,PoC,,
[AR95] 156,PoC,,
[AR95] 161,PoC,,
[AR95] 163,PoC,,
[AR95] 176,PoC,,
[AR95] 188,PoC,,
[AR95] 193,PoC,,
[AR95] 194,PoC,,
[AR95] 200,PoC,,
[AR95] 203,PoC,,
[AR95] 205,PoC,,
[AR95] 207,PoC,,
[AR95] 232,PoC,,
[AR95] 242,PoC,,
[AR95] 243,PoC,,
[AR95] 261,PoC,,
[AR95] 278,PoC,,
[AR95] 279,PoC,,
[AR95] 299,PoC,,
[ARM2018] SHARDS20007020,EmG,,
[ARM2018] SHARDS20007846,EmG,,
[ARM2018] SHARDS20009665,EmG,,
[ASS80] ACO 1016 27,GiC,,
[ASS80] ACO 1016 43,GiC,,
[AU88] 5.79-41.0,SNR,,
[AU88] 5.87-40.1,SNR,,
[AU88] 5.94-40.4,SNR,,
[AVG96] ua-0-15,G,,
[AVG96] ua-0-59,G,,
[AVG96] ua-0-62,G,,
[AVG96] ua-0-73,G,,
[AVG96] ubi1-28,G,,
[AVG96] ubi1-5,G,,
[AVG96] ubi1-67,G,,
[AVG96] ucs0-117,G,,
[AVG96] ueh0-54,G,,
[AVG96] ueh0-55,G,,
[AVG96] uem0-25,G,,
[AVG96] uem0-29,G,,
[AVG96] uem0-31,G,,
[AVG96] uem0-4,G,,
[AVG96] uem0-9,G,,
[AVG96] uim0-19,G,,
[AVG96] uim0-33,G,,
[AVG96] uj70-74,G,,
[AVG96] umd4-13,G,,
[AVG96] uo50-123,G,,
[AVG96] uo50-5,G,,
[AVG96] uo50-58,G,,
[AVG96] uo50-76,G,,
[AVG96] uop0-30,G,,
[AVG96] uop0-54,G,,
[AVG96] usa0-87,G,,
[AVG96] ut20-15,G,,
[AVG96] ut20-52,G,,
[AVG96] ut21-12,G,,
[AVG96] ut21-25,G,,
[AVG96] ut21-4,G,,
[AVG96] ut21-42,G,,
[AVG96] ut21-45,G,,
[AVG96] ut21-69,G,,
[AVG96] uui0-30,G,,
[AVG96] ux40-106,G,,
[AVG96] ux40-108,G,,
[AVG96] ux40-113,G,,
[AVG96] ux40-24,G,,
[AVG96] ux40-32,G,,
[AVG96] ux40-35,G,,
[AVG96] ux40-6,G,,
[AVG96] ux40-68,G,,
[AVG96] ux40-93,G,,
[AVG96] ux41-2,G,,
[AVG96] ux41-26,G,,
[AVG96] ux41-73,G,,
[AVG96] uy00-35,G,,
[AVG96] uy00-58,G,,
[AVG96] uy00-64,G,,
[AVG96] uy00-73,G,,
[AVG96] uy40-47,G,,
[AVG96] uy40-64,G,,
[AVG96] uy41-30,G,,
[AVG96] uy41-7,G,,
[AVG96] uzk0-14,G,,
[AVG96] uzk0-84,G,,
[AVG96] uzp0-100,G,,
[AVG96] uzp0-107,G,,
[AVG96] uzp0-110,G,,
[AVG96] uzp0-118,G,,
[AVG96] uzp0-73,G,,
[AVG96] uzp0-8,G,,
[AW90] bS,*,,
[AW90] dS,IR,,
[B68b] 194,QSO,,
[B68b] 286,QSO,,
[B86]   7,LP*,,
[B86]   9,RG*,,
[B86]  20,RG*,,
[B86]  25,RG*,,
[B86]  30,RG*,,
[B86]  33,RG*,,
[B86]  37,RG*,,
[B86]  59,RG*,,
[B86]  78,RG*,,
[B86]  90,RG*,,
[B86]  93,RG*,,
[B86]  98,RG*,,
[B86] 100,LP*,,
[B86] 101,LP*,,
[B86] 116,LP*,,
[B86] 119,LP*,,
[B86] 123,RG*,,
[B86] 132,LP*,,
[B86] 140,RG*,,
[B86] 141,RG*,,
[B86] 151,RG*,,
[B86] 159,RG*,,
[B86] 167,RG*,,
[B86] 168,RG*,,
[B88b] NGC4725  3,HII,,
[B90]   2,Rad,,
[B90]   7,Rad,,
[B90]  16,Rad,,
[B90]  26,Rad,,
[B90]  36,Rad,,
[B90]  41,Rad,,
[B90] 113,Rad,,
[B90] 136,Rad,,
[B90] 159,Rad,,
[B90] 168,Rad,0.4,0.2
[B90] 176,Rad,,
[B90] 181,Rad,,
[B90] 195,Rad,,
[B90] 196,Rad,,
[B90] 200,Rad,,
[B90] 207,Rad,,
[B90] 230,Rad,,
[B90] 239,Rad,,
[B90] 244,Rad,,
[B90] 277,Rad,,
[B90] 303,Rad,,
[B90] 308,Rad,,
[B90] 317,Rad,,
[B90] 321,Rad,3.3,1.5
[B90] 328,Rad,,
[B90] 350,Rad,,
[B90] 374,Rad,,
[B90] 376,Rad,,
[B90] 380,Rad,,
[B90] 384,Rad,,
[B90] 386,Rad,,
[B90] 388,Rad,,
[B90] 399,Rad,,
[B90] 403,Rad,,
[B90] 423,Rad,,
[B90] 426,Rad,,
[B90] 439,Rad,,
[B90] 441,Rad,,
[B90] 443,Rad,,
[B90] 451,Rad,,
[B90] 453,Rad,,
[B90] 457,Rad,,
[B90] 475,Rad,,
[B90] 480,Rad,,
[B90] 482,Rad,,
[B90] 484,Rad,,
[B90] 502,Rad,,
[B90] 503,Rad,,
[B90] 512,Rad,,
[B90] 516,Rad,,
[B90] 532,Rad,,
[BB69] LMC  7,*,,
[BB91] 1229-021 G2,G,,
[BBC2000] 35,GiC,,
[BBC2000] 44,GiC,,
[BBC2000] 50,GiC,,
[BBC2000] 60,GiC,,
[BBM92] 79,IR,,
[BBM92] 90,IR,,
[BC86c] M,MoC,,
[BCB89] IRS 13,Y*O,,
[BCB89] IRS 25,Y*O,,
[BCB89] IRS 31,Y*O,,
[BCH97] Fil  2,PoG,,
[BCH97] Fil  4,PoG,,
[BCH97] Fil  8,PoG,,
[BCH97] Fil 27,PoG,,
[BCH97] Fil 34,PoG,,
[BCH97] Fil 38,PoG,,
[BCH97] SGS 4,PoG,,
[BCP93] D1 H6,HII,,
[BCP93] D2 H1,HII,,
[BCP93] D2 H4,HII,,
[BCP93] F1 H1,HII,,
[BCP93] F1 H2,HII,,
[BCP93] F2 H3,HII,,
[BCP93] F2 H5,HII,,
[BCP93] F6 H1,HII,,
[BCS2002] 3517,GiC,,
[BCS89]   9,GiC,,
[BCS89]  16,GiC,,
[BCS89]  49,GiC,,
[BCS89]  65,GiC,,
[BCS89]  88,GiC,,
[BDB2007] GALEX J134719.74-302025.73,G,,
[BDB2007] GALEX J134723.00-302724.31,HII,,
[BDB2007] GALEX J134723.95-302622.21,PoG,,
[BDB2007] GALEX J134726.66-302552.06,PoG,,
[BE74] 356,LP?,,
[BF76] K,Rad,,
[BFG83] e12,X,,
[BFO2002] Dra 10085,*,,
[BGE2002] BIMA 2,Y*O,,
[BGH92] 0251+0547,G,,
[BGR2000] Br 1,HII,,
[BGR2000] Br 2,SNR,,
[BHG88] 40  242,V*,,
[BHG88] 40  522,*,,
[BHG88] 40  778,*,,
[BHG88] 40 1267,*,,
[BHG88] 40 1511,*,,
[BHG88] 40 2459,*,,
[BHG88] 40 3249,*,,
[BHG88] 40 4442,*,,
[BHG88] 41  454,*,,
[BHG88] 41  861,*,,
[BHG88] 41 1047,*,,
[BHG88] 41 1296,*,,
[BHG88] 41 1446,*,,
[BHG88] 41 1745,*,,
[BHG88] 41 1891,*,,
[BHG88] 41 2407,*,,
[BHG88] 41 3735,*,,
[BHG88] 41 4030,*,,
[BHG88] 41 4179,*,,
[BHG88] 41 4181,*,,
[BHG88] 41 4587,*,,
[BHG88] 41 5027,*,,
[BHG88] 41 5037,*,,
[BHG88] 41 5070,*,,
[BHJ93] 12,Cl*,,
[BIO2015] GNDB-6544812113,G,,
[BIO2015] GNDB-6553013433,G,,
[BIO2015] GNDB-6554413505,G,,
[BIO2015] GNDV-6546013535,G,,
[BKD2008] WR 415,H2G,,
[BL86] Star  0,*,,
[BL86] Star  8,*,,
[BM89] 1-108,PoC,,
[BM89] 1-16,PoC,,
[BM89] 1-58,PoC,,
[BM89] 1-89,PoC,,
[BM89] 1-92,PoC,,
[BM89] 1-93,PoC,,
[BM89] 3A-3,PoC,,
[BM89] 3B-6,PoC,,
[BM89] 3B-7,PoC,,
[BMS2003] 602B,*,,
[BMS2003] 675,*,,
[BR96] Cl 0016+161  31,GiC,,
[BR96] Cl 0016+161  65,GiC,,
[BS61]  45,RG*,,
[BS61] 578,C*,,
[BS61] K,RG*,,
[BS63] A207,s*y,,
[BS63] A306,*,,
[BS63] B24,s?b,,
[BS63] K,*,,
[BS63] Q,*,,
[BSC90] Cloudlet 2,Cld,,
[BSD98] 17,Y*O,,
[BSS2007b] Leo II 336,RG*,,
[BST93] a6.84,EmG,,
[BST93] a8.196,EmG,,
[BST93] a9.1144,EmG,,
[BST93] a9.1613,EmO,,
[BT80] A,MoC,,
[BT80] A2-2,MoC,,
[BT80] A2-5,MoC,,
[BT80] B,MoC,,
[BT80] I,MoC,,
[BW89]   4,GiC,,
[BW89]  21,GiC,,
[BW89]  80,GiC,,
[BW89]  86,GiC,,
[BW89] 108,GiC,,
[BW89] 112,GiC,,
[BW89] 123,GiC,,
[C83] NGC 4472 DW9,G,,
[C83] NGC 5846 DW5,G,,
[CB85] 8,HII,,
[CB85] zet,Rad,,
[CB88]  34,MoC,,
[CB88]  62,MoC,,
[CB88]  84,MoC,,
[CB88] 129,MoC,,
[CB88] 188,cor,2.1,1.7
[CBB2017] 140,MoC,0.18,0.18
[CBH2004] 189.171524+62.20088,PoG,,
[CBH2004] 189.171936+62.20081,PoG,,
[CCD97] EUVE J0913-629 4,?,,
[CCD97] EUVE J1145-553 2,?,,
[CCH85] 0848+1607,Rad,,
[CCH85] 0849+1555B,Rad,,
[CCH85] 0849+1809,Rad,,
[CCH85] 0852+1747C,Rad,,
[CCH85] 0852+1836,Rad,,
[CCH85] 0853+1610B,AG?,,
[CCH85] 0856+1610,Rad,,
[CCH85] 0856+1857A,Rad,,
[CCH85] 0857+1725,Rad,,
[CCH85] 0858+1813,Rad,,
[CCH90] 1336.5+2800,Q?,,
[CCH90] 1633.4+4044,Q?,,
[CCH91] 1056.0+0211,Q?,,
[CCH91] 1057.2+0211,Q?,,
[CCH91] 1057.4+0100,**,,
[CCH91] 1058.3+0152,Q?,,
[CCS88] 1333.4+2637,Q?,,
[CCS88] 1335.1+2649,Q?,,
[CCS88] 1335.7+2816,Q?,,
[CCS88] 1335.8+2615,Q?,,
[CCS88] 1336.3+2635,Q?,,
[CCS88] 1336.9+2817,Q?,,
[CCS88] 1337.2+2557,Q?,,
[CCS88] 1337.2+2743,Q?,,
[CCS88] 1337.3+2625,Q?,,
[CCS88] 1337.8+2734,Q?,,
[CCS88] 1338.0+2718,QSO,,
[CCS88] 1338.1+2810,Q?,,
[CCS88] 1338.7+2816,*,,
[CCS88] 1339.4+2812,Q?,,
[CCS88] 1339.5+2537,Q?,,
[CCS88] 1339.5+2653,Q?,,
[CCS88] 1340.8+2620,Q?,,
[CCS88] 1340.8+2757,Q?,,
[CCS88] 1340.9+2603,AGN,,
[CCS88] 1341.6+2709,Q?,,
[CCS88] 1341.8+2752,Q?,,
[CCS88] 1342.1+2706,*,,
[CCS88] 1342.1+2804,Q?,,
[CCS88] 1342.5+2531,AGN,,
[CCS88] 1342.5+2623,QSO,,
[CCS88] 1342.9+2809,Q?,,
[CCS88] 1343.8+2738,Q?,,
[CCS88] 1343.8+2815,Q?,,
[CCS88] 1343.9+2814,Q?,,
[CCS88] 1344.3+2642,Q?,,
[CCS88] 1344.4+2648,Q?,,
[CCS88] 1344.5+2621,Q?,,
[CCS88] 1345.6+2818,Q?,,
[CCS88] 1629.1+4029,Q?,,
[CCS88] 1637.3+4034,*,,
[CCS88] 1637.4+3825,WD*,,
[CCS88] 1637.5+4001,Q?,,
[CCS88] 1637.6+4042,*,,
[CCS88] 1637.9+3731,WD*,,
[CCS88] 1637.9+3957,Q?,,
[CCS88] 1638.3+3751,Q?,,
[CCS88] 1638.4+4050,*,,
[CCS88] 1638.8+4043,*,,
[CCS88] 1639.0+3945,*,,
[CFC97] Cen  2,G,,
[CFC97] Cen  5,G,,
[CFC97] Sc 21,G,,
[CFC97] Sc 33,G,,
[CFW90] Star  1,*,,
[CFW90] Star  3,*,,
[CFW90] Star  7,*,,
[CFW90] Star 11,*,,
[CFW90] Star 25,*,,
[CFW90] Star 36,*,,
[CGC95] 8,CV*,,
[CGC95] 9,CV*,,
[CGC97] J0014.9-2309,Q?,,
[CGC97] J0046.3-2532,WD?,,
[CGC97] J0048.3-2510,Q?,,
[CGC97] J0048.3-2523,Q?,,
[CGC97] J0051.5+3955,Q?,,
[CGC97] J0105.7+0211,Q?,,
[CGC97] J0729.7+6901,Q?,,
[CGC97] J0734.6+6536,Q?,,
[CGC97] J1945.0-1439,Q?,,
[CGC97] J1945.7-1429,Q?,,
[CGC98] NF 3,CV*,,
[CHA90]  99,GlC,,
[CJF89] NGC 3377  54,PN,,
[CJF89] NGC 3379  56,PN,,
[CJF89] NGC 3379  86,PN,,
[CJF89] NGC 3379 b,*,,
[CJF89] NGC 3379 f,*,,
[CJF89] NGC 3379 l,*,,
[CJF89] NGC 3379 m,*,,
[CJF89] NGC 3379 q,*,,
[CJF89] NGC 3384  42,PN,,
[CJF89] NGC 3384  62,PN,,
[CJF89] NGC 3384  66,PN,,
[CJF89] NGC 3384  70,PN,,
[CJF89] NGC 3384  72,PN,,
[CJF89] NGC 3384  73,PN,,
[CJF89] NGC 3384  74,PN,,
[CJF89] NGC 3384  78,PN,,
[CJF89] NGC 3384  82,PN,,
[CJF89] NGC 3384  87,PN,,
[CJF89] NGC 3384 100,PN,,
[CJF89] NGC 3384 m,*,,
[CJH91] NGC  891   1,PN,,
[CJH91] NGC  891  14,PN,,
[CJH91] NGC  891  30,PN,,
[CJH91] NGC  891  31,PN,,
[CJH91] NGC  891  32,PN,,
[CJH91] NGC 1023  82,PN,,
[CJH91] NGC 1023  94,PN,,
[CJH91] NGC 1023 106,PN,,
[CJH91] NGC 1023 109,PN,,
[CJH91] NGC 1023 d,*,,
[CJH91] NGC 1023 e,*,,
[CJH91] NGC 1023 i,*,,
[CJH91] NGC 1023 j,*,,
[CJH91] NGC 1023 x,*,,
[CK96] 30Dor-C12,MoC,,
[CKF95] HII  49,HII,,
[CKF95] HII  69,HII,,
[CKV93] B,Cl*,,
[CKW87] 174531.7-280044,HII,7.6,7.6
[CLW98] 2135-1446 -00073+00157,G,,
[CM84]   4,Rad,,
[CM84]   8,Rad,,
[CM84]  15,Sy2,,
[CM84]  28,Rad,,
[CM84]  38B,Rad,,
[CM84]  45,Rad,,
[CM84]  54,Rad,,
[CM84]  55,Rad,,
[CM84]  58,Rad,,
[CM84]  59,Rad,,
[CM84]  63B,Rad,,
[CM84]  64,Rad,,
[CM84]  69,Rad,,
[CM84]  73A,Rad,,
[CM84]  73B,Rad,,
[CM84]  74,rG,,
[CM84]  86,Rad,,
[CM84] 101,Rad,,
[CM84] 105,Rad,,
[CM84] 124A,Rad,,
[CM84] 127,Rad,,
[CM84] 130,Rad,,
[CM84] 133,Rad,,
[CM84] 135,Rad,,
[CM84] 136,Rad,,
[CM84] 137,Rad,,
[CM84] 139,Rad,,
[CM84] 140,Rad,,
[CM84] 141,Rad,,
[CM84] 147,Rad,,
[CM84] 148,Rad,,
[CM84] 151,Rad,,
[CM84] 154,AG?,,
[CM95] Ori A3,PoC,,
[CM95] Ori B8,PoC,,
[CMD97]   18,*,,
[CMD97]   20,*,,
[CMD97]   37,*,,
[CMD97]   38,*,,
[CMD97]   55,*,,
[CMD97]   89,*,,
[CMD97]  107,*,,
[CMD97]  115,X,,
[CMD97]  135,*,,
[CMD97]  166,*,,
[CMD97]  167,*,,
[CMD97]  187,*,,
[CMD97]  196,*,,
[CMD97]  216,*,,
[CMD97]  217,*,,
[CMD97]  225,*,,
[CMD97]  241,*,,
[CMD97]  256,*,,
[CMD97]  265,*,,
[CMD97]  287,*,,
[CMD97]  305,*,,
[CMD97]  307,*,,
[CMD97]  313,*,,
[CMD97]  319,*,,
[CMD97]  326,*,,
[CMD97]  357,*,,
[CMD97]  358,*,,
[CMD97]  384,*,,
[CMD97] 1080,*,,
[CMD97] 1085,*,,
[CMD97] 1089,*,,
[CMD97] 1220,*,,
[CMD97] 1250,*,,
[CMD97] 1440,*,,
[CMG93] Shell 3,X,,
[CMV96] 4C 23.56 C,Rad,,
[CMV96] 4C 24.33 B,Rad,,
[CMV96] 4C 28.58 B,Rad,,
[CMV96] 4C 40.46 C,Rad,,
[CMV96] 4C 42.27 A,Rad,,
[CMV96] 4C 42.27 C,Rad,,
[CMV96] 4C 42.44 A1,Rad,,
[CMV96] 4C 42.44 B,Rad,,
[CMV96] 4C 42.44 B2,Rad,,
[CMV96] 4C 48.45 B1,Rad,,
[CMV96] 4C 48.48 B2,Rad,,
[CMV96] 4C 50.18 A,Rad,,
[CMV96] 4C 50.31 A2,Rad,,
[CMV96] 4C 53.19 C,Rad,,
[CMV96] 4C 54.14 A,Rad,,
[CMV96] 4C 55.35 U,Rad,,
[CMV96] 4C 5922G,*,,
[CMV96] 4C 60.07 B,Rad,,
[CMV96] 4C 60.07 B1,Rad,,
[CMV96] 4C 60.07 B2,Rad,,
[COH94] 0902+343 A2,Rad,,
[COU96] 2,Rad,,
[CPF88] 030334.2+581913.0,Mas,,
[CPF88] 031009.7+582159.0,Mas,,
[CPF88] 033238.7+583638.0,Mas,,
[CPS95] X-4,X,,
[CR86]  831,HS*,,
[CRW97] OMC-3 MMS 10,cor,1.67,0.93
[CS82] C21,Cl*,,
[CS82] C33,GlC,,
[CS82] M15,GlC,,
[CS82] U138,GlC,,
[CS82] U54,*,,
[CS82] U81,Cl*,,
[CSC85] 1628.3+3785,Q?,,
[CSC85] 1629.3+3789,Q?,,
[CSG2002] SE 10,HII,,
[CSG2002] SE 11,HII,,
[CSH96] SSA 13   1,G,,
[CSH96] SSA 13   4,G,,
[CSH96] SSA 13  41,G,,
[CSH96] SSA 13  42,G,,
[CSH96] SSA 13  48,G,,
[CSH96] SSA 13  55,G,,
[CSH96] SSA 13  57,G,,
[CSH96] SSA 13  58,G,,
[CSH96] SSA 13  67,G,,
[CSH96] SSA 13  78,G,,
[CSH96] SSA 13  86,?,,
[CSH96] SSA 13  96,*,,
[CSH96] SSA 13 101,G,,
[CSH96] SSA 13 123,G,,
[CSH96] SSA 13 133,?,,
[CSH96] SSA 13 138,G,,
[CSH96] SSA 13 151,?,,
[CSH96] SSA 13 156,?,,
[CSH96] SSA 13 169,?,,
[CSH96] SSA 13 172,?,,
[CSH96] SSA 22   2,*,,
[CSH96] SSA 22   4,?,,
[CSH96] SSA 22  41,*,,
[CSH96] SSA 22  56,G,,
[CSH96] SSA 22  65,?,,
[CSH96] SSA 22 112,*,,
[CSH96] SSA 22 114,*,,
[CSH96] SSA 22 131,*,,
[CSH96] SSA 22 161,G,,
[CSH96] SSA 22 168,G,,
[CSH96] SSA 22 169,*,,
[CSH96] SSA 22 173,G,,
[CSH96] SSA 22 180,*,,
[CSH96] SSA 22 187,?,,
[CSH96] SSA 22 190,?,,
[CSH96] SSA 22 191,G,,
[CSH96] SSA 22 193,G,,
[CSH96] SSA 22 207,G,,
[CSH96] SSA 22 213,*,,
[CST94] E,Rad,,
[CT83]  51,UV,,
[CT83] 140,WD*,,
[CT83] 145,UV,,
[CT83] 206,UV,,
[CT83] 216,UV,,
[CT83] 233,UV,,
[CT83] 236,WD*,,
[CT83] 324,UV,,
[CT83] 352,WD*,,
[CTF93] 133,IR,,
[CTS93] C  4,IR,,
[CTS93] C 23,IR,,
[CTS93] C 36,IR,,
[CTS93] S  9,*,,
[CVL2009] UGC 5336-3,HII,,
[CVL2009] UGC 5666-2,HII,,
[CVL2009] UGC 5666-5,HII,,
[CZ2003] SERD-1294  12,GiC,,
[D75]  41,LP*,,
[D75b] Em* 06-049,Em*,,
[D75b] Em* 06-069,Em*,,
[D75b] Em* 22-125,Em*,,
[D75b] Star 37,S*,,
[D80] ACO    76  61,GiC,0.5966667,0.5833333
[D80] ACO  1656 120,GiC,0.395237,0.229277
[D80] ACO  3128  30,GiC,,
[D81] 35,GiC,,
[DB2002b] G122.50+29.00,MoC,30.0,30.0
[DB2002b] G125.16+11.64,MoC,8.0,5.5
[DB2002b] G133.52-45.30,MoC,70.0,40.0
[DB2002b] G14.47+1.15,MoC,2.0,2.0
[DB2002b] G155.76+5.91,MoC,2.5,2.5
[DB2002b] G161.59-35.89,MoC,20.0,20.0
[DB2002b] G161.86-43.31,MoC,95.0,90.0
[DB2002b] G165.34-26.44,DNe,240.0,120.0
[DB2002b] G167.53-26.61,MoC,30.0,30.0
[DB2002b] G172.27+26.97,MoC,30.0,30.0
[DB2002b] G186.03-29.93,MoC,20.0,15.0
[DB2002b] G192.12-3.05,MoC,2.5,1.5
[DB2002b] G192.49-2.94,MoC,6.0,2.5
[DB2002b] G198.07-15.27,MoC,8.0,4.5
[DB2002b] G202.99-3.59,MoC,3.5,1.5
[DB2002b] G22.44+5.03,MoC,2.0,2.0
[DB2002b] G236.69-34.00,DNe,98.0,98.0
[DB2002b] G236.96-5.04,MoC,8.0,3.5
[DB2002b] G28.12-1.76,DNe,4.5,3.5
[DB2002b] G29.32-4.73,MoC,3.5,1.5
[DB2002b] G34.55-6.05,DNe,2.5,1.0
[DB2002b] G4.16+36.64,MoC,11.0,7.0
[DB2002b] G40.57-36.61,MoC,30.0,15.0
[DB2002b] G46.28+9.19,MoC,6.0,4.5
[DB2002b] G54.32-1.13,MoC,3.5,3.5
[DB2002b] G73.31-51.52,MoC,35.0,20.0
[DB2002b] G8.22+36.34,MoC,30.0,20.0
[DB2002b] G8.42-2.06,MoC,3.5,2.0
[DB2002b] G89.19-40.94,MoC,360.0,120.0
[DB2002b] G89.61+38.42,MoC,50.0,30.0
[DB2002b] G91.99+36.80,MoC,30.0,30.0
[DB2002b] G93.46-12.63,MoC,4.5,3.5
[DBD86] Knot  6,PoC,,
[DBD86] Knot 18,PoC,,
[DBD86] Knot 34,?,,
[DBD86] Knot 37,PoC,,
[DBD86] Knot 50,?,,
[DBD86] Knot 61,?,,
[DBM95] Clump A,PoC,,
[DBM95] S2,X,,
[DBY94]   9,MoC,,
[DBY94] 082.7+03.2,MoC,,
[DBY94] 084.5+01.0,MoC,,
[DBY94] 084.8-03.6,MoC,,
[DBY94] 085.1+03.4,MoC,,
[DBY94] 086.1+04.4,MoC,,
[DBY94] 087.3+00.4,MoC,,
[DBY94] 089.3+04.0,MoC,,
[DBY94] 089.6+00.0,MoC,,
[DBY94] 090.5+02.4,MoC,,
[DBY94] 092.4+02.0,MoC,,
[DBY94] 092.9+05.8,MoC,,
[DBY94] 093.1+09.6,MoC,,
[DBY94] 093.2-04.0,MoC,,
[DBY94] 094.3-05.4,MoC,,
[DBY94] 095.7+10.0,MoC,,
[DBY94] 096.1+02.4,MoC,,
[DBY94] 097.2+09.8,MoC,,
[DBY94] 098.4+02.9,MoC,,
[DBY94] 098.4+06.4,MoC,,
[DBY94] 101.5+03.8,MoC,,
[DCM91] 0506+77 R15,Rad,,
[DCM91] 0506+77 R5,*,,
[DCM91] 0917+75 R1,G,,
[DCM91] 0917+75 R11,Rad,,
[DCM91] 0917+75 R12,Rad,,
[DCM91] 0917+75 R18,Rad,,
[DCM91] 0917+75 R19,Rad,,
[DD80]   3,HII,,
[DD80]   6,HII,,
[DD80]  18,HII,,
[DD80]  49,HII,,
[DD80]  59,HII,,
[DD80]  61,HII,,
[DD80]  70,HII,,
[DD80]  71,HII,,
[DD80]  74,HII,,
[DD80]  75,HII,,
[DD80]  88,HII,,
[DD80] 112,HII,,
[DD80] 113,HII,,
[DDT94] Cloud 3b,MoC,,
[DDT94] Cloud 4b,MoC,,
[DEM2009] A01,LeG,,
[DEM2009] B2,LeG,,
[DG82] 1,Gl?,,
[DG92] 2-108,GiC,,
[DG92] 2-116,GiC,,
[DG92] 2-12,GiC,,
[DG92] 2-121,GiC,,
[DG92] 2-125,GiC,,
[DG92] 2-132,GiC,,
[DG92] 2-136,GiC,,
[DG92] 2-15,GiC,,
[DG92] 2-164,GiC,,
[DG92] 2-177,GiC,,
[DG92] 2-185,GiC,,
[DG92] 2-190,GiC,,
[DG92] 2-196,GiC,,
[DG92] 2-197,GiC,,
[DG92] 2-201,GiC,,
[DG92] 2-258,GiC,,
[DG92] 2-33,GiC,,
[DG92] 2-36,GiC,,
[DG92] 2-38,GiC,,
[DG92] 2-4,GiC,,
[DG92] 2-47,GiC,,
[DG92] 2-49,GiC,,
[DG92] 2-50,GiC,,
[DG92] 2-60,GiC,,
[DG92] 2-70,GiC,,
[DG92] 2-85,GiC,,
[DG92] 2-95,GiC,,
[DG92] 3-364,GiC,,
[DG92] 3-78,GiC,,
[DG92] 4-110,GiC,,
[DG92] 4-116,GiC,,
[DG92] 4-132,GiC,,
[DG92] 4-138,GiC,,
[DG92] 4-14,GiC,,
[DG92] 4-158,GiC,,
[DG92] 4-166,GiC,,
[DG92] 4-178,GiC,,
[DG92] 4-210,GiC,,
[DG92] 4-211,GiC,,
[DG92] 4-214,EmG,,
[DG92] 4-23,GiC,,
[DG92] 4-233,GiC,,
[DG92] 4-266,GiC,,
[DG92] 4-269,GiC,,
[DG92] 4-27,GiC,,
[DG92] 4-300,GiC,,
[DG92] 4-305,GiC,,
[DG92] 4-319,GiC,,
[DG92] 4-341,GiC,,
[DG92] 4-357,GiC,,
[DG92] 4-358,GiC,,
[DG92] 4-361,GiC,,
[DG92] 4-377,GiC,,
[DG92] 4-379,GiC,,
[DG92] 4-387,GiC,,
[DG92] 4-400,GiC,,
[DG92] 4-428,GiC,,
[DG92] 4-438,GiC,,
[DG92] 4-474,GiC,,
[DG92] 4-486,GiC,,
[DG92] 4-488,GiC,,
[DG92] 4-50,GiC,,
[DG92] 4-500,GiC,,
[DG92] 4-520,GiC,,
[DG92] 4-54,GiC,,
[DG92] 4-58,GiC,,
[DG92] 5-10,GiC,,
[DG92] 5-109,GiC,,
[DG92] 5-134,GiC,,
[DG92] 5-146,GiC,,
[DG92] 5-155,GiC,,
[DG92] 5-19,GiC,,
[DG92] 5-196,GiC,,
[DG92] 5-205,GiC,,
[DG92] 5-208,GiC,,
[DG92] 5-213,GiC,,
[DG92] 5-221,GiC,,
[DG92] 5-229,GiC,,
[DG92] 5-239,GiC,,
[DG92] 5-261,GiC,,
[DG92] 5-272,GiC,,
[DG92] 5-276,GiC,,
[DG92] 5-277,GiC,,
[DG92] 5-278,GiC,,
[DG92] 5-28,GiC,,
[DG92] 5-291,GiC,,
[DG92] 5-300,GiC,,
[DG92] 5-308,GiC,,
[DG92] 5-318,GiC,,
[DG92] 5-348,GiC,,
[DG92] 5-370,GiC,,
[DG92] 5-60,GiC,,
[DG92] 5-73,GiC,,
[DG92] 5-74,GiC,,
[DG92] 5-87,GiC,,
[DG92] 5-89,GiC,,
[DG92] 5-9,GiC,,
[DG92] 6-118,BiC,,
[DG92] 6-148,GiC,,
[DG92] 6-16,GiC,,
[DG92] 6-193,GiC,,
[DG92] 6-228,GiC,,
[DG92] 6-30,GiC,,
[DG92] 6-4,GiC,,
[DG92] 6-40,GiC,,
[DG92] 6-95,GiC,,
[DG92] 7-10,GiC,,
[DG92] 7-103,GiC,,
[DG92] 7-112,GiC,,
[DG92] 7-119,GiC,,
[DG92] 7-120,GiC,,
[DG92] 7-144,GiC,,
[DG92] 7-145,GiC,,
[DG92] 7-155,GiC,,
[DG92] 7-16,GiC,,
[DG92] 7-161,GiC,,
[DG92] 7-164,GiC,,
[DG92] 7-168,GiC,,
[DG92] 7-170,GiC,,
[DG92] 7-181,GiC,,
[DG92] 7-197,GiC,,
[DG92] 7-203,GiC,,
[DG92] 7-221,GiC,,
[DG92] 7-229,GiC,,
[DG92] 7-23,GiC,,
[DG92] 7-231,GiC,,
[DG92] 7-240,GiC,,
[DG92] 7-245,*,,
[DG92] 7-252,GiC,,
[DG92] 7-277,GiC,,
[DG92] 7-284,GiC,,
[DG92] 7-294,GiC,,
[DG92] 7-304,GiC,,
[DG92] 7-307,GiC,,
[DG92] 7-32,GiC,,
[DG92] 7-37,GiC,,
[DG92] 7-39,GiC,,
[DG92] 7-41,GiC,,
[DG92] 7-44,GiC,,
[DG92] 7-45,GiC,,
[DG92] 7-46,GiC,,
[DG92] 7-47,GiC,,
[DG92] 7-79,GiC,,
[DG92] 7-85,GiC,,
[DG92] 7-90,GiC,,
[DG92] 7-93,GiC,,
[DG92] 8-1,GiC,,
[DG92] 8-111,GiC,,
[DG92] 8-130,GiC,,
[DG92] 8-152,GiC,,
[DG92] 8-165,GiC,,
[DG92] 8-197,GiC,,
[DG92] 8-204,GiC,,
[DG92] 8-211,GiC,,
[DG92] 8-213,GiC,,
[DG92] 8-215,GiC,,
[DG92] 8-22,GiC,,
[DG92] 8-221,GiC,,
[DG92] 8-238,GiC,,
[DG92] 8-241,GiC,,
[DG92] 8-290,GiC,,
[DG92] 8-314,GiC,,
[DG92] 8-325,GiC,,
[DG92] 8-333,GiC,,
[DG92] 8-336,GiC,,
[DG92] 8-341,GiC,,
[DG92] 8-343,GiC,,
[DG92] 8-348,GiC,,
[DG92] 8-427,GiC,,
[DG92] 8-44,GiC,,
[DG92] 8-440,GiC,,
[DG92] 8-446,GiC,,
[DG92] 8-453,GiC,,
[DG92] 8-493,GiC,,
[DG92] 8-494,GiC,,
[DG92] 8-510,GiC,,
[DG92] 8-512,GiC,,
[DG92] 8-520,GiC,,
[DG92] 8-521,GiC,,
[DG92] 8-528,GiC,,
[DG92] 8-61,GiC,,
[DG92] 8-65,GiC,,
[DG92] 8-92,GiC,,
[DG97] 4-5,Sy1,,
[DGI99] J164457+4626.0,rG,,
[DI91] 1265,*,,
[DLW84] G35.2S,HII,0.547,0.547
[DM99] 113,Or*,,
[DM99] 161,Or*,,
[DMJ2015] 2,*,,
[DMJ2015] 2303,Or*,,
[DMJ2015] 4,*,,
[DMJ2015] 571,Or*,,
[DMJ2015] 621,Or*,,
[DMJ2015] 665,Or*,,
[DMS93] NGC 595  16,*,,
[DMS93] NGC 595  36,*,,
[DMS93] NGC 595  39,*,,
[DMS93] NGC 595  56,*,,
[DMS93] NGC 595  60,*,,
[DMS93] NGC 595  63,*,,
[DMS93] NGC 595  66,*,,
[DMS93] NGC 595  67,*,,
[DMS93] NGC 595  74,*,,
[DMS93] NGC 595  75,*,,
[DMS93] NGC 595  90,*,,
[DMS93] NGC 595  91,*,,
[DMS93] NGC 595  92,*,,
[DMS93] NGC 595 110,*,,
[DNG99] NGC 3603 G,IR,0.43333334,0.43333334
[DPD83] 32,HII,,
[DPD83] 36,HII,,
[DPF2002] J131135.95-012229.0,GiC,,
[DQ90] B02,G,,
[DQ90] B14,G,,
[DWG95]  12,G,,
[DWG95]  20,G,,
[DWG95]  21,G,,
[DWG95]  44,G,,
[DWG95]  50,G,,
[DWG95]  75,G,,
[DWG95] 115,G,,
[DWG95] 120,G,,
[DWG95] 122,G,,
[DWG95] 131,G,,
[DWG95] 137,G,,
[DWG95] 138,G,,
[DWG95] 141,G,,
[DWG95] 143,G,,
[EDG2007] 296,GiC,,
[EDG2007] 344,GiC,,
[EDG2007] 386,GiC,,
[EDG2007] 433,GiC,,
[EDG2007] 552,GiC,,
[EKB95] I3,HI,,
[EKB95] I5,HI,,
[EKB95] N4,HI,,
[EKB95] N6,HI,,
[EKS96] NGC  788   5,HII,0.020666666,0.020666666
[EKS96] NGC 1068   5,HII,0.06566667,0.06566667
[EKS96] NGC 1068   6,HII,0.1015,0.1015
[EKS96] NGC 1068  10,HII,0.062333334,0.062333334
[EKS96] NGC 1068  19,HII,0.06983333,0.06983333
[EKS96] NGC 1068  31,HII,0.08133333,0.08133333
[EKS96] NGC 1068  81,HII,0.06316666,0.06316666
[EKS96] NGC 1068  83,HII,0.054166667,0.054166667
[EKS96] NGC 1068  92,HII,0.103,0.103
[EKS96] NGC 1097   2,HII,0.077,0.077
[EKS96] NGC 1097   4,HII,0.029166667,0.029166667
[EKS96] NGC 1097   6,HII,0.099,0.099
[EKS96] NGC 1097  12,HII,0.046,0.046
[EKS96] NGC 1097  14,HII,0.039833333,0.039833333
[EKS96] NGC 1097  15,HII,0.030333333,0.030333333
[EKS96] NGC 1097  23,HII,0.0325,0.0325
[EKS96] NGC 1097  25,HII,0.09166667,0.09166667
[EKS96] NGC 1097  54,HII,0.054833334,0.054833334
[EKS96] NGC 1097  63,HII,0.06216667,0.06216667
[EKS96] NGC 1097  64,HII,0.08116667,0.08116667
[EKS96] NGC 1097  73,HII,0.034666665,0.034666665
[EKS96] NGC 1097  82,HII,0.049,0.049
[EKS96] NGC 1097  87,HII,0.038,0.038
[EKS96] NGC 1097  89,HII,0.0615,0.0615
[EKS96] NGC 1097  94,HII,0.0805,0.0805
[EKS96] NGC 1097  97,HII,0.034666665,0.034666665
[EKS96] NGC 1097 104,HII,0.073,0.073
[EKS96] NGC 1097 105,HII,0.06683333,0.06683333
[EKS96] NGC 1097 108,HII,0.039,0.039
[EKS96] NGC 1097 110,HII,0.036666665,0.036666665
[EKS96] NGC 1097 120,HII,0.068333335,0.068333335
[EKS96] NGC 1097 121,HII,0.06516667,0.06516667
[EKS96] NGC 1097 122,HII,0.08866667,0.08866667
[EKS96] NGC 1097 136,HII,0.057666667,0.057666667
[EKS96] NGC 1097 142,HII,0.046,0.046
[EKS96] NGC 1097 152,HII,0.027333334,0.027333334
[EKS96] NGC 1097 164,HII,0.094333336,0.094333336
[EKS96] NGC 1097 167,HII,0.041166667,0.041166667
[EKS96] NGC 1097 186,HII,0.086333334,0.086333334
[EKS96] NGC 1097 193,HII,0.038,0.038
[EKS96] NGC 1097 198,HII,0.027333334,0.027333334
[EKS96] NGC 1097 221,HII,0.082833335,0.082833335
[EKS96] NGC 1097 232,HII,0.106,0.106
[EKS96] NGC 1097 238,HII,0.049,0.049
[EKS96] NGC 1097 246,HII,0.0245,0.0245
[EKS96] NGC 1097 256,HII,0.034666665,0.034666665
[EKS96] NGC 1097 268,HII,0.06216667,0.06216667
[EKS96] NGC 1097 276,HII,0.102,0.102
[EKS96] NGC 1097 280,HII,0.032,0.032
[EKS96] NGC 1097 284,HII,0.068333335,0.068333335
[EKS96] NGC 1097 303,HII,0.039833333,0.039833333
[EKS96] NGC 1097 315,HII,0.071166664,0.071166664
[EKS96] NGC 1097 318,HII,0.039,0.039
[EKS96] NGC 1097 329,HII,0.10216667,0.10216667
[EKS96] NGC 1097 353,HII,0.058833335,0.058833335
[EKS96] NGC 1097 355,HII,0.04083333,0.04083333
[EKS96] NGC 1097 360,HII,0.057,0.057
[EKS96] NGC 1097 367,HII,0.048333332,0.048333332
[EKS96] NGC 1097 382,HII,0.060333334,0.060333334
[EKS96] NGC 1097 384,HII,0.0775,0.0775
[EKS96] NGC 1097 396,HII,0.0515,0.0515
[EKS96] NGC 1672  10,HII,0.07066666,0.07066666
[EKS96] NGC 1672  41,HII,0.068833336,0.068833336
[EKS96] NGC 1672  42,HII,0.042,0.042
[EKS96] NGC 1672  43,HII,0.099,0.099
[EKS96] NGC 1672  53,HII,0.10266667,0.10266667
[EKS96] NGC 1672  55,HII,0.0775,0.0775
[EKS96] NGC 1672  59,HII,0.0285,0.0285
[EKS96] NGC 1672  62,HII,0.064666666,0.064666666
[EKS96] NGC 1672  91,HII,0.04083333,0.04083333
[EKS96] NGC 1672 103,HII,0.052166667,0.052166667
[EKS96] NGC 1672 117,HII,0.124,0.124
[EKS96] NGC 1672 124,HII,0.035166666,0.035166666
[EKS96] NGC 1672 127,HII,0.042833332,0.042833332
[EKS96] NGC 1672 139,HII,0.033166666,0.033166666
[EKS96] NGC 1672 144,HII,0.077,0.077
[EKS96] NGC 1672 155,HII,0.075,0.075
[EKS96] NGC 1672 156,HII,0.039833333,0.039833333
[EKS96] NGC 1672 160,HII,0.0755,0.0755
[EKS96] NGC 1672 166,HII,0.101166666,0.101166666
[EKS96] NGC 1672 171,HII,0.0385,0.0385
[EKS96] NGC 1672 175,HII,0.063,0.063
[EKS96] NGC 1672 183,HII,0.059833333,0.059833333
[EKS96] NGC 1672 194,HII,0.0425,0.0425
[EKS96] NGC 1672 213,HII,0.062333334,0.062333334
[EKS96] NGC 1672 219,HII,0.0285,0.0285
[EKS96] NGC 1672 239,HII,0.0585,0.0585
[EKS96] NGC 1672 249,HII,0.043333333,0.043333333
[EKS96] NGC 1672 256,HII,0.044166666,0.044166666
[EKS96] NGC 2782  19,HII,0.025166666,0.025166666
[EKS96] NGC 2782  23,HII,0.030333333,0.030333333
[EKS96] NGC 2782  29,HII,0.030833334,0.030833334
[EKS96] NGC 3081  11,HII,0.0285,0.0285
[EKS96] NGC 3081  29,HII,0.016833333,0.016833333
[EKS96] NGC 3081  49,HII,0.037166666,0.037166666
[EKS96] NGC 3081  53,HII,0.026,0.026
[EKS96] NGC 4051   4,HII,0.0535,0.0535
[EKS96] NGC 4051  30,HII,0.0425,0.0425
[EKS96] NGC 4051  33,HII,0.058,0.058
[EKS96] NGC 4051  34,HII,0.0425,0.0425
[EKS96] NGC 4051  36,HII,0.066,0.066
[EKS96] NGC 4051  46,HII,0.06683333,0.06683333
[EKS96] NGC 4051  63,HII,0.027333334,0.027333334
[EKS96] NGC 4051  64,HII,0.11266667,0.11266667
[EKS96] NGC 4051  68,HII,0.041166667,0.041166667
[EKS96] NGC 4051  82,HII,0.090833336,0.090833336
[EKS96] NGC 4051 111,HII,0.123166665,0.123166665
[EKS96] NGC 4051 123,HII,0.044166666,0.044166666
[EKS96] NGC 4593   3,HII,0.037666667,0.037666667
[EKS96] NGC 4593  21,HII,0.060333334,0.060333334
[EKS96] NGC 4593  27,HII,0.034666665,0.034666665
[EKS96] NGC 4593  38,HII,0.0525,0.0525
[EKS96] NGC 4593  47,HII,0.050166667,0.050166667
[EKS96] NGC 4593  57,HII,0.058333334,0.058333334
[EKS96] NGC 4593  62,HII,0.0555,0.0555
[EKS96] NGC 4593  67,HII,0.0525,0.0525
[EKS96] NGC 4639   9,HII,0.05666667,0.05666667
[EKS96] NGC 4639  11,HII,0.027333334,0.027333334
[EKS96] NGC 4639  13,HII,0.0215,0.0215
[EKS96] NGC 4639  17,HII,0.078666665,0.078666665
[EKS96] NGC 4639  21,HII,0.0703,0.0703
[EKS96] NGC 4639  31,HII,0.029666666,0.029666666
[EKS96] NGC 4639  43,HII,0.061166666,0.061166666
[EKS96] NGC 4639  74,HII,0.045333333,0.045333333
[EKS96] NGC 4639  81,HII,0.029666666,0.029666666
[EKS96] NGC 4639  94,HII,0.029166667,0.029166667
[EKS96] NGC 4639  99,HII,0.0315,0.0315
[EKS96] NGC 4639 109,HII,0.0647,0.0647
[EKS96] NGC 4639 110,HII,0.039833333,0.039833333
[EKS96] NGC 4639 113,HII,0.044833332,0.044833332
[EKS96] NGC 4639 114,HII,0.023833333,0.023833333
[EKS96] NGC 4639 126,HII,0.022333333,0.022333333
[EKS96] NGC 4639 130,HII,0.04366667,0.04366667
[EKS96] NGC 4639 138,HII,0.045666665,0.045666665
[EKS96] NGC 4639 145,HII,0.022333333,0.022333333
[EKS96] NGC 4639 159,HII,0.04366667,0.04366667
[EKS96] NGC 4639 179,HII,0.041666668,0.041666668
[EKS96] NGC 4939   6,HII,0.0395,0.0395
[EKS96] NGC 4939  20,HII,0.030833334,0.030833334
[EKS96] NGC 4939  23,HII,0.011833333,0.011833333
[EKS96] NGC 4939  29,HII,0.06933333,0.06933333
[EKS96] NGC 4939  62,HII,0.013333334,0.013333334
[EKS96] NGC 4939  66,HII,0.016833333,0.016833333
[EKS96] NGC 4939  69,HII,0.010333333,0.010333333
[EKS96] NGC 4939  71,HII,0.015666667,0.015666667
[EKS96] NGC 4939  84,HII,0.035166666,0.035166666
[EKS96] NGC 4939  97,HII,0.016833333,0.016833333
[EKS96] NGC 4939  98,HII,0.013333334,0.013333334
[EKS96] NGC 4939 109,HII,0.0325,0.0325
[EKS96] NGC 4939 111,HII,0.010333333,0.010333333
[EKS96] NGC 4939 114,HII,0.0285,0.0285
[EKS96] NGC 4939 143,HII,0.079833336,0.079833336
[EKS96] NGC 4939 152,HII,0.026,0.026
[EKS96] NGC 4939 154,HII,0.046,0.046
[EKS96] NGC 4939 199,HII,0.037166666,0.037166666
[EKS96] NGC 4939 201,HII,0.026,0.026
[EKS96] NGC 5033  27,HII,0.034666665,0.034666665
[EKS96] NGC 5033  34,HII,0.0675,0.0675
[EKS96] NGC 5033  46,HII,0.10266667,0.10266667
[EKS96] NGC 5033  49,HII,0.058833335,0.058833335
[EKS96] NGC 5033  50,HII,0.06916667,0.06916667
[EKS96] NGC 5033  51,HII,0.14183334,0.14183334
[EKS96] NGC 5033  65,HII,0.034166668,0.034166668
[EKS96] NGC 5033  74,HII,0.034166668,0.034166668
[EKS96] NGC 5033  78,HII,0.0635,0.0635
[EKS96] NGC 5033  82,HII,0.034666665,0.034666665
[EKS96] NGC 5033  89,HII,0.097166665,0.097166665
[EKS96] NGC 5033  99,HII,0.06983333,0.06983333
[EKS96] NGC 5033 119,HII,0.066,0.066
[EKS96] NGC 5033 133,HII,0.075666666,0.075666666
[EKS96] NGC 5033 139,HII,0.06983333,0.06983333
[EKS96] NGC 5033 141,HII,0.07066666,0.07066666
[EKS96] NGC 5033 149,HII,0.082833335,0.082833335
[EKS96] NGC 5033 152,HII,0.08133333,0.08133333
[EKS96] NGC 5033 156,HII,0.079333335,0.079333335
[EKS96] NGC 5033 159,HII,0.059166666,0.059166666
[EKS96] NGC 5033 169,HII,0.049,0.049
[EKS96] NGC 5033 173,HII,0.037166666,0.037166666
[EKS96] NGC 5033 175,HII,0.0635,0.0635
[EKS96] NGC 5033 176,HII,0.040333334,0.040333334
[EKS96] NGC 5033 178,HII,0.0545,0.0545
[EKS96] NGC 5033 181,HII,0.041666668,0.041666668
[EKS96] NGC 5033 184,HII,0.0535,0.0535
[EKS96] NGC 5033 186,HII,0.047166668,0.047166668
[EKS96] NGC 5033 192,HII,0.071333334,0.071333334
[EKS96] NGC 5033 199,HII,0.06266667,0.06266667
[EKS96] NGC 5033 201,HII,0.041666668,0.041666668
[EKS96] NGC 5033 205,HII,0.042833332,0.042833332
[EKS96] NGC 5033 219,HII,0.09833334,0.09833334
[EKS96] NGC 5033 225,HII,0.06516667,0.06516667
[EKS96] NGC 5033 226,HII,0.029666666,0.029666666
[EKS96] NGC 5033 227,HII,0.050166667,0.050166667
[EKS96] NGC 5033 232,HII,0.0515,0.0515
[EKS96] NGC 5033 236,HII,0.0525,0.0525
[EKS96] NGC 5033 241,HII,0.039833333,0.039833333
[EKS96] NGC 5033 242,HII,0.0565,0.0565
[EKS96] NGC 5033 248,HII,0.045333333,0.045333333
[EKS96] NGC 5033 257,HII,0.058,0.058
[EKS96] NGC 5033 267,HII,0.058,0.058
[EKS96] NGC 5033 276,HII,0.10933334,0.10933334
[EKS96] NGC 5033 282,HII,0.12483333,0.12483333
[EKS96] NGC 5033 301,HII,0.046,0.046
[EKS96] NGC 5033 311,HII,0.051166665,0.051166665
[EKS96] NGC 5033 312,HII,0.075166665,0.075166665
[EKS96] NGC 5033 316,HII,0.037666667,0.037666667
[EKS96] NGC 5033 322,HII,0.035666667,0.035666667
[EKS96] NGC 5033 326,HII,0.040333334,0.040333334
[EKS96] NGC 5033 329,HII,0.061,0.061
[EKS96] NGC 5033 336,HII,0.054166667,0.054166667
[EKS96] NGC 5033 346,HII,0.042833332,0.042833332
[EKS96] NGC 5033 351,HII,0.054166667,0.054166667
[EKS96] NGC 5033 355,HII,0.07433333,0.07433333
[EKS96] NGC 5033 359,HII,0.036166668,0.036166668
[EKS96] NGC 5033 395,HII,0.039,0.039
[EKS96] NGC 5033 401,HII,0.07733333,0.07733333
[EKS96] NGC 5033 403,HII,0.0805,0.0805
[EKS96] NGC 5033 418,HII,0.051166665,0.051166665
[EKS96] NGC 5033 420,HII,0.039,0.039
[EKS96] NGC 5033 421,HII,0.039,0.039
[EKS96] NGC 5427  11,HII,0.041666668,0.041666668
[EKS96] NGC 5427  19,HII,0.05183333,0.05183333
[EKS96] NGC 5427  29,HII,0.058,0.058
[EKS96] NGC 5427  35,HII,0.07633334,0.07633334
[EKS96] NGC 5427  37,HII,0.0665,0.0665
[EKS96] NGC 5427  46,HII,0.056166667,0.056166667
[EKS96] NGC 5427  61,HII,0.045333333,0.045333333
[EKS96] NGC 5427  65,HII,0.039,0.039
[EKS96] NGC 5427  68,HII,0.054166667,0.054166667
[EKS96] NGC 5427  76,HII,0.045333333,0.045333333
[EKS96] NGC 6300  30,HII,0.0445,0.0445
[EKS96] NGC 6300  33,HII,0.0245,0.0245
[EKS96] NGC 6300  40,HII,0.026,0.026
[EKS96] NGC 6300  45,HII,0.017833333,0.017833333
[EKS96] NGC 6300  48,HII,0.0505,0.0505
[EKS96] NGC 6300  66,HII,0.051166665,0.051166665
[EKS96] NGC 6300  68,HII,0.027333334,0.027333334
[EKS96] NGC 6300  69,HII,0.022333333,0.022333333
[EKS96] NGC 6300  75,HII,0.017833333,0.017833333
[EKS96] NGC 6300  90,HII,0.019666666,0.019666666
[EKS96] NGC 6300 109,HII,0.0465,0.0465
[EKS96] NGC 6300 110,HII,0.030833334,0.030833334
[EKS96] NGC 6300 123,HII,0.050166667,0.050166667
[EKS96] NGC 6300 147,HII,0.048333332,0.048333332
[EKS96] NGC 6300 148,HII,0.036666665,0.036666665
[EKS96] NGC 6300 152,HII,0.040333334,0.040333334
[EKS96] NGC 6300 153,HII,0.0535,0.0535
[EKS96] NGC 6300 154,HII,0.04083333,0.04083333
[EKS96] NGC 6300 161,HII,0.020666666,0.020666666
[EKS96] NGC 6300 167,HII,0.033166666,0.033166666
[EKS96] NGC 6300 174,HII,0.039,0.039
[EKS96] NGC 6300 180,HII,0.046833333,0.046833333
[EKS96] NGC 6300 181,HII,0.048666667,0.048666667
[EKS96] NGC 6300 199,HII,0.022333333,0.022333333
[EKS96] NGC 6300 204,HII,0.0385,0.0385
[EKS96] NGC 6300 206,HII,0.0285,0.0285
[EKS96] NGC 6300 212,HII,0.036166668,0.036166668
[EKS96] NGC 6300 217,HII,0.043333333,0.043333333
[EKS96] NGC 6300 221,HII,0.033666667,0.033666667
[EKS96] NGC 6300 224,HII,0.033166666,0.033166666
[EKS96] NGC 6300 240,HII,0.046833333,0.046833333
[EKS96] NGC 6300 246,HII,0.018833334,0.018833334
[EKS96] NGC 6300 256,HII,0.060666665,0.060666665
[EKS96] NGC 6300 268,HII,0.037666667,0.037666667
[EKS96] NGC 6300 275,HII,0.030333333,0.030333333
[EKS96] NGC 6300 279,HII,0.044833332,0.044833332
[EKS96] NGC 6300 287,HII,0.019666666,0.019666666
[EKS96] NGC 6300 288,HII,0.016833333,0.016833333
[EKS96] NGC 6300 291,HII,0.05183333,0.05183333
[EKS96] NGC 6300 309,HII,0.05183333,0.05183333
[EKS96] NGC 6300 313,HII,0.0245,0.0245
[EKS96] NGC 6300 315,HII,0.029666666,0.029666666
[EKS96] NGC 6300 316,HII,0.035666667,0.035666667
[EKS96] NGC 6814   8,HII,0.0395,0.0395
[EKS96] NGC 6814  15,HII,0.039833333,0.039833333
[EKS96] NGC 6814  24,HII,0.0475,0.0475
[EKS96] NGC 6814  26,HII,0.056166667,0.056166667
[EKS96] NGC 6814  43,HII,0.026,0.026
[EKS96] NGC 6814  52,HII,0.04366667,0.04366667
[EKS96] NGC 6814  53,HII,0.039833333,0.039833333
[EKS96] NGC 6814  65,HII,0.053166665,0.053166665
[EKS96] NGC 6814  69,HII,0.052166667,0.052166667
[EKS96] NGC 6814  93,HII,0.08116667,0.08116667
[EKS96] NGC 6814  94,HII,0.036666665,0.036666665
[EKS96] NGC 6814  99,HII,0.044833332,0.044833332
[EKS96] NGC 6814 105,HII,0.023833333,0.023833333
[EKS96] NGC 6814 113,HII,0.0385,0.0385
[EKS96] NGC 6814 118,HII,0.0425,0.0425
[EKS96] NGC 6814 128,HII,0.035166666,0.035166666
[EKS96] NGC 7213  20,HII,0.050833333,0.050833333
[EKS96] NGC 7213  26,HII,0.0245,0.0245
[EKS96] NGC 7314   2,HII,0.039833333,0.039833333
[EKS96] NGC 7314  12,HII,0.068,0.068
[EKS96] NGC 7314  13,HII,0.09216667,0.09216667
[EKS96] NGC 7314  25,HII,0.058333334,0.058333334
[EKS96] NGC 7314  32,HII,0.05733333,0.05733333
[EKS96] NGC 7314  38,HII,0.0385,0.0385
[EKS96] NGC 7314  41,HII,0.063,0.063
[EKS96] NGC 7314  60,HII,0.0585,0.0585
[EKS96] NGC 7314  69,HII,0.061,0.061
[EKS96] NGC 7314  72,HII,0.056166667,0.056166667
[EKS96] NGC 7314  91,HII,0.0465,0.0465
[EKS96] NGC 7314  93,HII,0.082333334,0.082333334
[EKS96] NGC 7314  94,HII,0.0585,0.0585
[EKS96] NGC 7314 101,HII,0.036666665,0.036666665
[EKS96] NGC 7314 105,HII,0.035166666,0.035166666
[EKS96] NGC 7314 110,HII,0.041166667,0.041166667
[EKS96] NGC 7314 112,HII,0.0385,0.0385
[EKS96] NGC 7314 119,HII,0.0475,0.0475
[EKS96] NGC 7314 122,HII,0.068833336,0.068833336
[EKS96] NGC 7314 131,HII,0.045333333,0.045333333
[EKS96] NGC 7314 134,HII,0.0465,0.0465
[EKS96] NGC 7469   1,HII,0.06316666,0.06316666
[EKS96] NGC 7469   8,HII,0.0775,0.0775
[EKS96] NGC 7469  12,HII,0.035166666,0.035166666
[EKS96] NGC 7469  13,HII,0.035166666,0.035166666
[EWM2015] J182954.4+011817.6,PM*,,
[F88b] 1-711,Ce*,,
[FBB95]  6,*,,
[FBB95] 10,?,,
[FBM2010] 44.28+59.3,SNR,0.0026,0.0026
[FBM2010] 44.51+58.2,SNR,0.0039,0.0039
[FBM2010] 44.89+61.2,SNR,0.0037166667,0.0009
[FBM2010] 46.70+67.1,SNR,0.004333333,0.004333333
[FDD81] GRB 781119 11,*,,
[FFH96] C2,Ce*,,
[FFH96] C27,Ce*,,
[FFH96] C29,Ce*,,
[FFH96] C3,Ce*,,
[FFH96] C31,Ce*,,
[FFH96] C56,Ce*,,
[FFH96] C64,Ce*,,
[FFH96] C9,Ce*,,
[FGR96] 163206.4-472948,Mas,,
[FK83] LkHA 120 19,*,,
[FKT92] NGC 4449 1,X,,
[FKW84] DSS  9,PaG,,
[FLH92] A3,LeI,,
[FLH92] G30,G,,
[FLY99]   77,G,,
[FLY99]  104,EmG,0.0084,0.0084
[FLY99]  106,G,,
[FLY99]  109,G,,
[FLY99]  145,G,,
[FLY99]  180,G,,
[FLY99]  226,PoG,,
[FLY99]  235,G,,
[FLY99]  267,G,,
[FLY99]  280,PoG,,
[FLY99]  295,G,,
[FLY99]  298,G,,
[FLY99]  299,G,,
[FLY99]  323,G,,
[FLY99]  326,G,,
[FLY99]  355,PoG,,
[FLY99]  400,G,,
[FLY99]  498,G,,
[FLY99]  523,PoG,,
[FLY99]  571,PoG,,
[FLY99]  579,G,,
[FLY99]  588,G,,
[FLY99]  602,G,,
[FLY99]  640,G,,
[FLY99]  643,G,,
[FLY99]  656,G,,
[FLY99]  657,PoG,,
[FLY99]  661,G,,
[FLY99]  667,G,,
[FLY99]  681,PoG,,
[FLY99]  699,G,,
[FLY99]  722,PoG,,
[FLY99]  748,PoG,,
[FLY99]  758,EmG,,
[FLY99]  918,G,,
[FLY99]  919,G,,
[FLY99]  953,G,,
[FLY99]  959,PoG,,
[FLY99]  961,G,,
[FLY99]  963,G,,
[FLY99]  969,G,,
[FLY99]  997,G,,
[FLY99] 1001,PoG,,
[FLY99] 1030,G,,
[FLY99] 1037,G,,
[FLY99] 1040,G,,
[FLY99] 1047,PoG,,
[FMB91]  19,GiC,,
[FMB91]  31,GiC,,
[FMB91]  39,GiC,,
[FMB91]  67,GiC,,
[FMB91]  68,GiC,,
[FMB91]  70,GiC,,
[FMB91]  73,GiC,,
[FMB91]  78,GiC,,
[FMB91]  95,GiC,,
[FMB91]  99,GiC,,
[FMB91] 113,GiC,,
[FMB91] 120,GiC,,
[FMB91] 124,GiC,,
[FMB91] 130,GiC,,
[FMB91] 142,GiC,,
[FMB91] 144,GiC,,
[FMB91] 147,GiC,,
[FMB91] 153,GiC,,
[FMB91] 155,GiC,,
[FMB91] 168,GiC,,
[FMB91] 179,GiC,,
[FMB91] 181,GiC,,
[FMB91] 186,GiC,,
[FMB91] 201,GiC,,
[FMB91] 215,GiC,,
[FMB91] 216,GiC,,
[FMB91] 217,GiC,,
[FMB91] 223,GiC,,
[FMB91] 224,GiC,,
[FMB91] 234,GiC,,
[FMB91] 235,GiC,,
[FMB91] 247,GiC,,
[FMB91] 251,GiC,,
[FMB91] 252,GiC,,
[FMB91] 259,GiC,,
[FMB91] 284,GiC,,
[FPA77] NGC 3603 IRS 13,IR,,
[FPK96] J030501.3-001039,G,,
[FPK96] J171220.8+333559,G,,
[FRS2006] WeCAPP V01793,WV*,,
[FRS2006] WeCAPP V13905,V*,,
[FT84] 3,X,,
[FT84] 4,X,,
[FT84] 7,X,,
[FT96] 120.5+1.6,IR,,
[FT96] 122.4-0.8B,IR,,
[FT96] 123.1-6.3A,IR,,
[FT96] 123.1-6.3B,IR,,
[FT96] 123.3+3.0,IR,,
[FT96] 123.3+3.0A,IR,,
[FT96] 123.3+3.0D,IR,,
[FT96] 123.6-0.8,IR,,
[FT96] 123.9-2.0,IR,0.137,0.137
[FT96] 125.1+0.8B,IR,,
[FT96] 126.3+1.0,IR,,
[FT96] 217.3-1.4,IR,,
[FT96] 217.4-0.1B,IR,,
[FT96] 220.5-0.6B,IR,,
[FT96] 220.9-2.5B,IR,,
[FW2011] J053514.431-052233.457,Y*O,0.0051666666,0.0025
[FWD91] Radio Nucleus,Rad,,
[G55] 262,V*,,
[G93b] BD +46 3471 HH2,HH,,
[G93c] 101,*,,
[G93c] 111,*,,
[G93c] 172,*,,
[G93c] 173,*,,
[G93c] 184,*,,
[G93c] 196,*,,
[G93c] 20,*,,
[G93c] 209,*,,
[G93c] 257,*,,
[G93c] 27,*,,
[G93c] 271,*,,
[G93c] 291,*,,
[G93c] 295,*,,
[G93c] 319,*,,
[G93c] 326,*,,
[G93c] 328,*,,
[G93c] 342,*,,
[G93c] 347,*,,
[G93c] 35,*,,
[G93c] 357,*,,
[G93c] 359,*,,
[G93c] 369,*,,
[G93c] 391,*,,
[G93c] 404,*,,
[G93c] 411,*,,
[G93c] 422,*,,
[G93c] 434,*,,
[G93c] 474,*,,
[G93c] 477,*,,
[G93c] 52,*,,
[G93c] 62,*,,
[G93c] 85,*,,
[G93c] 93,*,,
[GBM90] L1506 15,*,,
[GBM90] L1506 24,*,,
[GBM90] L1506 36,*,,
[GBM90] L1755  1,*,,
[GBM90] L1755  3,*,,
[GBM90] L1755  8,*,,
[GBM90] L1755 13,*,,
[GBM90] L1755 33,*,,
[GBM90] L1755 44,*,,
[GBM90] L1755 46,*,,
[GBM90] L1755 51,*,,
[GBM90] Per 27,RG*,,
[GBM90] Per 61,*,,
[GBO96] S2,Rad,,
[GCD95] B09.89,HII,,
[GCD95] F10.32,HII,,
[GCD95] F10.39,HII,,
[GCD95] X08.33,HII,,
[GCD95] Z10.24,HII,,
[GCS95] 201,X,,
[GD77] A,IR,,
[GGC82] IRS 3W,IR,,
[GGH82] A,X,,
[GH91]  27,GiC,,
[GH91]  30,GiC,,
[GH91]  36,GiC,,
[GH91]  63,GiC,,
[GH91]  72,GiC,,
[GH91] 113,GiC,,
[GH91] 115,GiC,,
[GH91] 125,GiC,,
[GH91] 140,GiC,,
[GH91] 156,GiC,,
[GH91] 160,GiC,,
[GH91] 165,GiC,,
[GH91] 187,GiC,,
[GHH96] 023616-084357,X,,
[GHH96] 054053+492813,X,,
[GHH96] 060041-400924,X,,
[GKW97] HH 215 5,?,,
[GKW97] Knot B1,?,,
[GKW97] Knot D1,?,,
[GKW97] Knot E1,?,,
[GLB97] ACO 1569 47,GiC,,
[GLB97] ACO 578 56,GiC,,
[GLB97] ACO 578 64,GiC,,
[GLB97] ACO 578 65,GiC,,
[GMP94]  16,*,,
[GMP94]  19,*,,
[GMP94]  34,*,,
[GMP94]  37,*,,
[GMP94]  88,*,,
[GMP94]  91,*,,
[GMP94] 103,*,,
[GMP94] 106,*,,
[GMP94] 132,*,,
[GMP94] 138,*,,
[GMP94] 141,*,,
[GMP94] 158,*,,
[GMP94] 159,*,,
[GMP94] 163,*,,
[GMP94] 171,*,,
[GMP94] 172,*,,
[GMP94] 181,*,,
[GMP94] 182,*,,
[GMP94] 187,*,,
[GMP94] 188,*,,
[GMP94] 190,*,,
[GMP94] 192,*,,
[GMP94] 193,*,,
[GMP94] 200,*,,
[GMP94] 201,*,,
[GMP94] 211,*,,
[GMP94] 222,*,,
[GMP94] 224,*,,
[GMP94] 231,*,,
[GMP94] 236,*,,
[GMP94] 238,*,,
[GMP94] 249,*,,
[GMP94] 262,*,,
[GMP94] 264,*,,
[GMP94] 266,*,,
[GMP94] 271,*,,
[GMP94] 272,*,,
[GMP94] 275,*,,
[GMP94] 278,*,,
[GMP94] 284,*,,
[GMP94] 293,*,,
[GMP94] 299,*,,
[GMP94] 307,*,,
[GMP94] 324,*,,
[GMP94] 328,*,,
[GMP94] 330,*,,
[GMP94] 332,*,,
[GMP94] 333,*,,
[GMP94] 334,*,,
[GMP94] 343,*,,
[GMP94] 397,*,,
[GMP94] 404,*,,
[GMP94] 411,*,,
[GMP94] 502,*,,
[GMP94] 503,*,,
[GMP94] 511,*,,
[GMP94] 512,*,,
[GMP94] 519,*,,
[GMP94] 533,*,,
[GMP94] 535,*,,
[GMP94] 539,*,,
[GMP94] 545,*,,
[GMP94] 560,*,,
[GMP94] 566,*,,
[GMP94] 573,*,,
[GMP94] 577,*,,
[GMP94] 582,*,,
[GMP94] 588,*,,
[GMP94] 600,*,,
[GMP94] 607,*,,
[GMP94] 617,*,,
[GMP94] 622,*,,
[GMP94] 632,*,,
[GMP94] 633,*,,
[GMP94] 638,*,,
[GMP94] 660,*,,
[GMP94] 661,*,,
[GMP94] 670,*,,
[GMP94] 672,*,,
[GMP94] 674,*,,
[GMP94] 702,*,,
[GMP94] 703,*,,
[GMP94] 716,*,,
[GMP94] 735,*,,
[GMP94] 758,*,,
[GMP94] 761,*,,
[GMP94] 763,*,,
[GMP94] 768,*,,
[GMP94] 773,*,,
[GMP94] 784,*,,
[GMP94] 807,*,,
[GMS94] 11,?,,
[GMS94] 16,G,,
[GP75] R CrA a,*,,
[GP75] R CrA e,*,,
[GSG2007] G18,Cl*,,
[GSG2007] G2,Cl*,,
[GSG2007] G21,Cl*,,
[GSG2007] G30,Cl*,,
[GSG2007] G46,Cl*,,
[GSG2007] G49,Cl*,,
[GSL98] A17,GiC,,
[GT89] ir1,Cld,,
[GT89] ir3,Cld,,
[GT89] ir4,Cld,,
[GY92]  93,TT*,9.4,0.0
[GY92] 284,TT*,,
[GY92] 310,Or*,,
[GY92] 313,*,,
[GY92] 326,TT*,,
[H25]  VII,Cl*,,
[H25] V10,LP*,,
[H25] V13,Ce*,,
[H25] V14,s?r,,
[H25] V2,Ce*,,
[H25] V4,Ce*,,
[H25] VIII,Cl*,,
[H61] v,*,,
[H69] NGC 3109  12,HII,,
[H69] NGC 5068  10,HII,,
[H69] NGC 5068  40,HII,,
[H69] NGC 5457 142,HII,,
[H77] Cl* 21,Cl*,,
[H77] HII  2,HII,0.741,0.741
[H81] B-111,As*,,
[H81] B-162,As*,,
[H81] B-271,As*,,
[H81] B-272,As*,,
[H86]  60,Cl*,0.4,0.3
[H95]  9,HII,,
[H95] 10,HII,,
[H95] 16,HII,,
[H95] 18,HII,,
[H96] AE Tau  7,*,,
[H96] DG Sge  4,*,,
[H96] DG Sge  9,*,,
[H96] EX Cyg 16,*,,
[H96] V1020 Cyg 10,*,,
[H96] V1033 Cyg 14,*,,
[H96] V1033 Cyg 15,*,,
[H96] V342 Cas  5,*,,
[H96] V383 Cyg  7,*,,
[H96] V407 Cas  2,*,,
[H96] V407 Cas 12,*,,
[H96] V554 Cyg  5,*,,
[H96] WW Mon  4,*,,
[H97b] 10055,*,,
[H97b] 10113,*,,
[H97b] 10244,*,,
[H97b] 10361,Ir*,,
[H97b] 10985,*,,
[HB93] 0000-177,QSO,,
[HB93] 1344+270,QSO,,
[HB93] 1416+254,QSO,,
[HBH95] M33-Z263  1028,WR*,,
[HBS84] 30,UV,,
[HBS84] 54,UV,,
[HC2000]  21,*,,
[HC88]  71,*,,
[HC89] 22,Rad,,
[HC89] 32,Rad,,
[HC89] 33,Rad,,
[HCH99]  10,GlC,,
[HCH99]  15,GlC,0.0103,0.0103
[HCP2006] Cluster A,Cld,,
[HCS2000] NIC J141726.75+522449.0,EmG,0.0597,0.0597
[HD93] 30,Y*O,,
[HDB84] IRR 1,*,,
[HDS86] IC 443A,PoC,,
[HG83] IRS-V-7,IR,,
[HG86] 13,*,,
[HGH92] G169,GlC,,
[HGH92] G251,GlC,,
[HGH92] G369,GlC,,
[HGH95] J173516.9+680054,GiG,,
[HGM93] 20,*,,
[HH81] G20.1-0.1 C,HII,0.09,0.09
[HH87]  39,G,,
[HH87] 1-10,IR,,
[HH87] 1-17,IR,,
[HH87] 1-33,IR,,
[HH87] 1-34,IR,,
[HH87] 140,IR,,
[HH87] 3-13,G,,
[HH87] 3-18,G,,
[HH87] 3-2,G,,
[HH87] 3-20,G,,
[HH87] 3-92,G,,
[HHM2010] 193.94921+27.11753,GiC,,
[HHM2010] 194.19096+27.03494,GiC,,
[HHM2010] 194.74507+27.59786,GiC,,
[HHS87] IRS 26,IR,,
[HHS87] IRS 38,IR,,
[HHS87] IRS 48,IR,,
[HHS87] IRS 49,IR,,
[HHS87] IRS 55,IR,,
[HIB95]   2-26,UV,,
[HIB95]   2-28,UV,,
[HIB95]  17-1,UV,,
[HIB95]  21-15,UV,,
[HIB95]  21-18,UV,,
[HIB95]  21-3,UV,,
[HIB95]  21-31,UV,,
[HIB95]  21-34,UV,,
[HIB95]  22-2,UV,,
[HIB95]  22-3,UV,,
[HIB95]  22-4,UV,,
[HIB95]  24-2,UV,,
[HIB95]  26-1,UV,,
[HIB95]  29-11,UV,,
[HIB95]  29-6,Cl*,0.043333333,0.043333333
[HIB95]  30-10,UV,,
[HIB95]  30-8,UV,,
[HIB95]  30-9,UV,,
[HIB95]  31-12,UV,,
[HIB95]  35-5,EB*,,
[HIB95]  61-3,UV,,
[HIB95]  67-4,UV,,
[HIB95]  67-5,UV,,
[HIB95]  68-2,UV,,
[HIB95]  68-3,UV,,
[HIB95]  75-4,*,,
[HIB95]  78-1,*,,
[HIB95]  78-3,UV,,
[HIB95]  79-4,UV,,
[HIB95]  80-23,UV,,
[HIB95]  80-4,UV,,
[HIB95]  82-10,UV,,
[HIB95]  82-21,UV,,
[HIB95]  82-22,Cl*,,
[HIB95]  82-26,UV,,
[HIB95]  82-35,UV,,
[HIB95]  82-5,*,,
[HIB95]  82-8,UV,,
[HIB95]  83-10,UV,,
[HIB95]  84-1,UV,,
[HIB95]  84-27,UV,,
[HIB95]  89-5,UV,,
[HIB95] 117-1,UV,,
[HIB95] 130-6,UV,,
[HIB95] 144-6,UV,,
[HJB85] Sgr A-H,Rad,,
[HJB85] Sgr A-H6,HII,,
[HJB85] Sgr A-L,Rad,,
[HJB85] Sgr A-L1,Rad,,
[HKL88]  28,HII,,
[HKL88]  31,HII,,
[HL85] GGD 37 30,*,,
[HL85] GGD 37 43,*,,
[HL85] GGD 37 54,*,,
[HL85] HH 100 23,*,,
[HL85] HH 101  4,*,,
[HL85] NGC 7129-N 14,*,,
[HL93]  6,*,,
[HL93] 17,*,,
[HL93] 28,*,,
[HL93] 35,*,,
[HL95] IRAS 08076-3556 6,PoC,,
[HLG90] 37,HII,,
[HLG90] 59,HII,,
[HLG90] 70,HII,,
[HLG90] 77,HII,,
[HLL97]   9,IR,,
[HLL97]  24,IR,,
[HLL97]  34,IR,,
[HLL97]  52,IR,,
[HLL97]  57,IR,,
[HLL97]  83,IR,,
[HLL97] 119,IR,,
[HLL97] 129,IR,,
[HLL97] 136,IR,,
[HLL97] 138,IR,,
[HLL97] 151,IR,,
[HLL97] 156,IR,,
[HLL97] 168,IR,,
[HLL97] 196,IR,,
[HLL97] 240,IR,,
[HLL97] 271,IR,,
[HLL97] 279,IR,,
[HLL97] 338,IR,,
[HLL97] 355,IR,,
[HLL97] 361,IR,,
[HLL97] 367,IR,,
[HM2015b] 114 2,EmG,,
[HM95] EGB 0427+63  7,HII,,
[HM95] EGB 0427+63  9,HII,,
[HM95] EGB 0427+63 18,HII,,
[HM95] EGB 0427+63 20,HII,,
[HM95] EGB 0427+63 23,HII,,
[HM95] UGC-A 86   3,HII,,
[HM95] UGC-A 86   4,HII,,
[HM95] UGC-A 86  10,HII,,
[HM95] UGC-A 86  11,HII,,
[HM95] UGC-A 86  15,HII,,
[HM95] UGC-A 86  17,HII,,
[HM95] UGC-A 86  19,HII,,
[HM95] UGC-A 86  21,HII,,
[HM95] UGC-A 86  22,HII,,
[HM95] UGC-A 86  26,HII,,
[HM95] UGC-A 86  27,HII,,
[HM95] UGC-A 86  29,HII,,
[HM95] UGC-A 86  31,HII,,
[HM95] UGC-A 86  39,HII,,
[HM95] UGC-A 86  45,HII,,
[HM95] UGC-A 86  55,HII,,
[HM95] UGC-A 86  69,HII,,
[HM95] UGC-A 86  75,HII,,
[HM95] UGC-A 86  79,HII,,
[HM95] UGC-A 86  80,HII,,
[HM95] UGC-A 86  87,HII,,
[HM95] UGC-A 86  88,HII,,
[HM95] UGC-A 86 100,HII,,
[HM95] UGC-A 86 113,HII,,
[HM95] WLM 17,HII,,
[HMS93] J181813.74-133400.9,*,,
[HMS93] J181813.95-133356.2,*,,
[HMS93] J181850.70-140230.1,*,,
[HMS93] J181906.96-134504.5,Em*,,
[HMS93] J182001.48-135924.4,*,,
[HMS93] J182025.48-135702.7,*,,
[HMS95]  19,*,,
[HMS95]  28,*,,
[HNA97] J123641.01+621205.2,PoG,,
[HNA97] J123641.75+621302.9,G,,
[HNA97] J123643.20+621228.2,PoG,,
[HPG94] 4,X,,
[HPJ88] IIIR-58,*,,
[HPJ88] IIIR-65,*,,
[HPJ88] R-105,*,,
[HPJ88] R-133,*,,
[HPJ88] R-23,s?r,,
[HPJ88] R-3,*,,
[HPJ88] R-82,*,,
[HR74] A,Rad,,
[HR92]  6,TT*,,
[HR92] 29,*,,
[HR92] 30,*,,
[HR92] 37,*,,
[HR92] 39,*,,
[HR94] 11,G?,,
[HR94] 12,G?,,
[HS53] C,s*b,,
[HS53] M 33 Var A  2,V*,,
[HS53] M 33 Var A  8,*,,
[HS53] M 33 Var A  9,*,,
[HS53] M 33 Var A 10,*,,
[HS53] M 33 Var A 16,*,,
[HS66]  29,OpC,,
[HS66]  45,OpC,,
[HS66]  53,OpC,,
[HS66]  69,OpC,,
[HS66] 134,OpC,0.6,0.5
[HS66] 171,OpC,,
[HS66] 209,OpC,,
[HS66] 273,OpC,0.9,0.8
[HS66] 276,OpC,0.45,0.4
[HS66] 364,OpC,,
[HS66] 367,As*,0.8,0.65
[HS75] 11,G,,
[HS80]   5B,sg*,,
[HS80] B100,WR*,0.45,0.45
[HS80] B127,*,,
[HS80] B160,*,,
[HS80] B163,*,,
[HS80] B168,s?b,,
[HS80] B226,*,,
[HS80] B239,s?r,,
[HS80] B245,s*b,,
[HS80] B274,*,,
[HS80] B32,s*b,,
[HS80] B354,*,,
[HS80] B416,s*b,,
[HS80] B472,Pu*,,
[HS80] B52,WR*,,
[HS80] B542,*,,
[HS80] B70,*,,
[HS80] B92 a,WR*,,
[HS83] 24,Ir*,,
[HS97]  8,Cld,,
[HSH95]    30,*,,
[HSH95]    35,*,,
[HSH95]    46,*,,
[HSH95]    48,*,,
[HSH95]    58,*,,
[HSS2021] 227290,GlC,,
[HSS2021] 232153,GlC,,
[HTK2008] IRN IV-4,IR,,
[HTL92] A2,LeI,,
[HTL92] B,LeI,,
[HTL92] C,LeI,,
[HTL92] Star 2,*,,
[HTL92] Star 3,*,,
[HTL92] Star M,*,,
[HU2001] J203714.118+660620.02,Rad,,
[HV96] NGC 7252 NE,PoG,,
[HVG94] NGC 1140  1,Rad,,
[HVG94] NGC 1140 16,Rad,,
[HVG94] NGC 1800  5,Rad,,
[HVG94] NGC 1800  6,Rad,,
[HVG94] NGC 4670  1,Rad,,
[HVG94] NGC 4670  6,Rad,,
[HW84] 1b,Rad,,
[HW84] 4,Rad,,
[HW84] 5,Rad,,
[IFO88] A,PoC,,
[JCC87] IRAS 2A,Y*O,1.62,1.62
[JCC87] IRAS 4A,Y*O,1.073,1.073
[JCC87] IRAS 4B,Y*O,1.243,1.243
[JCF89]   4,PN,,
[JCF89]   8,PN,,
[JCF89]  15,PN,,
[JCF89]  28,PN,,
[JCF89]  32,PN,,
[JCF89]  33,PN,,
[JCF89]  37,PN,,
[JCF89]  38,PN,,
[JCF89]  53,PN,,
[JCF89]  89,PN,,
[JCF89] 103,PN,,
[JCF89] 114,PN,,
[JCF89] 117,PN,,
[JCF89] 150,PN,,
[JCF89] 159,PN,,
[JCF89] 167,PN,,
[JCF89] g,*,,
[JCF89] i,LXB,,
[JCF90] NGC  4374   3,PN?,,
[JCF90] NGC  4374  38,PN?,,
[JCF90] NGC  4374  81,PN?,,
[JCF90] NGC  4374  88,PN?,,
[JCF90] NGC  4374  95,PN?,,
[JCF90] NGC  4374 102,PN?,,
[JCF90] NGC  4382   1,PN?,,
[JCF90] NGC  4382   4,PN?,,
[JCF90] NGC  4382  12,PN?,,
[JCF90] NGC  4382  20,PN?,,
[JCF90] NGC  4382  25,PN?,,
[JCF90] NGC  4382  78,PN?,,
[JCF90] NGC  4382  81,PN?,,
[JCF90] NGC  4382  87,PN?,,
[JCF90] NGC  4382  88,PN?,,
[JCF90] NGC  4382  96,PN?,,
[JCF90] NGC  4406   8,PN?,,
[JCF90] NGC  4406  10,PN?,,
[JCF90] NGC  4406  28,PN?,,
[JCF90] NGC  4406  32,PN?,,
[JCF90] NGC  4406  38,PN?,,
[JCF90] NGC  4406  43,PN?,,
[JCF90] NGC  4406  48,PN?,,
[JCF90] NGC  4406  50,PN?,,
[JCF90] NGC  4406  67,PN?,,
[JCF90] NGC  4406  71,PN?,,
[JCF90] NGC  4406  74,PN?,,
[JCF90] NGC  4406  75,PN?,,
[JCF90] NGC  4406  82,PN?,,
[JCF90] NGC  4406  90,PN?,,
[JCF90] NGC  4406 101,PN?,,
[JCF90] NGC  4406 116,PN?,,
[JCF90] NGC  4406 125,PN?,,
[JCF90] NGC  4406 126,PN?,,
[JCF90] NGC  4406 127,PN?,,
[JCF90] NGC  4406 d,*,,
[JCF90] NGC  4472   7,PN?,,
[JCF90] NGC  4472  23,PN?,,
[JCF90] NGC  4472  25,PN?,,
[JCF90] NGC  4472  29,PN?,,
[JCF90] NGC  4472  41,PN?,,
[JCF90] NGC  4472  46,PN?,,
[JCF90] NGC  4472 d,*,,
[JCF90] NGC  4486   4,PN,,
[JCF90] NGC  4486  21,PN,,
[JCF90] NGC  4486  28,PN?,,
[JCF90] NGC  4486  33,PN?,,
[JCF90] NGC  4486  41,PN?,,
[JCF90] NGC  4486 c,*,,
[JCF90] NGC  4649   1,PN?,,
[JCF90] NGC  4649  17,PN?,,
[JCF90] NGC  4649  19,PN?,,
[JCF90] NGC  4649  21,PN?,,
[JCF90] NGC  4649  24,PN?,,
[JCF90] NGC  4649 a,*,,
[JCH96] NGC  4278   4,PN,,
[JCH96] NGC  4278  13,PN,,
[JCH96] NGC  4278  16,PN,,
[JCH96] NGC  4278 g,*,,
[JCH96] NGC  4494  56,PN,,
[JCH96] NGC  4494  64,PN,,
[JCH96] NGC  4494  84,PN,,
[JCH96] NGC  4494  99,PN,,
[JCH96] NGC  4494 100,PN,,
[JCH96] NGC  4494 109,PN,,
[JCH96] NGC  4494 130,PN,,
[JCH96] NGC  4494 133,PN,,
[JCH96] NGC  4494 143,PN,,
[JCH96] NGC  4494 168,PN,,
[JCH96] NGC  4494 175,PN,,
[JCH96] NGC  4565   2,PN,,
[JCH96] NGC  4565   3,PN,,
[JCH96] NGC  4565  11,PN,,
[JCH96] NGC  4565  15,PN,,
[JCH96] NGC  4565  25,PN,,
[JCH96] NGC  4565  33,PN,,
[JCH96] NGC  4565 e,*,,
[JCH96] NGC  4565 h,*,,
[JCH96] NGC  4565 w,*,,
[JDH94] Oph    5,*,,
[JDH94] Oph   92,PM*,,
[JDH94] Oph  220,*,,
[JDH94] Tau   29,*,,
[JHR80] D-14,*,,
[JHR80] D-26,*,,
[JHR80] D-37,*,,
[JHR80] E-5,*,,
[JHR80] E-6,*,,
[JHR80] F-12,*,,
[JHR80] F-14,*,,
[JMO94] 158,IR,,
[JNX94] 060349.9-060731,*,,
[JNX94] 060350.9-060824,*,,
[JNX94] 060353.4-060735,*,,
[JNX94] 060405.0-061124,*,,
[JNX94] 060406.4-060310,*,,
[JNX94] 060407.2-053537,*,,
[JNX94] 060410.3-053337,*,,
[JNX94] 060410.3-061518,*,,
[JNX94] 060422.7-054735,*,,
[JNX94] 060422.9-053806,*,,
[JNX94] 060435.9-062600,*,,
[JNX94] 060440.4-063238,*,,
[JNX94] 060458.9-054530,*,,
[JNX94] 060505.6-055539,*,,
[JNX94] 060513.8-054641,*,,
[JNX94] 060516.1-063238,*,,
[JNX94] 060516.7-061537,*,,
[JNX94] 060521.0-061555,*,,
[JNX94] 060524.6-053917,*,,
[JNX94] 060529.1-061522,*,,
[JNX94] 060541.5-061842,*,,
[JNX94] 060542.0-063335,*,,
[JNX94] 060551.2-061626,*,,
[JNX94] 060557.7-062644,*,,
[JNX94] 060600.8-062655,*,,
[JNX94] 060603.1-063132,*,,
[JPB2009] 187.4248798+8.0125547,GlC,0.00184,0.00184
[JPN2003] V10,cC*,,
[JPN2003] V180,V*,,
[JPN2003] V3,cC*,,
[JPN2003] V9,cC*,,
[JSD2015] AP  1661,GlC,0.072333336,0.052833334
[JSD2015] AP  3937,Cl*,0.012666667,0.012666667
[K2002] J004243.18+411640.4,SR?,,
[K67] A13,sg*,,
[K67] C79,s*r,,
[K67] V22,Ir*,,
[K67] V23,s*r,,
[K67] V30,V*,,
[K80] Herc-1  2940,G,,
[K80] Herc-1  3536,G,,
[K80] Herc-1  3756,G,,
[K80] Herc-1 10554,G,,
[K80] SA 68  5617,G,,
[K80] SA 68  5841,G,,
[K80] SA 68 10334,G,,
[K80] SA 68 10585,G,,
[K80] SA 68 12646,G,,
[K80] SA 68 13903,G,,
[K80] SA 68 17144,G,,
[K85] SGP 8,G,,
[KBS85] 40.1+55,Rad,,
[KDM2001]  1235,C*,,
[KGK2007] T39,RG*,,
[KGK2007] T68,RG*,,
[KGK2007] T80,RG*,,
[KGK2007] T99,RG*,,
[KKF2001] J132538.62-425919.56,GlC,,
[KKL96] IRS 4,IR,,
[KKS95] 2,X,,
[KKS95] 3,X,,
[KMW87] P24355,Mi*,,
[KOS87] 140519+491942,G,,
[KOS87] 141541+380548,G,,
[KOS87] 142323+453736,G,,
[KOS87] 142734+492612,G,,
[KOS87] 144542+504036,G,,
[KOS87] 145055+531318,G,,
[KOS87] 150828+641724,G,,
[KOS87] 151311+414742,G,,
[KOS87] 151629+664848,G,,
[KPM2006] 211,*,,
[KPV72] 7,Rad,,
[KRP95] Filament 1,PoG,,
[KRP95] Filament 3,PoG,,
[KS86] G0035-3719,G,,
[KS86] G2352-4051,G,,
[KSP2003] J022526.02+620034.6,IR,,
[KSP2003] J022526.35+620010.8,IR,,
[KSP2003] J024825.61+605508.0,Y*O,,
[KTF96] 2345+007 G386,G,,
[KTF96] 2345+007 G442,G,,
[KTF96] 2345+007 G5740,Sy1,,
[KV78]  1,*,,
[KWA92] E,IR,,
[KWA92] IRS 10,IR,,
[L71] C20,Mi*,,
[L71] C38,Mi*,,
[L72] LH   9-37,Pu*,,
[L72] LH   9-38,*,,
[L72] LH   9-43,*,,
[L72] LH   9-67,*,,
[L92b] SA  98 L4,*,,
[L92b] SA 101 L5,*,,
[LAL96]  59,IR,,
[LAL96]  84,IR,,
[LAL96]  85,IR,,
[LAL96] 116,IR,,
[LAL96] 289,IR,,
[LBH86] 0001+137,Rad,,
[LBH86] 0005+126,Rad,,
[LBH86] 0006+014,Rad,,
[LBH86] 0151+143,Rad,,
[LBH86] 0200-010,rG,,
[LBH86] 0913-025,Rad,,
[LBH86] 1002+085,Rad,,
[LBH86] 1128+197,Rad,,
[LBH86] 1710-029,Rad,,
[LBH86] 1721-016,Rad,,
[LBH86] 1820-024,Rad,,
[LBH86] 1843-001,Rad,,
[LBH86] 1907+117,Rad,,
[LBH86] 1911+183,Rad,,
[LBH86] 1912+146,Rad,,
[LBH86] 1913+012,Rad,,
[LBH86] 1940+165,Rad,,
[LBH86] 1958+025,rG,,
[LBH86] 2002+198,Rad,,
[LBH86] 2019+192,Rad,,
[LBH86] 2206+013,Rad,,
[LBP2003] g,GiC,,
[LBS72] Star K,*,,
[LFG93] P1,PoG,,
[LFH95] LDN 183 f,PoC,,
[LHF2004] CFRS  8,EmG,,
[LHF2004] CFRS 22,EmG,,
[LO95] 1231+674,Rad,,
[LP96] 0004-3811,ClG,,
[LP96] 0012-3405,ClG,,
[LP96] 0026-3618,ClG,,
[LP96] 0037-3441,ClG,,
[LP96] 0042-4011,ClG,,
[LP96] 0136-3856,ClG,,
[LP96] 1043+0009,ClG,,
[LP96] 2221-4034,ClG,,
[LP96] 2259-4040,ClG,,
[LP96] 2317-3831,ClG,,
[LP96] 2340-3827,ClG,,
[LP96] 2340-4204,ClG,,
[LPP2003]   153,*,,
[LPP2003]   172,*,,
[LPP2003]   222,*,,
[LPP2003]   379,*,,
[LPP2003]   397,*,,
[LPP2003] MV 11,V*,,
[LPP2003] VI 22,V*,,
[LPP2003] VI 29,RR*,,
[LPP2003] VV 10,RR*,,
[LPP2003] VV 29,RR*,,
[LR98]  4,*,,
[LS95] 174104.0-292324,IR,,
[LS95] 174125.3-293444,Rad,,
[LS95] 174143.9-294001,HII,,
[LS95] 174149.6-292738,PoC,,
[LS95] 174153.3-291532,IR,,
[LS95] 174153.9-291032,Rad,,
[LS95] 174209.9-291141,PoC,,
[LW97] DR 21(OH)  1,Mas,,
[M60b]+32 189,*,,
[M60b]+32 327,HB*,,
[M74]+60  39,*,,
[M74]+61  20,*,,
[M74]+61  61,*,,
[M81] I-267,Em*,,
[M94] 49.4 -0.3 e,PoC,,
[M96b] AO 0143-43  3,HII,,
[M98a] M 33a-43,s?r,,
[MA93]  871,sg*,,
[MA93] 1367,HXB,1.0333333,1.0333333
[MAG95]   1,GlC,,
[MAP95] M 33 OB12    17,s?b,,
[MAP95] M 33 OB127    42,s?b,,
[MAP95] M 33 OB21    13,*,,
[MAP95] M 33 OB3    11,*,,
[MAP95] M 33 OB66    63,*,,
[MAP95] M 33 OB9     1,s?b,,
[MAP95] NGC 6822 OB3   7,*,,
[MAP95] NGC 6822 OB6  18,*,,
[MBH96]   5,s*b,,
[MBH96]  32,UV,,
[MBH96]  65,*,,
[MBH96]  90,HS?,,
[MBH96] 105,HS?,,
[MBH96] 110,UV,,
[MBH96] 147,UV,,
[MBH96] 171,UV,,
[MBH96] 178,UV,,
[MBH96] 179,UV,,
[MBH96] 180,UV,,
[MBH96] 192,UV,,
[MBH96] 196,EB*,,
[MBH96] 200,UV,,
[MBH96] 218,V*,,
[MBH96] 228,UV,,
[MBH96] 253,UV,,
[MBH96] 258,UV,,
[MBH96] 265,UV,,
[MBH96] 268,UV,,
[MBH96] 292,UV,,
[MBH96] 316,UV,,
[MBH96] 323,UV,,
[MBH96] 336,WR*,,
[MBH96] 338,s?b,,
[MBH96] 344,UV,,
[MBH96] 358,s?b,,
[MC83] 27,WR*,,
[MC83] 45,WR*,,
[MC83] 46,WR*,,
[MC83] 57,WR*,,
[MC85]  12,Rad,,
[MC85]  42,Rad,,
[MC85]  59,Rad,,
[MC85]  67,Rad,,
[MC85]  94,Rad,,
[MCJ93] NGC 1316   7,PN,,
[MCJ93] NGC 1316   8,PN,,
[MCJ93] NGC 1316  18,PN,,
[MCJ93] NGC 1316  27,PN,,
[MCJ93] NGC 1316  30,PN,,
[MCJ93] NGC 1316  50,PN,,
[MCJ93] NGC 1316  64,PN,,
[MCJ93] NGC 1316  65,PN,,
[MCJ93] NGC 1316  73,PN,,
[MCJ93] NGC 1316  80,PN,,
[MCJ93] NGC 1316  91,PN,,
[MCJ93] NGC 1316 m,*,,
[MCJ93] NGC 1316 n,*,,
[MCJ93] NGC 1399   8,PN,,
[MCJ93] NGC 1399  16,PN,,
[MCJ93] NGC 1399  20,PN,,
[MCJ93] NGC 1399  22,PN,,
[MCJ93] NGC 1399  25,PN,,
[MCJ93] NGC 1399  44,PN,,
[MCJ93] NGC 1399  47,PN,,
[MCJ93] NGC 1399  59,PN,,
[MCJ93] NGC 1404   6,PN,,
[MCJ93] NGC 1404  11,PN,,
[MCJ93] NGC 1404  18,PN,,
[MCJ93] NGC 1404  20,PN,,
[MCJ93] NGC 1404  25,PN,,
[MCJ93] NGC 1404  36,PN,,
[MCJ93] NGC 1404  43,PN,,
[MCJ94] 1-g,*,,
[MCJ94] 1-j,*,,
[MCJ94] 2-c,*,,
[MCJ94] 2-e,*,,
[MCJ94] 3-c,*,,
[MCJ94] 3-f,*,,
[MCJ94] HII 4,HII,,
[MCJ94] PN  6,PN,,
[MCJ94] PN 11,PN,,
[MCJ94] PN 16,PN,,
[MCJ94] PN 20,PN,,
[MCK2006] 42,HII,,
[MCK88] NGC 2024 FIR 2,Y*?,0.26666668,0.15
[MCK88] NGC 2024 FIR 5,cor,1.4,0.73
[MCK88] NGC 2024 FIR 6,IR,0.26666668,0.18333334
[MCR94]   II,HII,,
[MEE95] R1,X,,
[MET2005] 06.603540+17.163099,AGN,,
[MET2005] 06.613370+17.170099,GiC,,
[MET2005] 06.622750+17.141800,GiC,,
[MET2005] 06.632000+17.172701,GiC,,
[MET2005] 06.633410+17.167500,EmG,,
[MET2005] 06.639790+17.154100,EmG,,
[MET2005] 06.643290+17.123899,GiC,,
[MET2005] 06.644250+17.136101,*,,
[MET2005] 06.645500+17.120899,EmG,,
[MET2005] 06.657960+17.160500,GiC,,
[MET2005] 06.667040+17.156601,EmG,,
[MET2005] 06.671630+17.159100,GiC,,
[MET2005] 06.674670+17.164600,EmG,,
[MET2005] 06.687250+17.166401,GiC,,
[MFD95] 1608+656 A,LeG,,
[MGT95] a-203,GiC,,
[MGT95] a-90,GiC,,
[MH94a] Ho    I  5,HII,,
[MH94a] Ho    I  9,HII,,
[MH94a] Ho    I 13,HII,,
[MH94a] Ho    I 17,HII,,
[MH94a] Ho    I 28,HII,,
[MH94a] Ho    I 31,HII,,
[MH94a] Ho   IX  7,HII,,
[MH94a] IC 2574   5,HII,,
[MH94a] IC 2574   6,HII,,
[MH94a] IC 2574  27,HII,,
[MH94a] IC 2574  54,HII,,
[MH94a] IC 2574  73,HII,,
[MH94a] IC 2574  75,HII,,
[MH94a] IC 2574  93,HII,,
[MH94a] IC 2574 104,HII,,
[MH94a] IC 2574 113,HII,,
[MH94a] IC 2574 125,HII,,
[MH94a] IC 2574 126,HII,,
[MH94a] IC 2574 128,HII,,
[MH94a] IC 2574 135,HII,,
[MH94a] IC 2574 144,HII,,
[MH94a] IC 2574 152,HII,,
[MH94a] IC 2574 170,HII,,
[MH94a] IC 2574 173,HII,,
[MH94a] IC 2574 177,HII,,
[MH94a] IC 2574 188,HII,,
[MH94a] IC 2574 193,HII,,
[MH94a] IC 2574 196,HII,,
[MH94a] IC 2574 197,HII,,
[MH94a] IC 2574 203,HII,,
[MH94a] IC 2574 222,HII,,
[MH94a] IC 2574 224,HII,,
[MH94a] IC 2574 231,HII,,
[MH94a] IC 2574 250,HII,,
[MH94a] IC 2574 257,HII,,
[MH94a] IC 2574 260,HII,,
[MH94a] IC 2574 263,HII,,
[MH94a] IC 2574 264,HII,,
[MH94a] IC 2574 282,HII,,
[MH94a] IC 2574 285,HII,,
[MH94a] M 81dB  1,HII,,
[MJ2006] J230437.9+030757.3,G,,
[MKZ2005] J010003.03-334426.9,*,,
[MLD95] LMC 2-733,*,,
[MLG93] G1,EmG,,
[MLL95] J053516-052252,Rad,,
[MLV92] 197388,*,,
[MM63] 1-107,LP?,,
[MM63] 1-117,LP?,,
[MM63] 1-121,LP?,,
[MM63] 1-125,LP*,,
[MM63] 1-17,*,,
[MM63] 1-23,LP?,,
[MM63] 1-51,LP?,,
[MM63] 1-52,LP?,,
[MM63] 1-68,LP*,,
[MM63] 1-71,LP*,,
[MM63] 1-74,LP?,,
[MM63] 1-76,LP?,,
[MM63] 1-84,*,,
[MM63] 2-100,LP?,,
[MM63] 2-11,LP?,,
[MM63] 2-13,LP?,,
[MM63] 2-41,LP?,,
[MM63] 2-42,LP?,,
[MM63] 2-47,*,,
[MM63] 2-51,Mi*,,
[MM63] 2-57,LP*,,
[MM63] 2-70,LP?,,
[MM63] 2-81,Pe*,,
[MM63] 2-96,LP?,,
[MM63] 3-11,LP?,,
[MM63] 3-2,LP?,,
[MM63] 3-26,LP?,,
[MM63] 3-28,LP?,,
[MM63] 3-43,LP?,,
[MM63] 3-5,*,,
[MM63] 3-51,LP*,,
[MM63] 3-53,LP*,,
[MM63] 3-6,LP?,,
[MM63] 3-61,LP*,,
[MM63] 3-62,*,,
[MM63] 3-70,LP?,,
[MM63] 3-71,LP*,,
[MM63] 3-73,LP*,,
[MM63] 3-83,LP*,,
[MM63] 4-11,LP?,,
[MM63] 4-21,LP?,,
[MM63] 4-46,LP?,,
[MM63] 4-53,LP*,,
[MM63] 4-61,LP?,,
[MM63] 4-64,LP*,,
[MM63] 4-73,LP*,,
[MM63] 4-77,LP?,,
[MM63] 4-83,LP?,,
[MM63] 4-93,LP?,,
[MM63] 4-97,LP*,,
[MM63] 4-99,LP?,,
[MM63] 5-19,LP*,,
[MM63] 5-24,LP*,,
[MM63] 5-35,LP*,,
[MM63] 5-72,LP*,,
[MM63] 6-108,*,,
[MM63] 6-11,*,,
[MM63] 6-111,LP*,,
[MM63] 6-20,*,,
[MM63] 6-30,LP?,,
[MM63] 6-31,*,,
[MM63] 6-32,Mi*,,
[MM63] 6-39,*,,
[MM63] 6-53,*,,
[MM63] 6-67,*,,
[MM63] 6-70,Mi*,,
[MM63] 6-90,LP*,,
[MM63] 7-105,Mi*,,
[MM63] 7-107,*,,
[MM63] 7-108,LP?,,
[MM63] 7-13,LP*,,
[MM63] 7-141,LP?,,
[MM63] 7-25,LP?,,
[MM63] 7-3,LP*,,
[MM63] 7-32,LP?,,
[MM63] 7-45,*,,
[MM63] 7-48,LP*,,
[MM63] 7-60,LP?,,
[MM63] 7-79,*,,
[MM63] 7-8,LP?,,
[MM63] 7-9,LP*,,
[MM63] 7-94,LP?,,
[MM63] 8-101,LP?,,
[MM63] 8-105,Mi*,,
[MM63] 8-113,*,,
[MM63] 8-116,LP?,,
[MM63] 8-123,LP?,,
[MM63] 8-130,LP?,,
[MM63] 8-133,*,,
[MM63] 8-139,*,,
[MM63] 8-14,*,,
[MM63] 8-142,LP*,,
[MM63] 8-26,LP*,,
[MM63] 8-35,*,,
[MM63] 8-42,LP*,,
[MM63] 8-52,LP*,,
[MM63] 8-70,LP?,,
[MM63] 8-71,LP?,,
[MM63] 8-79,LP?,,
[MM63] 8-8,*,,
[MM63] 8-87,LP?,,
[MM63] 9-12,LP?,,
[MM63] 9-2,LP*,,
[MM63] 9-29,LP*,,
[MM63] 9-37,*,,
[MM63] 9-42,Mi*,,
[MM63] 9-43,LP?,,
[MM63] 9-55,LP?,,
[MM63] 9-61,*,,
[MM63] 9-68,LP?,,
[MM63] 9-71,*,,
[MM63] 9-77,LP?,,
[MM63] 9-78,LP*,,
[MM63] 9-8,Mi*,,
[MM63] 9-95,*,,
[MMD2006] 2931,PN,,
[MMD97] 093925.20+140536.5,rG,,
[MMN2004b]  2,Or*,,
[MOH94]  1,PoC,,
[MOP2000] C110722,RR*,,
[MOP2000] C120102,V*,,
[MOP2000] C121630,RR*,,
[MOW91]  19,*,,
[MOW91]  22,*,,
[MOW91] 103,RG*,,
[MPC2001]  54,PN,,
[MPC2001]  87,PN,,
[MPH2006] 203,PM*,,
[MPH2006] 205,*,,
[MPV95] B-003,As*,,
[MR81] HA  4,Em*,,
[MR81] HA  8,Em*,,
[MR95c] n-S,IR,,
[MRD2012] 1512,*,,
[MRD2012] 2597,Em*,,
[MRD2012] 2743,*,,
[MRD2012] 3159,*,,
[MRD2012] 844,Or*,,
[MRD2012] 897,*,,
[MRR93]  4,Rad,,
[MRR93] 16,Rad,,
[MRR93] 31,Rad,,
[MRR93] 33,Rad,,
[MRZ94] b,PoC,,
[MRZ94] i,PoC,,
[MS83] 19,WR*,,
[MSH2004] 13054,Pu*,,
[MSH2004] 33016,Pu*,,
[MSK96] J034603.9+235746.7,X,,
[MT91]  71,*,,
[MT91]  88,*,,
[MT91]  90,*,,
[MT91] 230,*,,
[MT91] 254,*,,
[MT91] 361,*,,
[MT91] 535,*,,
[MT91] 595,*,,
[MT91] 597,*,,
[MT91] 699,*,,
[MT91] 709,*,,
[MT91] 780,*,,
[MT91] 794,*,,
[MWM92]  2,PoC,,
[MWP96] 241,*,,
[MWS97] 28,Cl*,,
[MWS97] 30,Cl*,0.001,0.001
[MWS97] 35,Cl*,,
[MWS97] 38,Cl*,,
[MWS97] 45,Cl*,,
[MWS97] 47,Cl*,,
[MWS97] 50,Cl*,,
[MWS97] 51,Cl*,,
[MWS97] 66,Cl*,,
[MWS97] 74,Cl*,,
[MY89] E6,Rad,,
[MY89] W3,Rad,,
[MY89] W8,Rad,,
[NAM2006] J001835.6+162649,GiC,,
[NK87] 38.30+15.9,Rad,,
[NK87] 38.33+18.1,Rad,,
[NK87] 38.64+20.7,Rad,,
[NK87] 38.70+18.3,Rad,,
[NK87] 38.75+20.6,Rad,,
[NK87] 39.18+23.1,Rad,,
[NM2011] J013315.02+303906.9,WR*,,
[NM2011] J013433.82+304656.3,WR*,,
[NMC2008] NGC 1023  22,PN,,
[NMC2008] NGC 1023  74,PN,,
[NMC2008] NGC 1023  80,PN,,
[NMC2008] NGC 1023 115,PN,,
[NMC2008] NGC 1023 133,PN,,
[NMC2008] NGC 1023 145,PN,,
[NMC2008] NGC 1023 148,PN,,
[NMC2008] NGC 1023 163,PN,,
[NMC2008] NGC 1023 178,PN,,
[NSC64] 2-17,AB*,,
[NSC64] 4-12,S*,,
[NSC64] 4-14,LP*,,
[NVK2008] KW245,GlC,,
[NWA2005] SMM 2,Y*O,0.33333334,0.3
[O92]  48,V*,,
[O92]  54,*,,
[O92]  95,*,,
[O92] 110,*,,
[O92] 121,*,,
[O92] 126,*,,
[O92] 146,*,,
[O92] 161,*,,
[O92] 163,*,,
[O92] 166,*,,
[O92] 250,*,,
[O92] 259,*,,
[O92] 302,*,,
[O92] 310,*,,
[O92] 383,**,,
[O92] 388,*,,
[O96] D025NE-5,*,,
[O96] D025NW-130,*,,
[O96] D025NW-14,*,,
[O96] D025SE-123,*,,
[O96] D025SE-135,*,,
[O96] D025SE-160,*,,
[O96] D025SE-21,*,,
[O96] D025SE-35,*,,
[O96] D025SE-9,*,,
[O96] D031E-12,V*,,
[O96] D031E-132,*,,
[O96] D031E-32,*,,
[O96] D031E-6,*,,
[O96] D031W-102,*,,
[O96] D031W-13,*,,
[O96] D050S-103,*,,
[O96] D050S-5,*,,
[O96] D050S-81,*,,
[O96] D050S-93,*,,
[O96] D106-11,*,,
[O96] D106-22,*,,
[O96] D106-8,*,,
[O96] D197-929,*,,
[O96] D226-13,*,,
[O96] D243-100,*,,
[O96] D243-45,*,,
[O96] D301NE-9,s?y,,
[O96] D301NW-51,*,,
[O96] D301SE-89,*,,
[O96] L51S-38,*,,
[O96] L51S-48,*,,
[O96] L51S-62,*,,
[O96] L51S-73,*,,
[O96] L51S-79,*,,
[O96] L54N-19,*,,
[O96] L54N-27,*,,
[O96] L54N-4,*,,
[O96] L54S-111,*,,
[O96] L54S-120,*,,
[O96] L54S-14,*,,
[O96] L54S-185,Be?,,
[O96] L54S-19,*,,
[O96] L54S-232,*,,
[O96] L54S-98,*,,
[OBR78] E2,Rad,,
[OCL83] 0759+347,Rad,,
[OCL83] 1202+350,Rad,,
[OCL83] 1324+348,Rad,,
[ODK2009] 129,GiC,,
[OF84]  2,IR,,
[OF84]  5,IR,,
[OF84] 18,X,,
[OF84] 21,IR,,
[OF84] 23,IR,,
[OF84] 31,IR,,
[OF84] 35B,IR,,
[OF84] 36,IR,,
[OF84] 39,IR,,
[OF84] 43,IR,,
[OFL92] D1,Rad,,
[OFL92] E,Rad,,
[OHF95] ACO 2142 216,GiC,0.0238725,0.0238725
[OHF95] ACO 2319 257,GiC,0.0460758,0.0460758
[OHF95] ACO 2319 265,GiC,,
[OKM2018] SWIFT J0056.9+1472,Sy1,,
[OKM2018] SWIFT J1104.8+7689,Sy1,,
[OKM2018] SWIFT J1231.3+7073,Sy1,,
[OKM2018] SWIFT J1701.1+2940,Sy1,0.60674,0.420471
[OKM2018] SWIFT J1848.5+6704,Bla,9e-06,5.8333335e-06
[OM78] A,PoG,,
[OM80]   4,*,,
[OM80]  19,*,,
[OM80]  27,*,,
[OM80]  34,*,,
[OM80]  52,*,,
[OM80]  53,*,,
[OM80]  70,*,,
[OM80]  83,V*,,
[OM80] 119,*,,
[OM80] 124,*,,
[OM80] 136,*,,
[OM80] 140,*,,
[OM80] 142,*,,
[OM95] LH 47-106,*,,
[OM95] LH 47-112,*,,
[OM95] LH 47-299,*,,
[OM95] LH 47-381,*,,
[OM95] LH 47-71,*,,
[OM95] LH 48-154,*,,
[OMK96]  2,PoC,,
[OMK96]  7,PoC,,
[OMK96] 10,PoC,,
[OMK96] 14,PoC,,
[OMK96] 21,PoC,,
[OMK96] 23,PoC,,
[OMK96] 24,PoC,,
[OMK96] 28,PoC,,
[OMK96] 34,PoC,,
[OMK96] 37,PoC,,
[OR76] 1131+493,Rad,,
[OW94] 114-155,*,,
[OW94] 127-147,*,,
[OW94] 154-240,Y*O,0.0018,0.00067
[OW94] 155-516,*,,
[OW94] 163-322,*,,
[OW94] 190-504,*,,
[OWB92] ACO  849-E,rG,,
[OWB92] ACO 1927-B,rG,,
[OWG93] ACO 0531-B,GiC,,
[OWG93] ACO 0841-C,GiC,,
[OWG93] ACO 0841-D,GiC,,
[OWG93] ACO 1180-C,BiC,,
[OWG93] ACO 1851-C,GiC,,
[OWG93] ACO 2091-D,GiC,,
[OWG93] ACO 2304-A,GiC,,
[OWG93] ACO 2311-B,rG,,
[OWG93] ACO 2433-B,GiC,,
[P78] ACO  991 A,GiC,,
[P93]   932,*,,
[P93]   989,*,,
[PB95] Oph B  8,PoC,,
[PB95] Oph B 12,PoC,,
[PB95] Oph B 13,PoC,,
[PBF95] W10-13,G,,
[PBF95] W10-3,G,,
[PBF95] W11-5,G,,
[PBF95] W2-1,G,,
[PBF95] W5-1,G,,
[PBH94] G 412,G,,
[PBM2009] n55079,*,,
[PBM2009] n59383,*,,
[PBW92] 1422+231 E,G,,
[PC87b]  6,IR,,
[PGS95]  4,PoC,,
[PGS95] 14,PoC,,
[PGS95] 20,PoC,,
[PGS95] 21,PoC,,
[PGS95] 29,PoC,,
[PGS95] 36,PoC,,
[PGS95] 39,PoC,,
[PGU2006] cep050,Ce*,,
[PGU2006] cep051,Ce*,,
[PGU2006] cep052,Ce*,,
[PGU2006] cep061,Ce*,,
[PGU2006] cep085,V*,,
[PLP2016] 187.689473+12.421992,GlC,,
[PLP2016] 187.804323+12.351028,GlC,,
[PM90] DR 21(OH) 3,Mas,,
[PMG90] H IX,HII,,
[PMG90] H XIV,HII,,
[PMG90] H XV,HII,,
[PMG90] H XXII,HII,,
[PRC85] 053354.78-064655.4,Rad,,
[PRS2007] PN 10,PN,,
[PSC95]  44B,*,,
[PSC95]  75B,?,,
[PSC95]  76B,*,,
[PSC95]  78A,?,,
[PSC95] 106B,?,,
[PSC95] 112B,?,,
[PSC95] 131E,?,,
[PSC95] 140B,*,,
[PSC96] 5,*,,
[PSW80] 0004+300,Rad,,
[PSW80] 1800+303,Rad,,
[PSW80] 1801+302B,Rad,,
[PTH95] 15,Or*,,
[PWB92] 13,sh,,
[PWB92] 43,sh,,
[PWC2011] J040741.0-121315,G,,
[QRW96] 107,G,,
[QRW96] 112,G,,
[QRW96] 125,G,,
[QRW96b] 28000,GiC,,
[RDL94] NGC  5286 C,X,,
[RDL94] NGC  6316 C,X,,
[RDL94] Pal 2 C,X,,
[RDL94] Terzan 6 A,X,,
[RH85] A,HII,,
[RHI84]  8-44,LP?,,
[RHI84]  9-567,*,,
[RK83]  35,HII,,
[RLK73] IRc  2,IR,,
[RLK73] IRc  2a,Y*O,,
[RLK73] IRc  2b,IR,,
[RM92] HII  6,HII,,
[RM92] PN 3,PN,,
[RMA89]  8,?,,
[RO91]  2,*,,
[RR89] 10,Rad,,
[RRN96] GG Tau Bb,TT*,,
[RRN96] GG Tau b,Or*,,
[RS72]  31,GiC,,
[RS72]  57,GiC,,
[RS72] 110,GiC,,
[RS72] 119,GiC,,
[RSM94] U,Rad,,
[RSS93] O2,BiC,,
[RVZ2004] 46.17+67.6,HII,,
[RW93] Star   9,*,,
[RW93] Star  12,*,,
[RW93] Star  16,*,,
[RW93] Star  26,*,,
[RW93] Star  29,V*,,
[RW93] Star  36,*,,
[RW93] Star  44,*,,
[RW93] Star  53,*,,
[RW93] Star  56,*,,
[RW93] Star  61,*,,
[RW93] Star  70,*,,
[RW93] Star 106,*,,
[RW93] Star 114,*,,
[RW93] Star 117,*,,
[RW93] Star 134,*,,
[RW93] Star 140,*,,
[RW93] Star 145,*,,
[RW93] Star 146,s?b,,
[RW93] Star 158,*,,
[S71b] V31,EB*,,
[S71b] V45,LP*,,
[S71b] V48,Ce*,,
[S71b] V56,Ir*,,
[S71b] V58,s*r,,
[S73]  7,*,,
[S75b] NGC  2403 2,HII,,
[S78c] SA 57  11,QSO,,
[S78c] SA 57  88,G,,
[S78c] SA 57 124,*,,
[S78c] SA 57 352,*,,
[S78e] 1004+130 1,G,,
[S78e] 1302-102 1,G,,
[S78e] 2305+187 1,G,,
[S78e] 2305+187 2,G,,
[S79]  6,SR?,,
[S84c] 159,Er*,,
[S84c] 189,V*,,
[S86b]  9b,rG,,
[S86b] 10,Rad,,
[S87b] IRS 33,*,,
[S87b] IRS 41,*,,
[S87b] IRS 76,Y*O,,
[S94] 091037.8+402113,PoC,,
[S94] C,PoC,,
[S94b] 5,X,,
[S96c] C1,PoG,,
[SC82] V1,cC*,,
[SC82] V3,cC*,,
[SC85b] V12,cC*,,
[SC85b] V38,cC*,,
[SC85b] V50,cC*,,
[SC88] V12,V*,,
[SC93]   2,UV,,
[SC93]  28,UV,,
[SC93]  44,*,,
[SC93]  83,*,,
[SC93]  99,*,,
[SC93] 167,*,,
[SC93] 187,*,,
[SC93] 221,*,,
[SC93] 224,*,,
[SC93] 243,UV,,
[SC93] 259,*,,
[SC93] 272,UV,,
[SC93] 276,*,,
[SC93] 284,*,,
[SC93] 299,*,,
[SC93] 301,*,,
[SC93] 337,*,,
[SC93] 357,*,,
[SC93] 366,UV,,
[SC93] 381,*,,
[SC93] 383,*,,
[SC93] 398,*,,
[SC93] 418,UV,,
[SC93] 428,*,,
[SC93] 429,UV,,
[SC93] 432,*,,
[SC93] 450,UV,,
[SC93] 453,UV,,
[SC93] 463,*,,
[SC93] 507,*,,
[SC93] 519,UV,,
[SC93] 549,UV,,
[SC93] 562,UV,,
[SC93] 577,UV,,
[SC95] M  10,*,,
[SC95] M  39,*,,
[SC95] M  46,*,,
[SC95] M  62,*,,
[SC95] M 135,*,,
[SC95] M 152,*,,
[SC95] M 180,*,,
[SC95] M 184,*,,
[SC95] M 186,*,,
[SC95] M 213,*,,
[SC95] M 247,*,,
[SC95] M 259,*,,
[SC95] M 309,*,,
[SC95] M 322,*,,
[SC95] M 325,*,,
[SC95] M 359,*,,
[SC95] M 389,*,,
[SC95] M 411,*,,
[SC95] M 429,*,,
[SC95] M 437,*,,
[SC95] M 451,*,,
[SC95] M 473,*,,
[SC95] M 479,*,,
[SC95] M 511,*,,
[SC95] M 543,*,,
[SC95] M 544,*,,
[SC95] M 550,*,,
[SC95] M 557,*,,
[SC95] M 563,*,,
[SC95] M 586,*,,
[SC95] M 587,*,,
[SC95] M 604,*,,
[SC95] M 607,*,,
[SC95] M 616,*,,
[SC95] M 646,*,,
[SC95] M 648,*,,
[SC95] M 650,*,,
[SC95] M 671,*,,
[SC95] M 734,*,,
[SC95] ZET  22,*,,
[SC95] ZET  51,*,,
[SC95] ZET  60,*,,
[SC95] ZET  68,*,,
[SC95] ZET  97,*,,
[SC95] ZET 110,*,,
[SC95] ZET 133,*,,
[SC95] ZET 153,*,,
[SC95] ZET 184,*,,
[SC95] ZET 201,*,,
[SC95] ZET 257,*,,
[SC95] ZET 260,*,,
[SC95] ZET 292,*,,
[SC95] ZET 374,*,,
[SC95] ZET 406,*,,
[SC95] ZET 416,*,,
[SC95] ZET 427,*,,
[SC95] ZET 448,*,,
[SC95] ZET 450,*,,
[SC95] ZET 460,*,,
[SC96] GC  42,*,,
[SC96] GC  79,UV,,
[SC96] GC  84,UV,,
[SC96] GC 113,*,,
[SC96] GC 126,UV,,
[SC96] GC 207,*,,
[SC96] GC 264,UV,,
[SC96] GC 275,*,,
[SC96] GC 302,*,,
[SC96] GC 316,*,,
[SC96] GC 361,*,,
[SC96] GC 362,*,,
[SC96] GC 447,*,,
[SC96] GC 599,*,,
[SC96] GC 607,*,,
[SC96] GC 625,*,,
[SC96] GC 626,*,,
[SC96] Mis   24,*,,
[SC96] Mis   43,*,,
[SC96] Mis   86,*,,
[SC96] Mis  108,*,,
[SC96] Mis  142,*,,
[SC96] Mis  144,*,,
[SC96] Mis  190,UV,,
[SC96] Mis  209,*,,
[SC96] Mis  213,*,,
[SC96] Mis  238,*,,
[SC96] Mis  260,*,,
[SC96] Mis  266,*,,
[SC96] Mis  272,*,,
[SC96] Mis  292,*,,
[SC96] Mis  309,*,,
[SC96] Mis  402,*,,
[SC96] Mis  457,*,,
[SC96] Mis  470,*,,
[SC96] Mis  471,*,,
[SC96] Mis  523,*,,
[SC96] Mis  535,*,,
[SC96] Mis  547,*,,
[SC96] Mis  549,*,,
[SC96] Mis  619,*,,
[SC96] Mis  676,*,,
[SC96] Mis  812,*,,
[SC96] Mis  870,*,,
[SC96] Mis  933,*,,
[SC96] Mis  972,*,,
[SC96] Mis 1013,*,,
[SC96] Mis 1054,*,,
[SC96] Mis 1077,*,,
[SC96] Mis 1097,*,,
[SC96] Mis 1099,*,,
[SC96] Mis 1147,*,,
[SC96] Mis 1186,*,,
[SC96] Mis 1196,*,,
[SC96] Mis 1240,*,,
[SC96] Mis 1241,*,,
[SC96] Mis 1267,*,,
[SC96] Mis 1305,*,,
[SC96] Mis 1325,*,,
[SC96] Mis 1361,*,,
[SC96] Mis 1396,*,,
[SC96] Mis 1453,*,,
[SC96] Mis 1493,*,,
[SC96] Oph  73,UV,,
[SC96] Oph  75,UV,,
[SC96] Oph 121,UV,,
[SCG94] X  27,X,,
[SCG94] X  73,G,,
[SCG94] X 127,?,,
[SCG94] X 171,?,,
[SCG94] X 176,?,,
[SCG94] X 184,?,,
[SCG94] X 186,?,,
[SCG94] X 193,?,,
[SCG94] X 206,?,,
[SCG94] X 216,?,,
[SCG94] X 236,?,,
[SCG94] X 252,?,,
[SCG94] X 278,?,,
[SCG94] X 306,?,,
[SCM2012b] PN241,PN,0.048633,0.0243251
[SCM2012b] PN326,PN,0.011833333,0.005
[SDC94]  8,?,,
[SDC94] 10,Cl*,,
[SDC96] 13,GlC,,
[SDC97] j  179,GiC,,
[SDC97] j  376,GiC,,
[SGD96] C2-7,G,,
[SH87] V12,Ce*,,
[SH87] V13,RR*,,
[SH87] V7,RR*,,
[SH90] C3-V  1,RR*,,
[SH90] C3-V 42,RR*,,
[SHB80] A,PoC,,
[SHB80] F,PoC,,
[SHK91] DDO  47  3,HII,,
[SHK91] DDO  47 34,HII,,
[SHK91] DDO  47 36,HII,,
[SHK91] DDO 167 10,HII,,
[SHK91] DDO 168 14,HII,,
[SHK91] DDO 168 23,HII,,
[SHK91] DDO 168 26,HII,,
[SHK91] DDO 168 29,HII,,
[SHK91] DDO 168 30,HII,,
[SHK91] DDO 187  1,HII,,
[SHK91] Sextans B  2,HII,,
[SHK91] Sextans B  6,HII,,
[SHK92] C1-V  6,Ce*,,
[SHK92] C1-V 11,RR*,,
[SHK92] C2-V  2,RR*,,
[SHK92] C2-V 10,V*,,
[SHK92] C3-V  3,V*,,
[SHK92] C3-V  5,RR*,,
[SHK92] C3-V 10,RR*,,
[SHK92] C3-V 14,RR*,,
[SHK92] C3-V 15,RR*,,
[SHK92] C4-V  2,Ce*,,
[SHK92] C4-V  3,RR*,,
[SHM2017] J114.46637+38.89844,RR*,,
[SHM89] FIR-I  26,IR,,
[SHM89] FIR-II   4,IR,,
[SHM89] FIR-III  12,IR,,
[SHM89] FIR-IV   9,IR,,
[SHM89] FIR-IV  21,IR,,
[SHM89] FIR-IV  41,IR,,
[SHM89] FIR-IV  42,IR,,
[SHM89] FIR-IV  58,IR,,
[SHM89] FIR-IV  60,IR,,
[SHM89] FIR-V   7,IR,,
[SHM89] FIR-V  18,IR,,
[SHM89] FIR-V  23,IR,,
[SHM89] FIR-V  51,IR,,
[SHM89] FIR-V 118,IR,,
[SHM89] FIR-V 132,IR,,
[SHM89] FIR-V 140,IR,,
[SHM89] FIR-V 174,IR,,
[SHM89] FIR-V 178,IR,,
[SHM89] FIR-V 181,IR,,
[SHM89] FIR-V 186,IR,,
[SHM89] FIR-VI  14,IR,,
[SHM89] FIR-VI  17,IR,,
[SHM89] FIR-VI  31,IR,,
[SHM89] FIR-VI  35,IR,,
[SHM89] FIR-VI  38,IR,,
[SHM89] IRAS-1   2,IR,,
[SHM89] IRAS-1   5,IR,,
[SHM89] IRAS-1  22,IR,,
[SHM89] IRAS-1  27,IR,,
[SHM89] IRAS-1  35,IR,,
[SHM89] IRAS-1  36,IR,,
[SHM89] IRAS-1  40,IR,,
[SHM89] IRAS-1  47,IR,,
[SHM89] IRAS-1  55,IR,,
[SHM89] IRAS-2  22,IR,,
[SHM89] IRAS-2  26,IR,,
[SHM89] IRAS-2  39,IR,,
[SHM89] IRAS-3   1,IR,,
[SHM89] IRAS-3  20,IR,,
[SHM89] IRAS-3  30,IR,,
[SHM89] IRAS-3  38,IR,,
[SHM89] SH-1  11,IR,,
[SHM89] SH-1  15,IR,,
[SHM89] SH-1  16,IR,,
[SHM89] SH-1  17,IR,,
[SHM89] SH-1  49,IR,,
[SHM90] C1-V  2,RR*,,
[SHM90] C3-V  1,RR*,,
[SHM90] C3-V  9,RR*,,
[SHM90] C4-V  5,RR*,,
[SHM90] C4-V  6,RR*,,
[SHM96] LPV 2,V*,,
[SHM96] PV  2,V*?,,
[SHM96] PV  3,V*?,,
[SHM96] PV 14,V*?,,
[SHM96] PV 39,V*?,,
[SHM96] PV 43,V*?,,
[SHM96] SS1 10,*,,
[SHM96] SS1 12,*,,
[SHM96] SS1 17,*,,
[SHM96] SS2  7,*,,
[SHM96] SS2  8,*,,
[SHM96] SS2 15,*,,
[SHM96] SS2 17,*,,
[SHM96] SS2 27,*,,
[SHM96] SS2 32,*,,
[SHM96] SS3  1,*,,
[SHM96] SS3 16,*,,
[SHM96] SS3 25,*,,
[SHM96] SS4  8,*,,
[SHM96] SS4 11,*,,
[SHM96] SS4 16,*,,
[SHM96] SS4 44,*,,
[SHM96] V18,V*,,
[SHM96] V27,V*,,
[SHM96] V30,V*,,
[SHM96] V31,V*,,
[SHM96] V45,V*,,
[SHM96] V49,V*,,
[SHM96] V70,V*,,
[SHM96] V71,V*,,
[SHP2000] LMC 300,X,,
[SIP2007] 4,HII,,
[SK98] Center 19,*,,
[SKL94] 2,*,,
[SKS95] 162254.3-241531,*,,
[SKS95] 162257.3-241516,*,,
[SKS95] 162257.6-241709,*,,
[SL63]  59E,Cl*,1.2,1.1
[SL63] 244,Cl*,1.0,1.0
[SLB2015] 10436,*,,
[SM2006] W11774,V*,,
[SM2006] W30304,Ce*,,
[SM2007] 108,GlC,,
[SM2007] 129,GlC,,
[SM2007] 224,Cl*,,
[SM2007] 225,*,,
[SM2007] 330,Cl*,,
[SM2007] 424,Cl*,,
[SM2007] 79,Cl*,,
[SM2007] 8,Cl*,,
[SMC2011b] PN 4,PN,,
[SMD94] Red,rG,,
[SMS86]  33,RR*,,
[SMS86]  52,RR*,,
[SMS86]  84,RR*,,
[SMS86]  85,RR*,,
[SMS86]  89,RR*,,
[SMS86]  95,RR*,,
[SMS86] 104,RR*,,
[SMS86] 105,RR*,,
[SMS86] 108,RR*,,
[SMS86] 136,RR*,,
[SMS86] 144,RR*,,
[SMS86] 159,RR*,,
[SMW96]  15,Gl?,,
[SMW96]  20,Gl?,,
[SMW96]  24,Gl?,,
[SMW96]  30,Gl?,,
[SMW96]  36,Gl?,,
[SMW96]  39,Gl?,,
[SMW96]  43,Gl?,,
[SMW96]  51,Gl?,,
[SMW96]  66,Gl?,,
[SMW96]  74,Gl?,,
[SMW96]  84,Gl?,,
[SMW96] 110,?,,
[SMW96] 115,?,,
[SMW96] 130,?,,
[SMW96] 131,?,,
[SMW96] 144,?,,
[SMW96] 145,?,,
[SPD94] PKS 1229-021 G2,G,,
[SPD94] PKS 1229-021 G5,G,,
[SPD94] PKS 1229-021 G6,G,,
[SPP2015] 293 C,AGN,,
[SPP2015] 748 C,EmG,,
[SS94] V410 Anon 18,*,,
[SS94] V410 X-ray 3,TT*,,
[SSA2010] 1193,Cl*,,
[SSA2010] 1229,Cl*,,
[SSA2010] 1233,GlC,,
[SSA2010] 1384,GlC,,
[SSA2010] 1422,GlC,,
[SSA2010] 1437,GlC,,
[SSA2010] 1492,*,,
[SSA2010] 1507,GlC,,
[SSA2010] 1566,GlC,,
[SSA2010] 1672,GlC,,
[SSA2010] 1720,Cl*,,
[SSA2010] 1724,GlC,,
[SSA2010] 1824,GlC,,
[SSA2010] 1841,GlC,,
[SSA2010] 1896,GlC,,
[SSA2010] 2132,GlC,,
[SSA2010] 2261,Cl*,,
[SSA2010] 2294,Cl*,,
[SSA2010] 906,Cl*,,
[SSA2010] 954,Gl?,,
[SSB83] DD,*,,
[SSB92]  12,Ce*,,
[SSB92]  13,V*,,
[SSB92]  15,V*,,
[SSB92]  21,V*,,
[SSB92]  49,V*,,
[SSB92]  54,V*,,
[SSB92]  70,Ce*,,
[SSB92]  88,Ce*,,
[SSB92]  93,V*,,
[SSB92]  94,V*,,
[SSB92] 112,V*,,
[SSB92] 120,V*,,
[SSB92] 121,V*,,
[SSB92] 127,V*,,
[SSB92] 131,V*,,
[SSC75] M 78   4,TT*,,
[SSG85b] 10,PoC,,
[SSJ82] CCD 1,Rad,,
[SSL95] C1-V2,Ce*,,
[SSL95] C3-V2,Ce*,,
[ST92] 2-69,*,,
[SUK94] Clump 19,PoC,,
[SUK94] Clump 27,PoC,,
[SUK94] Clump 37,PoC,,
[SUK94] Clump 38,PoC,,
[SUK94] Peak 6,PoC,,
[SVS76] NGC 1333  9,IR,,
[SW2006] NGC 3384 W03,PN,,
[SW2006] NGC 3384 W05,PN,,
[SW2006] NGC 3384 W06,PN,,
[SW2006] NGC 3384 W41,PN,,
[SW94]  3,*,,
[SW94]  6,*,,
[SW94] A,*,,
[SW94] C,*,,
[SWM2014] GOODS-N  9973,G,,
[SWM2014] GOODS-N 10161,G,,
[SWM2014] GOODS-N 10693,G,,
[SWM2014] GOODS-N 10744,G,,
[SWM2014] GOODS-N 10858,G,,
[SWM2014] GOODS-N 10983,G,,
[SWM2014] GOODS-N 11109,G,,
[SWM2014] GOODS-N 11491,G,,
[SWM2014] GOODS-N 11622,G,,
[SWM2014] GOODS-N 11954,G,,
[SWM2014] GOODS-N 12091,G,,
[SWM2014] GOODS-N 12964,G,,
[SWM2014] GOODS-N 13091,G,,
[SWM2014] GOODS-N 13201,G,,
[SWM2014] GOODS-N 13706,G,,
[SWM2014] GOODS-N 14222,G,,
[SWM2014] GOODS-N 14662,G,,
[SWM2014] GOODS-N 15214,G,,
[SWM2014] GOODS-N 15766,G,,
[SWM2014] GOODS-N 15780,G,,
[SWM2014] GOODS-N 16333,G,,
[SWM2014] GOODS-N 17996,G,,
[SWM2014] GOODS-N 18256,G,,
[SWM2014] GOODS-N 18880,G,,
[SWM94]  1,*,,
[SWM97] J131221.5+423723,G,,
[T2003]     8,G,,
[T2003]    71,G,,
[T2003]    90,G,,
[T2003]   103,PoG,,
[T2003]   127,PoG,,
[T2003]   190,G,,
[T2003]   215,G,,
[T2003]   225,G,,
[T2003]   279,PoG,,
[T2003]   567,G,,
[T2003]   672,PoG,,
[T2003]   699,G,,
[T2003]   704,G,,
[T2003]   799,G,,
[T2003]   804,G,,
[T2003]   890,G,,
[T2003]   893,PoG,,
[T2003]   912,G,,
[T2003]   920,PoG,,
[T2003]   933,G,,
[T2003]   952,G,,
[T2003]   997,PoG,,
[T2003]  1020,EmG,0.0124,0.0124
[T2003]  1034,G,,
[T2003]  1035,G,,
[T2003]  1112,G,,
[T2003]  1137,G,,
[T2003]  1197,G,,
[T2003]  1203,G,,
[T2003]  1205,G,,
[T2003]  1250,G,,
[T2003]  1319,G,,
[T2003]  1327,G,,
[T2003]  1340,G,,
[T2003]  1419,G,,
[T2003]  1427,G,,
[T2003]  1460,G,,
[T2003]  1491,G,,
[T2003]  1528,G,,
[T2003]  1617,G,,
[T2003]  1642,G,,
[T2003]  1668,G,,
[T2003]  1822,PoG,,
[T2003]  1849,G,,
[T86]  4,vid,,
[T86]  6,vid,,
[T86]  9,vid,,
[TC96]  55,V*,,
[TC96]  56,V*,,
[TC96]  67,cC*,,
[TC96]  68,V*,,
[TC96]  73,V*,,
[TC96]  77,V*,,
[TC96]  88,V*,,
[TC96] 150,V*,,
[TC96] 178,V*,,
[TC96] 305,V*,,
[TC96] 318,V*,,
[TC96] 321,V*,,
[TCB2007] 12007933,rG,0.028,0.028
[TCB2007] 12008117,G,0.015,0.015
[TCB2007] 12012563,G,0.0157,0.0157
[TEK2003]  0-2-123,GiC,,
[TEK2003]  0-3-138,GiC,,
[TEK2003]  0-3-217,GiC,,
[TEK2003]  0-3-42,GiC,,
[TEK2003]  0-3-73,GiC,,
[TEK2003]  0-4-19,GiC,,
[TEK2003]  0-4-3,GiC,,
[TEK2003]  0-4-53,GiC,,
[TEK2003] 36-2-43,GiC,,
[TEK2003] 36-4-3,GiC,,
[TEK2003] 38-3-80,GiC,,
[TFP88] X-9c,*,,
[TGC96] 2032+4155,Rad,,
[TGC96] 2055+4755,Rad,,
[TGC96] 2059+4744,Rad,,
[TGC96] 2101+4729,Rad,,
[TH94] M 51 3,Rad,,
[TH94] M 83 5,Rad,,
[TH94] Maffei 2 6,Rad,,
[TH94] NGC  2403  6,Rad,,
[TH94] NGC  4236  1,Rad,,
[TH94] NGC  4236  2,Rad,,
[TH94] NGC  4236  3,Rad,,
[TH94] NGC  4258  1,Rad,,
[TH94] NGC  4826  2,Rad,,
[TK2004] HST J14176+5226 C,LeI,,
[TOH96] IRAS 04365+2535 NIRS  2,IR,,
[TOH96] IRAS 04368+2557 NIRS  1,IR,,
[TOH96] IRAS 04368+2557 NIRS 16,Y*O,,
[TP72] 031050+193730,ISM,,
[TP72] 062800+102745,ISM,,
[TP72] 223823+371815,ISM,,
[TP72] 48,ISM,,
[TP72] 54,ISM,,
[TP95] ESO 362-18  8,HII,,
[TP95] ESO 362-18 14,HII,,
[TP95] ESO 362-18 15,HII,,
[TP95] ESO 362-18 19,HII,,
[TP95] ESO 362-18 20,HII,,
[TP95] ESO 362-18 26,HII,,
[TP95] ESO 362-18 32,HII,,
[TP95] ESO 362-18 33,HII,,
[TP95] ESO 362-18 34,HII,,
[TP95] ESO 377-24  1,HII,,
[TP95] ESO 377-24 16,HII,,
[TP95] ESO 377-24 20,HII,,
[TP95] ESO 377-24 29,HII,,
[TP95] ESO 377-24 42,HII,,
[TP95] ESO 377-24 50,HII,,
[TP95] ESO 377-24 51,HII,,
[TP95] ESO 377-24 58,HII,,
[TP95] ESO 512-20  1,HII,,
[TP95] ESO 512-20 13,HII,,
[TP95] IC  2510   2,HII,,
[TP95] IC  2510   3,HII,,
[TP95] IC  2510   9,HII,,
[TP95] IC  2510  16,HII,,
[TP95] IC  2510  49,HII,,
[TP95] IC  2510  64,HII,,
[TP95] IC  2560  12,HII,,
[TP95] IC  2560  15,HII,,
[TP95] IC  2560  23,HII,,
[TP95] IC  2560  25,HII,,
[TP95] IC  2560  33,HII,,
[TP95] IC  2560  38,HII,,
[TP95] IC  2560  70,HII,,
[TP95] IC  2560  84,HII,,
[TP95] IC  2560  85,HII,,
[TP95] IC  2560  87,HII,,
[TP95] IC  2560  92,HII,,
[TP95] IC  2560  93,HII,,
[TP95] IC  2560  99,HII,,
[TP95] IC  2560 112,HII,,
[TP95] IC  2560 116,HII,,
[TP95] IC  2560 118,HII,,
[TP95] IC  2560 120,HII,,
[TP95] IC  2560 126,HII,,
[TP95] IC  2560 132,HII,,
[TP95] NGC  1386   8,HII,,
[TP95] NGC  1386  13,HII,,
[TP95] NGC  1386  15,HII,,
[TP95] NGC  1386  43,HII,,
[TP95] NGC  1386  44,HII,,
[TP95] NGC  1566   2,HII,,
[TP95] NGC  1566   4,HII,,
[TP95] NGC  1566  10,HII,,
[TP95] NGC  1566  24,HII,,
[TP95] NGC  1566  27,HII,,
[TP95] NGC  1566  31,HII,,
[TP95] NGC  1566  39,HII,,
[TP95] NGC  1566  55,HII,,
[TP95] NGC  1566  80,HII,,
[TP95] NGC  1566  85,HII,,
[TP95] NGC  1566  98,HII,,
[TP95] NGC  1566 111,HII,,
[TP95] NGC  1566 122,HII,,
[TP95] NGC  1566 132,HII,,
[TP95] NGC  1566 133,HII,,
[TP95] NGC  1566 134,HII,,
[TP95] NGC  1566 135,HII,,
[TP95] NGC  1566 140,HII,,
[TP95] NGC  1566 159,HII,,
[TP95] NGC  1566 176,HII,,
[TP95] NGC  1566 186,HII,,
[TP95] NGC  1566 187,HII,,
[TP95] NGC  1566 188,HII,,
[TP95] NGC  1566 224,HII,,
[TP95] NGC  1566 236,HII,,
[TP95] NGC  1566 237,HII,,
[TP95] NGC  1566 240,HII,,
[TP95] NGC  1566 252,HII,,
[TP95] NGC  1566 259,HII,,
[TP95] NGC  1566 273,HII,,
[TP95] NGC  1566 274,HII,,
[TP95] NGC  1566 283,HII,,
[TP95] NGC  1566 285,HII,,
[TP95] NGC  1566 286,HII,,
[TP95] NGC  1566 295,HII,,
[TP95] NGC  1566 299,HII,,
[TP95] NGC  1566 304,HII,,
[TP95] NGC  1566 312,HII,,
[TP95] NGC  1566 322,HII,,
[TP95] NGC  1566 325,HII,,
[TP95] NGC  1566 339,HII,,
[TP95] NGC  1566 342,HII,,
[TP95] NGC  1566 343,HII,,
[TP95] NGC  1566 346,HII,,
[TP95] NGC  1566 389,HII,,
[TP95] NGC  1566 399,HII,,
[TP95] NGC  1566 405,HII,,
[TP95] NGC  1566 408,HII,,
[TP95] NGC  1566 422,HII,,
[TP95] NGC  1566 443,HII,,
[TP95] NGC  1566 448,HII,,
[TP95] NGC  1566 449,HII,,
[TP95] NGC  1566 465,HII,,
[TP95] NGC  1566 471,HII,,
[TP95] NGC  1566 493,HII,,
[TP95] NGC  1566 504,HII,,
[TP95] NGC  1566 512,HII,,
[TP95] NGC  1566 513,HII,,
[TP95] NGC  1566 520,HII,,
[TP95] NGC  1566 531,HII,,
[TP95] NGC  1566 536,HII,,
[TP95] NGC  1566 537,HII,,
[TP95] NGC  1566 544,HII,,
[TP95] NGC  1566 566,HII,,
[TP95] NGC  1566 568,HII,,
[TP95] NGC  1566 575,HII,,
[TP95] NGC  1566 585,HII,,
[TP95] NGC  1566 624,HII,,
[TP95] NGC  1566 625,HII,,
[TP95] NGC  1566 630,HII,,
[TP95] NGC  1566 631,HII,,
[TP95] NGC  1566 635,HII,,
[TP95] NGC  1566 643,HII,,
[TP95] NGC  1566 646,HII,,
[TP95] NGC  1566 657,HII,,
[TP95] NGC  1566 661,HII,,
[TP95] NGC  1566 664,HII,,
[TP95] NGC  1808   8,HII,,
[TP95] NGC  1808  12,HII,,
[TP95] NGC  1808  13,HII,,
[TP95] NGC  1808  16,HII,,
[TP95] NGC  1808  29,HII,,
[TP95] NGC  1808  34,HII,,
[TP95] NGC  1808  58,HII,,
[TP95] NGC  1808  62,HII,,
[TP95] NGC  1808  75,HII,,
[TP95] NGC  1808  77,HII,,
[TP95] NGC  1808  79,HII,,
[TP95] NGC  1808  85,HII,,
[TP95] NGC  1808  95,HII,,
[TP95] NGC  1808 110,HII,,
[TP95] NGC  1808 111,HII,,
[TP95] NGC  1808 113,HII,,
[TP95] NGC  1808 116,HII,,
[TP95] NGC  1808 124,HII,,
[TP95] NGC  1808 146,HII,,
[TP95] NGC  1808 151,HII,,
[TP95] NGC  1808 158,HII,,
[TP95] NGC  1808 159,HII,,
[TP95] NGC  1808 170,HII,,
[TP95] NGC  1808 172,HII,,
[TP95] NGC  1808 183,HII,,
[TP95] NGC  1808 188,HII,,
[TP95] NGC  1808 194,HII,,
[TP95] NGC  3081  11,HII,,
[TP95] NGC  3081  29,HII,,
[TP95] NGC  3081  39,HII,,
[TP95] NGC  3081  44,HII,,
[TP95] NGC  3081  54,HII,,
[TP95] NGC  3081  56,HII,,
[TP95] NGC  3081  57,HII,,
[TP95] NGC  3081  65,HII,,
[TP95] NGC  3393  13,HII,,
[TP95] NGC  3393  19,HII,,
[TP95] NGC  3393  20,HII,,
[TP95] NGC  3393  29,HII,,
[TP95] NGC  3393  30,HII,,
[TP95] NGC  3393  39,HII,,
[TP95] NGC  3393  49,HII,,
[TP95] NGC  3393  53,HII,,
[TP95] NGC  3393  62,HII,,
[TP95] NGC  3393  72,HII,,
[TP95] NGC  3783  11,HII,,
[TP95] NGC  3783  14,HII,,
[TP95] NGC  3783  35,HII,,
[TP95] NGC  3783  37,HII,,
[TP95] NGC  3783  47,HII,,
[TP95] NGC  3783  51,HII,,
[TP95] NGC  3783  54,HII,,
[TP95] NGC  4507   3,HII,,
[TP95] NGC  4507   6,HII,,
[TP95] NGC  4507   7,HII,,
[TP95] NGC  4507  13,HII,,
[TP95] NGC  4507  16,HII,,
[TP95] NGC  4507  24,HII,,
[TP95] NGC  4507  28,HII,,
[TP95] NGC  4507  32,HII,,
[TP95] NGC  4507  43,HII,,
[TP95] NGC  4507  47,HII,,
[TP95] NGC  4507  58,HII,,
[TP95] NGC  4507  65,HII,,
[TP95] NGC  4507  72,HII,,
[TP95] NGC  4507  77,HII,,
[TP95] NGC  4507  79,HII,,
[TP95] NGC  4507  83,HII,,
[TP95] NGC  4507  89,HII,,
[TP95] NGC  4593   3,HII,,
[TP95] NGC  4593  12,HII,,
[TP95] NGC  4593  14,HII,,
[TP95] NGC  4593  30,HII,,
[TP95] NGC  4593  43,HII,,
[TP95] NGC  4593  51,HII,,
[TP95] NGC  4593  52,HII,,
[TP95] NGC  4593  59,HII,,
[TP95] NGC  4593  62,HII,,
[TP95] NGC  4593  67,HII,,
[TP95] NGC  4593  70,HII,,
[TP95] NGC  4593  71,HII,,
[TP95] NGC  4593  81,HII,,
[TP95] NGC  4593  86,HII,,
[TP95] NGC  4593  94,HII,,
[TP95] NGC  4593  95,HII,,
[TP95] NGC  4593 107,HII,,
[TP95] NGC  4593 110,HII,,
[TP95] NGC  4602   5,HII,,
[TP95] NGC  4602  14,HII,,
[TP95] NGC  4602  36,HII,,
[TP95] NGC  4602  40,HII,,
[TP95] NGC  4602  45,HII,,
[TP95] NGC  4602  49,HII,,
[TP95] NGC  4602  59,HII,,
[TP95] NGC  4602  67,HII,,
[TP95] NGC  4602  68,HII,,
[TP95] NGC  4602  71,HII,,
[TP95] NGC  4602  72,HII,,
[TP95] NGC  4602  73,HII,,
[TP95] NGC  4602  74,HII,,
[TP95] NGC  4602  76,HII,,
[TP95] NGC  4602  81,HII,,
[TP95] NGC  4602  86,HII,,
[TP95] NGC  4602 106,HII,,
[TP95] NGC  4602 116,HII,,
[TP95] NGC  4602 119,HII,,
[TP95] NGC  4602 135,HII,,
[TP95] NGC  4602 144,HII,,
[TP95] NGC  4602 156,HII,,
[TP95] NGC  4602 163,HII,,
[TP95] NGC  4602 173,HII,,
[TP95] NGC  4602 175,HII,,
[TP95] NGC  4602 217,HII,,
[TP95] NGC  4939   4,HII,,
[TP95] NGC  4939   6,HII,,
[TP95] NGC  4939  17,HII,,
[TP95] NGC  4939  39,HII,,
[TP95] NGC  4939  43,HII,,
[TP95] NGC  4939  47,HII,,
[TP95] NGC  4939  63,HII,,
[TP95] NGC  4939  84,HII,,
[TP95] NGC  4939  88,HII,,
[TP95] NGC  4939  90,HII,,
[TP95] NGC  4939  97,HII,,
[TP95] NGC  4939  98,HII,,
[TP95] NGC  4939 114,HII,,
[TP95] NGC  4939 119,HII,,
[TP95] NGC  4939 120,HII,,
[TP95] NGC  4939 135,HII,,
[TP95] NGC  4939 144,HII,,
[TP95] NGC  4939 148,HII,,
[TP95] NGC  4939 156,HII,,
[TP95] NGC  4939 185,HII,,
[TP95] NGC  4939 195,HII,,
[TP95] NGC  4939 197,HII,,
[TP95] NGC  4939 205,HII,,
[TP95] NGC  4939 210,HII,,
[TP95] NGC  4939 213,HII,,
[TP95] NGC  4939 219,HII,,
[TP95] NGC  4939 232,HII,,
[TP95] NGC  4939 239,HII,,
[TP95] NGC  4939 246,HII,,
[TP95] NGC  5427   1,HII,,
[TP95] NGC  5427  11,HII,,
[TP95] NGC  5427  32,HII,,
[TP95] NGC  5427  37,HII,,
[TP95] NGC  5427  46,HII,,
[TP95] NGC  5427  57,HII,,
[TP95] NGC  5427  63,HII,,
[TP95] NGC  5427  65,HII,,
[TP95] NGC  5427  66,HII,,
[TP95] NGC  5427  71,HII,,
[TP95] NGC  5427  76,HII,,
[TP95] NGC  5427  80,HII,,
[TP95] NGC  5427  81,HII,,
[TP95] NGC  5427  93,HII,,
[TP95] NGC  5427  95,HII,,
[TP95] NGC  5427 115,HII,,
[TP95] NGC  5427 118,HII,,
[TP95] NGC  5427 130,HII,,
[TP95] NGC  5427 134,HII,,
[TP95] NGC  5427 143,HII,,
[TP95] NGC  5427 149,HII,,
[TP95] NGC  5427 154,HII,,
[TP95] NGC  5427 180,HII,,
[TP95] NGC  5427 182,HII,,
[TP95] NGC  5427 186,HII,,
[TP95] NGC  5427 188,HII,,
[TP95] NGC  5427 228,HII,,
[TP95] NGC  5427 233,HII,,
[TP95] NGC  5427 235,HII,,
[TP95] NGC  5427 249,HII,,
[TP95] NGC  5427 252,HII,,
[TP95] NGC  5427 258,HII,,
[TP95] NGC  5427 260,HII,,
[TP95] NGC  5427 277,HII,,
[TP95] NGC  5427 297,HII,,
[TP95] NGC  5643   3,HII,,
[TP95] NGC  5643   6,HII,,
[TP95] NGC  5643  12,HII,,
[TP95] NGC  5643  15,HII,,
[TP95] NGC  5643  16,HII,,
[TP95] NGC  5643  17,HII,,
[TP95] NGC  5643  25,HII,,
[TP95] NGC  5643  31,HII,,
[TP95] NGC  5643  32,HII,,
[TP95] NGC  5643  39,HII,,
[TP95] NGC  5643  44,HII,,
[TP95] NGC  5643  46,HII,,
[TP95] NGC  5643  64,HII,,
[TP95] NGC  5643  66,HII,,
[TP95] NGC  5643  73,HII,,
[TP95] NGC  5643  74,HII,,
[TP95] NGC  5643  77,HII,,
[TP95] NGC  5643  83,HII,,
[TP95] NGC  5643  85,HII,,
[TP95] NGC  5643  87,HII,,
[TP95] NGC  5643 107,HII,,
[TP95] NGC  5643 129,HII,,
[TP95] NGC  5643 133,HII,,
[TP95] NGC  5643 153,HII,,
[TP95] NGC  5643 154,HII,,
[TP95] NGC  6221   2,HII,,
[TP95] NGC  6221   4,HII,,
[TP95] NGC  6221  15,HII,,
[TP95] NGC  6221  17,HII,,
[TP95] NGC  6221  43,HII,,
[TP95] NGC  6221  47,HII,,
[TP95] NGC  6221  54,HII,,
[TP95] NGC  6221  65,HII,,
[TP95] NGC  6221  83,HII,,
[TP95] NGC  6221  84,HII,,
[TP95] NGC  6221  95,HII,,
[TP95] NGC  6221  96,HII,,
[TP95] NGC  6221 105,HII,,
[TP95] NGC  6221 114,HII,,
[TP95] NGC  6221 127,HII,,
[TP95] NGC  6221 137,HII,,
[TP95] NGC  6221 142,HII,,
[TP95] NGC  6221 145,HII,,
[TP95] NGC  6221 152,HII,,
[TP95] NGC  6221 169,HII,,
[TP95] NGC  6221 171,HII,,
[TP95] NGC  7314   5,HII,,
[TP95] NGC  7314   7,HII,,
[TP95] NGC  7314   9,HII,,
[TP95] NGC  7314  13,HII,,
[TP95] NGC  7314  24,HII,,
[TP95] NGC  7314  43,HII,,
[TP95] NGC  7314  55,HII,,
[TP95] NGC  7314  58,HII,,
[TP95] NGC  7314  61,HII,,
[TP95] NGC  7314  69,HII,,
[TP95] NGC  7314  72,HII,,
[TP95] NGC  7314  76,HII,,
[TP95] NGC  7314  80,HII,,
[TP95] NGC  7314  99,HII,,
[TP95] NGC  7314 105,HII,,
[TP95] NGC  7314 112,HII,,
[TP95] NGC  7590   6,HII,,
[TP95] NGC  7590  20,HII,,
[TP95] NGC  7590  26,HII,,
[TP95] NGC  7590  49,HII,,
[TP95] NGC  7590  60,HII,,
[TP95] NGC  7590  61,HII,,
[TP95] NGC  7590  62,HII,,
[TP95] NGC  7590  66,HII,,
[TP95] NGC  7590  76,HII,,
[TP95] NGC  7590  78,HII,,
[TP95] NGC  7590  79,HII,,
[TP95] NGC  7590  81,HII,,
[TP95] NGC  7590  84,HII,,
[TP95] NGC  7590  91,HII,,
[TP95] NGC  7590  96,HII,,
[TP95] NGC  7590 103,HII,,
[TP95] NGC  7590 126,HII,,
[TP95] Tol 1238-364   1,HII,,
[TP95] Tol 1238-364  12,HII,,
[TP95] Tol 1238-364  14,HII,,
[TP95] Tol 1238-364  16,HII,,
[TP95] Tol 1238-364  20,HII,,
[TP95] Tol 1238-364  30,HII,,
[TP95] Tol 1238-364  37,HII,,
[TP95] Tol 1238-364  48,HII,,
[TP95] Tol 1238-364  50,HII,,
[TP95] Tol 1238-364  51,HII,,
[TP95] Tol 1238-364  67,HII,,
[TP95] Tol 1238-364  69,HII,,
[TP95] Tol 1238-364  72,HII,,
[TP95] Tol 1238-364  77,HII,,
[TP95] Tol 1238-364  80,HII,,
[TP95] Tol 1238-364  91,HII,,
[TP95] Tol 1238-364  95,HII,,
[TP95] Tol 1238-364  99,HII,,
[TP95] Tol 1238-364 112,HII,,
[TPB97] Gy 2-18  7,IR,,
[TPB97] Gy 2-18 11,Y*O,,
[TPB97] Gy 2-18 16,IR,,
[TPB97] Gy 4-2  6,IR,,
[TPC92] 10 2,*,,
[TRH94]  14,GiC,,
[TRH94]  20,GiC,,
[TRH94]  37,GiC,,
[TRH94]  58,GiC,,
[TRH94]  88,GiC,,
[TRH94]  91,GiC,,
[TRH94]  97,GiC,,
[TRH94]  98,GiC,,
[TRH94]  99,GiC,,
[TRH94] 106,GiC,,
[TRH94] 113,GiC,,
[TRH94] 144,GiC,,
[TRP85] G35.2N IRS 1,Y*O,,
[TS84] IRS  2,Y*O,,
[TSB2006]   8,G,,
[TSB2006]  51,PoG,,
[TSB2006] 111,G,,
[TSB2006] 115,PoG,,
[TSB2006] 119,EmG,0.0106,0.0106
[TSB2006] 130,G,,
[TSW99]    2.000,G,,
[TSW99]   44.000,G,,
[TSW99]   48.000,G,,
[TSW99]   52.000,PoG,,
[TSW99]  101.000,G,,
[TSW99]  118.000,G,,
[TSW99]  190.000,G,,
[TSW99]  196.000,G,,
[TSW99]  208.000,G,,
[TSW99]  231.000,PoG,,
[TSW99]  269.000,G,,
[TSW99]  285.000,G,,
[TSW99]  287.000,G,,
[TSW99]  579.000,G,,
[TSW99]  588.000,G,,
[TSW99]  685.000,G,,
[TSW99] 1019.00,G,,
[TSW99] 1075.00,G,,
[TSW99] 1079.00,G,,
[TUK93]  23,cor,,
[TUK93]  70,cor,,
[TUK93]  73,cor,,
[TUK93]  79,cor,,
[TUK93] 111,cor,,
[TUM93] NGC 1365 b,?,,
[TUM93] NGC 1365a 2,X,,
[TVY93] GT Car H,*,,
[UT87]  1,PoC,,
[UT87] 12f,PoC,,
[UT87] 19,PoC,,
[UT87] 20,PoC,,
[UT87] 21b,PoC,,
[UT87] 24a,PoC,,
[UT87] 27c,PoC,,
[UT87] 27i,PoC,,
[UT87] 28,PoC,,
[UWP2001]  4080,Ce*,,
[UWP2001]  9928,Ce*,,
[UWP2001] 10421,Ce*,,
[V64]   1,As*,,
[V64]  15,As*,,
[V64]  18,As*,,
[V64]  34,As*,,
[V64]  61,As*,,
[V64]  63,As*,,
[V64]  82,As*,,
[V64] 118,As*,,
[V64] 130,As*,,
[V64] 132,As*,,
[V64] 145,As*,,
[VAE96] 2-124,G,,
[VAE96] 2-346,G,,
[VAE96] 2-443,G,,
[VAE96] 2-579,G,,
[VAE96] 2-67,G,,
[VAE96] 2-83,G,,
[VAE96] 3-279,G,,
[VAE96] 4-318,G,,
[VAE96] 4-388,G,,
[VBA82] KK Cen C,*,,
[VBA82] KK Cen H,*,,
[VBA82] OO Cen F,*,,
[VBA82] OO Cen G,*,,
[VBA82] OO Cen I,*,,
[VC94] NGC 3923  1,G,,
[VHH81]   7,GlC,0.0133,0.0133
[VHH81]  19,GlC,,
[VHH81]  21,GlC,0.0123,0.0123
[VHH81]  25,GlC,,
[VHH81]  36,GlC,0.0063,0.0063
[VHH81]  41,GlC,0.008,0.008
[VHH81]  43,GlC,,
[VHH81]  46,*,,
[VHS97] Haro 43-1,HII,,
[VHS97] UGC   891-1,HII,,
[VHS97] UGC  2984-2,HII,,
[VHS97] UGC  2984-3,HII,,
[VHS97] UGC  3672-2,HII,,
[VHS97] UGC 11820-1,HII,,
[VHS97] UGC 11820-6,HII,,
[VKB2013] 843,*,,
[VMO95] Giant 13,RG*,,
[VMO95] Giant 24,RG*,,
[VMO95] Giant 39,RG*,,
[VSS88]  32,*,,
[VSS88]  83,*,,
[VSS88] 149,*,,
[VSS88] 177,*,,
[VSS88] 178,*,,
[VSS88] 197,*,,
[VSS88] 198,*,,
[VV2000] J004933.2+400613,QSO,,
[VV2000] J005338.2-265916,QSO,,
[VV2000] J072617.8+690922,QSO,,
[VV2000] J134123.4+274954,QSO,,
[VV2006] J010827.4-285248,QSO,,
[VV2006] J011018.5-304815,QSO,,
[VV2006] J020703.3-085442,QSO,,
[VV2006] J022840.7-093508,QSO,0.233,0.159
[VV2006] J074024.8+653957,QSO,,
[VV2006] J074625.9+254901,Bla,,
[VV2006] J085116.8+120027,QSO,,
[VV2006] J102856.6+462456,QSO,,
[VV2006] J105909.7+012000,QSO,,
[VV2006] J105920.1+005710,QSO,,
[VV2006] J110152.8+003249,QSO,,
[VV2006] J110344.5+023209,QSO,,
[VV2006] J110424.1+073053,BLL,0.09133333,0.090333335
[VV2006] J120239.6+455429,QSO,,
[VV2006] J120629.7+433224,QSO,,
[VV2006] J121519.4+424850,QSO,,
[VV2006] J122819.3+023229,QSO,,
[VV2006] J142334.4+361305,QSO,,
[VV2006] J142501.5+382100,QSO,,
[VV2006] J142925.9-015034,QSO,,
[VV2006] J145406.5+382815,QSO,,
[VV2006] J150401.8+445910,QSO,,
[VV2006] J151426.9+340220,QSO,,
[VV2006] J160314.9+023136,QSO,,
[VV2006] J163218.7+405132,QSO,,
[VV2006] J163252.9+390222,QSO,,
[VV2006] J163257.6-003302,Bla,,
[VV2006] J163435.7+392544,QSO,,
[VV2006] J163608.1+375200,QSO,,
[VV2006] J163727.3+371701,QSO,,
[VV2006] J171626.5-045213,Bla,,
[VV2006] J182608.1-365040,BLL,,
[VV2006] J203437.1+115432,BLL,0.17,0.163
[VV2006] J212632.7-011932,Bla,,
[VV2006] J213552.0-080310,QSO,,
[VV2010c] J155513.8+462359,AGN,,
[VV96] J000519.7-003518,QSO,,
[VV96] J012049.0+013454,QSO,,
[VV96] J012252.4+030829,QSO,,
[VV96] J060607.2-344740,BLL,,
[VV96] J100157.3+372645,QSO,,
[VV96] J102434.5+470911,Sy1,,
[VV96] J133431.2+274641,QSO,,
[VV96] J133447.7+272416,QSO,,
[VV96] J133505.2+281150,QSO,,
[VV96] J133524.3+271716,QSO,,
[VV96] J133550.5+260241,QSO,,
[VV96] J133602.6+260230,QSO,,
[VV96] J133703.4+263604,QSO,,
[VV96] J133714.1+271246,QSO,,
[VV96] J133715.6+262003,QSO,,
[VV96] J133741.0+260149,QSO,,
[VV96] J133758.3+265130,QSO,,
[VV96] J133833.2+264753,QSO,,
[VV96] J133837.9+251643,QSO,,
[VV96] J133843.2+262504,QSO,,
[VV96] J133856.4+263346,QSO,,
[VV96] J133901.5+251907,QSO,,
[VV96] J134020.4+272041,QSO,,
[VV96] J134136.3+270150,QSO,,
[VV96] J134257.9+275425,QSO,,
[VV96] J134350.6+264930,QSO,,
[VV96] J134405.3+272635,QSO,,
[VV96] J134454.8+264159,QSO,,
[VV96] J134515.6+272618,QSO,,
[VV96] J134731.7+260001,QSO,,
[VV96] J144640.5+101757,QSO,,
[VV96] J153045.8+383953,QSO,,
[VV96] J160658.8+462401,QSO,,
[VV96] J162121.3+462424,QSO,,
[VV96] J162919.8+404838,QSO,,
[VV96] J163052.8+373652,QSO,,
[VV96] J163425.2+404151,QSO,,
[VV96] J163651.3+395605,QSO,,
[VV96] J163848.1+400246,QSO,,
[VV96] J163953.8+385448,QSO,,
[VV96] J164013.6+404935,QSO,,
[VV96] J164018.5+405811,QSO,,
[VV96] J164130.7+393436,QSO,,
[VV96] J214935.3+075625,QSO,,
[VV96] J234324.1+011920,QSO,,
[VV96] J234638.6+014136,QSO,,
[VV98] J000934.9+180343,QSO,,
[VV98] J002903.5+050934,Bla,,
[VV98] J002950.0+054204,QSO,,
[VV98] J003859.6+004859,QSO,,
[VV98] J004057.3-294553,QSO,,
[VV98] J010016.1-283155,QSO,,
[VV98] J015127.1+274442,Bla,,
[VV98] J090152.9+334417,QSO,,
[VV98] J122313.4+290825,QSO,,
[VV98] J205119.5-350002,QSO,,
[VV98] J224528.3+032409,Bla,,
[VYB83] CT Car G,*,,
[VYB83] SV Vel D,Pu*,,
[VYB83] UU Mus G,*,,
[VYB83] UU Mus H,*,,
[W60] A68,LM*,,
[W71c] DR 21S,HII,,
[W74] 33,Em*,,
[W74] 47,AB?,,
[W74] 68,Em*,,
[W94] DEM L   8  2,*,,
[W94] DEM L   8  7,*,,
[W94] DEM L 104  4,*,,
[W94] DEM L 104  7,*,,
[W94] DEM L 243  7,*,,
[W94] DEM L 243  9,*,,
[W94] DEM L 243 22,*,,
[W94] DEM L 243 26,*,,
[W94] DEM L 243 30,*,,
[W94] DEM L 243 31,*,,
[W94] DEM L 243 37,*,,
[W94] DEM S 161  8,*,,
[WAM82] 023.955+0.152,HII,,
[WB92a] 787,HII,0.6411667,0.4405
[WBD96] 1-11.0,G,,
[WBD96] 1-14.0,G,,
[WBD96] 1-82.0,G,,
[WBD96] 1-9.0,G,,
[WBD96] 1-99.0,G,,
[WBD96] 2-103.0,G,,
[WBD96] 2-119.0,G,,
[WBD96] 2-152.0,G,,
[WBD96] 2-177.0,G,,
[WBD96] 2-178.0,G,,
[WBD96] 2-199.0,G,,
[WBD96] 2-204.0,G,,
[WBD96] 2-214.0,G,,
[WBD96] 2-237.0,G,,
[WBD96] 2-248.0,G,,
[WBD96] 2-257.0,G,,
[WBD96] 2-267.0,G,,
[WBD96] 2-291.0,G,,
[WBD96] 2-30.0,G,,
[WBD96] 2-32.0,G,,
[WBD96] 2-336.0,G,,
[WBD96] 2-337.0,G,,
[WBD96] 2-350.0,G,,
[WBD96] 2-355.0,G,,
[WBD96] 2-381.12,PoG,,
[WBD96] 2-384.0,G,,
[WBD96] 2-407.0,G,,
[WBD96] 2-415.0,G,,
[WBD96] 2-447.0,G,,
[WBD96] 2-461.0,G,,
[WBD96] 2-465.0,G,,
[WBD96] 2-498.0,G,,
[WBD96] 2-512.0,G,,
[WBD96] 2-518.0,G,,
[WBD96] 2-556.0,G,,
[WBD96] 2-564.0,G,,
[WBD96] 2-566.0,G,,
[WBD96] 2-57.0,G,,
[WBD96] 2-570.0,G,,
[WBD96] 2-573.0,G,,
[WBD96] 2-670.0,G,,
[WBD96] 2-680.0,G,,
[WBD96] 2-719.0,G,,
[WBD96] 2-728.0,G,,
[WBD96] 2-729.0,G,,
[WBD96] 2-763.0,G,,
[WBD96] 2-861.0,G,,
[WBD96] 2-874.0,G,,
[WBD96] 2-875.0,G,,
[WBD96] 2-919.0,G,,
[WBD96] 2-95.0,G,,
[WBD96] 2-992.0,G,,
[WBD96] 3-114.0,G,,
[WBD96] 3-146.0,G,,
[WBD96] 3-160.0,G,,
[WBD96] 3-194.0,G,,
[WBD96] 3-200.0,G,,
[WBD96] 3-212.0,G,,
[WBD96] 3-221.1,PoG,,
[WBD96] 3-222.0,G,,
[WBD96] 3-226.0,G,,
[WBD96] 3-240.0,G,,
[WBD96] 3-247.0,G,,
[WBD96] 3-248.0,G,,
[WBD96] 3-3.0,G,,
[WBD96] 3-31.0,G,,
[WBD96] 3-332.0,G,,
[WBD96] 3-34.0,G,,
[WBD96] 3-356.0,EmG,,
[WBD96] 3-360.0,G,,
[WBD96] 3-363.0,G,,
[WBD96] 3-388.0,G,,
[WBD96] 3-4.0,G,,
[WBD96] 3-447.0,G,,
[WBD96] 3-492.0,G,,
[WBD96] 3-493.0,G,,
[WBD96] 3-526.0,G,,
[WBD96] 3-529.0,G,,
[WBD96] 3-548.0,G,,
[WBD96] 3-563.0,G,,
[WBD96] 3-565.0,G,,
[WBD96] 3-579.0,G,,
[WBD96] 3-587.0,G,,
[WBD96] 3-592.0,G,,
[WBD96] 3-610.11111112,G,,
[WBD96] 3-619.0,G,,
[WBD96] 3-623.0,G,,
[WBD96] 3-642.0,G,,
[WBD96] 3-673.0,G,,
[WBD96] 3-689.0,G,,
[WBD96] 3-690.0,G,,
[WBD96] 3-710.0,G,,
[WBD96] 3-723.0,G,,
[WBD96] 3-728.0,G,,
[WBD96] 3-744.0,G,,
[WBD96] 3-823.0,G,,
[WBD96] 3-862.0,G,,
[WBD96] 3-876.0,G,,
[WBD96] 3-897.0,G,,
[WBD96] 3-898.0,G,,
[WBD96] 3-9.0,G,,
[WBD96] 3-903.0,G,,
[WBD96] 3-912.0,G,,
[WBD96] 3-914.0,G,,
[WBD96] 3-921.0,G,,
[WBD96] 3-94.0,G,,
[WBD96] 3-951.0,G,,
[WBD96] 3-963.0,G,,
[WBD96] 4-133.0,G,,
[WBD96] 4-139.0,G,,
[WBD96] 4-147.0,G,,
[WBD96] 4-191.0,G,,
[WBD96] 4-211.0,G,,
[WBD96] 4-238.0,G,,
[WBD96] 4-267.0,G,,
[WBD96] 4-269.0,G,,
[WBD96] 4-290.0,G,,
[WBD96] 4-306.0,G,,
[WBD96] 4-313.0,G,,
[WBD96] 4-318.0,G,,
[WBD96] 4-38.0,G,,
[WBD96] 4-381.0,G,,
[WBD96] 4-428.0,G,,
[WBD96] 4-435.0,G,,
[WBD96] 4-451.0,G,,
[WBD96] 4-539.0,G,,
[WBD96] 4-547.0,G,,
[WBD96] 4-568.0,G,,
[WBD96] 4-68.0,G,,
[WBD96] 4-696.0,G,,
[WBD96] 4-706.0,G,,
[WBD96] 4-711.0,G,,
[WBD96] 4-738.0,G,,
[WBD96] 4-78.0,G,,
[WBD96] 4-849.0,G,,
[WBD96] 4-865.0,G,,
[WBD96] 4-876.0,G,,
[WBD96] 4-887.0,G,,
[WBD96] 4-889.0,G,,
[WBD96] 4-900.0,G,,
[WBD96] 4-907.0,G,,
[WBD96] 4-925.0,G,,
[WBM91] Obj 4,G,,
[WBM91] Obj 6,*,,
[WBN74] NGC 7538 IRS  1,Y*O,,
[WBN74] NGC 7538 IRS  2A,IR,,
[WBN74] NGC 7538 IRS  8,IR,,
[WBS95]  1,PoC,,
[WBS95]  8,PoC,,
[WBS95]  9,PoC,,
[WBS95] 10,PoC,,
[WBS95] 11,PoC,,
[WBS95] 18,PoC,,
[WBS95] 19,PoC,,
[WBS95] 22,PoC,,
[WBS95] 23,PoC,,
[WBS95] 28,PoC,,
[WBS95] 36,PoC,,
[WBS95] 40,PoC,,
[WBS95] 41,PoC,,
[WBS95] 46,PoC,,
[WBS95] 48,PoC,,
[WBS95] 55,PoC,,
[WBS95] 57,PoC,,
[WBS95] 60,PoC,,
[WBS95] 61,PoC,,
[WBS95] 63,PoC,,
[WBS95] 69,PoC,,
[WC72]  5,WR*,,
[WC72]  7,WR*,,
[WC72] 14,WR*,,
[WC89] 034.26+0.15C,HII,,
[WC89] 042.90+0.57B,HII,,
[WDB94] MMC-1 27,PoC,,
[WDB94] MMC-1 44,PoC,,
[WDB94] MMC-1 58,PoC,,
[WDB94] MMC-2  9,PoC,,
[WDB94] MMC-2 11,PoC,,
[WDB94] MMC-2 19,PoC,,
[WDB94] MMC-2 26,PoC,,
[WDB94] MMC-2 32,PoC,,
[WDB94] RMC 58,PoC,,
[WDB94] RMC 77,PoC,,
[WEG2004] 3h 139,G,,
[WGL92] iras  5,IR,,
[WGL92] iras 29,IR,,
[WH74] HV 13011,V*,,
[WHL95] 1537+5315,G,,
[WKM94] IRS 6,IR,,
[WLJ87] Star 2,*,,
[WMB97] 185800.6-370056,IR,,
[WMB97] 185840.7-371034,IR,,
[WMB97] 185843.9-365944,IR,,
[WMB97] 185844.9-365748,*,,
[WMB97] 185900.7-371019,IR,,
[WMB97] 185900.8-370458,IR,,
[WMB97] 185905.7-370047,IR,,
[WMB97] 185907.0-370033,IR,,
[WMD94] Ari C,Cld,,
[WMD94] Cas A,Cld,,
[WMD94] Cas A  1,Cld,,
[WMD94] Cas A  4,Cld,,
[WMD94] Cas B,Cld,,
[WMD94] Cas D  1,Cld,,
[WMD94] Cas H  1,Cld,,
[WMD94] Mon A  8,Cld,,
[WMD94] Mon A  9,Cld,,
[WMD94] Ori A  6,Cld,,
[WMD94] Ori A  7,Cld,,
[WMD94] Ori A 12,Cld,,
[WMD94] Ori A 26,Cld,,
[WMD94] Ori A 27,Cld,,
[WMD94] Ori B  3,Cld,,
[WMD94] Ori B 13,Cld,,
[WMD94] Ori B 14,Cld,,
[WMD94] Ori B 18,Cld,,
[WMD94] Ori B 38,Cld,,
[WMD94] Ori B 40,Cld,,
[WMD94] Ori C  2,Cld,,
[WMD94] Ori C  4,Cld,,
[WMD94] Ori C 13,Cld,,
[WMD94] Ori C 16,Cld,,
[WMD94] Ori E,Cld,,
[WMD94] Ori E  4,Cld,,
[WMD94] Ori H  2,Cld,,
[WMD94] Ori J  1,Cld,,
[WMD94] Ori J  2,Cld,,
[WMD94] Per A 13,Cld,,
[WMD94] Per B  1,Cld,,
[WMD94] Tau A  1,Cld,,
[WMD94] Tau A  9,Cld,,
[WMD94] Tau A 13,Cld,,
[WMD94] Tau B  9,Cld,,
[WMD94] Tau B 12,Cld,,
[WMD94] Tau B 14,Cld,,
[WMD94] Tau C  4,Cld,,
[WMD94] Tau J,Cld,,
[WMD94] Tau M,Cld,,
[WMO2006] F01-11,RG*,,
[WMO2006] F19-9,RG*,,
[WMO2009] Car-1497,*,,
[WMO2009] Scl-   4,Ev*,,
[WMO2009] Scl- 272,*,,
[WMO2009] Scl- 356,Ev*,,
[WMO2009] Scl- 357,Ev*,,
[WMO2009] Scl- 375,*,,
[WMO2009] Scl- 412,Ev*,,
[WMO2009] Scl- 529,*,,
[WMO2009] Scl- 656,Ev*,,
[WMO2009] Scl- 663,*,,
[WMO2009] Scl- 978,Ev*,,
[WMO2009] Scl-1005,*,,
[WMO2009] Scl-1008,*,,
[WMO2009] Scl-1520,*,,
[WS90b] MC 38,MoC,,
[WSB85] C  7,Gl?,,
[WSB85] E 12,Gl?,,
[WSB85] E 15,Gl?,,
[WSB85] S10  3,Gl?,,
[WSB85] S10 10,Gl?,,
[WSB85] S2  7,Gl?,,
[WSB85] S3  9,Gl?,,
[WSB85] S4  7,Gl?,,
[WSB85] S5  3,Gl?,,
[WSB85] S6  3,Gl?,,
[WSB85] S6 16,Gl?,,
[WSB85] S7 10,Gl?,,
[WSB85] S9  5,Gl?,,
[WSB85] S9 12,Gl?,,
[WSB85] S9 13,Gl?,,
[WSG78] Spur 1,PoG,,
[WSG84] 8,X,,
[WSL93]  7,Gl?,,
[WSL93] 15,Gl?,,
[WSL93] 16,Gl?,,
[WSL93] 30,GlC,,
[WSL93] 31,GlC,,
[WSL93] 32,Gl?,,
[WSL93] 35,Gl?,,
[WSL93] 36,Gl?,,
[WSL93] 41,Gl?,,
[WSL93] 42,Gl?,,
[WZ75] R1,PoG,,
[WZA2016] hst14113 10 212.84750+52.18048,GiC,,
[XH96]  2a,IR,,
[XH96]  2b,IR,,
[XH96]  4b,IR,,
[XH96] 19,IR,,
[XH96] 30,HII,,
[XH96] 33,HII,,
[XT92]  5,Mas,,
[YCR90] SW,PoC,,
[YHW2016] 042.16592-06.72533,rG,,
[YS93] 001744.98+585950,SR?,,
[YS93] 001748.21+590007,SR?,,
[ZBO89] ACO  426-4,rG,,
[ZWM2003]  2,PoG,,
