object,survey,pdf,reason
HD 171348,GOODS: Chandra ACIS HB,1995ApJS___96__605S,no survey
HD 171348,GOODS: Chandra ACIS FB,1995ApJS___96__605S,no survey
HD 171348,GOODS: Chandra ACIS SB,1995ApJS___96__605S,no survey
HD 171348,GOODS: VLT VIMOS U,1995ApJS___96__605S,no survey
HD 171348,GOODS: VLT VIMOS R,1995ApJS___96__605S,no survey
HD 171348,GOODS: HST ACS B,1995ApJS___96__605S,no survey
HD 171348,GOODS: HST ACS V,1995ApJS___96__605S,no survey
HD 171348,GOODS: HST ACS I,1995ApJS___96__605S,no survey
HD 171348,GOODS: HST ACS Z,1995ApJS___96__605S,no survey
HD 171348,Hawaii HDF U,1995ApJS___96__605S,no survey
HD 171348,Hawaii HDF B,1995ApJS___96__605S,no survey
HD 171348,Hawaii HDF V0201,1995ApJS___96__605S,no survey
HD 171348,Hawaii HDF V0401,1995ApJS___96__605S,no survey
HD 171348,Hawaii HDF R,1995ApJS___96__605S,no survey
HD 171348,Hawaii HDF I,1995ApJS___96__605S,no survey
HD 171348,Hawaii HDF z,1995ApJS___96__605S,no survey
HD 171348,Hawaii HDF HK,1995ApJS___96__605S,no images
HD 171348,GOODS: HST NICMOS,1995ApJS___96__605S,no survey
HD 171348,GOODS: VLT ISAAC J,1995ApJS___96__605S,no survey
HD 171348,GOODS: VLT ISAAC H,1995ApJS___96__605S,no survey
HD 171348,GOODS: VLT ISAAC Ks,1995ApJS___96__605S,no survey
HD 171348,HUDF: VLT ISAAC Ks,1995ApJS___96__605S,no survey
HD 171348,GOODS: Spitzer IRAC 3.6,1995ApJS___96__605S,no survey
HD 171348,GOODS: Spitzer IRAC 4.5,1995ApJS___96__605S,no survey
HD 171348,GOODS: Spitzer IRAC 5.8,1995ApJS___96__605S,no survey
HD 171348,GOODS: Spitzer IRAC 8.0,1995ApJS___96__605S,no survey
HD 171348,GOODS: Spitzer MIPS 24,1995ApJS___96__605S,no survey
HD 171348,GOODS: Herschel 100,1995ApJS___96__605S,no survey
HD 171348,GOODS: Herschel 160,1995ApJS___96__605S,no survey
HD 171348,GOODS: Herschel 250,1995ApJS___96__605S,no survey
HD 171348,GOODS: Herschel 350,1995ApJS___96__605S,no survey
HD 171348,GOODS: Herschel 500,1995ApJS___96__605S,no survey
HD 171348,CDFS: LESS,1995ApJS___96__605S,no survey
HD 171348,GOODS: VLA North,1995ApJS___96__605S,no survey
NGC  3187,SHASSA H,1946ApJ___104__211L,no survey
NGC  3187,SHASSA CC,1946ApJ___104__211L,no survey
NGC  3187,SHASSA C,1946ApJ___104__211L,no survey
NGC  3187,SHASSA Sm,1946ApJ___104__211L,no survey
NGC  3187,GOODS: Chandra ACIS HB,1946ApJ___104__211L,no survey
NGC  3187,GOODS: Chandra ACIS FB,1946ApJ___104__211L,no survey
NGC  3187,GOODS: Chandra ACIS SB,1946ApJ___104__211L,no survey
NGC  3187,GOODS: VLT VIMOS U,1946ApJ___104__211L,no survey
NGC  3187,GOODS: VLT VIMOS R,1946ApJ___104__211L,no survey
NGC  3187,GOODS: HST ACS B,1946ApJ___104__211L,no survey
NGC  3187,GOODS: HST ACS V,1946ApJ___104__211L,no survey
NGC  3187,GOODS: HST ACS I,1946ApJ___104__211L,no survey
NGC  3187,GOODS: HST ACS Z,1946ApJ___104__211L,no survey
NGC  3187,Hawaii HDF U,1946ApJ___104__211L,no survey
NGC  3187,Hawaii HDF B,1946ApJ___104__211L,no survey
NGC  3187,Hawaii HDF V0201,1946ApJ___104__211L,no survey
NGC  3187,Hawaii HDF V0401,1946ApJ___104__211L,no survey
NGC  3187,Hawaii HDF R,1946ApJ___104__211L,no survey
NGC  3187,Hawaii HDF I,1946ApJ___104__211L,no survey
NGC  3187,Hawaii HDF z,1946ApJ___104__211L,no survey
NGC  3187,Hawaii HDF HK,1946ApJ___104__211L,no images
NGC  3187,GOODS: HST NICMOS,1946ApJ___104__211L,no survey
NGC  3187,GOODS: VLT ISAAC J,1946ApJ___104__211L,no survey
NGC  3187,GOODS: VLT ISAAC H,1946ApJ___104__211L,no survey
NGC  3187,GOODS: VLT ISAAC Ks,1946ApJ___104__211L,no survey
NGC  3187,HUDF: VLT ISAAC Ks,1946ApJ___104__211L,no survey
NGC  3187,GOODS: Spitzer IRAC 3.6,1946ApJ___104__211L,no survey
NGC  3187,GOODS: Spitzer IRAC 4.5,1946ApJ___104__211L,no survey
NGC  3187,GOODS: Spitzer IRAC 5.8,1946ApJ___104__211L,no survey
NGC  3187,GOODS: Spitzer IRAC 8.0,1946ApJ___104__211L,no survey
NGC  3187,GOODS: Spitzer MIPS 24,1946ApJ___104__211L,no survey
NGC  3187,GOODS: Herschel 100,1946ApJ___104__211L,no survey
NGC  3187,GOODS: Herschel 160,1946ApJ___104__211L,no survey
NGC  3187,GOODS: Herschel 250,1946ApJ___104__211L,no survey
NGC  3187,GOODS: Herschel 350,1946ApJ___104__211L,no survey
NGC  3187,GOODS: Herschel 500,1946ApJ___104__211L,no survey
NGC  3187,CDFS: LESS,1946ApJ___104__211L,no survey
NGC  3187,GOODS: VLA North,1946ApJ___104__211L,no survey
UCAC3 58-104834,DSS1 Blue,1990AJ_____99__303P,no survey
UCAC3 58-104834,DSS1 Red,1990AJ_____99__303P,no survey
UCAC3 58-104834,DSS2 Blue,1990AJ_____99__303P,no survey
GEN# -0.04001814,Mellinger Red,1981AJ_____86__687S,exception
GEN# -0.04001814,Mellinger Green,1981AJ_____86__687S,exception
GEN# -0.04001814,Mellinger Blue,1981AJ_____86__687S,exception
NAME Great Attractor,DSS1 Blue,1992ApJ___391___16S,no survey
NAME Great Attractor,DSS1 Red,1992ApJ___391___16S,no survey
NGC  6838  1066,Mellinger Red,1971ApJ___167__499A,exception
NGC  6838  1066,Mellinger Green,1971ApJ___167__499A,exception
NGC  6838  1066,Mellinger Blue,1971ApJ___167__499A,exception
[DB2002b] G46.28+9.19,DSS,1991ApJS___75__877C,no survey
2MASS J03283900+3108076,Mellinger Red,1996AJ____111_1964L,exception
2MASS J03283900+3108076,Mellinger Green,1996AJ____111_1964L,exception
2MASS J03283900+3108076,Mellinger Blue,1996AJ____111_1964L,exception
2MASS J03283900+3108076,SHASSA H,1996AJ____111_1964L,no survey
2MASS J03283900+3108076,SHASSA CC,1996AJ____111_1964L,no survey
2MASS J03283900+3108076,SHASSA C,1996AJ____111_1964L,no survey
2MASS J03283900+3108076,SHASSA Sm,1996AJ____111_1964L,no survey
FMF  1,DSS,1987ApJ___313__378F,no survey
FMF  1,DSS1 Blue,1987ApJ___313__378F,no survey
FMF  1,DSS1 Red,1987ApJ___313__378F,no survey
FMF  1,DSS2 Red,1987ApJ___313__378F,no survey
FMF  1,DSS2 Blue,1987ApJ___313__378F,no survey
FMF  1,DSS2 IR,1987ApJ___313__378F,no survey
CD-41 11042,Mellinger Red,1979AJ_____84_1020G,exception
CD-41 11042,Mellinger Green,1979AJ_____84_1020G,exception
CD-41 11042,Mellinger Blue,1979AJ_____84_1020G,exception
NGC  1172,Mellinger Red,1992ApJS___80__531F,exception
NGC  1172,Mellinger Green,1992ApJS___80__531F,exception
NGC  1172,Mellinger Blue,1992ApJS___80__531F,exception
PKS J1315-2744,VLA FIRST (1.4 GHz),1996ApJS__107___19M,no survey
PKS J1315-2744,Stripe82VLA,1996ApJS__107___19M,no survey
PKS J1315-2744,EBHIS,1996ApJS__107___19M,no survey
Cl* NGC 2070     MH     913,DSS1 Blue,1994AJ____107_1054M,no survey
Cl* NGC 2070     MH     913,DSS1 Red,1994AJ____107_1054M,no survey
M   8,DSS2 Blue,1982AJ_____87___98H,no survey
NGC  6259  1014,DSS1 Blue,1989AJ_____97_1048A,no survey
NGC  6259  1014,DSS1 Red,1989AJ_____97_1048A,no survey
NGC  1097,IRAS  12 micron,1960ApJ___132___30B,no images
NGC  1097,IRAS  25 micron,1960ApJ___132___30B,no images
NGC  1097,IRAS  60 micron,1960ApJ___132___30B,no images
Cl* Melotte   25     VA     350,Mellinger Red,1969AJ_____74____2V,exception
Cl* Melotte   25     VA     350,Mellinger Green,1969AJ_____74____2V,exception
Cl* Melotte   25     VA     350,Mellinger Blue,1969AJ_____74____2V,exception
Cl* Melotte   25     VA     350,SHASSA H,1969AJ_____74____2V,no survey
Cl* Melotte   25     VA     350,SHASSA CC,1969AJ_____74____2V,no survey
Cl* Melotte   25     VA     350,SHASSA C,1969AJ_____74____2V,no survey
Cl* Melotte   25     VA     350,SHASSA Sm,1969AJ_____74____2V,no survey
ICRF J072810.8+674847,Mellinger Red,1977AJ_____82____1R,exception
ICRF J072810.8+674847,Mellinger Green,1977AJ_____82____1R,exception
ICRF J072810.8+674847,Mellinger Blue,1977AJ_____82____1R,exception
ICRF J072810.8+674847,SHASSA H,1977AJ_____82____1R,no survey
ICRF J072810.8+674847,SHASSA CC,1977AJ_____82____1R,no survey
ICRF J072810.8+674847,SHASSA C,1977AJ_____82____1R,no survey
ICRF J072810.8+674847,SHASSA Sm,1977AJ_____82____1R,no survey
[MTG95] C-851,DSS,1995AJ____109__173M,no survey
[MTG95] C-851,DSS1 Blue,1995AJ____109__173M,no survey
[MTG95] C-851,DSS1 Red,1995AJ____109__173M,no survey
[MTG95] C-851,DSS2 Red,1995AJ____109__173M,no survey
[MTG95] C-851,DSS2 Blue,1995AJ____109__173M,no survey
[MTG95] C-851,DSS2 IR,1995AJ____109__173M,no survey
[MBH96]  32,DSS1 Blue,1996ApJ___469__629M,no survey
ESO 500-18,SHASSA H,1995ApJS___96___39B,no survey
ESO 500-18,SHASSA CC,1995ApJS___96___39B,no survey
ESO 500-18,SHASSA C,1995ApJS___96___39B,no survey
ESO 500-18,SHASSA Sm,1995ApJS___96___39B,no survey
HD 204411,Mellinger Red,1958ApJS____3__141B,exception
HD 204411,Mellinger Green,1958ApJS____3__141B,exception
HD 204411,Mellinger Blue,1958ApJS____3__141B,exception
HD 204411,SHASSA H,1958ApJS____3__141B,no survey
HD 204411,SHASSA CC,1958ApJS____3__141B,no survey
HD 204411,SHASSA C,1958ApJS____3__141B,no survey
HD 204411,SHASSA Sm,1958ApJS____3__141B,no survey
M  33,Mellinger Red,1992AJ____103_1159M,exception
M  33,Mellinger Green,1992AJ____103_1159M,exception
M  33,Mellinger Blue,1992AJ____103_1159M,exception
M  33,SHASSA H,1992AJ____103_1159M,no survey
M  33,SHASSA CC,1992AJ____103_1159M,no survey
M  33,SHASSA C,1992AJ____103_1159M,no survey
M  33,SHASSA Sm,1992AJ____103_1159M,no survey
2MASX J15392453+2140139,Mellinger Red,1992AJ____104_2078O,exception
2MASX J15392453+2140139,Mellinger Green,1992AJ____104_2078O,exception
2MASX J15392453+2140139,Mellinger Blue,1992AJ____104_2078O,exception
2MASX J15392453+2140139,SHASSA H,1992AJ____104_2078O,no survey
2MASX J15392453+2140139,SHASSA CC,1992AJ____104_2078O,no survey
2MASX J15392453+2140139,SHASSA C,1992AJ____104_2078O,no survey
2MASX J15392453+2140139,SHASSA Sm,1992AJ____104_2078O,no survey
* bet Mon,Mellinger Red,1933ApJ____78___87M,exception
* bet Mon,Mellinger Green,1933ApJ____78___87M,exception
* bet Mon,Mellinger Blue,1933ApJ____78___87M,exception
* bet Mon,SHASSA H,1933ApJ____78___87M,no survey
* bet Mon,SHASSA CC,1933ApJ____78___87M,no survey
* bet Mon,SHASSA C,1933ApJ____78___87M,no survey
* bet Mon,SHASSA Sm,1933ApJ____78___87M,no survey
CD-55  6652,Mellinger Red,1968AJ_____73__590D,exception
CD-55  6652,Mellinger Green,1968AJ_____73__590D,exception
CD-55  6652,Mellinger Blue,1968AJ_____73__590D,exception
CD-55  6652,SHASSA H,1968AJ_____73__590D,no survey
CD-55  6652,SHASSA CC,1968AJ_____73__590D,no survey
CD-55  6652,SHASSA C,1968AJ_____73__590D,no survey
CD-55  6652,SHASSA Sm,1968AJ_____73__590D,no survey
NGC  2682   155,Mellinger Red,1971ApJ___168__393R,exception
NGC  2682   155,Mellinger Green,1971ApJ___168__393R,exception
NGC  2682   155,Mellinger Blue,1971ApJ___168__393R,exception
NGC  2682   155,SHASSA H,1971ApJ___168__393R,no survey
NGC  2682   155,SHASSA CC,1971ApJ___168__393R,no survey
NGC  2682   155,SHASSA C,1971ApJ___168__393R,no survey
NGC  2682   155,SHASSA Sm,1971ApJ___168__393R,no survey
JCMTLSG J162627.1-242334,IRAS  12 micron,1993ApJ___406__122A,no images
JCMTLSG J162627.1-242334,IRAS  25 micron,1993ApJ___406__122A,no images
JCMTLSG J162627.1-242334,IRAS  60 micron,1993ApJ___406__122A,no images
JCMTLSG J162627.1-242334,IRAS 100 micron,1993ApJ___406__122A,no survey
[MTG95] C-796,DSS,1995AJ____109__173M,no survey
[MTG95] C-796,DSS1 Blue,1995AJ____109__173M,no survey
[MTG95] C-796,DSS1 Red,1995AJ____109__173M,no survey
[MTG95] C-796,DSS2 Red,1995AJ____109__173M,no survey
[MTG95] C-796,DSS2 Blue,1995AJ____109__173M,no survey
[MTG95] C-796,DSS2 IR,1995AJ____109__173M,no survey
IC 1396,Mellinger Red,1995ApJ___447__721P,exception
IC 1396,Mellinger Green,1995ApJ___447__721P,exception
IC 1396,Mellinger Blue,1995ApJ___447__721P,exception
IC 1396,SHASSA H,1995ApJ___447__721P,no survey
IC 1396,SHASSA CC,1995ApJ___447__721P,no survey
IC 1396,SHASSA C,1995ApJ___447__721P,no survey
IC 1396,SHASSA Sm,1995ApJ___447__721P,no survey
2MASX J10041582+5551319,Mellinger Red,1990AJ____100_1014M,exception
2MASX J10041582+5551319,Mellinger Green,1990AJ____100_1014M,exception
2MASX J10041582+5551319,Mellinger Blue,1990AJ____100_1014M,exception
2MASX J10041582+5551319,SHASSA H,1990AJ____100_1014M,no survey
2MASX J10041582+5551319,SHASSA CC,1990AJ____100_1014M,no survey
2MASX J10041582+5551319,SHASSA C,1990AJ____100_1014M,no survey
2MASX J10041582+5551319,SHASSA Sm,1990AJ____100_1014M,no survey
Cl* NGC 1846    HOD      50,DSS,1960ApJ___132__341H,no survey
Cl* NGC 1846    HOD      50,DSS1 Blue,1960ApJ___132__341H,no survey
Cl* NGC 1846    HOD      50,DSS1 Red,1960ApJ___132__341H,no survey
Cl* NGC 1846    HOD      50,DSS2 Red,1960ApJ___132__341H,no survey
Cl* NGC 1846    HOD      50,DSS2 Blue,1960ApJ___132__341H,no survey
Cl* NGC 1846    HOD      50,DSS2 IR,1960ApJ___132__341H,no survey
HD 208377,Mellinger Red,1984ApJS___54__271C,exception
HD 208377,Mellinger Green,1984ApJS___54__271C,exception
HD 208377,Mellinger Blue,1984ApJS___54__271C,exception
HD 208377,SHASSA H,1984ApJS___54__271C,no survey
HD 208377,SHASSA CC,1984ApJS___54__271C,no survey
HD 208377,SHASSA C,1984ApJS___54__271C,no survey
HD 208377,SHASSA Sm,1984ApJS___54__271C,no survey
NGC  6611   291,DSS2 Blue,1961ApJ___133__438W,no survey
3C 295,SUMSS 843 MHz,1988ApJS___66__361H,no survey
Cl* NGC 6611    BKP   33952,DSS2 Blue,1993AJ____106_1906H,no survey
Cl Berkeley   21   163,Mellinger Red,1979AJ_____84__204C,exception
Cl Berkeley   21   163,Mellinger Green,1979AJ_____84__204C,exception
Cl Berkeley   21   163,Mellinger Blue,1979AJ_____84__204C,exception
Cl Berkeley   21   163,SHASSA H,1979AJ_____84__204C,no survey
Cl Berkeley   21   163,SHASSA CC,1979AJ_____84__204C,no survey
Cl Berkeley   21   163,SHASSA C,1979AJ_____84__204C,no survey
Cl Berkeley   21   163,SHASSA Sm,1979AJ_____84__204C,no survey
[JPN2003] V3,Mellinger Red,1996AJ____112_2872T,exception
[JPN2003] V3,Mellinger Green,1996AJ____112_2872T,exception
[JPN2003] V3,Mellinger Blue,1996AJ____112_2872T,exception
[JPN2003] V3,SHASSA H,1996AJ____112_2872T,no survey
[JPN2003] V3,SHASSA CC,1996AJ____112_2872T,no survey
[JPN2003] V3,SHASSA C,1996AJ____112_2872T,no survey
[JPN2003] V3,SHASSA Sm,1996AJ____112_2872T,no survey
KMHK  973,Mellinger Red,1988AJ_____95___84O,exception
KMHK  973,Mellinger Green,1988AJ_____95___84O,exception
KMHK  973,Mellinger Blue,1988AJ_____95___84O,exception
KMHK  973,SHASSA H,1988AJ_____95___84O,no survey
KMHK  973,SHASSA CC,1988AJ_____95___84O,no survey
KMHK  973,SHASSA C,1988AJ_____95___84O,no survey
KMHK  973,SHASSA Sm,1988AJ_____95___84O,no survey
[MBH96]  65,Mellinger Red,1996ApJ___469__629M,exception
[MBH96]  65,Mellinger Green,1996ApJ___469__629M,exception
[MBH96]  65,Mellinger Blue,1996ApJ___469__629M,exception
[MBH96]  65,SHASSA H,1996ApJ___469__629M,no survey
[MBH96]  65,SHASSA CC,1996ApJ___469__629M,no survey
[MBH96]  65,SHASSA C,1996ApJ___469__629M,no survey
[MBH96]  65,SHASSA Sm,1996ApJ___469__629M,no survey
[OM80] 124,DSS1 Blue,1980AJ_____85__265O,no survey
[OM80] 124,DSS1 Red,1980AJ_____85__265O,no survey
HD 147932,Mellinger Red,1973ApJ___182___95C,exception
HD 147932,Mellinger Green,1973ApJ___182___95C,exception
HD 147932,Mellinger Blue,1973ApJ___182___95C,exception
HD 147932,SHASSA H,1973ApJ___182___95C,no survey
HD 147932,SHASSA CC,1973ApJ___182___95C,no survey
HD 147932,SHASSA C,1973ApJ___182___95C,no survey
HD 147932,SHASSA Sm,1973ApJ___182___95C,no survey
PG 1545+035,Mellinger Red,1986ApJS___61__305G,exception
PG 1545+035,Mellinger Green,1986ApJS___61__305G,exception
PG 1545+035,Mellinger Blue,1986ApJS___61__305G,exception
PG 1545+035,SHASSA H,1986ApJS___61__305G,no survey
PG 1545+035,SHASSA CC,1986ApJS___61__305G,no survey
PG 1545+035,SHASSA C,1986ApJS___61__305G,no survey
PG 1545+035,SHASSA Sm,1986ApJS___61__305G,no survey
SNR G018.8+00.3,SUMSS 843 MHz,1978ApJS___38__119V,no survey
SNR G018.8+00.3,WENSS,1978ApJS___38__119V,no survey
HD 153426,DSS1 Blue,1956ApJ___124___43V,no survey
HD 153426,DSS1 Red,1956ApJ___124___43V,no survey
HD 153426,DSS2 Blue,1956ApJ___124___43V,no survey
WR 102aa,Mellinger Red,1996ApJ___461__750C,exception
WR 102aa,Mellinger Green,1996ApJ___461__750C,exception
WR 102aa,Mellinger Blue,1996ApJ___461__750C,exception
WR 102aa,SHASSA H,1996ApJ___461__750C,no survey
WR 102aa,SHASSA CC,1996ApJ___461__750C,no survey
WR 102aa,SHASSA C,1996ApJ___461__750C,no survey
WR 102aa,SHASSA Sm,1996ApJ___461__750C,no survey
IRC +00106,Mellinger Red,1974ApJ___192__113L,exception
IRC +00106,Mellinger Green,1974ApJ___192__113L,exception
IRC +00106,Mellinger Blue,1974ApJ___192__113L,exception
IRC +00106,SHASSA H,1974ApJ___192__113L,no survey
IRC +00106,SHASSA CC,1974ApJ___192__113L,no survey
IRC +00106,SHASSA C,1974ApJ___192__113L,no survey
IRC +00106,SHASSA Sm,1974ApJ___192__113L,no survey
6C 091739+622838,SUMSS 843 MHz,1991ApJ___372L__71Q,no survey
UGC  1073,Mellinger Red,1985ApJS___58__533H,exception
UGC  1073,Mellinger Green,1985ApJS___58__533H,exception
UGC  1073,Mellinger Blue,1985ApJS___58__533H,exception
UGC  1073,SHASSA H,1985ApJS___58__533H,no survey
UGC  1073,SHASSA CC,1985ApJS___58__533H,no survey
UGC  1073,SHASSA C,1985ApJS___58__533H,no survey
UGC  1073,SHASSA Sm,1985ApJS___58__533H,no survey
IFM-B  501,DSS1 Blue,1993ApJS___89___85I,no survey
Cl* Trumpler   14      Y     320,Mellinger Red,1993AJ____105_1822C,exception
Cl* Trumpler   14      Y     320,Mellinger Green,1993AJ____105_1822C,exception
Cl* Trumpler   14      Y     320,Mellinger Blue,1993AJ____105_1822C,exception
Cl* Trumpler   14      Y     320,SHASSA H,1993AJ____105_1822C,no survey
Cl* Trumpler   14      Y     320,SHASSA CC,1993AJ____105_1822C,no survey
Cl* Trumpler   14      Y     320,SHASSA C,1993AJ____105_1822C,no survey
Cl* Trumpler   14      Y     320,SHASSA Sm,1993AJ____105_1822C,no survey
PSS 210-43,Mellinger Red,1991AJ____102__395H,exception
PSS 210-43,Mellinger Green,1991AJ____102__395H,exception
PSS 210-43,Mellinger Blue,1991AJ____102__395H,exception
PSS 210-43,SHASSA H,1991AJ____102__395H,no survey
PSS 210-43,SHASSA CC,1991AJ____102__395H,no survey
PSS 210-43,SHASSA C,1991AJ____102__395H,no survey
PSS 210-43,SHASSA Sm,1991AJ____102__395H,no survey
ESO   8-8,IRAS  12 micron,1995ApJS___96___39B,no images
ESO   8-8,IRAS  25 micron,1995ApJS___96___39B,no images
ESO   8-8,IRAS  60 micron,1995ApJS___96___39B,no images
ESO   8-8,IRAS 100 micron,1995ApJS___96___39B,no survey
[MMC94] 122,DSS,1994AJ____107_2021M,no survey
[MMC94] 122,DSS1 Blue,1994AJ____107_2021M,no survey
[MMC94] 122,DSS1 Red,1994AJ____107_2021M,no survey
[MMC94] 122,DSS2 Red,1994AJ____107_2021M,no survey
[MMC94] 122,DSS2 Blue,1994AJ____107_2021M,no survey
[MMC94] 122,DSS2 IR,1994AJ____107_2021M,no survey
MODS deep 2477,Mellinger Red,1996AJ____112_1335W,exception
MODS deep 2477,Mellinger Green,1996AJ____112_1335W,exception
MODS deep 2477,Mellinger Blue,1996AJ____112_1335W,exception
MODS deep 2477,SHASSA H,1996AJ____112_1335W,no survey
MODS deep 2477,SHASSA CC,1996AJ____112_1335W,no survey
MODS deep 2477,SHASSA C,1996AJ____112_1335W,no survey
MODS deep 2477,SHASSA Sm,1996AJ____112_1335W,no survey
SNR B0505-67.9,DSS1 Blue,1982ApJ___261__473T,no survey
SNR B0505-67.9,DSS1 Red,1982ApJ___261__473T,no survey
SNR B0505-67.9,DSS2 Blue,1982ApJ___261__473T,no survey
Cl* NGC 2070     MH     855,DSS1 Blue,1994AJ____107_1054M,no survey
Cl* NGC 2070     MH     855,DSS1 Red,1994AJ____107_1054M,no survey
NVSS J183214-070643,VLA FIRST (1.4 GHz),1995ApJS___97__347G,no survey
NVSS J183214-070643,Stripe82VLA,1995ApJS___97__347G,no survey
UGC 12650,Mellinger Red,1985AJ_____90_2445G,exception
UGC 12650,Mellinger Green,1985AJ_____90_2445G,exception
UGC 12650,Mellinger Blue,1985AJ_____90_2445G,exception
UGC 12650,SHASSA H,1985AJ_____90_2445G,no survey
UGC 12650,SHASSA CC,1985AJ_____90_2445G,no survey
UGC 12650,SHASSA C,1985AJ_____90_2445G,no survey
UGC 12650,SHASSA Sm,1985AJ_____90_2445G,no survey
LEDA   42796,Mellinger Red,1983ApJS___53__375R,exception
LEDA   42796,Mellinger Green,1983ApJS___53__375R,exception
LEDA   42796,Mellinger Blue,1983ApJS___53__375R,exception
LEDA   42796,SHASSA H,1983ApJS___53__375R,no survey
LEDA   42796,SHASSA CC,1983ApJS___53__375R,no survey
LEDA   42796,SHASSA C,1983ApJS___53__375R,no survey
LEDA   42796,SHASSA Sm,1983ApJS___53__375R,no survey
V* V677 Tau,SHASSA H,1994ApJS___91__625S,no survey
V* V677 Tau,SHASSA CC,1994ApJS___91__625S,no survey
V* V677 Tau,SHASSA C,1994ApJS___91__625S,no survey
V* V677 Tau,SHASSA Sm,1994ApJS___91__625S,no survey
UGCA 283,IRAS  12 micron,1992AJ____104_1365D,no images
UGCA 283,IRAS  25 micron,1992AJ____104_1365D,no images
UGCA 283,IRAS  60 micron,1992AJ____104_1365D,no images
UGCA 283,IRAS 100 micron,1992AJ____104_1365D,no survey
EGSIRAC J141815.90+523256.3,Mellinger Red,1995ApJ___455___75L,exception
EGSIRAC J141815.90+523256.3,Mellinger Green,1995ApJ___455___75L,exception
EGSIRAC J141815.90+523256.3,Mellinger Blue,1995ApJ___455___75L,exception
EGSIRAC J141815.90+523256.3,SHASSA H,1995ApJ___455___75L,no survey
EGSIRAC J141815.90+523256.3,SHASSA CC,1995ApJ___455___75L,no survey
EGSIRAC J141815.90+523256.3,SHASSA C,1995ApJ___455___75L,no survey
EGSIRAC J141815.90+523256.3,SHASSA Sm,1995ApJ___455___75L,no survey
OGLE BLG-RRLYR-47190,Mellinger Red,1984AJ_____89_1707C,exception
OGLE BLG-RRLYR-47190,Mellinger Green,1984AJ_____89_1707C,exception
OGLE BLG-RRLYR-47190,Mellinger Blue,1984AJ_____89_1707C,exception
OGLE BLG-RRLYR-47190,SHASSA H,1984AJ_____89_1707C,no survey
OGLE BLG-RRLYR-47190,SHASSA CC,1984AJ_____89_1707C,no survey
OGLE BLG-RRLYR-47190,SHASSA C,1984AJ_____89_1707C,no survey
OGLE BLG-RRLYR-47190,SHASSA Sm,1984AJ_____89_1707C,no survey
HD 171176,DSS1 Blue,1984ApJS___55__101C,no survey
HD 171176,DSS1 Red,1984ApJS___55__101C,no survey
HD 171176,DSS2 Blue,1984ApJS___55__101C,no survey
[LP96] 2221-4034,DSS1 Blue,1996AJ____112_2454L,no survey
[LP96] 2221-4034,DSS1 Red,1996AJ____112_2454L,no survey
US 1659,Mellinger Red,1982ApJS___49___27U,exception
US 1659,Mellinger Green,1982ApJS___49___27U,exception
US 1659,Mellinger Blue,1982ApJS___49___27U,exception
US 1659,SHASSA H,1982ApJS___49___27U,no survey
US 1659,SHASSA CC,1982ApJS___49___27U,no survey
US 1659,SHASSA C,1982ApJS___49___27U,no survey
US 1659,SHASSA Sm,1982ApJS___49___27U,no survey
Cl* Melotte   25     VA     623,Mellinger Red,1966AJ_____71__482V,exception
Cl* Melotte   25     VA     623,Mellinger Green,1966AJ_____71__482V,exception
Cl* Melotte   25     VA     623,Mellinger Blue,1966AJ_____71__482V,exception
Cl* Melotte   25     VA     623,SHASSA H,1966AJ_____71__482V,no survey
Cl* Melotte   25     VA     623,SHASSA CC,1966AJ_____71__482V,no survey
Cl* Melotte   25     VA     623,SHASSA C,1966AJ_____71__482V,no survey
Cl* Melotte   25     VA     623,SHASSA Sm,1966AJ_____71__482V,no survey
2MASS J20310218+4131223,Mellinger Red,1991AJ____101_1408M,exception
2MASS J20310218+4131223,Mellinger Green,1991AJ____101_1408M,exception
2MASS J20310218+4131223,Mellinger Blue,1991AJ____101_1408M,exception
2MASS J20310218+4131223,SHASSA H,1991AJ____101_1408M,no survey
2MASS J20310218+4131223,SHASSA CC,1991AJ____101_1408M,no survey
2MASS J20310218+4131223,SHASSA C,1991AJ____101_1408M,no survey
2MASS J20310218+4131223,SHASSA Sm,1991AJ____101_1408M,no survey
2MASX J13580605+2140206,Mellinger Red,1993ApJS___87__135O,exception
2MASX J13580605+2140206,Mellinger Green,1993ApJS___87__135O,exception
2MASX J13580605+2140206,Mellinger Blue,1993ApJS___87__135O,exception
2MASX J13580605+2140206,SHASSA H,1993ApJS___87__135O,no survey
2MASX J13580605+2140206,SHASSA CC,1993ApJS___87__135O,no survey
2MASX J13580605+2140206,SHASSA C,1993ApJS___87__135O,no survey
2MASX J13580605+2140206,SHASSA Sm,1993ApJS___87__135O,no survey
V* V1031 Sco,Mellinger Red,1987AJ_____94__106W,exception
V* V1031 Sco,Mellinger Green,1987AJ_____94__106W,exception
V* V1031 Sco,Mellinger Blue,1987AJ_____94__106W,exception
V* V1031 Sco,SHASSA H,1987AJ_____94__106W,no survey
V* V1031 Sco,SHASSA CC,1987AJ_____94__106W,no survey
V* V1031 Sco,SHASSA C,1987AJ_____94__106W,no survey
V* V1031 Sco,SHASSA Sm,1987AJ_____94__106W,no survey
NGC  2683,Mellinger Red,1996AJ____112_1903Y,exception
NGC  2683,Mellinger Green,1996AJ____112_1903Y,exception
NGC  2683,Mellinger Blue,1996AJ____112_1903Y,exception
NGC  2683,SHASSA H,1996AJ____112_1903Y,no survey
NGC  2683,SHASSA CC,1996AJ____112_1903Y,no survey
NGC  2683,SHASSA C,1996AJ____112_1903Y,no survey
NGC  2683,SHASSA Sm,1996AJ____112_1903Y,no survey
IRAS 18344-0632,DSS2 Blue,1995ApJ___441L__73D,no survey
NAME V380 Ori-NE,IRAS  12 micron,1989ApJS___71__183S,no images
NAME V380 Ori-NE,IRAS  25 micron,1989ApJS___71__183S,no images
NAME V380 Ori-NE,IRAS  60 micron,1989ApJS___71__183S,no images
NAME V380 Ori-NE,IRAS 100 micron,1989ApJS___71__183S,no survey
PG 1525-009,Mellinger Red,1986ApJS___61__305G,exception
PG 1525-009,Mellinger Green,1986ApJS___61__305G,exception
PG 1525-009,Mellinger Blue,1986ApJS___61__305G,exception
PG 1525-009,SHASSA H,1986ApJS___61__305G,no survey
PG 1525-009,SHASSA CC,1986ApJS___61__305G,no survey
PG 1525-009,SHASSA C,1986ApJS___61__305G,no survey
PG 1525-009,SHASSA Sm,1986ApJS___61__305G,no survey
[HSH95]    46,Mellinger Red,1996ApJ___466__254B,exception
[HSH95]    46,Mellinger Green,1996ApJ___466__254B,exception
[HSH95]    46,Mellinger Blue,1996ApJ___466__254B,exception
[HSH95]    46,SHASSA H,1996ApJ___466__254B,no survey
[HSH95]    46,SHASSA CC,1996ApJ___466__254B,no survey
[HSH95]    46,SHASSA C,1996ApJ___466__254B,no survey
[HSH95]    46,SHASSA Sm,1996ApJ___466__254B,no survey
Ton  599,SUMSS 843 MHz,1984ApJS___54__495G,no survey
[K67] C47,DSS,1967AJ_____72__134K,no survey
[K67] C47,DSS1 Blue,1967AJ_____72__134K,no survey
[K67] C47,DSS1 Red,1967AJ_____72__134K,no survey
[K67] C47,DSS2 Red,1967AJ_____72__134K,no survey
[K67] C47,DSS2 Blue,1967AJ_____72__134K,no survey
[K67] C47,DSS2 IR,1967AJ_____72__134K,no survey
GSC 08156-00929,Mellinger Red,1977AJ_____82__474M,exception
GSC 08156-00929,Mellinger Green,1977AJ_____82__474M,exception
GSC 08156-00929,Mellinger Blue,1977AJ_____82__474M,exception
GSC 08156-00929,SHASSA H,1977AJ_____82__474M,no survey
GSC 08156-00929,SHASSA CC,1977AJ_____82__474M,no survey
GSC 08156-00929,SHASSA C,1977AJ_____82__474M,no survey
GSC 08156-00929,SHASSA Sm,1977AJ_____82__474M,no survey
[PGU2006] cep085,Mellinger Red,1992AJ____103_1151C,exception
[PGU2006] cep085,Mellinger Green,1992AJ____103_1151C,exception
[PGU2006] cep085,Mellinger Blue,1992AJ____103_1151C,exception
[PGU2006] cep085,SHASSA H,1992AJ____103_1151C,no survey
[PGU2006] cep085,SHASSA CC,1992AJ____103_1151C,no survey
[PGU2006] cep085,SHASSA C,1992AJ____103_1151C,no survey
[PGU2006] cep085,SHASSA Sm,1992AJ____103_1151C,no survey
LP  345-49,Mellinger Red,1994ApJS___94__749K,exception
LP  345-49,Mellinger Green,1994ApJS___94__749K,exception
LP  345-49,Mellinger Blue,1994ApJS___94__749K,exception
LP  345-49,SHASSA H,1994ApJS___94__749K,no survey
LP  345-49,SHASSA CC,1994ApJS___94__749K,no survey
LP  345-49,SHASSA C,1994ApJS___94__749K,no survey
LP  345-49,SHASSA Sm,1994ApJS___94__749K,no survey
[H96] EX Cyg 16,Mellinger Red,1996AJ____111__902H,exception
[H96] EX Cyg 16,Mellinger Green,1996AJ____111__902H,exception
[H96] EX Cyg 16,Mellinger Blue,1996AJ____111__902H,exception
[H96] EX Cyg 16,SHASSA H,1996AJ____111__902H,no survey
[H96] EX Cyg 16,SHASSA CC,1996AJ____111__902H,no survey
[H96] EX Cyg 16,SHASSA C,1996AJ____111__902H,no survey
[H96] EX Cyg 16,SHASSA Sm,1996AJ____111__902H,no survey
PG 0134+181,Mellinger Red,1986ApJS___61__305G,exception
PG 0134+181,Mellinger Green,1986ApJS___61__305G,exception
PG 0134+181,Mellinger Blue,1986ApJS___61__305G,exception
PG 0134+181,SHASSA H,1986ApJS___61__305G,no survey
PG 0134+181,SHASSA CC,1986ApJS___61__305G,no survey
PG 0134+181,SHASSA C,1986ApJS___61__305G,no survey
PG 0134+181,SHASSA Sm,1986ApJS___61__305G,no survey
SNR G130.7+03.1,VLA FIRST (1.4 GHz),1978ApJS___38__119V,no survey
SNR G130.7+03.1,Stripe82VLA,1978ApJS___38__119V,no survey
BD+06  4182,Mellinger Red,1949ApJ___109__426M,exception
BD+06  4182,Mellinger Green,1949ApJ___109__426M,exception
BD+06  4182,Mellinger Blue,1949ApJ___109__426M,exception
BD+06  4182,SHASSA H,1949ApJ___109__426M,no survey
BD+06  4182,SHASSA CC,1949ApJ___109__426M,no survey
BD+06  4182,SHASSA C,1949ApJ___109__426M,no survey
BD+06  4182,SHASSA Sm,1949ApJ___109__426M,no survey
Liller 1,DSS1 Blue,1995AJ____110_2844K,no survey
Liller 1,DSS2 Blue,1995AJ____110_2844K,no survey
PNS-EPN NGC3379-7,Mellinger Red,1989ApJ___344__715C,exception
PNS-EPN NGC3379-7,Mellinger Green,1989ApJ___344__715C,exception
PNS-EPN NGC3379-7,Mellinger Blue,1989ApJ___344__715C,exception
PNS-EPN NGC3379-7,SHASSA H,1989ApJ___344__715C,no survey
PNS-EPN NGC3379-7,SHASSA CC,1989ApJ___344__715C,no survey
PNS-EPN NGC3379-7,SHASSA C,1989ApJ___344__715C,no survey
PNS-EPN NGC3379-7,SHASSA Sm,1989ApJ___344__715C,no survey
HD  51196,Mellinger Red,1974AJ_____79_1022C,exception
HD  51196,Mellinger Green,1974AJ_____79_1022C,exception
HD  51196,Mellinger Blue,1974AJ_____79_1022C,exception
HD  51196,SHASSA H,1974AJ_____79_1022C,no survey
HD  51196,SHASSA CC,1974AJ_____79_1022C,no survey
HD  51196,SHASSA C,1974AJ_____79_1022C,no survey
HD  51196,SHASSA Sm,1974AJ_____79_1022C,no survey
US  806,Mellinger Red,1982ApJS___48___51U,exception
US  806,Mellinger Green,1982ApJS___48___51U,exception
US  806,Mellinger Blue,1982ApJS___48___51U,exception
US  806,SHASSA H,1982ApJS___48___51U,no survey
US  806,SHASSA CC,1982ApJS___48___51U,no survey
US  806,SHASSA C,1982ApJS___48___51U,no survey
US  806,SHASSA Sm,1982ApJS___48___51U,no survey
[O96] D106-11,DSS1 Blue,1996ApJS__104___71O,no survey
[O96] D106-11,DSS1 Red,1996ApJS__104___71O,no survey
[O96] D106-11,DSS2 Blue,1996ApJS__104___71O,no survey
PMN J2017-0407,VLA FIRST (1.4 GHz),1995ApJS___97__347G,no survey
PMN J2017-0407,Stripe82VLA,1995ApJS___97__347G,no survey
HD  70556,DSS1 Blue,1914ApJ____40___43K,no survey
HD  70556,DSS1 Red,1914ApJ____40___43K,no survey
HD  70556,DSS2 Blue,1914ApJ____40___43K,no survey
[DOG93] 4,DSS,1993ApJ___404L__45D,no survey
[DOG93] 4,DSS1 Blue,1993ApJ___404L__45D,no survey
[DOG93] 4,DSS1 Red,1993ApJ___404L__45D,no survey
[DOG93] 4,DSS2 Red,1993ApJ___404L__45D,no survey
[DOG93] 4,DSS2 Blue,1993ApJ___404L__45D,no survey
[DOG93] 4,DSS2 IR,1993ApJ___404L__45D,no survey
YLW 12A,IRAS  12 micron,1989ApJ___340__823W,no images
YLW 12A,IRAS  25 micron,1989ApJ___340__823W,no images
YLW 12A,IRAS  60 micron,1989ApJ___340__823W,no images
YLW 12A,IRAS 100 micron,1989ApJ___340__823W,no survey
QSO B1512+0000,Mellinger Red,1992AJ____104___53H,exception
QSO B1512+0000,Mellinger Green,1992AJ____104___53H,exception
QSO B1512+0000,Mellinger Blue,1992AJ____104___53H,exception
QSO B1512+0000,SHASSA H,1992AJ____104___53H,no survey
QSO B1512+0000,SHASSA CC,1992AJ____104___53H,no survey
QSO B1512+0000,SHASSA C,1992AJ____104___53H,no survey
QSO B1512+0000,SHASSA Sm,1992AJ____104___53H,no survey
HD 150745,Mellinger Red,1914ApJ____40___43K,exception
HD 150745,Mellinger Green,1914ApJ____40___43K,exception
HD 150745,Mellinger Blue,1914ApJ____40___43K,exception
HD 150745,SHASSA H,1914ApJ____40___43K,no survey
HD 150745,SHASSA CC,1914ApJ____40___43K,no survey
HD 150745,SHASSA C,1914ApJ____40___43K,no survey
HD 150745,SHASSA Sm,1914ApJ____40___43K,no survey
[WDB94] RMC 58,DSS2 IR,1994ApJ___428__693W,no survey
* chi Pup,Mellinger Red,1965ApJ___142_1594C,exception
* chi Pup,Mellinger Green,1965ApJ___142_1594C,exception
* chi Pup,Mellinger Blue,1965ApJ___142_1594C,exception
* chi Pup,SHASSA H,1965ApJ___142_1594C,no survey
* chi Pup,SHASSA CC,1965ApJ___142_1594C,no survey
* chi Pup,SHASSA C,1965ApJ___142_1594C,no survey
* chi Pup,SHASSA Sm,1965ApJ___142_1594C,no survey
QSO B1402+044,SUMSS 843 MHz,1996ApJ___461__127M,no survey
QSO B1402+044,WENSS,1996ApJ___461__127M,no survey
[GBM92] Cl 0043-25  76,DSS,1992AJ____104_1290G,no survey
[GBM92] Cl 0043-25  76,DSS1 Blue,1992AJ____104_1290G,no survey
[GBM92] Cl 0043-25  76,DSS1 Red,1992AJ____104_1290G,no survey
[GBM92] Cl 0043-25  76,DSS2 Red,1992AJ____104_1290G,no survey
[GBM92] Cl 0043-25  76,DSS2 Blue,1992AJ____104_1290G,no survey
[GBM92] Cl 0043-25  76,DSS2 IR,1992AJ____104_1290G,no survey
HD 285780,Mellinger Red,1966AJ_____71__482V,exception
HD 285780,Mellinger Green,1966AJ_____71__482V,exception
HD 285780,Mellinger Blue,1966AJ_____71__482V,exception
HD 285780,SHASSA H,1966AJ_____71__482V,no survey
HD 285780,SHASSA CC,1966AJ_____71__482V,no survey
HD 285780,SHASSA C,1966AJ_____71__482V,no survey
HD 285780,SHASSA Sm,1966AJ_____71__482V,no survey
NGC  3239,IRAS  12 micron,1975ApJ___201__556H,no images
NGC  3239,IRAS  25 micron,1975ApJ___201__556H,no images
NGC  3239,IRAS  60 micron,1975ApJ___201__556H,no images
NGC  3239,IRAS 100 micron,1975ApJ___201__556H,no survey
[EKS96] NGC 1672 127,Mellinger Red,1996ApJS__105___93E,exception
[EKS96] NGC 1672 127,Mellinger Green,1996ApJS__105___93E,exception
[EKS96] NGC 1672 127,Mellinger Blue,1996ApJS__105___93E,exception
[EKS96] NGC 1672 127,SHASSA H,1996ApJS__105___93E,no survey
[EKS96] NGC 1672 127,SHASSA CC,1996ApJS__105___93E,no survey
[EKS96] NGC 1672 127,SHASSA C,1996ApJS__105___93E,no survey
[EKS96] NGC 1672 127,SHASSA Sm,1996ApJS__105___93E,no survey
RMC 136,Mellinger Red,1994ApJ___435L__63G,exception
RMC 136,Mellinger Green,1994ApJ___435L__63G,exception
RMC 136,Mellinger Blue,1994ApJ___435L__63G,exception
RMC 136,SHASSA H,1994ApJ___435L__63G,no survey
RMC 136,SHASSA CC,1994ApJ___435L__63G,no survey
RMC 136,SHASSA C,1994ApJ___435L__63G,no survey
RMC 136,SHASSA Sm,1994ApJ___435L__63G,no survey
NGC  4658,WISE 3.4,1981ApJ___248__395D,no survey
NGC  4658,WISE 4.6,1981ApJ___248__395D,no survey
NGC  4658,WISE 22,1981ApJ___248__395D,no survey
SV* HV  2403,DSS1 Blue,1969ApJS___17__467H,no survey
SV* HV  2403,DSS1 Red,1969ApJS___17__467H,no survey
SV* HV  2403,DSS2 Blue,1969ApJS___17__467H,no survey
[CB89] 19,DSS,1989ApJ___347__760C,no survey
[CB89] 19,DSS1 Blue,1989ApJ___347__760C,no survey
[CB89] 19,DSS1 Red,1989ApJ___347__760C,no survey
[CB89] 19,DSS2 Red,1989ApJ___347__760C,no survey
[CB89] 19,DSS2 Blue,1989ApJ___347__760C,no survey
[CB89] 19,DSS2 IR,1989ApJ___347__760C,no survey
ESO  59-11,DSS1 Blue,1995ApJS___96___39B,no survey
ESO  59-11,DSS1 Red,1995ApJS___96___39B,no survey
2MASS J21430343+6605264,IRAS  12 micron,1985ApJS___59__383H,no images
2MASS J21430343+6605264,IRAS  25 micron,1985ApJS___59__383H,no images
2MASS J21430343+6605264,IRAS  60 micron,1985ApJS___59__383H,no images
2MASS J21430343+6605264,IRAS 100 micron,1985ApJS___59__383H,no survey
NSV    11,Mellinger Red,1968ApJS___16__275M,exception
NSV    11,Mellinger Green,1968ApJS___16__275M,exception
NSV    11,Mellinger Blue,1968ApJS___16__275M,exception
NSV    11,SHASSA H,1968ApJS___16__275M,no survey
NSV    11,SHASSA CC,1968ApJS___16__275M,no survey
NSV    11,SHASSA C,1968ApJS___16__275M,no survey
NSV    11,SHASSA Sm,1968ApJS___16__275M,no survey
HD  51854,Mellinger Red,1986AJ_____92__642N,exception
HD  51854,Mellinger Green,1986AJ_____92__642N,exception
HD  51854,Mellinger Blue,1986AJ_____92__642N,exception
HD  51854,SHASSA H,1986AJ_____92__642N,no survey
HD  51854,SHASSA CC,1986AJ_____92__642N,no survey
HD  51854,SHASSA C,1986AJ_____92__642N,no survey
HD  51854,SHASSA Sm,1986AJ_____92__642N,no survey
FRL 1033,Mellinger Red,1995ApJS___96___39B,exception
FRL 1033,Mellinger Green,1995ApJS___96___39B,exception
FRL 1033,Mellinger Blue,1995ApJS___96___39B,exception
FRL 1033,SHASSA H,1995ApJS___96___39B,no survey
FRL 1033,SHASSA CC,1995ApJS___96___39B,no survey
FRL 1033,SHASSA C,1995ApJS___96___39B,no survey
FRL 1033,SHASSA Sm,1995ApJS___96___39B,no survey
HD 168435,DSS2 Blue,1984ApJS___55__101C,no survey
Cl* NGC 2682   SAND    1222,Mellinger Red,1993AJ____106__181M,exception
Cl* NGC 2682   SAND    1222,Mellinger Green,1993AJ____106__181M,exception
Cl* NGC 2682   SAND    1222,Mellinger Blue,1993AJ____106__181M,exception
Cl* NGC 2682   SAND    1222,SHASSA H,1993AJ____106__181M,no survey
Cl* NGC 2682   SAND    1222,SHASSA CC,1993AJ____106__181M,no survey
Cl* NGC 2682   SAND    1222,SHASSA C,1993AJ____106__181M,no survey
Cl* NGC 2682   SAND    1222,SHASSA Sm,1993AJ____106__181M,no survey
LHA 120-N  11,DSS1 Blue,1996ApJ___472__611C,no survey
LHA 120-N  11,DSS1 Red,1996ApJ___472__611C,no survey
Case A-F  715,Mellinger Red,1989ApJS___71__549P,exception
Case A-F  715,Mellinger Green,1989ApJS___71__549P,exception
Case A-F  715,Mellinger Blue,1989ApJS___71__549P,exception
Case A-F  715,SHASSA H,1989ApJS___71__549P,no survey
Case A-F  715,SHASSA CC,1989ApJS___71__549P,no survey
Case A-F  715,SHASSA C,1989ApJS___71__549P,no survey
Case A-F  715,SHASSA Sm,1989ApJS___71__549P,no survey
V* V821 Ara,Mellinger Red,1996ApJ___458L__75V,exception
V* V821 Ara,Mellinger Green,1996ApJ___458L__75V,exception
V* V821 Ara,Mellinger Blue,1996ApJ___458L__75V,exception
V* V821 Ara,SHASSA H,1996ApJ___458L__75V,no survey
V* V821 Ara,SHASSA CC,1996ApJ___458L__75V,no survey
V* V821 Ara,SHASSA C,1996ApJ___458L__75V,no survey
V* V821 Ara,SHASSA Sm,1996ApJ___458L__75V,no survey
NGC  4793,Mellinger Red,1991AJ____102_1663C,exception
NGC  4793,Mellinger Green,1991AJ____102_1663C,exception
NGC  4793,Mellinger Blue,1991AJ____102_1663C,exception
NGC  4793,SHASSA H,1991AJ____102_1663C,no survey
NGC  4793,SHASSA CC,1991AJ____102_1663C,no survey
NGC  4793,SHASSA C,1991AJ____102_1663C,no survey
NGC  4793,SHASSA Sm,1991AJ____102_1663C,no survey
CD-31  3345,Mellinger Red,1977ApJ___215___89V,exception
CD-31  3345,Mellinger Green,1977ApJ___215___89V,exception
CD-31  3345,Mellinger Blue,1977ApJ___215___89V,exception
CD-31  3345,SHASSA H,1977ApJ___215___89V,no survey
CD-31  3345,SHASSA CC,1977ApJ___215___89V,no survey
CD-31  3345,SHASSA C,1977ApJ___215___89V,no survey
CD-31  3345,SHASSA Sm,1977ApJ___215___89V,no survey
[TP95] Tol 1238-364  48,DSS1 Blue,1995ApJS__101__287T,no survey
[TP95] Tol 1238-364  48,DSS1 Red,1995ApJS__101__287T,no survey
NGC  1460,Mellinger Red,1989AJ_____98__367F,exception
NGC  1460,Mellinger Green,1989AJ_____98__367F,exception
NGC  1460,Mellinger Blue,1989AJ_____98__367F,exception
NGC  1460,SHASSA H,1989AJ_____98__367F,no survey
NGC  1460,SHASSA CC,1989AJ_____98__367F,no survey
NGC  1460,SHASSA C,1989AJ_____98__367F,no survey
NGC  1460,SHASSA Sm,1989AJ_____98__367F,no survey
IRAS 03250+3100,Mellinger Red,1976AJ_____81__958V,exception
IRAS 03250+3100,Mellinger Green,1976AJ_____81__958V,exception
IRAS 03250+3100,Mellinger Blue,1976AJ_____81__958V,exception
IRAS 03250+3100,SHASSA H,1976AJ_____81__958V,no survey
IRAS 03250+3100,SHASSA CC,1976AJ_____81__958V,no survey
IRAS 03250+3100,SHASSA C,1976AJ_____81__958V,no survey
IRAS 03250+3100,SHASSA Sm,1976AJ_____81__958V,no survey
NGC  4459,Mellinger Red,1997AJ____113_1250R,exception
NGC  4459,Mellinger Green,1997AJ____113_1250R,exception
NGC  4459,Mellinger Blue,1997AJ____113_1250R,exception
NGC  4459,SHASSA H,1997AJ____113_1250R,no survey
NGC  4459,SHASSA CC,1997AJ____113_1250R,no survey
NGC  4459,SHASSA C,1997AJ____113_1250R,no survey
NGC  4459,SHASSA Sm,1997AJ____113_1250R,no survey
MAC 1-113,Mellinger Red,1995ApJS___98__595H,exception
MAC 1-113,Mellinger Green,1995ApJS___98__595H,exception
MAC 1-113,Mellinger Blue,1995ApJS___98__595H,exception
MAC 1-113,SHASSA H,1995ApJS___98__595H,no survey
MAC 1-113,SHASSA CC,1995ApJS___98__595H,no survey
MAC 1-113,SHASSA C,1995ApJS___98__595H,no survey
MAC 1-113,SHASSA Sm,1995ApJS___98__595H,no survey
Cl* NGC 2070     MH     527,DSS1 Blue,1994AJ____107_1054M,no survey
Cl* NGC 2070     MH     527,DSS1 Red,1994AJ____107_1054M,no survey
[MCJ94] 2-e,DSS1 Blue,1994AJ____108_1610M,no survey
[MCJ94] 2-e,DSS1 Red,1994AJ____108_1610M,no survey
EV* LMC V4730,DSS1 Blue,1985ApJS___57__287N,no survey
EV* LMC V4730,DSS1 Red,1985ApJS___57__287N,no survey
Cl* NGC 7092   PLAT    2398,Mellinger Red,1994AJ____107_1796T,exception
Cl* NGC 7092   PLAT    2398,Mellinger Green,1994AJ____107_1796T,exception
Cl* NGC 7092   PLAT    2398,Mellinger Blue,1994AJ____107_1796T,exception
Cl* NGC 7092   PLAT    2398,SHASSA H,1994AJ____107_1796T,no survey
Cl* NGC 7092   PLAT    2398,SHASSA CC,1994AJ____107_1796T,no survey
Cl* NGC 7092   PLAT    2398,SHASSA C,1994AJ____107_1796T,no survey
Cl* NGC 7092   PLAT    2398,SHASSA Sm,1994AJ____107_1796T,no survey
GOODS J030240.99+000655.4,Mellinger Red,1995ApJ___455___88H,exception
GOODS J030240.99+000655.4,Mellinger Green,1995ApJ___455___88H,exception
GOODS J030240.99+000655.4,Mellinger Blue,1995ApJ___455___88H,exception
GOODS J030240.99+000655.4,SHASSA H,1995ApJ___455___88H,no survey
GOODS J030240.99+000655.4,SHASSA CC,1995ApJ___455___88H,no survey
GOODS J030240.99+000655.4,SHASSA C,1995ApJ___455___88H,no survey
GOODS J030240.99+000655.4,SHASSA Sm,1995ApJ___455___88H,no survey
7C 080458.39+495918.00,VLA FIRST (1.4 GHz),1996ApJS__107__541L,exception
7C 080458.39+495918.00,Stripe82VLA,1996ApJS__107__541L,no survey
NGC  6121   655,Mellinger Red,1990AJ_____99_1491C,exception
NGC  6121   655,Mellinger Green,1990AJ_____99_1491C,exception
NGC  6121   655,Mellinger Blue,1990AJ_____99_1491C,exception
NGC  6121   655,SHASSA H,1990AJ_____99_1491C,no survey
NGC  6121   655,SHASSA CC,1990AJ_____99_1491C,no survey
NGC  6121   655,SHASSA C,1990AJ_____99_1491C,no survey
NGC  6121   655,SHASSA Sm,1990AJ_____99_1491C,no survey
HD  56126,SHASSA H,1988ApJ___334__362C,no survey
HD  56126,SHASSA CC,1988ApJ___334__362C,no survey
HD  56126,SHASSA C,1988ApJ___334__362C,no survey
HD  56126,SHASSA Sm,1988ApJ___334__362C,no survey
SB 120,Mellinger Red,1971AJ_____76__338S,exception
SB 120,Mellinger Green,1971AJ_____76__338S,exception
SB 120,Mellinger Blue,1971AJ_____76__338S,exception
SB 120,SHASSA H,1971AJ_____76__338S,no survey
SB 120,SHASSA CC,1971AJ_____76__338S,no survey
SB 120,SHASSA C,1971AJ_____76__338S,no survey
SB 120,SHASSA Sm,1971AJ_____76__338S,no survey
EV* M31 V0574,Mellinger Red,1962AJ_____67__334G,exception
EV* M31 V0574,Mellinger Green,1962AJ_____67__334G,exception
EV* M31 V0574,Mellinger Blue,1962AJ_____67__334G,exception
EV* M31 V0574,SHASSA H,1962AJ_____67__334G,no survey
EV* M31 V0574,SHASSA CC,1962AJ_____67__334G,no survey
EV* M31 V0574,SHASSA C,1962AJ_____67__334G,no survey
EV* M31 V0574,SHASSA Sm,1962AJ_____67__334G,no survey
[HHS87] IRS 49,DSS1 Blue,1987ApJ___317__173H,no survey
[HHS87] IRS 49,DSS1 Red,1987ApJ___317__173H,no survey
[HHS87] IRS 49,DSS2 Blue,1987ApJ___317__173H,no survey
NGC  5612,DSS1 Blue,1995ApJS___96___39B,no survey
NGC  5612,DSS1 Red,1995ApJS___96___39B,no survey
QSO B0027-1836,Mellinger Red,1992ApJ___394___51M,exception
QSO B0027-1836,Mellinger Green,1992ApJ___394___51M,exception
QSO B0027-1836,Mellinger Blue,1992ApJ___394___51M,exception
QSO B0027-1836,SHASSA H,1992ApJ___394___51M,no survey
QSO B0027-1836,SHASSA CC,1992ApJ___394___51M,no survey
QSO B0027-1836,SHASSA C,1992ApJ___394___51M,no survey
QSO B0027-1836,SHASSA Sm,1992ApJ___394___51M,no survey
NGC  2682   105,Mellinger Red,1993AJ____106__181M,exception
NGC  2682   105,Mellinger Green,1993AJ____106__181M,exception
NGC  2682   105,Mellinger Blue,1993AJ____106__181M,exception
NGC  2682   105,SHASSA H,1993AJ____106__181M,no survey
NGC  2682   105,SHASSA CC,1993AJ____106__181M,no survey
NGC  2682   105,SHASSA C,1993AJ____106__181M,no survey
NGC  2682   105,SHASSA Sm,1993AJ____106__181M,no survey
FSZ  66,DSS1 Blue,1995ApJS___99__551H,no survey
LMC-BM  37-34,DSS1 Blue,1990AJ____100__674B,no survey
LMC-BM  37-34,DSS1 Red,1990AJ____100__674B,no survey
V* PX Cyg,DSS,1954ApJ___119__175N,no survey
2MASX J11534549+4625015,Mellinger Red,1994AJ____107_1245S,exception
2MASX J11534549+4625015,Mellinger Green,1994AJ____107_1245S,exception
2MASX J11534549+4625015,Mellinger Blue,1994AJ____107_1245S,exception
2MASX J11534549+4625015,SHASSA H,1994AJ____107_1245S,no survey
2MASX J11534549+4625015,SHASSA CC,1994AJ____107_1245S,no survey
2MASX J11534549+4625015,SHASSA C,1994AJ____107_1245S,no survey
2MASX J11534549+4625015,SHASSA Sm,1994AJ____107_1245S,no survey
[HIB95]  83-10,Mellinger Red,1995ApJS___98__595H,exception
[HIB95]  83-10,Mellinger Green,1995ApJS___98__595H,exception
[HIB95]  83-10,Mellinger Blue,1995ApJS___98__595H,exception
[HIB95]  83-10,SHASSA H,1995ApJS___98__595H,no survey
[HIB95]  83-10,SHASSA CC,1995ApJS___98__595H,no survey
[HIB95]  83-10,SHASSA C,1995ApJS___98__595H,no survey
[HIB95]  83-10,SHASSA Sm,1995ApJS___98__595H,no survey
HD   5980,SHASSA H,1977ApJ___215___53W,no survey
HD   5980,SHASSA CC,1977ApJ___215___53W,no survey
HD   5980,SHASSA C,1977ApJ___215___53W,no survey
HD   5980,SHASSA Sm,1977ApJ___215___53W,no survey
CD-47  4551,Mellinger Red,1950ApJ___111__495P,exception
CD-47  4551,Mellinger Green,1950ApJ___111__495P,exception
CD-47  4551,Mellinger Blue,1950ApJ___111__495P,exception
CD-47  4551,SHASSA H,1950ApJ___111__495P,no survey
CD-47  4551,SHASSA CC,1950ApJ___111__495P,no survey
CD-47  4551,SHASSA C,1950ApJ___111__495P,no survey
CD-47  4551,SHASSA Sm,1950ApJ___111__495P,no survey
HD 332848,Mellinger Red,1993ApJ___417__579M,exception
HD 332848,Mellinger Green,1993ApJ___417__579M,exception
HD 332848,Mellinger Blue,1993ApJ___417__579M,exception
HD 332848,SHASSA H,1993ApJ___417__579M,no survey
HD 332848,SHASSA CC,1993ApJ___417__579M,no survey
HD 332848,SHASSA C,1993ApJ___417__579M,no survey
HD 332848,SHASSA Sm,1993ApJ___417__579M,no survey
2MASS J20203272+4122259,IRAS  12 micron,1995AJ____109__280H,no images
2MASS J20203272+4122259,IRAS  25 micron,1995AJ____109__280H,no images
2MASS J20203272+4122259,IRAS  60 micron,1995AJ____109__280H,no images
2MASS J20203272+4122259,IRAS 100 micron,1995AJ____109__280H,no survey
HD 176744,DSS2 Blue,1949ApJ___110__387M,no survey
2MASS J22561127+6202111,Mellinger Red,1985ApJS___59__383H,exception
2MASS J22561127+6202111,Mellinger Green,1985ApJS___59__383H,exception
2MASS J22561127+6202111,Mellinger Blue,1985ApJS___59__383H,exception
2MASS J22561127+6202111,SHASSA H,1985ApJS___59__383H,no survey
2MASS J22561127+6202111,SHASSA CC,1985ApJS___59__383H,no survey
2MASS J22561127+6202111,SHASSA C,1985ApJS___59__383H,no survey
2MASS J22561127+6202111,SHASSA Sm,1985ApJS___59__383H,no survey
OGLE BLG-RRLYR-47335,Mellinger Red,1984AJ_____89_1707C,exception
OGLE BLG-RRLYR-47335,Mellinger Green,1984AJ_____89_1707C,exception
OGLE BLG-RRLYR-47335,Mellinger Blue,1984AJ_____89_1707C,exception
OGLE BLG-RRLYR-47335,SHASSA H,1984AJ_____89_1707C,no survey
OGLE BLG-RRLYR-47335,SHASSA CC,1984AJ_____89_1707C,no survey
OGLE BLG-RRLYR-47335,SHASSA C,1984AJ_____89_1707C,no survey
OGLE BLG-RRLYR-47335,SHASSA Sm,1984AJ_____89_1707C,no survey
Cl* NGC 6626    ALC      L,Mellinger Red,1991AJ____102__152R,exception
Cl* NGC 6626    ALC      L,Mellinger Green,1991AJ____102__152R,exception
Cl* NGC 6626    ALC      L,Mellinger Blue,1991AJ____102__152R,exception
Cl* NGC 6626    ALC      L,SHASSA H,1991AJ____102__152R,no survey
Cl* NGC 6626    ALC      L,SHASSA CC,1991AJ____102__152R,no survey
Cl* NGC 6626    ALC      L,SHASSA C,1991AJ____102__152R,no survey
Cl* NGC 6626    ALC      L,SHASSA Sm,1991AJ____102__152R,no survey
[GBM92] ACO S 400 107,DSS,1992AJ____104_1290G,no survey
[GBM92] ACO S 400 107,DSS1 Blue,1992AJ____104_1290G,no survey
[GBM92] ACO S 400 107,DSS1 Red,1992AJ____104_1290G,no survey
[GBM92] ACO S 400 107,DSS2 Red,1992AJ____104_1290G,no survey
[GBM92] ACO S 400 107,DSS2 Blue,1992AJ____104_1290G,no survey
[GBM92] ACO S 400 107,DSS2 IR,1992AJ____104_1290G,no survey
HD 152179,Mellinger Red,1995ApJS___96__605S,exception
HD 152179,Mellinger Green,1995ApJS___96__605S,exception
HD 152179,Mellinger Blue,1995ApJS___96__605S,exception
HD 152179,SHASSA H,1995ApJS___96__605S,no survey
HD 152179,SHASSA CC,1995ApJS___96__605S,no survey
HD 152179,SHASSA C,1995ApJS___96__605S,no survey
HD 152179,SHASSA Sm,1995ApJS___96__605S,no survey
NGC  4459,Mellinger Red,1996AJ____112_1903Y,exception
NGC  4459,Mellinger Green,1996AJ____112_1903Y,exception
NGC  4459,Mellinger Blue,1996AJ____112_1903Y,exception
NGC  4459,SHASSA H,1996AJ____112_1903Y,no survey
NGC  4459,SHASSA CC,1996AJ____112_1903Y,no survey
NGC  4459,SHASSA C,1996AJ____112_1903Y,no survey
NGC  4459,SHASSA Sm,1996AJ____112_1903Y,no survey
BD+65  1664,Mellinger Red,1987AJ_____93__688M,exception
BD+65  1664,Mellinger Green,1987AJ_____93__688M,exception
BD+65  1664,Mellinger Blue,1987AJ_____93__688M,exception
BD+65  1664,SHASSA H,1987AJ_____93__688M,no survey
BD+65  1664,SHASSA CC,1987AJ_____93__688M,no survey
BD+65  1664,SHASSA C,1987AJ_____93__688M,no survey
BD+65  1664,SHASSA Sm,1987AJ_____93__688M,no survey
* i Boo,Mellinger Red,1989AJ_____98_1542B,exception
* i Boo,Mellinger Green,1989AJ_____98_1542B,exception
* i Boo,Mellinger Blue,1989AJ_____98_1542B,exception
* i Boo,SHASSA H,1989AJ_____98_1542B,no survey
* i Boo,SHASSA CC,1989AJ_____98_1542B,no survey
* i Boo,SHASSA C,1989AJ_____98_1542B,no survey
* i Boo,SHASSA Sm,1989AJ_____98_1542B,no survey
LEDA   84097,IRAS  12 micron,1991ApJS___76_1043P,no images
LEDA   84097,IRAS  25 micron,1991ApJS___76_1043P,no images
LEDA   84097,IRAS  60 micron,1991ApJS___76_1043P,no images
LEDA   84097,IRAS 100 micron,1991ApJS___76_1043P,no survey
ICRF J202206.6+613658,SUMSS 843 MHz,1994ApJ___430__467V,no survey
RAFGL 2047,Mellinger Red,1977ApJ___217__108A,exception
RAFGL 2047,Mellinger Green,1977ApJ___217__108A,exception
RAFGL 2047,Mellinger Blue,1977ApJ___217__108A,exception
RAFGL 2047,SHASSA H,1977ApJ___217__108A,no survey
RAFGL 2047,SHASSA CC,1977ApJ___217__108A,no survey
RAFGL 2047,SHASSA C,1977ApJ___217__108A,no survey
RAFGL 2047,SHASSA Sm,1977ApJ___217__108A,no survey
Cowie 148,GOODS: VLT VIMOS U,1996AJ____112_1335W,no survey
Cowie 148,GOODS: VLT VIMOS R,1996AJ____112_1335W,no survey
Cowie 148,GOODS: HST ACS B,1996AJ____112_1335W,no survey
Cowie 148,GOODS: HST ACS V,1996AJ____112_1335W,no survey
Cowie 148,GOODS: HST ACS I,1996AJ____112_1335W,no survey
Cowie 148,GOODS: HST ACS Z,1996AJ____112_1335W,no survey
Cowie 148,Hawaii HDF U,1996AJ____112_1335W,no survey
Cowie 148,Hawaii HDF B,1996AJ____112_1335W,no survey
Cowie 148,Hawaii HDF V0201,1996AJ____112_1335W,no survey
Cowie 148,Hawaii HDF V0401,1996AJ____112_1335W,no survey
Cowie 148,Hawaii HDF R,1996AJ____112_1335W,no survey
Cowie 148,Hawaii HDF I,1996AJ____112_1335W,no survey
Cowie 148,Hawaii HDF z,1996AJ____112_1335W,no survey
Cowie 148,Hawaii HDF HK,1996AJ____112_1335W,no images
Cowie 148,GOODS: VLT ISAAC J,1996AJ____112_1335W,no survey
Cowie 148,GOODS: VLT ISAAC H,1996AJ____112_1335W,no survey
Cowie 148,GOODS: VLT ISAAC Ks,1996AJ____112_1335W,no survey
Cowie 148,HUDF: VLT ISAAC Ks,1996AJ____112_1335W,no survey
Cowie 148,GOODS: Herschel 160,1996AJ____112_1335W,no survey
Cowie 148,GOODS: Herschel 250,1996AJ____112_1335W,no survey
Cowie 148,GOODS: Herschel 350,1996AJ____112_1335W,no survey
Cowie 148,GOODS: Herschel 500,1996AJ____112_1335W,no survey
Cowie 148,CDFS: LESS,1996AJ____112_1335W,no survey
Cowie 148,GOODS: VLA North,1996AJ____112_1335W,no survey
* eta Scl,Mellinger Red,1977ApJ___217__108A,exception
* eta Scl,Mellinger Green,1977ApJ___217__108A,exception
* eta Scl,Mellinger Blue,1977ApJ___217__108A,exception
NGC  3590     3,DSS1 Blue,1976AJ_____81__155C,no survey
NGC  3590     3,DSS1 Red,1976AJ_____81__155C,no survey
NGC  3590     3,DSS2 Blue,1976AJ_____81__155C,no survey
[L72] LH   9-43,Mellinger Red,1992AJ____103_1205P,exception
[L72] LH   9-43,Mellinger Green,1992AJ____103_1205P,exception
[L72] LH   9-43,Mellinger Blue,1992AJ____103_1205P,exception
[DGI91] 617,DSS,1991AJ____101__911D,no survey
[DGI91] 617,DSS1 Blue,1991AJ____101__911D,no survey
[DGI91] 617,DSS1 Red,1991AJ____101__911D,no survey
[DGI91] 617,DSS2 Red,1991AJ____101__911D,no survey
[DGI91] 617,DSS2 Blue,1991AJ____101__911D,no survey
[DGI91] 617,DSS2 IR,1991AJ____101__911D,no survey
HZ 39,Mellinger Red,1981ApJS___46__117U,exception
HZ 39,Mellinger Green,1981ApJS___46__117U,exception
HZ 39,Mellinger Blue,1981ApJS___46__117U,exception
HZ 39,SHASSA H,1981ApJS___46__117U,no survey
HZ 39,SHASSA CC,1981ApJS___46__117U,no survey
HZ 39,SHASSA C,1981ApJS___46__117U,no survey
HZ 39,SHASSA Sm,1981ApJS___46__117U,no survey
Cl* Melotte   25     VA     314,Mellinger Red,1969AJ_____74____2V,exception
Cl* Melotte   25     VA     314,Mellinger Green,1969AJ_____74____2V,exception
Cl* Melotte   25     VA     314,Mellinger Blue,1969AJ_____74____2V,exception
QSO B1337+2738,Mellinger Red,1989ApJ___345___59C,exception
QSO B1337+2738,Mellinger Green,1989ApJ___345___59C,exception
QSO B1337+2738,Mellinger Blue,1989ApJ___345___59C,exception
QSO B1337+2738,SHASSA H,1989ApJ___345___59C,no survey
QSO B1337+2738,SHASSA CC,1989ApJ___345___59C,no survey
QSO B1337+2738,SHASSA C,1989ApJ___345___59C,no survey
QSO B1337+2738,SHASSA Sm,1989ApJ___345___59C,no survey
CPD-53  7700,Mellinger Red,1968AJ_____73__590D,exception
CPD-53  7700,Mellinger Green,1968AJ_____73__590D,exception
CPD-53  7700,Mellinger Blue,1968AJ_____73__590D,exception
SNR G295.5+09.7,WENSS,1992ApJ___389L__67B,no survey
SNR G295.5+09.7,VLSSr,1992ApJ___389L__67B,no survey
NGC  6611   336,Mellinger Red,1961ApJ___133__438W,exception
NGC  6611   336,Mellinger Green,1961ApJ___133__438W,exception
NGC  6611   336,Mellinger Blue,1961ApJ___133__438W,exception
FSZ 392,DSS1 Blue,1993ApJS___89___85I,no survey
GPSR 009.008-0.514,DSS,1990ApJS___74__181Z,no survey
GPSR 009.008-0.514,DSS1 Blue,1990ApJS___74__181Z,no survey
GPSR 009.008-0.514,DSS1 Red,1990ApJS___74__181Z,no survey
GPSR 009.008-0.514,DSS2 Red,1990ApJS___74__181Z,no survey
GPSR 009.008-0.514,DSS2 Blue,1990ApJS___74__181Z,no survey
GPSR 009.008-0.514,DSS2 IR,1990ApJS___74__181Z,no survey
HD 159684,Mellinger Red,1933ApJ____78___87M,exception
HD 159684,Mellinger Green,1933ApJ____78___87M,exception
HD 159684,Mellinger Blue,1933ApJ____78___87M,exception
HD 153919,Mellinger Red,1975ApJ___195__705O,exception
HD 153919,Mellinger Green,1975ApJ___195__705O,exception
HD 153919,Mellinger Blue,1975ApJ___195__705O,exception
V* V2437 Ori,Mellinger Red,1996AJ____111__846O,exception
V* V2437 Ori,Mellinger Green,1996AJ____111__846O,exception
V* V2437 Ori,Mellinger Blue,1996AJ____111__846O,exception
2MASS J05345737-0514334,Mellinger Red,1995AJ____109__709A,exception
2MASS J05345737-0514334,Mellinger Green,1995AJ____109__709A,exception
2MASS J05345737-0514334,Mellinger Blue,1995AJ____109__709A,exception
SV* HV  2572,DSS1 Blue,1985ApJ___290__477W,no survey
SV* HV  2572,DSS1 Red,1985ApJ___290__477W,no survey
[SSB92]  49,DSS1 Blue,1992AJ____104_1430S,no survey
[SSB92]  49,DSS1 Red,1992AJ____104_1430S,no survey
ESO 326-20,IRAS  12 micron,1995ApJS___96___39B,no images
ESO 326-20,IRAS  25 micron,1995ApJS___96___39B,no images
ESO 326-20,IRAS  60 micron,1995ApJS___96___39B,no images
Cl* NGC 6171     SR     214,DSS,1984AJ_____89_1166S,no survey
Cl* NGC 6171     SR     214,DSS1 Blue,1984AJ_____89_1166S,no survey
Cl* NGC 6171     SR     214,DSS1 Red,1984AJ_____89_1166S,no survey
Cl* NGC 6171     SR     214,DSS2 Red,1984AJ_____89_1166S,no survey
Cl* NGC 6171     SR     214,DSS2 Blue,1984AJ_____89_1166S,no survey
Cl* NGC 6171     SR     214,DSS2 IR,1984AJ_____89_1166S,no survey
CFRS 14.1311,Mellinger Red,1996ApJ___469__535K,exception
CFRS 14.1311,Mellinger Green,1996ApJ___469__535K,exception
CFRS 14.1311,Mellinger Blue,1996ApJ___469__535K,exception
CFRS 14.1311,SHASSA H,1996ApJ___469__535K,no survey
CFRS 14.1311,SHASSA CC,1996ApJ___469__535K,no survey
CFRS 14.1311,SHASSA C,1996ApJ___469__535K,no survey
CFRS 14.1311,SHASSA Sm,1996ApJ___469__535K,no survey
IRAS 20592+4823,Mellinger Red,1996ApJS__107__239T,exception
IRAS 20592+4823,Mellinger Green,1996ApJS__107__239T,exception
IRAS 20592+4823,Mellinger Blue,1996ApJS__107__239T,exception
IRAS 20592+4823,SHASSA H,1996ApJS__107__239T,no survey
IRAS 20592+4823,SHASSA CC,1996ApJS__107__239T,no survey
IRAS 20592+4823,SHASSA C,1996ApJS__107__239T,no survey
IRAS 20592+4823,SHASSA Sm,1996ApJS__107__239T,no survey
BD+02  1483,Mellinger Red,1987AJ_____93__688M,exception
BD+02  1483,Mellinger Green,1987AJ_____93__688M,exception
BD+02  1483,Mellinger Blue,1987AJ_____93__688M,exception
2MASX J13393814-3536327,DSS1 Blue,1990AJ_____99_1709V,no survey
2MASX J13393814-3536327,DSS1 Red,1990AJ_____99_1709V,no survey
BMB-BW  45,Mellinger Red,1981ApJ___243__744R,exception
BMB-BW  45,Mellinger Green,1981ApJ___243__744R,exception
BMB-BW  45,Mellinger Blue,1981ApJ___243__744R,exception
ICRF J002225.4+001456,CO,1978AJ_____83__209S,no survey
ICRF J002225.4+001456,VLA FIRST (1.4 GHz),1978AJ_____83__209S,exception
ICRF J002225.4+001456,Stripe82VLA,1978AJ_____83__209S,no survey
V* KV Sco,Mellinger Red,1993AJ____105_1010V,exception
V* KV Sco,Mellinger Green,1993AJ____105_1010V,exception
V* KV Sco,Mellinger Blue,1993AJ____105_1010V,exception
ICRF J031814.4-002948,VLA FIRST (1.4 GHz),1986ApJS___61__105L,exception
ICRF J031814.4-002948,Stripe82VLA,1986ApJS___61__105L,no survey
[MTG95] C-541,DSS,1995AJ____109__173M,no survey
[MTG95] C-541,DSS1 Blue,1995AJ____109__173M,no survey
[MTG95] C-541,DSS1 Red,1995AJ____109__173M,no survey
[MTG95] C-541,DSS2 Red,1995AJ____109__173M,no survey
[MTG95] C-541,DSS2 Blue,1995AJ____109__173M,no survey
[MTG95] C-541,DSS2 IR,1995AJ____109__173M,no survey
[HH87] 3-20,WISE 4.6,1987ApJS___63__311H,no survey
PMN J2115-0818,SUMSS 843 MHz,1995ApJS___97__347G,no survey
PMN J2115-0818,WENSS,1995ApJS___97__347G,no survey
[MET2005] 06.603540+17.163099,Mellinger Red,1992ApJS___78____1D,exception
[MET2005] 06.603540+17.163099,Mellinger Green,1992ApJS___78____1D,exception
[MET2005] 06.603540+17.163099,Mellinger Blue,1992ApJS___78____1D,exception
[MET2005] 06.643290+17.123899,Mellinger Red,1992ApJS___78____1D,exception
[MET2005] 06.643290+17.123899,Mellinger Green,1992ApJS___78____1D,exception
[MET2005] 06.643290+17.123899,Mellinger Blue,1992ApJS___78____1D,exception
NHU V2941,DSS1 Blue,1985ApJS___57__287N,no survey
NHU V2941,DSS1 Red,1985ApJS___57__287N,no survey
LEDA  127154,Mellinger Red,1996AJ____112___36Q,exception
LEDA  127154,Mellinger Green,1996AJ____112___36Q,exception
LEDA  127154,Mellinger Blue,1996AJ____112___36Q,exception
HD  11053,Mellinger Red,1912ApJ____36__169P,exception
HD  11053,Mellinger Green,1912ApJ____36__169P,exception
HD  11053,Mellinger Blue,1912ApJ____36__169P,exception
HD  11053,SHASSA H,1912ApJ____36__169P,no survey
HD  11053,SHASSA CC,1912ApJ____36__169P,no survey
HD  11053,SHASSA C,1912ApJ____36__169P,no survey
HD  11053,SHASSA Sm,1912ApJ____36__169P,no survey
[TP95] NGC  6221  47,DSS1 Blue,1995ApJS__101__287T,no survey
[TP95] NGC  6221  47,DSS1 Red,1995ApJS__101__287T,no survey
US 3758,Mellinger Red,1988ApJS___66____1U,exception
US 3758,Mellinger Green,1988ApJS___66____1U,exception
US 3758,Mellinger Blue,1988ApJS___66____1U,exception
Z 378-15,UKIDSS-1-0S1,1993ApJ___404__455K,no survey
[GMP94] 617,DSS1 Blue,1994AJ____108_1256G,no survey
[GMP94] 617,DSS1 Red,1994AJ____108_1256G,no survey
[GMP94] 617,DSS2 Blue,1994AJ____108_1256G,no survey
2MASX J04373216-6439459,Mellinger Red,1995ApJS___96___39B,exception
2MASX J04373216-6439459,Mellinger Green,1995ApJS___96___39B,exception
2MASX J04373216-6439459,Mellinger Blue,1995ApJS___96___39B,exception
PG 1735+435,Mellinger Red,1986ApJS___61__305G,exception
PG 1735+435,Mellinger Green,1986ApJS___61__305G,exception
PG 1735+435,Mellinger Blue,1986ApJS___61__305G,exception
PG 1735+435,SHASSA H,1986ApJS___61__305G,no survey
PG 1735+435,SHASSA CC,1986ApJS___61__305G,no survey
PG 1735+435,SHASSA C,1986ApJS___61__305G,no survey
PG 1735+435,SHASSA Sm,1986ApJS___61__305G,no survey
KUV 16288+3904,Mellinger Red,1988AJ_____96__816C,exception
KUV 16288+3904,Mellinger Green,1988AJ_____96__816C,exception
KUV 16288+3904,Mellinger Blue,1988AJ_____96__816C,exception
KUV 16288+3904,SHASSA H,1988AJ_____96__816C,no survey
KUV 16288+3904,SHASSA CC,1988AJ_____96__816C,no survey
KUV 16288+3904,SHASSA C,1988AJ_____96__816C,no survey
KUV 16288+3904,SHASSA Sm,1988AJ_____96__816C,no survey
MCG+07-31-049,Mellinger Red,1993AJ____105_1745W,exception
MCG+07-31-049,Mellinger Green,1993AJ____105_1745W,exception
MCG+07-31-049,Mellinger Blue,1993AJ____105_1745W,exception
MCG+07-31-049,SHASSA H,1993AJ____105_1745W,no survey
MCG+07-31-049,SHASSA CC,1993AJ____105_1745W,no survey
MCG+07-31-049,SHASSA C,1993AJ____105_1745W,no survey
MCG+07-31-049,SHASSA Sm,1993AJ____105_1745W,no survey
[O96] D025SE-21,Mellinger Red,1996ApJS__104___71O,exception
[O96] D025SE-21,Mellinger Green,1996ApJS__104___71O,exception
[O96] D025SE-21,Mellinger Blue,1996ApJS__104___71O,exception
[GBM92] ACO S 400 135,DSS,1992AJ____104_1290G,no survey
[GBM92] ACO S 400 135,DSS1 Blue,1992AJ____104_1290G,no survey
[GBM92] ACO S 400 135,DSS1 Red,1992AJ____104_1290G,no survey
[GBM92] ACO S 400 135,DSS2 Red,1992AJ____104_1290G,no survey
[GBM92] ACO S 400 135,DSS2 Blue,1992AJ____104_1290G,no survey
[GBM92] ACO S 400 135,DSS2 IR,1992AJ____104_1290G,no survey
V* OX Ori,Mellinger Red,1988AJ_____95_1755J,exception
V* OX Ori,Mellinger Green,1988AJ_____95_1755J,exception
V* OX Ori,Mellinger Blue,1988AJ_____95_1755J,exception
UGC  3536 A,Mellinger Red,1966ApJS___14____1A,exception
UGC  3536 A,Mellinger Green,1966ApJS___14____1A,exception
UGC  3536 A,Mellinger Blue,1966ApJS___14____1A,exception
UGC  3536 A,SHASSA H,1966ApJS___14____1A,no survey
UGC  3536 A,SHASSA CC,1966ApJS___14____1A,no survey
UGC  3536 A,SHASSA C,1966ApJS___14____1A,no survey
UGC  3536 A,SHASSA Sm,1966ApJS___14____1A,no survey
LB 10265,Mellinger Red,1983AJ_____88__709H,exception
LB 10265,Mellinger Green,1983AJ_____88__709H,exception
LB 10265,Mellinger Blue,1983AJ_____88__709H,exception
LB 10265,SHASSA H,1983AJ_____88__709H,no survey
LB 10265,SHASSA CC,1983AJ_____88__709H,no survey
LB 10265,SHASSA C,1983AJ_____88__709H,no survey
LB 10265,SHASSA Sm,1983AJ_____88__709H,no survey
SCMS  477,DSS1 Blue,1995AJ____110_2747S,no survey
SCMS  477,DSS1 Red,1995AJ____110_2747S,no survey
2MASS J06470065+0117429,Mellinger Red,1997AJ____113_1788H,exception
2MASS J06470065+0117429,Mellinger Green,1997AJ____113_1788H,exception
2MASS J06470065+0117429,Mellinger Blue,1997AJ____113_1788H,exception
[EKS96] NGC 1672 156,Mellinger Red,1996ApJS__105___93E,exception
[EKS96] NGC 1672 156,Mellinger Green,1996ApJS__105___93E,exception
[EKS96] NGC 1672 156,Mellinger Blue,1996ApJS__105___93E,exception
[TP95] NGC  5643 153,DSS1 Blue,1995ApJS__101__287T,no survey
[TP95] NGC  5643 153,DSS1 Red,1995ApJS__101__287T,no survey
2MASS J11565449+0932410,Mellinger Red,1995ApJS___97__347G,exception
2MASS J11565449+0932410,Mellinger Green,1995ApJS___97__347G,exception
2MASS J11565449+0932410,Mellinger Blue,1995ApJS___97__347G,exception
LEDA   89265,DSS1 Blue,1990ApJS___72__715T,no survey
LEDA   89265,DSS1 Red,1990ApJS___72__715T,no survey
[O96] D050S-93,Mellinger Red,1996ApJS__104___71O,exception
[O96] D050S-93,Mellinger Green,1996ApJS__104___71O,exception
[O96] D050S-93,Mellinger Blue,1996ApJS__104___71O,exception
UGCA  39,IRAS  12 micron,1973ApJ___180__351S,no images
UGCA  39,IRAS  25 micron,1973ApJ___180__351S,no images
UGCA  39,IRAS  60 micron,1973ApJ___180__351S,no images
2MASS J13421508+2823256,Mellinger Red,1947ApJ___105__204P,exception
2MASS J13421508+2823256,Mellinger Green,1947ApJ___105__204P,exception
2MASS J13421508+2823256,Mellinger Blue,1947ApJ___105__204P,exception
2MASS J13421508+2823256,SHASSA H,1947ApJ___105__204P,no survey
2MASS J13421508+2823256,SHASSA CC,1947ApJ___105__204P,no survey
2MASS J13421508+2823256,SHASSA C,1947ApJ___105__204P,no survey
2MASS J13421508+2823256,SHASSA Sm,1947ApJ___105__204P,no survey
GPSR 082.358-0.647,DSS,1990ApJS___74__181Z,no survey
GPSR 082.358-0.647,DSS1 Blue,1990ApJS___74__181Z,no survey
GPSR 082.358-0.647,DSS1 Red,1990ApJS___74__181Z,no survey
GPSR 082.358-0.647,DSS2 Red,1990ApJS___74__181Z,no survey
GPSR 082.358-0.647,DSS2 Blue,1990ApJS___74__181Z,no survey
GPSR 082.358-0.647,DSS2 IR,1990ApJS___74__181Z,no survey
HD 219509,Mellinger Red,1991AJ____102__914M,exception
HD 219509,Mellinger Green,1991AJ____102__914M,exception
HD 219509,Mellinger Blue,1991AJ____102__914M,exception
WSRTGP 1939+2202,DSS,1996ApJS__107__239T,no survey
WSRTGP 1939+2202,DSS1 Blue,1996ApJS__107__239T,no survey
WSRTGP 1939+2202,DSS1 Red,1996ApJS__107__239T,no survey
WSRTGP 1939+2202,DSS2 Red,1996ApJS__107__239T,no survey
WSRTGP 1939+2202,DSS2 Blue,1996ApJS__107__239T,no survey
WSRTGP 1939+2202,DSS2 IR,1996ApJS__107__239T,no survey
EM* LkHA  308,Mellinger Red,1975ApJ___196__489S,exception
EM* LkHA  308,Mellinger Green,1975ApJ___196__489S,exception
EM* LkHA  308,Mellinger Blue,1975ApJ___196__489S,exception
LMC-BM  23-13,Mellinger Red,1990AJ____100__674B,exception
LMC-BM  23-13,Mellinger Green,1990AJ____100__674B,exception
LMC-BM  23-13,Mellinger Blue,1990AJ____100__674B,exception
PN HaTr    4,IRAS  12 micron,1990ApJ___355__568B,no images
PN HaTr    4,IRAS  25 micron,1990ApJ___355__568B,no images
PN HaTr    4,IRAS  60 micron,1990ApJ___355__568B,no images
NGC  2403,Mellinger Red,1980ApJ___238___17L,exception
NGC  2403,Mellinger Green,1980ApJ___238___17L,exception
NGC  2403,Mellinger Blue,1980ApJ___238___17L,exception
NGC  2403,SHASSA H,1980ApJ___238___17L,no survey
NGC  2403,SHASSA CC,1980ApJ___238___17L,no survey
NGC  2403,SHASSA C,1980ApJ___238___17L,no survey
NGC  2403,SHASSA Sm,1980ApJ___238___17L,no survey
ESO 235-50,DSS1 Blue,1995ApJS___96___39B,no survey
ESO 235-50,DSS1 Red,1995ApJS___96___39B,no survey
NVSS J113505+370840,CO,1996ApJ___460___68E,no survey
NVSS J113505+370840,VLA FIRST (1.4 GHz),1996ApJ___460___68E,exception
NVSS J113505+370840,Stripe82VLA,1996ApJ___460___68E,no survey
SSTGLMC G017.5768+00.2879,DSS2 Blue,1992ApJ___389__357K,no survey
SHV 0505115-692801,Mellinger Red,1989AJ_____97_1634H,exception
SHV 0505115-692801,Mellinger Green,1989AJ_____97_1634H,exception
SHV 0505115-692801,Mellinger Blue,1989AJ_____97_1634H,exception
HD 236928,Mellinger Red,1990AJ_____99_1243T,exception
HD 236928,Mellinger Green,1990AJ_____99_1243T,exception
HD 236928,Mellinger Blue,1990AJ_____99_1243T,exception
HD 236928,SHASSA H,1990AJ_____99_1243T,no survey
HD 236928,SHASSA CC,1990AJ_____99_1243T,no survey
HD 236928,SHASSA C,1990AJ_____99_1243T,no survey
HD 236928,SHASSA Sm,1990AJ_____99_1243T,no survey
PMN J0523+0142,VLA FIRST (1.4 GHz),1995ApJS___97__347G,no survey
PMN J0523+0142,Stripe82VLA,1995ApJS___97__347G,no survey
HD   2796,Mellinger Red,1988AJ_____95___91S,exception
HD   2796,Mellinger Green,1988AJ_____95___91S,exception
HD   2796,Mellinger Blue,1988AJ_____95___91S,exception
US  977,Mellinger Red,1982ApJS___48___51U,exception
US  977,Mellinger Green,1982ApJS___48___51U,exception
US  977,Mellinger Blue,1982ApJS___48___51U,exception
US  977,SHASSA H,1982ApJS___48___51U,no survey
US  977,SHASSA CC,1982ApJS___48___51U,no survey
US  977,SHASSA C,1982ApJS___48___51U,no survey
US  977,SHASSA Sm,1982ApJS___48___51U,no survey
CPSDP 263,DSS1 Blue,1994AJ____108_1658H,no survey
IRAS 18369-0619,Mellinger Red,1992AJ____103__263S,exception
IRAS 18369-0619,Mellinger Green,1992AJ____103__263S,exception
IRAS 18369-0619,Mellinger Blue,1992AJ____103__263S,exception
IC 4979,Mellinger Red,1995ApJS___96___39B,exception
IC 4979,Mellinger Green,1995ApJS___96___39B,exception
IC 4979,Mellinger Blue,1995ApJS___96___39B,exception
IC  989,SUMSS 843 MHz,1992ApJS___80__531F,no survey
IC  989,WENSS,1992ApJS___80__531F,no survey
[CHH92] 6193,DSS,1992AJ____104_1721C,no survey
[CHH92] 6193,DSS1 Blue,1992AJ____104_1721C,no survey
[CHH92] 6193,DSS1 Red,1992AJ____104_1721C,no survey
[CHH92] 6193,DSS2 Red,1992AJ____104_1721C,no survey
[CHH92] 6193,DSS2 Blue,1992AJ____104_1721C,no survey
[CHH92] 6193,DSS2 IR,1992AJ____104_1721C,no survey
NGC  5316   110,DSS1 Blue,1987AJ_____94_1237P,no survey
NGC  5316   110,DSS1 Red,1987AJ_____94_1237P,no survey
THA 15-38,Mellinger Red,1977ApJS___35__161S,exception
THA 15-38,Mellinger Green,1977ApJS___35__161S,exception
THA 15-38,Mellinger Blue,1977ApJS___35__161S,exception
HD 306608,Mellinger Red,1972AJ_____77__733B,exception
HD 306608,Mellinger Green,1972AJ_____77__733B,exception
HD 306608,Mellinger Blue,1972AJ_____77__733B,exception
2MASX J23512997+2714105,Mellinger Red,1987AJ_____94__587B,exception
2MASX J23512997+2714105,Mellinger Green,1987AJ_____94__587B,exception
2MASX J23512997+2714105,Mellinger Blue,1987AJ_____94__587B,exception
2MASX J23512997+2714105,SHASSA H,1987AJ_____94__587B,no survey
2MASX J23512997+2714105,SHASSA CC,1987AJ_____94__587B,no survey
2MASX J23512997+2714105,SHASSA C,1987AJ_____94__587B,no survey
2MASX J23512997+2714105,SHASSA Sm,1987AJ_____94__587B,no survey
1E 0354.6-3650,DSS1 Blue,1994ApJS___93__569B,no survey
1E 0354.6-3650,DSS1 Red,1994ApJS___93__569B,no survey
IC 2188,Mellinger Red,1996AJ____112_1803M,exception
IC 2188,Mellinger Green,1996AJ____112_1803M,exception
IC 2188,Mellinger Blue,1996AJ____112_1803M,exception
IC 2188,SHASSA H,1996AJ____112_1803M,no survey
IC 2188,SHASSA CC,1996AJ____112_1803M,no survey
IC 2188,SHASSA C,1996AJ____112_1803M,no survey
IC 2188,SHASSA Sm,1996AJ____112_1803M,no survey
V* R Mon,Mellinger Red,1986ApJ___307L__65E,exception
V* R Mon,Mellinger Green,1986ApJ___307L__65E,exception
V* R Mon,Mellinger Blue,1986ApJ___307L__65E,exception
NVSS J201613+345212,VLA FIRST (1.4 GHz),1996ApJS__107__239T,no survey
NVSS J201613+345212,Stripe82VLA,1996ApJS__107__239T,no survey
HD 235683,Mellinger Red,1933ApJ____78___87M,exception
HD 235683,Mellinger Green,1933ApJ____78___87M,exception
HD 235683,Mellinger Blue,1933ApJ____78___87M,exception
HD 235683,SHASSA H,1933ApJ____78___87M,no survey
HD 235683,SHASSA CC,1933ApJ____78___87M,no survey
HD 235683,SHASSA C,1933ApJ____78___87M,no survey
HD 235683,SHASSA Sm,1933ApJ____78___87M,no survey
ICRF J152122.5+042030,VLA FIRST (1.4 GHz),1995ApJS___97__347G,exception
ICRF J152122.5+042030,Stripe82VLA,1995ApJS___97__347G,no survey
BOW ACO  370 CC080,Mellinger Red,1994ApJ___430__121C,exception
BOW ACO  370 CC080,Mellinger Green,1994ApJ___430__121C,exception
BOW ACO  370 CC080,Mellinger Blue,1994ApJ___430__121C,exception
[HBH95] M33-640  3006,DSS,1995ApJS___99__551H,no survey
[HBH95] M33-640  3006,DSS1 Blue,1995ApJS___99__551H,no survey
[HBH95] M33-640  3006,DSS1 Red,1995ApJS___99__551H,no survey
[HBH95] M33-640  3006,DSS2 Red,1995ApJS___99__551H,no survey
[HBH95] M33-640  3006,DSS2 Blue,1995ApJS___99__551H,no survey
[HBH95] M33-640  3006,DSS2 IR,1995ApJS___99__551H,no survey
NGC  4550,Mellinger Red,1973ApJS___26__115S,exception
NGC  4550,Mellinger Green,1973ApJS___26__115S,exception
NGC  4550,Mellinger Blue,1973ApJS___26__115S,exception
[HGH92] G251,DSS1 Blue,1992AJ____104__613H,no survey
[HGH92] G251,DSS1 Red,1992AJ____104__613H,no survey
[CHH92] 7142,DSS,1992AJ____104_1721C,no survey
[CHH92] 7142,DSS1 Blue,1992AJ____104_1721C,no survey
[CHH92] 7142,DSS1 Red,1992AJ____104_1721C,no survey
[CHH92] 7142,DSS2 Red,1992AJ____104_1721C,no survey
[CHH92] 7142,DSS2 Blue,1992AJ____104_1721C,no survey
[CHH92] 7142,DSS2 IR,1992AJ____104_1721C,no survey
2MASX J11450584+1947329,Mellinger Red,1983ApJ___265___26B,exception
2MASX J11450584+1947329,Mellinger Green,1983ApJ___265___26B,exception
2MASX J11450584+1947329,Mellinger Blue,1983ApJ___265___26B,exception
2MASX J11450584+1947329,SHASSA H,1983ApJ___265___26B,no survey
2MASX J11450584+1947329,SHASSA CC,1983ApJ___265___26B,no survey
2MASX J11450584+1947329,SHASSA C,1983ApJ___265___26B,no survey
2MASX J11450584+1947329,SHASSA Sm,1983ApJ___265___26B,no survey
Feige  34,Mellinger Red,1995ApJ___454__345B,exception
Feige  34,Mellinger Green,1995ApJ___454__345B,exception
Feige  34,Mellinger Blue,1995ApJ___454__345B,exception
Feige  34,SHASSA H,1995ApJ___454__345B,no survey
Feige  34,SHASSA CC,1995ApJ___454__345B,no survey
Feige  34,SHASSA C,1995ApJ___454__345B,no survey
Feige  34,SHASSA Sm,1995ApJ___454__345B,no survey
M  57,Mellinger Red,1988ApJ___325__604G,exception
M  57,Mellinger Green,1988ApJ___325__604G,exception
M  57,Mellinger Blue,1988ApJ___325__604G,exception
M  57,SHASSA H,1988ApJ___325__604G,no survey
M  57,SHASSA CC,1988ApJ___325__604G,no survey
M  57,SHASSA C,1988ApJ___325__604G,no survey
M  57,SHASSA Sm,1988ApJ___325__604G,no survey
GD 50,Mellinger Red,1994AJ____107__751M,exception
GD 50,Mellinger Green,1994AJ____107__751M,exception
GD 50,Mellinger Blue,1994AJ____107__751M,exception
EM* AS  373,Mellinger Red,1978ApJ___219L__33B,exception
EM* AS  373,Mellinger Green,1978ApJ___219L__33B,exception
EM* AS  373,Mellinger Blue,1978ApJ___219L__33B,exception
EM* AS  373,SHASSA H,1978ApJ___219L__33B,no survey
EM* AS  373,SHASSA CC,1978ApJ___219L__33B,no survey
EM* AS  373,SHASSA C,1978ApJ___219L__33B,no survey
EM* AS  373,SHASSA Sm,1978ApJ___219L__33B,no survey
GPSR 016.207-0.532,DSS,1990ApJS___74__181Z,no survey
GPSR 016.207-0.532,DSS1 Blue,1990ApJS___74__181Z,no survey
GPSR 016.207-0.532,DSS1 Red,1990ApJS___74__181Z,no survey
GPSR 016.207-0.532,DSS2 Red,1990ApJS___74__181Z,no survey
GPSR 016.207-0.532,DSS2 Blue,1990ApJS___74__181Z,no survey
GPSR 016.207-0.532,DSS2 IR,1990ApJS___74__181Z,no survey
NGC  2168   472,Mellinger Red,1986AJ_____91__557M,exception
NGC  2168   472,Mellinger Green,1986AJ_____91__557M,exception
NGC  2168   472,Mellinger Blue,1986AJ_____91__557M,exception
NGC  2168   472,SHASSA H,1986AJ_____91__557M,no survey
NGC  2168   472,SHASSA CC,1986AJ_____91__557M,no survey
NGC  2168   472,SHASSA C,1986AJ_____91__557M,no survey
NGC  2168   472,SHASSA Sm,1986AJ_____91__557M,no survey
IRC +50137,Mellinger Red,1988ApJ___334__362C,exception
IRC +50137,Mellinger Green,1988ApJ___334__362C,exception
IRC +50137,Mellinger Blue,1988ApJ___334__362C,exception
IRC +50137,SHASSA H,1988ApJ___334__362C,no survey
IRC +50137,SHASSA CC,1988ApJ___334__362C,no survey
IRC +50137,SHASSA C,1988ApJ___334__362C,no survey
IRC +50137,SHASSA Sm,1988ApJ___334__362C,no survey
V* V1734 Cyg,Mellinger Red,1997AJ____113_1315J,exception
V* V1734 Cyg,Mellinger Green,1997AJ____113_1315J,exception
V* V1734 Cyg,Mellinger Blue,1997AJ____113_1315J,exception
V* V1734 Cyg,SHASSA H,1997AJ____113_1315J,no survey
V* V1734 Cyg,SHASSA CC,1997AJ____113_1315J,no survey
V* V1734 Cyg,SHASSA C,1997AJ____113_1315J,no survey
V* V1734 Cyg,SHASSA Sm,1997AJ____113_1315J,no survey
LHA 115-N  67,DSS1 Blue,1961AJ_____66__169L,no survey
LHA 115-N  67,DSS1 Red,1961AJ_____66__169L,no survey
US 2073,Mellinger Red,1982ApJS___49___27U,exception
US 2073,Mellinger Green,1982ApJS___49___27U,exception
US 2073,Mellinger Blue,1982ApJS___49___27U,exception
US 2073,SHASSA H,1982ApJS___49___27U,no survey
US 2073,SHASSA CC,1982ApJS___49___27U,no survey
US 2073,SHASSA C,1982ApJS___49___27U,no survey
US 2073,SHASSA Sm,1982ApJS___49___27U,no survey
NGC  7541,UKIDSS-1-0S1,1986ApJ___304__443Y,no survey
HD 306165,Mellinger Red,1976AJ_____81__155C,exception
HD 306165,Mellinger Green,1976AJ_____81__155C,exception
HD 306165,Mellinger Blue,1976AJ_____81__155C,exception
SBSS 1040+493,Mellinger Red,1994ApJS___93__569B,exception
SBSS 1040+493,Mellinger Green,1994ApJS___93__569B,exception
SBSS 1040+493,Mellinger Blue,1994ApJS___93__569B,exception
SBSS 1040+493,SHASSA H,1994ApJS___93__569B,no survey
SBSS 1040+493,SHASSA CC,1994ApJS___93__569B,no survey
SBSS 1040+493,SHASSA C,1994ApJS___93__569B,no survey
SBSS 1040+493,SHASSA Sm,1994ApJS___93__569B,no survey
KMHK  783,DSS1 Blue,1989AJ_____97_1634H,no survey
KMHK  783,DSS1 Red,1989AJ_____97_1634H,no survey
KMHK  783,DSS2 Blue,1989AJ_____97_1634H,no survey
M 104,VLA FIRST (1.4 GHz),1979ApJ___233__539K,no survey
M 104,Stripe82VLA,1979ApJ___233__539K,no survey
HD   4259,Mellinger Red,1971AJ_____76__338S,exception
HD   4259,Mellinger Green,1971AJ_____76__338S,exception
HD   4259,Mellinger Blue,1971AJ_____76__338S,exception
Cl* NGC 1866    FWC       6,DSS,1992AJ____103__857F,no survey
Cl* NGC 1866    FWC       6,DSS1 Blue,1992AJ____103__857F,no survey
Cl* NGC 1866    FWC       6,DSS1 Red,1992AJ____103__857F,no survey
Cl* NGC 1866    FWC       6,DSS2 Red,1992AJ____103__857F,no survey
Cl* NGC 1866    FWC       6,DSS2 Blue,1992AJ____103__857F,no survey
Cl* NGC 1866    FWC       6,DSS2 IR,1992AJ____103__857F,no survey
[M94c] NGC 2997SW  3,DSS,1994AJ____108_1276M,no survey
[M94c] NGC 2997SW  3,DSS1 Blue,1994AJ____108_1276M,no survey
[M94c] NGC 2997SW  3,DSS1 Red,1994AJ____108_1276M,no survey
[M94c] NGC 2997SW  3,DSS2 Red,1994AJ____108_1276M,no survey
[M94c] NGC 2997SW  3,DSS2 Blue,1994AJ____108_1276M,no survey
[M94c] NGC 2997SW  3,DSS2 IR,1994AJ____108_1276M,no survey
* pi.02 Cyg,Mellinger Red,1951ApJ___113__100D,exception
* pi.02 Cyg,Mellinger Green,1951ApJ___113__100D,exception
* pi.02 Cyg,Mellinger Blue,1951ApJ___113__100D,exception
* pi.02 Cyg,SHASSA H,1951ApJ___113__100D,no survey
* pi.02 Cyg,SHASSA CC,1951ApJ___113__100D,no survey
* pi.02 Cyg,SHASSA C,1951ApJ___113__100D,no survey
* pi.02 Cyg,SHASSA Sm,1951ApJ___113__100D,no survey
LEDA  128074,Mellinger Red,1995ApJS___96___39B,exception
LEDA  128074,Mellinger Green,1995ApJS___96___39B,exception
LEDA  128074,Mellinger Blue,1995ApJS___96___39B,exception
StRS  84,Mellinger Red,1992AJ____103__263S,exception
StRS  84,Mellinger Green,1992AJ____103__263S,exception
StRS  84,Mellinger Blue,1992AJ____103__263S,exception
StRS  84,SHASSA H,1992AJ____103__263S,no survey
StRS  84,SHASSA CC,1992AJ____103__263S,no survey
StRS  84,SHASSA C,1992AJ____103__263S,no survey
StRS  84,SHASSA Sm,1992AJ____103__263S,no survey
[VV2006] J142334.4+361305,Mellinger Red,1989ApJS___70__163P,exception
[VV2006] J142334.4+361305,Mellinger Green,1989ApJS___70__163P,exception
[VV2006] J142334.4+361305,Mellinger Blue,1989ApJS___70__163P,exception
[VV2006] J142334.4+361305,SHASSA H,1989ApJS___70__163P,no survey
[VV2006] J142334.4+361305,SHASSA CC,1989ApJS___70__163P,no survey
[VV2006] J142334.4+361305,SHASSA C,1989ApJS___70__163P,no survey
[VV2006] J142334.4+361305,SHASSA Sm,1989ApJS___70__163P,no survey
[TP95] NGC  1386  43,DSS1 Blue,1995ApJS__101__287T,no survey
[TP95] NGC  1386  43,DSS1 Red,1995ApJS__101__287T,no survey
[VV96] J133524.3+271716,Mellinger Red,1989ApJ___345___59C,exception
[VV96] J133524.3+271716,Mellinger Green,1989ApJ___345___59C,exception
[VV96] J133524.3+271716,Mellinger Blue,1989ApJ___345___59C,exception
[VV96] J133524.3+271716,SHASSA H,1989ApJ___345___59C,no survey
[VV96] J133524.3+271716,SHASSA CC,1989ApJ___345___59C,no survey
[VV96] J133524.3+271716,SHASSA C,1989ApJ___345___59C,no survey
[VV96] J133524.3+271716,SHASSA Sm,1989ApJ___345___59C,no survey
[HBH95] M33-281  5002,DSS,1995ApJS___99__551H,no survey
[HBH95] M33-281  5002,DSS1 Blue,1995ApJS___99__551H,no survey
[HBH95] M33-281  5002,DSS1 Red,1995ApJS___99__551H,no survey
[HBH95] M33-281  5002,DSS2 Red,1995ApJS___99__551H,no survey
[HBH95] M33-281  5002,DSS2 Blue,1995ApJS___99__551H,no survey
[HBH95] M33-281  5002,DSS2 IR,1995ApJS___99__551H,no survey
VdBH 55,DSS1 Blue,1975AJ_____80__208V,no survey
VdBH 55,DSS1 Red,1975AJ_____80__208V,no survey
VdBH 55,DSS2 Blue,1975AJ_____80__208V,no survey
Cl* NGC 6934    SAW V1,Mellinger Red,1973AJ_____78__242H,exception
Cl* NGC 6934    SAW V1,Mellinger Green,1973AJ_____78__242H,exception
Cl* NGC 6934    SAW V1,Mellinger Blue,1973AJ_____78__242H,exception
LEDA   88531,DSS1 Blue,1990ApJS___72__715T,no survey
LEDA   88531,DSS1 Red,1990ApJS___72__715T,no survey
BD-18  4365,Mellinger Red,1950ApJ___111__495P,exception
BD-18  4365,Mellinger Green,1950ApJ___111__495P,exception
BD-18  4365,Mellinger Blue,1950ApJ___111__495P,exception
B2.1 1959+33 A,SUMSS 843 MHz,1991AJ____101_1435M,no survey
HBC 675,DSS1 Blue,1976AJ_____81__317V,no survey
HBC 675,DSS1 Red,1976AJ_____81__317V,no survey
Cl* NGC 5466  FSBHB V20,Mellinger Red,1961AJ_____66___71C,exception
Cl* NGC 5466  FSBHB V20,Mellinger Green,1961AJ_____66___71C,exception
Cl* NGC 5466  FSBHB V20,Mellinger Blue,1961AJ_____66___71C,exception
Cl* NGC 5466  FSBHB V20,SHASSA H,1961AJ_____66___71C,no survey
Cl* NGC 5466  FSBHB V20,SHASSA CC,1961AJ_____66___71C,no survey
Cl* NGC 5466  FSBHB V20,SHASSA C,1961AJ_____66___71C,no survey
Cl* NGC 5466  FSBHB V20,SHASSA Sm,1961AJ_____66___71C,no survey
PGMW 1050,DSS1 Blue,1992AJ____103_1205P,no survey
PGMW 1050,DSS1 Red,1992AJ____103_1205P,no survey
2dFGRS TGS808Z342,Mellinger Red,1995ApJS___96___39B,exception
2dFGRS TGS808Z342,Mellinger Green,1995ApJS___96___39B,exception
2dFGRS TGS808Z342,Mellinger Blue,1995ApJS___96___39B,exception
NGC  2682   241,Mellinger Red,1993AJ____106__181M,exception
NGC  2682   241,Mellinger Green,1993AJ____106__181M,exception
NGC  2682   241,Mellinger Blue,1993AJ____106__181M,exception
ACO  2911,DSS1 Blue,1996ApJ___459___27G,no survey
ACO  2911,DSS1 Red,1996ApJ___459___27G,no survey
2MASX J06233053-4326204,DSS1 Blue,1995ApJS___96___39B,no survey
2MASX J06233053-4326204,DSS1 Red,1995ApJS___96___39B,no survey
HD  15690,Mellinger Red,1971ApJS___23__257W,exception
HD  15690,Mellinger Green,1971ApJS___23__257W,exception
HD  15690,Mellinger Blue,1971ApJS___23__257W,exception
HD  15690,SHASSA H,1971ApJS___23__257W,no survey
HD  15690,SHASSA CC,1971ApJS___23__257W,no survey
HD  15690,SHASSA C,1971ApJS___23__257W,no survey
HD  15690,SHASSA Sm,1971ApJS___23__257W,no survey
*  24 Tau,Mellinger Red,1994ApJS___91__625S,exception
*  24 Tau,Mellinger Green,1994ApJS___91__625S,exception
*  24 Tau,Mellinger Blue,1994ApJS___91__625S,exception
*  24 Tau,SHASSA H,1994ApJS___91__625S,no survey
*  24 Tau,SHASSA CC,1994ApJS___91__625S,no survey
*  24 Tau,SHASSA C,1994ApJS___91__625S,no survey
*  24 Tau,SHASSA Sm,1994ApJS___91__625S,no survey
NAME Coronet Cluster,DSS1 Blue,1997AJ____114_2029W,no survey
NAME Coronet Cluster,DSS1 Red,1997AJ____114_2029W,no survey
NGC  7092,Mellinger Red,1985AJ_____90___65C,exception
NGC  7092,Mellinger Green,1985AJ_____90___65C,exception
NGC  7092,Mellinger Blue,1985AJ_____90___65C,exception
NGC  7092,SHASSA H,1985AJ_____90___65C,no survey
NGC  7092,SHASSA CC,1985AJ_____90___65C,no survey
NGC  7092,SHASSA C,1985AJ_____90___65C,no survey
NGC  7092,SHASSA Sm,1985AJ_____90___65C,no survey
HD  31563,Mellinger Red,1912ApJ____36__169P,exception
HD  31563,Mellinger Green,1912ApJ____36__169P,exception
HD  31563,Mellinger Blue,1912ApJ____36__169P,exception
HD  31563,SHASSA H,1912ApJ____36__169P,no survey
HD  31563,SHASSA CC,1912ApJ____36__169P,no survey
HD  31563,SHASSA C,1912ApJ____36__169P,no survey
HD  31563,SHASSA Sm,1912ApJ____36__169P,no survey
87GB 233038.8+003151,SUMSS 843 MHz,1995ApJS___97__347G,no survey
87GB 233038.8+003151,WENSS,1995ApJS___97__347G,no survey
QSO B0326+277,SUMSS 843 MHz,1994AJ____107__385F,no survey
QSO B0326+277,WENSS,1994AJ____107__385F,no survey
NHU V2937,DSS1 Blue,1989AJ_____98_2086W,no survey
NHU V2937,DSS1 Red,1989AJ_____98_2086W,no survey
NGC  1039   146,DSS1 Blue,1993AJ____105__209I,no survey
BSI*  80.02029-77,DSS,1980AJ_____85__265O,no survey
BSI*  80.02029-77,DSS1 Blue,1980AJ_____85__265O,no survey
BSI*  80.02029-77,DSS1 Red,1980AJ_____85__265O,no survey
BSI*  80.02029-77,DSS2 Red,1980AJ_____85__265O,no survey
BSI*  80.02029-77,DSS2 Blue,1980AJ_____85__265O,no survey
BSI*  80.02029-77,DSS2 IR,1980AJ_____85__265O,no survey
NVSS J204521+443251,SUMSS 843 MHz,1996ApJS__107__239T,no survey
RAFGL 2591,VLA FIRST (1.4 GHz),1995ApJ___451__225H,no survey
RAFGL 2591,Stripe82VLA,1995ApJ___451__225H,no survey
NGC  6504,Mellinger Red,1996AJ____111_2238P,exception
NGC  6504,Mellinger Green,1996AJ____111_2238P,exception
NGC  6504,Mellinger Blue,1996AJ____111_2238P,exception
NGC  6504,SHASSA H,1996AJ____111_2238P,no survey
NGC  6504,SHASSA CC,1996AJ____111_2238P,no survey
NGC  6504,SHASSA C,1996AJ____111_2238P,no survey
NGC  6504,SHASSA Sm,1996AJ____111_2238P,no survey
* bet01 Cyg,Mellinger Red,1976ApJ___208__414Z,exception
* bet01 Cyg,Mellinger Green,1976ApJ___208__414Z,exception
* bet01 Cyg,Mellinger Blue,1976ApJ___208__414Z,exception
* bet01 Cyg,SHASSA H,1976ApJ___208__414Z,no survey
* bet01 Cyg,SHASSA CC,1976ApJ___208__414Z,no survey
* bet01 Cyg,SHASSA C,1976ApJ___208__414Z,no survey
* bet01 Cyg,SHASSA Sm,1976ApJ___208__414Z,no survey
[M94c] NGC  2903 10,DSS,1994AJ____108_1276M,no survey
[M94c] NGC  2903 10,DSS1 Blue,1994AJ____108_1276M,no survey
[M94c] NGC  2903 10,DSS1 Red,1994AJ____108_1276M,no survey
[M94c] NGC  2903 10,DSS2 Red,1994AJ____108_1276M,no survey
[M94c] NGC  2903 10,DSS2 Blue,1994AJ____108_1276M,no survey
[M94c] NGC  2903 10,DSS2 IR,1994AJ____108_1276M,no survey
[SC95] M 259,DSS2 Blue,1995ApJS___96__605S,no survey
V* UX Tau A,Mellinger Red,1995ApJS__101__117K,exception
V* UX Tau A,Mellinger Green,1995ApJS__101__117K,exception
V* UX Tau A,Mellinger Blue,1995ApJS__101__117K,exception
Cl* NGC 2070    MEL      53b,DSS1 Blue,1993AJ____106__560P,no survey
Cl* NGC 2070    MEL      53b,DSS1 Red,1993AJ____106__560P,no survey
US  328,Mellinger Red,1976AJ_____81_1031W,exception
US  328,Mellinger Green,1976AJ_____81_1031W,exception
US  328,Mellinger Blue,1976AJ_____81_1031W,exception
US  328,SHASSA H,1976AJ_____81_1031W,no survey
US  328,SHASSA CC,1976AJ_____81_1031W,no survey
US  328,SHASSA C,1976AJ_____81_1031W,no survey
US  328,SHASSA Sm,1976AJ_____81_1031W,no survey
QSO B0041+0215,Mellinger Red,1994AJ____107_1245S,exception
QSO B0041+0215,Mellinger Green,1994AJ____107_1245S,exception
QSO B0041+0215,Mellinger Blue,1994AJ____107_1245S,exception
HD 114478,DSS1 Blue,1956ApJ___124___43V,no survey
HD 114478,DSS1 Red,1956ApJ___124___43V,no survey
V* Y CVn,Mellinger Red,1994ApJS___93__187B,exception
V* Y CVn,Mellinger Green,1994ApJS___93__187B,exception
V* Y CVn,Mellinger Blue,1994ApJS___93__187B,exception
V* Y CVn,SHASSA H,1994ApJS___93__187B,no survey
V* Y CVn,SHASSA CC,1994ApJS___93__187B,no survey
V* Y CVn,SHASSA C,1994ApJS___93__187B,no survey
V* Y CVn,SHASSA Sm,1994ApJS___93__187B,no survey
[SC95] M 325,DSS2 Blue,1995ApJS___96__605S,no survey
[BL86] QSO  3,DSS,1986AJ_____92__203B,no survey
[BL86] QSO  3,DSS1 Blue,1986AJ_____92__203B,no survey
[BL86] QSO  3,DSS1 Red,1986AJ_____92__203B,no survey
[BL86] QSO  3,DSS2 Red,1986AJ_____92__203B,no survey
[BL86] QSO  3,DSS2 Blue,1986AJ_____92__203B,no survey
[BL86] QSO  3,DSS2 IR,1986AJ_____92__203B,no survey
V* V1434 Sgr,DSS2 Blue,1958ApJ___128___46N,no survey
US 3843,Mellinger Red,1988ApJS___66____1U,exception
US 3843,Mellinger Green,1988ApJS___66____1U,exception
US 3843,Mellinger Blue,1988ApJS___66____1U,exception
BD+60   449,Mellinger Red,1974AJ_____79__107M,exception
BD+60   449,Mellinger Green,1974AJ_____79__107M,exception
BD+60   449,Mellinger Blue,1974AJ_____79__107M,exception
BD+60   449,SHASSA H,1974AJ_____79__107M,no survey
BD+60   449,SHASSA CC,1974AJ_____79__107M,no survey
BD+60   449,SHASSA C,1974AJ_____79__107M,no survey
BD+60   449,SHASSA Sm,1974AJ_____79__107M,no survey
PGMW 1358,DSS1 Blue,1992AJ____103_1205P,no survey
PGMW 1358,DSS1 Red,1992AJ____103_1205P,no survey
*  55 Cyg,Mellinger Red,1955ApJ___121__102S,exception
*  55 Cyg,Mellinger Green,1955ApJ___121__102S,exception
*  55 Cyg,Mellinger Blue,1955ApJ___121__102S,exception
*  55 Cyg,SHASSA H,1955ApJ___121__102S,no survey
*  55 Cyg,SHASSA CC,1955ApJ___121__102S,no survey
*  55 Cyg,SHASSA C,1955ApJ___121__102S,no survey
*  55 Cyg,SHASSA Sm,1955ApJ___121__102S,no survey
* alf CMi,Mellinger Red,1976ApJ___208__414Z,exception
* alf CMi,Mellinger Green,1976ApJ___208__414Z,exception
* alf CMi,Mellinger Blue,1976ApJ___208__414Z,exception
Z 172-26,Mellinger Red,1996AJ____112_1803M,exception
Z 172-26,Mellinger Green,1996AJ____112_1803M,exception
Z 172-26,Mellinger Blue,1996AJ____112_1803M,exception
Z 172-26,SHASSA H,1996AJ____112_1803M,no survey
Z 172-26,SHASSA CC,1996AJ____112_1803M,no survey
Z 172-26,SHASSA C,1996AJ____112_1803M,no survey
Z 172-26,SHASSA Sm,1996AJ____112_1803M,no survey
V* MP Tau,Mellinger Red,1996ApJS__102___75M,exception
V* MP Tau,Mellinger Green,1996ApJS__102___75M,exception
V* MP Tau,Mellinger Blue,1996ApJS__102___75M,exception
V* MP Tau,SHASSA H,1996ApJS__102___75M,no survey
V* MP Tau,SHASSA CC,1996ApJS__102___75M,no survey
V* MP Tau,SHASSA C,1996ApJS__102___75M,no survey
V* MP Tau,SHASSA Sm,1996ApJS__102___75M,no survey
HD 157282,Mellinger Red,1995ApJS___96__605S,exception
HD 157282,Mellinger Green,1995ApJS___96__605S,exception
HD 157282,Mellinger Blue,1995ApJS___96__605S,exception
Mrk  335,Mellinger Red,1997AJ____114__575F,exception
Mrk  335,Mellinger Green,1997AJ____114__575F,exception
Mrk  335,Mellinger Blue,1997AJ____114__575F,exception
Mrk  335,SHASSA H,1997AJ____114__575F,no survey
Mrk  335,SHASSA CC,1997AJ____114__575F,no survey
Mrk  335,SHASSA C,1997AJ____114__575F,no survey
Mrk  335,SHASSA Sm,1997AJ____114__575F,no survey
*  51 UMa,Mellinger Red,1996ApJ___472L___9B,exception
*  51 UMa,Mellinger Green,1996ApJ___472L___9B,exception
*  51 UMa,Mellinger Blue,1996ApJ___472L___9B,exception
*  51 UMa,SHASSA H,1996ApJ___472L___9B,no survey
*  51 UMa,SHASSA CC,1996ApJ___472L___9B,no survey
*  51 UMa,SHASSA C,1996ApJ___472L___9B,no survey
*  51 UMa,SHASSA Sm,1996ApJ___472L___9B,no survey
NGC  6341  5119,DSS,1966ApJ___143__313S,no survey
NGC  6341  5119,DSS1 Blue,1966ApJ___143__313S,no survey
NGC  6341  5119,DSS1 Red,1966ApJ___143__313S,no survey
NGC  6341  5119,DSS2 Red,1966ApJ___143__313S,no survey
NGC  6341  5119,DSS2 Blue,1966ApJ___143__313S,no survey
NGC  6341  5119,DSS2 IR,1966ApJ___143__313S,no survey
[H69] NGC  628  98,DSS,1969ApJS___18___73H,no survey
[H69] NGC  628  98,DSS1 Blue,1969ApJS___18___73H,no survey
[H69] NGC  628  98,DSS1 Red,1969ApJS___18___73H,no survey
[H69] NGC  628  98,DSS2 Red,1969ApJS___18___73H,no survey
[H69] NGC  628  98,DSS2 Blue,1969ApJS___18___73H,no survey
[H69] NGC  628  98,DSS2 IR,1969ApJS___18___73H,no survey
[MTG95] C-424,DSS,1995AJ____109__173M,no survey
[MTG95] C-424,DSS1 Blue,1995AJ____109__173M,no survey
[MTG95] C-424,DSS1 Red,1995AJ____109__173M,no survey
[MTG95] C-424,DSS2 Red,1995AJ____109__173M,no survey
[MTG95] C-424,DSS2 Blue,1995AJ____109__173M,no survey
[MTG95] C-424,DSS2 IR,1995AJ____109__173M,no survey
NVSS J202851+413438,SUMSS 843 MHz,1996ApJS__107__239T,no survey
ESO 486-26,Mellinger Red,1988ApJ___329__174T,exception
ESO 486-26,Mellinger Green,1988ApJ___329__174T,exception
ESO 486-26,Mellinger Blue,1988ApJ___329__174T,exception
IFM-B 1905,DSS1 Blue,1993ApJS___89___85I,no survey
HD 208341,Mellinger Red,1987AJ_____93__688M,exception
HD 208341,Mellinger Green,1987AJ_____93__688M,exception
HD 208341,Mellinger Blue,1987AJ_____93__688M,exception
HD 208341,SHASSA H,1987AJ_____93__688M,no survey
HD 208341,SHASSA CC,1987AJ_____93__688M,no survey
HD 208341,SHASSA C,1987AJ_____93__688M,no survey
HD 208341,SHASSA Sm,1987AJ_____93__688M,no survey
HD  78251,Mellinger Red,1895ApJ_____2___89P,exception
HD  78251,Mellinger Green,1895ApJ_____2___89P,exception
HD  78251,Mellinger Blue,1895ApJ_____2___89P,exception
HD  78251,SHASSA H,1895ApJ_____2___89P,no survey
HD  78251,SHASSA CC,1895ApJ_____2___89P,no survey
HD  78251,SHASSA C,1895ApJ_____2___89P,no survey
HD  78251,SHASSA Sm,1895ApJ_____2___89P,no survey
[SSA2010] 1672,DSS1 Blue,1996ApJ___469__629M,no survey
NGC  6656  4057,Mellinger Red,1983AJ_____88_1330A,exception
NGC  6656  4057,Mellinger Green,1983AJ_____88_1330A,exception
NGC  6656  4057,Mellinger Blue,1983AJ_____88_1330A,exception
CD-54  6006,Mellinger Red,1981AJ_____86_1500S,exception
CD-54  6006,Mellinger Green,1981AJ_____86_1500S,exception
CD-54  6006,Mellinger Blue,1981AJ_____86_1500S,exception
LEDA   89241,Mellinger Red,1990ApJS___72__715T,exception
LEDA   89241,Mellinger Green,1990ApJS___72__715T,exception
LEDA   89241,Mellinger Blue,1990ApJS___72__715T,exception
NAME Norma Cloud,DSS1 Blue,1968AJ_____73__590D,no survey
NAME Norma Cloud,DSS1 Red,1968AJ_____73__590D,no survey
WG   2,DSS1 Blue,1991ApJ___369L__59C,no survey
WG   2,DSS1 Red,1991ApJ___369L__59C,no survey
[EKS96] NGC 5033 192,Mellinger Red,1996ApJS__105___93E,exception
[EKS96] NGC 5033 192,Mellinger Green,1996ApJS__105___93E,exception
[EKS96] NGC 5033 192,Mellinger Blue,1996ApJS__105___93E,exception
[EKS96] NGC 5033 192,SHASSA H,1996ApJS__105___93E,no survey
[EKS96] NGC 5033 192,SHASSA CC,1996ApJS__105___93E,no survey
[EKS96] NGC 5033 192,SHASSA C,1996ApJS__105___93E,no survey
[EKS96] NGC 5033 192,SHASSA Sm,1996ApJS__105___93E,no survey
NGC  3769,Mellinger Red,1926ApJ____64__321H,exception
NGC  3769,Mellinger Green,1926ApJ____64__321H,exception
NGC  3769,Mellinger Blue,1926ApJ____64__321H,exception
NGC  3769,SHASSA H,1926ApJ____64__321H,no survey
NGC  3769,SHASSA CC,1926ApJ____64__321H,no survey
NGC  3769,SHASSA C,1926ApJ____64__321H,no survey
NGC  3769,SHASSA Sm,1926ApJ____64__321H,no survey
NGC  3726,Mellinger Red,1974ApJ___194__559S,exception
NGC  3726,Mellinger Green,1974ApJ___194__559S,exception
NGC  3726,Mellinger Blue,1974ApJ___194__559S,exception
NGC  3726,SHASSA H,1974ApJ___194__559S,no survey
NGC  3726,SHASSA CC,1974ApJ___194__559S,no survey
NGC  3726,SHASSA C,1974ApJ___194__559S,no survey
NGC  3726,SHASSA Sm,1974ApJ___194__559S,no survey
NVSS J200050+292129,VLA FIRST (1.4 GHz),1990ApJS___74__181Z,no survey
NVSS J200050+292129,Stripe82VLA,1990ApJS___74__181Z,no survey
PG 0947+036,GOODS: Chandra ACIS HB,1986ApJS___61__305G,no survey
PG 0947+036,GOODS: Chandra ACIS FB,1986ApJS___61__305G,no survey
PG 0947+036,GOODS: Chandra ACIS SB,1986ApJS___61__305G,no survey
PG 0947+036,GOODS: VLT VIMOS U,1986ApJS___61__305G,no survey
PG 0947+036,GOODS: VLT VIMOS R,1986ApJS___61__305G,no survey
PG 0947+036,GOODS: HST ACS B,1986ApJS___61__305G,no survey
PG 0947+036,GOODS: HST ACS V,1986ApJS___61__305G,no survey
PG 0947+036,GOODS: HST ACS I,1986ApJS___61__305G,no survey
PG 0947+036,GOODS: HST ACS Z,1986ApJS___61__305G,no survey
PG 0947+036,Hawaii HDF U,1986ApJS___61__305G,no survey
PG 0947+036,Hawaii HDF B,1986ApJS___61__305G,no survey
PG 0947+036,Hawaii HDF V0201,1986ApJS___61__305G,no survey
PG 0947+036,Hawaii HDF V0401,1986ApJS___61__305G,no survey
PG 0947+036,Hawaii HDF R,1986ApJS___61__305G,no survey
PG 0947+036,Hawaii HDF I,1986ApJS___61__305G,no survey
PG 0947+036,Hawaii HDF z,1986ApJS___61__305G,no survey
PG 0947+036,Hawaii HDF HK,1986ApJS___61__305G,no images
PG 0947+036,GOODS: HST NICMOS,1986ApJS___61__305G,no survey
PG 0947+036,GOODS: VLT ISAAC J,1986ApJS___61__305G,no survey
PG 0947+036,GOODS: VLT ISAAC H,1986ApJS___61__305G,no survey
PG 0947+036,GOODS: VLT ISAAC Ks,1986ApJS___61__305G,no survey
PG 0947+036,HUDF: VLT ISAAC Ks,1986ApJS___61__305G,no survey
PG 0947+036,GOODS: Spitzer IRAC 3.6,1986ApJS___61__305G,no survey
PG 0947+036,GOODS: Spitzer IRAC 4.5,1986ApJS___61__305G,no survey
PG 0947+036,GOODS: Spitzer IRAC 5.8,1986ApJS___61__305G,no survey
PG 0947+036,GOODS: Spitzer IRAC 8.0,1986ApJS___61__305G,no survey
PG 0947+036,GOODS: Spitzer MIPS 24,1986ApJS___61__305G,no survey
PG 0947+036,GOODS: Herschel 100,1986ApJS___61__305G,no survey
PG 0947+036,GOODS: Herschel 160,1986ApJS___61__305G,no survey
PG 0947+036,GOODS: Herschel 250,1986ApJS___61__305G,no survey
PG 0947+036,GOODS: Herschel 350,1986ApJS___61__305G,no survey
PG 0947+036,GOODS: Herschel 500,1986ApJS___61__305G,no survey
PG 0947+036,CDFS: LESS,1986ApJS___61__305G,no survey
PG 0947+036,GOODS: VLA North,1986ApJS___61__305G,no survey
[EKS96] NGC 7469   1,Mellinger Red,1996ApJS__105___93E,exception
[EKS96] NGC 7469   1,Mellinger Green,1996ApJS__105___93E,exception
[EKS96] NGC 7469   1,Mellinger Blue,1996ApJS__105___93E,exception
SV* HV  2063,Mellinger Red,1992AJ____104_1430S,exception
SV* HV  2063,Mellinger Green,1992AJ____104_1430S,exception
SV* HV  2063,Mellinger Blue,1992AJ____104_1430S,exception
[HHS94] 12,DSS,1994ApJ___430__568H,no survey
[HHS94] 12,DSS1 Blue,1994ApJ___430__568H,no survey
[HHS94] 12,DSS1 Red,1994ApJ___430__568H,no survey
[HHS94] 12,DSS2 Red,1994ApJ___430__568H,no survey
[HHS94] 12,DSS2 Blue,1994ApJ___430__568H,no survey
[HHS94] 12,DSS2 IR,1994ApJ___430__568H,no survey
UCAC4 055-003996,Mellinger Red,1988ApJ___334__135H,exception
UCAC4 055-003996,Mellinger Green,1988ApJ___334__135H,exception
UCAC4 055-003996,Mellinger Blue,1988ApJ___334__135H,exception
ESO 310-3,DSS1 Blue,1995ApJS___96___39B,no survey
ESO 310-3,DSS1 Red,1995ApJS___96___39B,no survey
NAME Carina dSph,DSS1 Blue,1997AJ____114_1447A,no survey
NAME Carina dSph,DSS1 Red,1997AJ____114_1447A,no survey
[O96] D050S-5,DSS1 Blue,1996ApJ___465__231O,no survey
[O96] D050S-5,DSS1 Red,1996ApJ___465__231O,no survey
[O96] D050S-5,DSS2 Blue,1996ApJ___465__231O,no survey
PGMW 1213,DSS1 Blue,1992AJ____103_1205P,no survey
PGMW 1213,DSS1 Red,1992AJ____103_1205P,no survey
OGLE-CL LMC 111,DSS1 Blue,1966AJ_____71__363H,no survey
OGLE-CL LMC 111,DSS1 Red,1966AJ_____71__363H,no survey
OGLE-CL LMC 111,DSS2 Blue,1966AJ_____71__363H,no survey
HD 259481,Mellinger Red,1976ApJ___210___65T,exception
HD 259481,Mellinger Green,1976ApJ___210___65T,exception
HD 259481,Mellinger Blue,1976ApJ___210___65T,exception
TYC 4282-418-1,Mellinger Red,1959ApJ___130___69B,exception
TYC 4282-418-1,Mellinger Green,1959ApJ___130___69B,exception
TYC 4282-418-1,Mellinger Blue,1959ApJ___130___69B,exception
TYC 4282-418-1,SHASSA H,1959ApJ___130___69B,no survey
TYC 4282-418-1,SHASSA CC,1959ApJ___130___69B,no survey
TYC 4282-418-1,SHASSA C,1959ApJ___130___69B,no survey
TYC 4282-418-1,SHASSA Sm,1959ApJ___130___69B,no survey
[ACM93] U1,DSS,1993ApJ___415__101A,no survey
[ACM93] U1,DSS1 Blue,1993ApJ___415__101A,no survey
[ACM93] U1,DSS1 Red,1993ApJ___415__101A,no survey
[ACM93] U1,DSS2 Red,1993ApJ___415__101A,no survey
[ACM93] U1,DSS2 Blue,1993ApJ___415__101A,no survey
[ACM93] U1,DSS2 IR,1993ApJ___415__101A,no survey
[HIB95]  80-4,Mellinger Red,1995ApJS___98__595H,exception
[HIB95]  80-4,Mellinger Green,1995ApJS___98__595H,exception
[HIB95]  80-4,Mellinger Blue,1995ApJS___98__595H,exception
[HIB95]  80-4,SHASSA H,1995ApJS___98__595H,no survey
[HIB95]  80-4,SHASSA CC,1995ApJS___98__595H,no survey
[HIB95]  80-4,SHASSA C,1995ApJS___98__595H,no survey
[HIB95]  80-4,SHASSA Sm,1995ApJS___98__595H,no survey
US 1742,Mellinger Red,1982ApJS___49___27U,exception
US 1742,Mellinger Green,1982ApJS___49___27U,exception
US 1742,Mellinger Blue,1982ApJS___49___27U,exception
US 1742,SHASSA H,1982ApJS___49___27U,no survey
US 1742,SHASSA CC,1982ApJS___49___27U,no survey
US 1742,SHASSA C,1982ApJS___49___27U,no survey
US 1742,SHASSA Sm,1982ApJS___49___27U,no survey
HD  76556,Mellinger Red,1972AJ_____77__733B,exception
HD  76556,Mellinger Green,1972AJ_____77__733B,exception
HD  76556,Mellinger Blue,1972AJ_____77__733B,exception
3C 286,Mellinger Red,1988ApJ___333__168M,exception
3C 286,Mellinger Green,1988ApJ___333__168M,exception
3C 286,Mellinger Blue,1988ApJ___333__168M,exception
3C 286,SHASSA H,1988ApJ___333__168M,no survey
3C 286,SHASSA CC,1988ApJ___333__168M,no survey
3C 286,SHASSA C,1988ApJ___333__168M,no survey
3C 286,SHASSA Sm,1988ApJ___333__168M,no survey
GPSR 060.069+0.510,DSS,1990ApJS___74__181Z,no survey
GPSR 060.069+0.510,DSS1 Blue,1990ApJS___74__181Z,no survey
GPSR 060.069+0.510,DSS1 Red,1990ApJS___74__181Z,no survey
GPSR 060.069+0.510,DSS2 Red,1990ApJS___74__181Z,no survey
GPSR 060.069+0.510,DSS2 Blue,1990ApJS___74__181Z,no survey
GPSR 060.069+0.510,DSS2 IR,1990ApJS___74__181Z,no survey
SHV 0509404-691724,Mellinger Red,1989AJ_____97_1634H,exception
SHV 0509404-691724,Mellinger Green,1989AJ_____97_1634H,exception
SHV 0509404-691724,Mellinger Blue,1989AJ_____97_1634H,exception
[MM63] 1-76,Mellinger Red,1963AJ_____68__319M,exception
[MM63] 1-76,Mellinger Green,1963AJ_____68__319M,exception
[MM63] 1-76,Mellinger Blue,1963AJ_____68__319M,exception
IC 4712,DSS1 Blue,1995ApJS___96___39B,no survey
IC 4712,DSS1 Red,1995ApJS___96___39B,no survey
ACT-S J012834-525520,CO,1970AJ_____75__667B,no survey
ACT-S J012834-525520,VLA FIRST (1.4 GHz),1970AJ_____75__667B,no survey
ACT-S J012834-525520,NVSS,1970AJ_____75__667B,no survey
ACT-S J012834-525520,Stripe82VLA,1970AJ_____75__667B,no survey
ACT-S J012834-525520,EBHIS,1970AJ_____75__667B,no survey
SHV 0537193-694955,Mellinger Red,1989AJ_____97_1634H,exception
SHV 0537193-694955,Mellinger Green,1989AJ_____97_1634H,exception
SHV 0537193-694955,Mellinger Blue,1989AJ_____97_1634H,exception
COUP   987,Mellinger Red,1994ApJ___421__517P,exception
COUP   987,Mellinger Green,1994ApJ___421__517P,exception
COUP   987,Mellinger Blue,1994ApJ___421__517P,exception
MODS deep 1642,Mellinger Red,1996AJ____112_1335W,exception
MODS deep 1642,Mellinger Green,1996AJ____112_1335W,exception
MODS deep 1642,Mellinger Blue,1996AJ____112_1335W,exception
MODS deep 1642,SHASSA H,1996AJ____112_1335W,no survey
MODS deep 1642,SHASSA CC,1996AJ____112_1335W,no survey
MODS deep 1642,SHASSA C,1996AJ____112_1335W,no survey
MODS deep 1642,SHASSA Sm,1996AJ____112_1335W,no survey
PKS J1144-2057,VLA FIRST (1.4 GHz),1996ApJS__107___19M,no survey
PKS J1144-2057,Stripe82VLA,1996ApJS__107___19M,no survey
PKS J1144-2057,EBHIS,1996ApJS__107___19M,no survey
LEDA   40334,Mellinger Red,1983ApJS___53__375R,exception
LEDA   40334,Mellinger Green,1983ApJS___53__375R,exception
LEDA   40334,Mellinger Blue,1983ApJS___53__375R,exception
LEDA   40334,H-Alpha Comp,1983ApJS___53__375R,no survey
*  37 Gem,Mellinger Red,1965ApJ___141__588H,exception
*  37 Gem,Mellinger Green,1965ApJ___141__588H,exception
*  37 Gem,Mellinger Blue,1965ApJ___141__588H,exception
*  37 Gem,SHASSA H,1965ApJ___141__588H,no survey
*  37 Gem,SHASSA CC,1965ApJ___141__588H,no survey
*  37 Gem,SHASSA C,1965ApJ___141__588H,no survey
*  37 Gem,SHASSA Sm,1965ApJ___141__588H,no survey
[LM93] 508,DSS,1993AJ____106___66L,no survey
[LM93] 508,DSS1 Blue,1993AJ____106___66L,no survey
[LM93] 508,DSS1 Red,1993AJ____106___66L,no survey
[LM93] 508,DSS2 Red,1993AJ____106___66L,no survey
[LM93] 508,DSS2 Blue,1993AJ____106___66L,no survey
[LM93] 508,DSS2 IR,1993AJ____106___66L,no survey
NAME Cyg A,VLA FIRST (1.4 GHz),1994AJ____107_1942T,no survey
NAME Cyg A,Stripe82VLA,1994AJ____107_1942T,no survey
BRRG 159,DSS1 Blue,1992AJ____103_1205P,no survey
BRRG 159,DSS1 Red,1992AJ____103_1205P,no survey
NGC  3783,Mellinger Red,1990AJ_____99__323B,exception
NGC  3783,Mellinger Green,1990AJ_____99__323B,exception
NGC  3783,Mellinger Blue,1990AJ_____99__323B,exception
[TP95] NGC  5643  46,DSS1 Blue,1995ApJS__101__287T,no survey
[TP95] NGC  5643  46,DSS1 Red,1995ApJS__101__287T,no survey
NGC  6166,SUMSS 843 MHz,1978AJ_____83__704B,no survey
HD 285742,Mellinger Red,1995ApJ___448__683S,exception
HD 285742,Mellinger Green,1995ApJ___448__683S,exception
HD 285742,Mellinger Blue,1995ApJ___448__683S,exception
Cl* NGC  346    SSN       7,Mellinger Red,1978ApJ___224L_133W,exception
Cl* NGC  346    SSN       7,Mellinger Green,1978ApJ___224L_133W,exception
Cl* NGC  346    SSN       7,Mellinger Blue,1978ApJ___224L_133W,exception
TYC 1055-1758-1,Mellinger Red,1949ApJ___109__426M,exception
TYC 1055-1758-1,Mellinger Green,1949ApJ___109__426M,exception
TYC 1055-1758-1,Mellinger Blue,1949ApJ___109__426M,exception
CSO  723,Mellinger Red,1989ApJS___70__173S,exception
CSO  723,Mellinger Green,1989ApJS___70__173S,exception
CSO  723,Mellinger Blue,1989ApJS___70__173S,exception
CSO  723,SHASSA H,1989ApJS___70__173S,no survey
CSO  723,SHASSA CC,1989ApJS___70__173S,no survey
CSO  723,SHASSA C,1989ApJS___70__173S,no survey
CSO  723,SHASSA Sm,1989ApJS___70__173S,no survey
4C 02.49,SUMSS 843 MHz,1995ApJS___97__347G,no survey
4C 02.49,WENSS,1995ApJS___97__347G,no survey
WSRTGP 1959+2843,DSS,1996ApJS__107__239T,no survey
WSRTGP 1959+2843,DSS1 Blue,1996ApJS__107__239T,no survey
WSRTGP 1959+2843,DSS1 Red,1996ApJS__107__239T,no survey
WSRTGP 1959+2843,DSS2 Red,1996ApJS__107__239T,no survey
WSRTGP 1959+2843,DSS2 Blue,1996ApJS__107__239T,no survey
WSRTGP 1959+2843,DSS2 IR,1996ApJS__107__239T,no survey
CD-34   727,Mellinger Red,1971AJ_____76__338S,exception
CD-34   727,Mellinger Green,1971AJ_____76__338S,exception
CD-34   727,Mellinger Blue,1971AJ_____76__338S,exception
QSO B0548-322,Mellinger Red,1984ApJS___56__507W,exception
QSO B0548-322,Mellinger Green,1984ApJS___56__507W,exception
QSO B0548-322,Mellinger Blue,1984ApJS___56__507W,exception
L  427-61,DSS1 Blue,1988ApJS___66__391O,no survey
L  427-61,DSS1 Red,1988ApJS___66__391O,no survey
ESO 383-35,DSS1 Blue,1995AJ____110___87H,no survey
ESO 383-35,DSS1 Red,1995AJ____110___87H,no survey
HD  76932,Mellinger Red,1953ApJ___117__241K,exception
HD  76932,Mellinger Green,1953ApJ___117__241K,exception
HD  76932,Mellinger Blue,1953ApJ___117__241K,exception
V* Y Cyg,Mellinger Red,1959ApJ___129__659P,exception
V* Y Cyg,Mellinger Green,1959ApJ___129__659P,exception
V* Y Cyg,Mellinger Blue,1959ApJ___129__659P,exception
V* Y Cyg,SHASSA H,1959ApJ___129__659P,no survey
V* Y Cyg,SHASSA CC,1959ApJ___129__659P,no survey
V* Y Cyg,SHASSA C,1959ApJ___129__659P,no survey
V* Y Cyg,SHASSA Sm,1959ApJ___129__659P,no survey
ICRF J104309.0+240835,CO,1983AJ_____88___20C,no survey
ICRF J104309.0+240835,VLA FIRST (1.4 GHz),1983AJ_____88___20C,exception
ICRF J104309.0+240835,Stripe82VLA,1983AJ_____88___20C,no survey
[LP96] 2340-3827,DSS1 Blue,1996AJ____112_2454L,no survey
[LP96] 2340-3827,DSS1 Red,1996AJ____112_2454L,no survey
NAME Slow Burster,DSS1 Blue,1995ApJ___438__852B,no survey
NAME Slow Burster,DSS1 Red,1995ApJ___438__852B,no survey
NAME Slow Burster,DSS2 Blue,1995ApJ___438__852B,no survey
HD  97434,DSS1 Blue,1973AJ_____78_1067W,no survey
HD  97434,DSS1 Red,1973AJ_____78_1067W,no survey
HD  97434,DSS2 Blue,1973AJ_____78_1067W,no survey
ESO 159-13,Mellinger Red,1995ApJS___96___39B,exception
ESO 159-13,Mellinger Green,1995ApJS___96___39B,exception
ESO 159-13,Mellinger Blue,1995ApJS___96___39B,exception
EGGR 429,Mellinger Red,1988ApJS___66__391O,exception
EGGR 429,Mellinger Green,1988ApJS___66__391O,exception
EGGR 429,Mellinger Blue,1988ApJS___66__391O,exception
EGGR 429,SHASSA H,1988ApJS___66__391O,no survey
EGGR 429,SHASSA CC,1988ApJS___66__391O,no survey
EGGR 429,SHASSA C,1988ApJS___66__391O,no survey
EGGR 429,SHASSA Sm,1988ApJS___66__391O,no survey
3C 446,VLA FIRST (1.4 GHz),1967AJ_____72___59R,exception
3C 446,Stripe82VLA,1967AJ_____72___59R,no survey
ESO 340-13,Mellinger Red,1995ApJS___96___39B,exception
ESO 340-13,Mellinger Green,1995ApJS___96___39B,exception
ESO 340-13,Mellinger Blue,1995ApJS___96___39B,exception
ESO 303-21,Mellinger Red,1988ApJ___329__174T,exception
ESO 303-21,Mellinger Green,1988ApJ___329__174T,no survey
ESO 303-21,Mellinger Blue,1988ApJ___329__174T,exception
[B86] 101,DSS2 Blue,1986AJ_____91__290B,no survey
SCMS 1337,DSS1 Blue,1995AJ____110_2747S,no survey
SCMS 1337,DSS1 Red,1995AJ____110_2747S,no survey
MITG J2027+4307a,DSS,1991ApJS___75__801G,no survey
MITG J2027+4307a,DSS1 Blue,1991ApJS___75__801G,no survey
MITG J2027+4307a,DSS1 Red,1991ApJS___75__801G,no survey
MITG J2027+4307a,DSS2 Red,1991ApJS___75__801G,no survey
MITG J2027+4307a,DSS2 Blue,1991ApJS___75__801G,no survey
MITG J2027+4307a,DSS2 IR,1991ApJS___75__801G,no survey
[OGH96] Cl 002407+0530 349,DSS,1996AJ____111___29O,no survey
[OGH96] Cl 002407+0530 349,DSS1 Blue,1996AJ____111___29O,no survey
[OGH96] Cl 002407+0530 349,DSS1 Red,1996AJ____111___29O,no survey
[OGH96] Cl 002407+0530 349,DSS2 Red,1996AJ____111___29O,no survey
[OGH96] Cl 002407+0530 349,DSS2 Blue,1996AJ____111___29O,no survey
[OGH96] Cl 002407+0530 349,DSS2 IR,1996AJ____111___29O,no survey
IRAS 18069-1932,Mellinger Red,1992AJ____103__263S,exception
IRAS 18069-1932,Mellinger Green,1992AJ____103__263S,exception
IRAS 18069-1932,Mellinger Blue,1992AJ____103__263S,exception
HD  21278,Mellinger Red,1950ApJ___111__426R,exception
HD  21278,Mellinger Green,1950ApJ___111__426R,exception
HD  21278,Mellinger Blue,1950ApJ___111__426R,exception
HD  21278,SHASSA H,1950ApJ___111__426R,no survey
HD  21278,SHASSA CC,1950ApJ___111__426R,no survey
HD  21278,SHASSA C,1950ApJ___111__426R,no survey
HD  21278,SHASSA Sm,1950ApJ___111__426R,no survey
WBP 103,Mellinger Red,1985ApJ___290__477W,exception
WBP 103,Mellinger Green,1985ApJ___290__477W,exception
WBP 103,Mellinger Blue,1985ApJ___290__477W,exception
EM* VRMF   57,Mellinger Red,1980AJ_____85_1207V,exception
EM* VRMF   57,Mellinger Green,1980AJ_____85_1207V,exception
EM* VRMF   57,Mellinger Blue,1980AJ_____85_1207V,exception
EM* VRMF   57,SHASSA C,1980AJ_____85_1207V,no survey
NGC  1039   185,Mellinger Red,1993AJ____105__209I,exception
NGC  1039   185,Mellinger Green,1993AJ____105__209I,exception
NGC  1039   185,Mellinger Blue,1993AJ____105__209I,exception
NGC  1039   185,SHASSA H,1993AJ____105__209I,no survey
NGC  1039   185,SHASSA CC,1993AJ____105__209I,no survey
NGC  1039   185,SHASSA C,1993AJ____105__209I,no survey
NGC  1039   185,SHASSA Sm,1993AJ____105__209I,no survey
PSS 295-36,Mellinger Red,1991AJ____102__395H,exception
PSS 295-36,Mellinger Green,1991AJ____102__395H,exception
PSS 295-36,Mellinger Blue,1991AJ____102__395H,exception
PSS 295-36,SHASSA H,1991AJ____102__395H,no survey
PSS 295-36,SHASSA CC,1991AJ____102__395H,no survey
PSS 295-36,SHASSA C,1991AJ____102__395H,no survey
PSS 295-36,SHASSA Sm,1991AJ____102__395H,no survey
[EKS96] NGC 1097 246,Mellinger Red,1996ApJS__105___93E,exception
[EKS96] NGC 1097 246,Mellinger Green,1996ApJS__105___93E,exception
[EKS96] NGC 1097 246,Mellinger Blue,1996ApJS__105___93E,exception
2MASX J23472568+1844502,Mellinger Red,1984ApJ___280___66M,exception
2MASX J23472568+1844502,Mellinger Green,1984ApJ___280___66M,exception
2MASX J23472568+1844502,Mellinger Blue,1984ApJ___280___66M,exception
HD 170938,Mellinger Red,1951ApJ___113__100D,exception
HD 170938,Mellinger Green,1951ApJ___113__100D,exception
HD 170938,Mellinger Blue,1951ApJ___113__100D,exception
Cl* Westerlund    2    MSP      30,DSS1 Blue,1991AJ____102__642M,no survey
Cl* Westerlund    2    MSP      30,DSS1 Red,1991AJ____102__642M,no survey
Cl* Westerlund    2    MSP      30,DSS2 Blue,1991AJ____102__642M,no survey
HD 122769,Mellinger Red,1987AJ_____93__688M,exception
HD 122769,Mellinger Green,1987AJ_____93__688M,exception
HD 122769,Mellinger Blue,1987AJ_____93__688M,exception
LLNS  3990,Mellinger Red,1993ApJS___87__197G,exception
LLNS  3990,Mellinger Green,1993ApJS___87__197G,exception
LLNS  3990,Mellinger Blue,1993ApJS___87__197G,exception
PMN J2246+0703,VLA FIRST (1.4 GHz),1995ApJS___97__347G,exception
PMN J2246+0703,Stripe82VLA,1995ApJS___97__347G,no survey
V* YY Gem,Mellinger Red,1982ApJ___260__655Z,exception
V* YY Gem,Mellinger Green,1982ApJ___260__655Z,exception
V* YY Gem,Mellinger Blue,1982ApJ___260__655Z,exception
V* YY Gem,SHASSA H,1982ApJ___260__655Z,no survey
V* YY Gem,SHASSA CC,1982ApJ___260__655Z,no survey
V* YY Gem,SHASSA C,1982ApJ___260__655Z,no survey
V* YY Gem,SHASSA Sm,1982ApJ___260__655Z,no survey
Basel SA  57-778,Mellinger Red,1991AJ____102__395H,exception
Basel SA  57-778,Mellinger Green,1991AJ____102__395H,exception
Basel SA  57-778,Mellinger Blue,1991AJ____102__395H,exception
Basel SA  57-778,SHASSA H,1991AJ____102__395H,no survey
Basel SA  57-778,SHASSA CC,1991AJ____102__395H,no survey
Basel SA  57-778,SHASSA C,1991AJ____102__395H,no survey
Basel SA  57-778,SHASSA Sm,1991AJ____102__395H,no survey
PGMW 1357,Mellinger Red,1992AJ____103_1205P,exception
PGMW 1357,Mellinger Green,1992AJ____103_1205P,exception
PGMW 1357,Mellinger Blue,1992AJ____103_1205P,exception
[SMS86] 159,DSS1 Blue,1986AJ_____92__302S,no survey
[SMS86] 159,DSS1 Red,1986AJ_____92__302S,no survey
Case A-F  659,Mellinger Red,1989ApJS___71__549P,exception
Case A-F  659,Mellinger Green,1989ApJS___71__549P,exception
Case A-F  659,Mellinger Blue,1989ApJS___71__549P,exception
Case A-F  659,SHASSA H,1989ApJS___71__549P,no survey
Case A-F  659,SHASSA CC,1989ApJS___71__549P,no survey
Case A-F  659,SHASSA C,1989ApJS___71__549P,no survey
Case A-F  659,SHASSA Sm,1989ApJS___71__549P,no survey
Z 224-61,Mellinger Red,1972AJ_____77__451R,exception
Z 224-61,Mellinger Green,1972AJ_____77__451R,exception
Z 224-61,Mellinger Blue,1972AJ_____77__451R,exception
Z 224-61,SHASSA H,1972AJ_____77__451R,no survey
Z 224-61,SHASSA CC,1972AJ_____77__451R,no survey
Z 224-61,SHASSA C,1972AJ_____77__451R,no survey
Z 224-61,SHASSA Sm,1972AJ_____77__451R,no survey
PGMW 2293,DSS1 Blue,1992AJ____103_1205P,no survey
PGMW 2293,DSS1 Red,1992AJ____103_1205P,no survey
EM* SR   12,Mellinger Red,1995ApJ___440__764K,exception
EM* SR   12,Mellinger Green,1995ApJ___440__764K,exception
EM* SR   12,Mellinger Blue,1995ApJ___440__764K,exception
HD 169454,DSS2 Blue,1980ApJS___44__535W,no survey
NVSS J212036+474519,VLA FIRST (1.4 GHz),1996ApJS__107__239T,no survey
NVSS J212036+474519,Stripe82VLA,1996ApJS__107__239T,no survey
[M81] I-267,DSS1 Blue,1982AJ_____87__794V,no survey
[M81] I-267,DSS1 Red,1982AJ_____87__794V,no survey
[EKS96] NGC 6814 105,DSS2 Blue,1996ApJS__105___93E,no survey
LEDA   42978,Mellinger Red,1983ApJS___53__375R,exception
LEDA   42978,Mellinger Green,1983ApJS___53__375R,exception
LEDA   42978,Mellinger Blue,1983ApJS___53__375R,exception
HD 324174,DSS1 Blue,1995ApJS___96__605S,no survey
HD 324174,DSS1 Red,1995ApJS___96__605S,no survey
HD 324174,DSS2 Blue,1995ApJS___96__605S,no survey
LHA 120-N  64B,DSS1 Blue,1994AJ____108_1696C,no survey
LHA 120-N  64B,DSS1 Red,1994AJ____108_1696C,no survey
NGC   499,Mellinger Red,1992ApJS___80__531F,exception
NGC   499,Mellinger Green,1992ApJS___80__531F,exception
NGC   499,Mellinger Blue,1992ApJS___80__531F,exception
NGC   499,SHASSA H,1992ApJS___80__531F,no survey
NGC   499,SHASSA CC,1992ApJS___80__531F,no survey
NGC   499,SHASSA C,1992ApJS___80__531F,no survey
NGC   499,SHASSA Sm,1992ApJS___80__531F,no survey
[SS94] V410 Anon 18,DSS1 Red,1994ApJ___424__237S,no survey
ESO 494-19,TESS,1995ApJS___96___39B,no survey
ESO 494-19,Mellinger Red,1995ApJS___96___39B,exception
ESO 494-19,Mellinger Green,1995ApJS___96___39B,exception
ESO 494-19,Mellinger Blue,1995ApJS___96___39B,exception
6C 074842+332048,GLEAM 103-134 MHz,1978AJ_____83__209S,no survey
6C 074842+332048,GLEAM 170-231 MHz,1978AJ_____83__209S,no survey
NGC  6611   486,Mellinger Red,1993AJ____106_1906H,exception
NGC  6611   486,Mellinger Green,1993AJ____106_1906H,exception
NGC  6611   486,Mellinger Blue,1993AJ____106_1906H,exception
2MASX J18421613-6336596,DSS1 Blue,1989ApJS___70__139B,no survey
2MASX J18421613-6336596,DSS1 Red,1989ApJS___70__139B,no survey
HD  65314,DSS1 Blue,1983ApJS___52__169L,no survey
HD  65314,DSS1 Red,1983ApJS___52__169L,no survey
NGC  2818A,Mellinger Red,1984ApJ___287__341D,exception
NGC  2818A,Mellinger Green,1984ApJ___287__341D,exception
NGC  2818A,Mellinger Blue,1984ApJ___287__341D,exception
Ton  152,Mellinger Red,1990ApJS___72__291S,exception
Ton  152,Mellinger Green,1990ApJS___72__291S,exception
Ton  152,Mellinger Blue,1990ApJS___72__291S,exception
Ton  152,SHASSA H,1990ApJS___72__291S,no survey
Ton  152,SHASSA CC,1990ApJS___72__291S,no survey
Ton  152,SHASSA C,1990ApJS___72__291S,no survey
Ton  152,SHASSA Sm,1990ApJS___72__291S,no survey
*  18 Aqr,TESS,1989ApJS___69__301G,no survey
*  18 Aqr,Mellinger Red,1989ApJS___69__301G,exception
*  18 Aqr,Mellinger Green,1989ApJS___69__301G,exception
*  18 Aqr,Mellinger Blue,1989ApJS___69__301G,exception
NVSS J084520+434955,SUMSS 843 MHz,1985ApJ___289__494W,no survey
PG 1541+174,Mellinger Red,1986ApJS___61__305G,exception
PG 1541+174,Mellinger Green,1986ApJS___61__305G,exception
PG 1541+174,Mellinger Blue,1986ApJS___61__305G,exception
Cl* NGC 6341   BARN      23,Mellinger Red,1992AJ____103_1573R,exception
Cl* NGC 6341   BARN      23,Mellinger Green,1992AJ____103_1573R,exception
Cl* NGC 6341   BARN      23,Mellinger Blue,1992AJ____103_1573R,exception
Cl* NGC 6341   BARN      23,SHASSA H,1992AJ____103_1573R,no survey
Cl* NGC 6341   BARN      23,SHASSA CC,1992AJ____103_1573R,no survey
Cl* NGC 6341   BARN      23,SHASSA C,1992AJ____103_1573R,no survey
Cl* NGC 6341   BARN      23,SHASSA Sm,1992AJ____103_1573R,no survey
[GMP94] 600,DSS1 Blue,1994AJ____108_1256G,no survey
[GMP94] 600,DSS1 Red,1994AJ____108_1256G,no survey
[GMP94] 600,DSS2 Blue,1994AJ____108_1256G,no survey
NGC  4522,IRAS  12 micron,1992ApJS___80__531F,no images
NGC  4522,IRAS  25 micron,1992ApJS___80__531F,no images
NGC  4522,IRAS  60 micron,1992ApJS___80__531F,no images
LEDA   39825,Mellinger Red,1983ApJS___53__375R,exception
LEDA   39825,Mellinger Green,1983ApJS___53__375R,exception
LEDA   39825,Mellinger Blue,1983ApJS___53__375R,exception
M  16,Mellinger Red,1985AJ_____90__600B,exception
M  16,Mellinger Green,1985AJ_____90__600B,exception
M  16,Mellinger Blue,1985AJ_____90__600B,exception
Cl* NGC  346    MPG     846,Mellinger Red,1989AJ_____98_1305M,exception
Cl* NGC  346    MPG     846,Mellinger Green,1989AJ_____98_1305M,exception
Cl* NGC  346    MPG     846,Mellinger Blue,1989AJ_____98_1305M,exception
SP77 47B-1a,DSS1 Blue,1979ApJ___230__724R,no survey
SP77 47B-1a,DSS1 Red,1979ApJ___230__724R,no survey
ACO  2162,DSS1 Blue,1975ApJ___195__255G,no survey
* bet CMi,Mellinger Red,1954ApJ___119__146S,exception
* bet CMi,Mellinger Green,1954ApJ___119__146S,exception
* bet CMi,Mellinger Blue,1954ApJ___119__146S,exception
LEDA  383826,Mellinger Red,1995ApJS___96___39B,exception
LEDA  383826,Mellinger Green,1995ApJS___96___39B,exception
LEDA  383826,Mellinger Blue,1995ApJS___96___39B,exception
NGC  1806,DSS1 Blue,1989AJ_____98__590K,no survey
NGC  1806,DSS1 Red,1989AJ_____98__590K,no survey
NGC  1806,DSS2 Blue,1989AJ_____98__590K,no survey
BYB 31,Mellinger Red,1993AJ____105_1511H,exception
BYB 31,Mellinger Green,1993AJ____105_1511H,exception
BYB 31,Mellinger Blue,1993AJ____105_1511H,exception
HD  21447,Mellinger Red,1990AJ_____99_1243T,exception
HD  21447,Mellinger Green,1990AJ_____99_1243T,exception
HD  21447,Mellinger Blue,1990AJ_____99_1243T,exception
HD  21447,SHASSA H,1990AJ_____99_1243T,no survey
HD  21447,SHASSA CC,1990AJ_____99_1243T,no survey
HD  21447,SHASSA C,1990AJ_____99_1243T,no survey
HD  21447,SHASSA Sm,1990AJ_____99_1243T,no survey
2C  608,Mellinger Red,1996ApJS__106__281M,exception
2C  608,Mellinger Green,1996ApJS__106__281M,exception
2C  608,Mellinger Blue,1996ApJS__106__281M,exception
2C  608,SHASSA H,1996ApJS__106__281M,no survey
2C  608,SHASSA CC,1996ApJS__106__281M,no survey
2C  608,SHASSA C,1996ApJS__106__281M,no survey
2C  608,SHASSA Sm,1996ApJS__106__281M,no survey
Z 385-135,Mellinger Red,1964ApJ___139__269Z,exception
Z 385-135,Mellinger Green,1964ApJ___139__269Z,exception
Z 385-135,Mellinger Blue,1964ApJ___139__269Z,exception
EV* SclG V0162,DSS1 Blue,1995AJ____110_2747S,no survey
EV* SclG V0162,DSS1 Red,1995AJ____110_2747S,no survey
HH    2L4,DSS,1994AJ____108_1042E,no survey
HH    2L4,DSS1 Blue,1994AJ____108_1042E,no survey
HH    2L4,DSS1 Red,1994AJ____108_1042E,no survey
HH    2L4,DSS2 Red,1994AJ____108_1042E,no survey
HH    2L4,DSS2 Blue,1994AJ____108_1042E,no survey
HH    2L4,DSS2 IR,1994AJ____108_1042E,no survey
ESO 142-47,Mellinger Red,1996ApJS__106__341M,exception
ESO 142-47,Mellinger Green,1996ApJS__106__341M,exception
ESO 142-47,Mellinger Blue,1996ApJS__106__341M,exception
[O96] D050S-81,Mellinger Red,1996ApJS__104___71O,exception
[O96] D050S-81,Mellinger Green,1996ApJS__104___71O,exception
[O96] D050S-81,Mellinger Blue,1996ApJS__104___71O,exception
SH  2-4,DSS1 Blue,1972ApJS___24___49R,no survey
SH  2-4,DSS1 Red,1972ApJS___24___49R,no survey
SH  2-4,DSS2 Blue,1972ApJS___24___49R,no survey
NGC  6543,Mellinger Red,1996ApJ___462L__75A,exception
NGC  6543,Mellinger Green,1996ApJ___462L__75A,exception
NGC  6543,Mellinger Blue,1996ApJ___462L__75A,exception
NGC  6543,SHASSA H,1996ApJ___462L__75A,no survey
NGC  6543,SHASSA CC,1996ApJ___462L__75A,no survey
NGC  6543,SHASSA C,1996ApJ___462L__75A,no survey
NGC  6543,SHASSA Sm,1996ApJ___462L__75A,no survey
[HLL97] 367,UKIDSS-Y,1997AJ____113_1788H,no survey
[HLL97] 367,UKIDSS-1-0S1,1997AJ____113_1788H,no survey
PMN J2029+0246,VLA FIRST (1.4 GHz),1995ApJS___97__347G,no survey
PMN J2029+0246,Stripe82VLA,1995ApJS___97__347G,no survey
[TP95] NGC  1566 322,DSS1 Blue,1995ApJS__101__287T,no survey
[TP95] NGC  1566 322,DSS1 Red,1995ApJS__101__287T,no survey
PG 0020+240,Mellinger Red,1986ApJS___61__305G,exception
PG 0020+240,Mellinger Green,1986ApJS___61__305G,exception
PG 0020+240,Mellinger Blue,1986ApJS___61__305G,exception
PG 0020+240,SHASSA H,1986ApJS___61__305G,no survey
PG 0020+240,SHASSA CC,1986ApJS___61__305G,no survey
PG 0020+240,SHASSA C,1986ApJS___61__305G,no survey
PG 0020+240,SHASSA Sm,1986ApJS___61__305G,no survey
NGC  5823     8,DSS1 Blue,1981AJ_____86_1210J,no survey
NGC  5823     8,DSS1 Red,1981AJ_____86_1210J,no survey
NGC  6752    55,Mellinger Red,1970ApJ___159__325A,exception
NGC  6752    55,Mellinger Green,1970ApJ___159__325A,exception
NGC  6752    55,Mellinger Blue,1970ApJ___159__325A,exception
NGC  6752    55,H-Alpha Comp,1970ApJ___159__325A,no survey
NGC  6752    55,SHASSA H,1970ApJ___159__325A,no survey
NGC  6752    55,SHASSA CC,1970ApJ___159__325A,no survey
NGC  6752    55,SHASSA C,1970ApJ___159__325A,no survey
NGC  6752    55,SHASSA Sm,1970ApJ___159__325A,no survey
PB  3132,Mellinger Red,1981ApJS___46__117U,exception
PB  3132,Mellinger Green,1981ApJS___46__117U,exception
PB  3132,Mellinger Blue,1981ApJS___46__117U,exception
PB  3132,SHASSA H,1981ApJS___46__117U,no survey
PB  3132,SHASSA CC,1981ApJS___46__117U,no survey
PB  3132,SHASSA C,1981ApJS___46__117U,no survey
PB  3132,SHASSA Sm,1981ApJS___46__117U,no survey
HD 115595,Mellinger Red,1989ApJ___342__238O,exception
HD 115595,Mellinger Green,1989ApJ___342__238O,exception
HD 115595,Mellinger Blue,1989ApJ___342__238O,exception
HD  37115,Mellinger Red,1969ApJ___155__447W,exception
HD  37115,Mellinger Green,1969ApJ___155__447W,exception
HD  37115,Mellinger Blue,1969ApJ___155__447W,exception
HD  37115,H-Alpha Comp,1969ApJ___155__447W,no survey
NAME 30 Dor Nebula,Mellinger Red,1984ApJ___284__557T,exception
NAME 30 Dor Nebula,Mellinger Green,1984ApJ___284__557T,exception
NAME 30 Dor Nebula,Mellinger Blue,1984ApJ___284__557T,exception
NAME 30 Dor Nebula,SHASSA H,1984ApJ___284__557T,no survey
NAME 30 Dor Nebula,SHASSA CC,1984ApJ___284__557T,no survey
NAME 30 Dor Nebula,SHASSA C,1984ApJ___284__557T,no survey
NAME 30 Dor Nebula,SHASSA Sm,1984ApJ___284__557T,no survey
EM* LkHA  124,Mellinger Red,1957ApJ___125__654H,exception
EM* LkHA  124,Mellinger Green,1957ApJ___125__654H,exception
EM* LkHA  124,Mellinger Blue,1957ApJ___125__654H,exception
EM* LkHA  124,SHASSA H,1957ApJ___125__654H,no survey
EM* LkHA  124,SHASSA CC,1957ApJ___125__654H,no survey
EM* LkHA  124,SHASSA C,1957ApJ___125__654H,no survey
EM* LkHA  124,SHASSA Sm,1957ApJ___125__654H,no survey
CD-23    72,SHASSA H,1980ApJS___44__517B,no survey
CD-23    72,SHASSA CC,1980ApJS___44__517B,no survey
CD-23    72,SHASSA C,1980ApJS___44__517B,no survey
CD-23    72,SHASSA Sm,1980ApJS___44__517B,no survey
2MASS J02522071+0602212,IRAS  12 micron,1986AJ_____92__585S,no images
2MASS J02522071+0602212,IRAS  25 micron,1986AJ_____92__585S,no images
2MASS J02522071+0602212,IRAS  60 micron,1986AJ_____92__585S,no images
2MASS J02522071+0602212,IRAS 100 micron,1986AJ_____92__585S,no survey
M 105,UKIDSS-1-0S1,1979ApJ___229__489A,no survey
IFM-B  822,DSS1 Blue,1993ApJS___89___85I,no survey
GD 190,Mellinger Red,1967ApJ___150__927E,exception
GD 190,Mellinger Green,1967ApJ___150__927E,exception
GD 190,Mellinger Blue,1967ApJ___150__927E,exception
GD 190,SHASSA H,1967ApJ___150__927E,no survey
GD 190,SHASSA CC,1967ApJ___150__927E,no survey
GD 190,SHASSA C,1967ApJ___150__927E,no survey
GD 190,SHASSA Sm,1967ApJ___150__927E,no survey
BA 1-443,Mellinger Red,1977AJ_____82__947S,exception
BA 1-443,Mellinger Green,1977AJ_____82__947S,exception
BA 1-443,Mellinger Blue,1977AJ_____82__947S,exception
BA 1-443,SHASSA H,1977AJ_____82__947S,no survey
BA 1-443,SHASSA CC,1977AJ_____82__947S,no survey
BA 1-443,SHASSA C,1977AJ_____82__947S,no survey
BA 1-443,SHASSA Sm,1977AJ_____82__947S,no survey
HD  28436,SHASSA H,1987AJ_____93__688M,no survey
HD  28436,SHASSA CC,1987AJ_____93__688M,no survey
HD  28436,SHASSA C,1987AJ_____93__688M,no survey
HD  28436,SHASSA Sm,1987AJ_____93__688M,no survey
SZ 106,Mellinger Red,1977ApJS___35__161S,exception
SZ 106,Mellinger Green,1977ApJS___35__161S,exception
SZ 106,Mellinger Blue,1977ApJS___35__161S,exception
SZ 106,SHASSA H,1977ApJS___35__161S,no survey
SZ 106,SHASSA CC,1977ApJS___35__161S,no survey
SZ 106,SHASSA C,1977ApJS___35__161S,no survey
SZ 106,SHASSA Sm,1977ApJS___35__161S,no survey
GW 303.2-3.1,DSS,1992ApJ___390__108K,no survey
GW 303.2-3.1,DSS1 Blue,1992ApJ___390__108K,no survey
GW 303.2-3.1,DSS1 Red,1992ApJ___390__108K,no survey
GW 303.2-3.1,DSS2 Red,1992ApJ___390__108K,no survey
GW 303.2-3.1,DSS2 Blue,1992ApJ___390__108K,no survey
GW 303.2-3.1,DSS2 IR,1992ApJ___390__108K,no survey
Cl* NGC 2210   HNSW      10,DSS1 Blue,1992AJ____104__111H,no survey
Cl* NGC 2210   HNSW      10,DSS1 Red,1992AJ____104__111H,no survey
[G93c] 474,DSS1 Blue,1993ApJS___87__197G,no survey
[G93c] 474,DSS1 Red,1993ApJS___87__197G,no survey
[G93c] 474,DSS2 Blue,1993ApJS___87__197G,no survey
2E   437,Mellinger Red,1993ApJ___413__453N,exception
2E   437,Mellinger Green,1993ApJ___413__453N,exception
2E   437,Mellinger Blue,1993ApJ___413__453N,exception
2E   437,SHASSA H,1993ApJ___413__453N,no survey
2E   437,SHASSA CC,1993ApJ___413__453N,no survey
2E   437,SHASSA C,1993ApJ___413__453N,no survey
2E   437,SHASSA Sm,1993ApJ___413__453N,no survey
IC 4794,Mellinger Red,1989ApJS___70__139B,exception
IC 4794,Mellinger Green,1989ApJS___70__139B,exception
IC 4794,Mellinger Blue,1989ApJS___70__139B,exception
IC 4794,SHASSA H,1989ApJS___70__139B,no survey
IC 4794,SHASSA CC,1989ApJS___70__139B,no survey
IC 4794,SHASSA C,1989ApJS___70__139B,no survey
IC 4794,SHASSA Sm,1989ApJS___70__139B,no survey
QSO B0055-4139,DSS1 Blue,1992ApJ___394___51M,no survey
QSO B0055-4139,DSS1 Red,1992ApJ___394___51M,no survey
NGC  4606,WMAP V,1990ApJ___359____4V,no survey
[ZK64] 12,DSS,1964AJ_____69__759Z,no survey
[ZK64] 12,DSS1 Blue,1964AJ_____69__759Z,no survey
[ZK64] 12,DSS1 Red,1964AJ_____69__759Z,no survey
[ZK64] 12,DSS2 Red,1964AJ_____69__759Z,no survey
[ZK64] 12,DSS2 Blue,1964AJ_____69__759Z,no survey
[ZK64] 12,DSS2 IR,1964AJ_____69__759Z,no survey
HD 286898,Mellinger Red,1969AJ_____74____2V,exception
HD 286898,Mellinger Green,1969AJ_____74____2V,exception
HD 286898,Mellinger Blue,1969AJ_____74____2V,exception
HD 286898,SHASSA H,1969AJ_____74____2V,no survey
HD 286898,SHASSA CC,1969AJ_____74____2V,no survey
HD 286898,SHASSA C,1969AJ_____74____2V,no survey
HD 286898,SHASSA Sm,1969AJ_____74____2V,no survey
HD   6634,Mellinger Red,1961ApJ___134__809Y,exception
HD   6634,Mellinger Green,1961ApJ___134__809Y,exception
HD   6634,Mellinger Blue,1961ApJ___134__809Y,exception
HD   6634,SHASSA H,1961ApJ___134__809Y,no survey
HD   6634,SHASSA CC,1961ApJ___134__809Y,no survey
HD   6634,SHASSA C,1961ApJ___134__809Y,no survey
HD   6634,SHASSA Sm,1961ApJ___134__809Y,no survey
PN H  1-63,Mellinger Red,1996ApJS__104__101S,exception
PN H  1-63,Mellinger Green,1996ApJS__104__101S,exception
PN H  1-63,Mellinger Blue,1996ApJS__104__101S,exception
PN H  1-63,SHASSA H,1996ApJS__104__101S,no survey
PN H  1-63,SHASSA CC,1996ApJS__104__101S,no survey
PN H  1-63,SHASSA C,1996ApJS__104__101S,no survey
PN H  1-63,SHASSA Sm,1996ApJS__104__101S,no survey
M  58,CO,1988AJ_____96___30C,no survey
M  58,VLA FIRST (1.4 GHz),1988AJ_____96___30C,exception
M  58,Stripe82VLA,1988AJ_____96___30C,no survey
UCAC2   8008259,Mellinger Red,1967ApJS___14__154W,exception
UCAC2   8008259,Mellinger Green,1967ApJS___14__154W,exception
UCAC2   8008259,Mellinger Blue,1967ApJS___14__154W,exception
UCAC2   8008259,SHASSA H,1967ApJS___14__154W,no survey
UCAC2   8008259,SHASSA CC,1967ApJS___14__154W,no survey
UCAC2   8008259,SHASSA C,1967ApJS___14__154W,no survey
UCAC2   8008259,SHASSA Sm,1967ApJS___14__154W,no survey
CSI-38-17091,DSS1 Blue,1975AJ_____80__208V,no survey
CSI-38-17091,DSS1 Red,1975AJ_____80__208V,no survey
CSI-38-17091,DSS2 Blue,1975AJ_____80__208V,no survey
V* AY Cen,Mellinger Red,1966AJ_____71__916O,exception
V* AY Cen,Mellinger Green,1966AJ_____71__916O,exception
V* AY Cen,Mellinger Blue,1966AJ_____71__916O,exception
V* AY Cen,SHASSA H,1966AJ_____71__916O,no survey
V* AY Cen,SHASSA CC,1966AJ_____71__916O,no survey
V* AY Cen,SHASSA C,1966AJ_____71__916O,no survey
V* AY Cen,SHASSA Sm,1966AJ_____71__916O,no survey
CD-53  6551,Mellinger Red,1968AJ_____73__590D,exception
CD-53  6551,Mellinger Green,1968AJ_____73__590D,exception
CD-53  6551,Mellinger Blue,1968AJ_____73__590D,exception
CD-53  6551,SHASSA H,1968AJ_____73__590D,no survey
CD-53  6551,SHASSA CC,1968AJ_____73__590D,no survey
CD-53  6551,SHASSA C,1968AJ_____73__590D,no survey
CD-53  6551,SHASSA Sm,1968AJ_____73__590D,no survey
SB 793,Mellinger Red,1971AJ_____76__338S,exception
SB 793,Mellinger Green,1971AJ_____76__338S,exception
SB 793,Mellinger Blue,1971AJ_____76__338S,exception
SB 793,SHASSA H,1971AJ_____76__338S,no survey
SB 793,SHASSA CC,1971AJ_____76__338S,no survey
SB 793,SHASSA C,1971AJ_____76__338S,no survey
SB 793,SHASSA Sm,1971AJ_____76__338S,no survey
RX J175425.5-345341,DSS1 Blue,1995AJ____110_1229P,no survey
RX J175425.5-345341,DSS1 Red,1995AJ____110_1229P,no survey
RX J175425.5-345341,DSS2 Blue,1995AJ____110_1229P,no survey
LSPM J0622+5456,Mellinger Red,1991AJ____102__395H,exception
LSPM J0622+5456,Mellinger Green,1991AJ____102__395H,exception
LSPM J0622+5456,Mellinger Blue,1991AJ____102__395H,exception
LSPM J0622+5456,SHASSA H,1991AJ____102__395H,no survey
LSPM J0622+5456,SHASSA CC,1991AJ____102__395H,no survey
LSPM J0622+5456,SHASSA C,1991AJ____102__395H,no survey
LSPM J0622+5456,SHASSA Sm,1991AJ____102__395H,no survey
NVSS J200151+302905,SUMSS 843 MHz,1996ApJS__107__239T,no survey
TYC 8175-1147-1,DSS1 Blue,1982AJ_____87__794V,no survey
TYC 8175-1147-1,DSS1 Red,1982AJ_____87__794V,no survey
US 1232,Mellinger Red,1982ApJS___49___27U,exception
US 1232,Mellinger Green,1982ApJS___49___27U,exception
US 1232,Mellinger Blue,1982ApJS___49___27U,exception
US 1232,SHASSA H,1982ApJS___49___27U,no survey
US 1232,SHASSA CC,1982ApJS___49___27U,no survey
US 1232,SHASSA C,1982ApJS___49___27U,no survey
US 1232,SHASSA Sm,1982ApJS___49___27U,no survey
Cl* Melotte   25     VA     212,Mellinger Red,1969AJ_____74____2V,exception
Cl* Melotte   25     VA     212,Mellinger Green,1969AJ_____74____2V,exception
Cl* Melotte   25     VA     212,Mellinger Blue,1969AJ_____74____2V,exception
Cl* Melotte   25     VA     212,SHASSA H,1969AJ_____74____2V,no survey
Cl* Melotte   25     VA     212,SHASSA CC,1969AJ_____74____2V,no survey
Cl* Melotte   25     VA     212,SHASSA C,1969AJ_____74____2V,no survey
Cl* Melotte   25     VA     212,SHASSA Sm,1969AJ_____74____2V,no survey
BGLO Cen A Knot C,DSS1 Blue,1981ApJ___251___31F,no survey
BGLO Cen A Knot C,DSS1 Red,1981ApJ___251___31F,no survey
FRL  575,Mellinger Red,1997AJ____113__492C,exception
FRL  575,Mellinger Green,1997AJ____113__492C,exception
FRL  575,Mellinger Blue,1997AJ____113__492C,exception
FRL  575,SHASSA H,1997AJ____113__492C,no survey
FRL  575,SHASSA CC,1997AJ____113__492C,no survey
FRL  575,SHASSA C,1997AJ____113__492C,no survey
FRL  575,SHASSA Sm,1997AJ____113__492C,no survey
Cl* Trumpler   14      Y      31,Mellinger Red,1993AJ____105_1822C,exception
Cl* Trumpler   14      Y      31,Mellinger Green,1993AJ____105_1822C,exception
Cl* Trumpler   14      Y      31,Mellinger Blue,1993AJ____105_1822C,exception
Cl* Trumpler   14      Y      31,SHASSA H,1993AJ____105_1822C,no survey
Cl* Trumpler   14      Y      31,SHASSA CC,1993AJ____105_1822C,no survey
Cl* Trumpler   14      Y      31,SHASSA C,1993AJ____105_1822C,no survey
Cl* Trumpler   14      Y      31,SHASSA Sm,1993AJ____105_1822C,no survey
2MASX J12240490+0111236,Mellinger Red,1996ApJS__105__209I,exception
2MASX J12240490+0111236,Mellinger Green,1996ApJS__105__209I,exception
2MASX J12240490+0111236,Mellinger Blue,1996ApJS__105__209I,exception
2MASX J12240490+0111236,SHASSA H,1996ApJS__105__209I,no survey
2MASX J12240490+0111236,SHASSA CC,1996ApJS__105__209I,no survey
2MASX J12240490+0111236,SHASSA C,1996ApJS__105__209I,no survey
2MASX J12240490+0111236,SHASSA Sm,1996ApJS__105__209I,no survey
NGC   465,DSS1 Blue,1994ApJS___91__583H,no survey
NGC   465,DSS1 Red,1994ApJS___91__583H,no survey
NGC   129   119,Mellinger Red,1959ApJ___130___80A,exception
NGC   129   119,Mellinger Green,1959ApJ___130___80A,exception
NGC   129   119,Mellinger Blue,1959ApJ___130___80A,exception
NGC   129   119,SHASSA H,1959ApJ___130___80A,no survey
NGC   129   119,SHASSA CC,1959ApJ___130___80A,no survey
NGC   129   119,SHASSA C,1959ApJ___130___80A,no survey
NGC   129   119,SHASSA Sm,1959ApJ___130___80A,no survey
HD  37903,Mellinger Red,1984ApJ___281__708W,exception
HD  37903,Mellinger Green,1984ApJ___281__708W,exception
HD  37903,Mellinger Blue,1984ApJ___281__708W,exception
HD  37903,SHASSA H,1984ApJ___281__708W,no survey
HD  37903,SHASSA CC,1984ApJ___281__708W,no survey
HD  37903,SHASSA C,1984ApJ___281__708W,no survey
HD  37903,SHASSA Sm,1984ApJ___281__708W,no survey
NGC  4586,Mellinger Red,1980ApJ___236__112M,exception
NGC  4586,Mellinger Green,1980ApJ___236__112M,exception
NGC  4586,Mellinger Blue,1980ApJ___236__112M,exception
NGC  4586,SHASSA H,1980ApJ___236__112M,no survey
NGC  4586,SHASSA CC,1980ApJ___236__112M,no survey
NGC  4586,SHASSA C,1980ApJ___236__112M,no survey
NGC  4586,SHASSA Sm,1980ApJ___236__112M,no survey
RX J0133.8+3029,DSS1 Blue,1996ApJ___466__750L,no survey
M  82,IRAS  12 micron,1975ApJ___195___23G,no images
M  82,IRAS  25 micron,1975ApJ___195___23G,no images
M  82,IRAS  60 micron,1975ApJ___195___23G,no images
M  82,IRAS 100 micron,1975ApJ___195___23G,no survey
PGMW 1301,DSS1 Blue,1992AJ____103_1205P,no survey
PGMW 1301,DSS1 Red,1992AJ____103_1205P,no survey
NGC  1381,DSS1 Blue,1975AJ_____80___77W,no survey
NGC  1381,DSS1 Red,1975AJ_____80___77W,no survey
SNR G130.7+03.1,SUMSS 843 MHz,1990ApJ___357__138V,no survey
SB 179,DSS1 Blue,1971AJ_____76__338S,no survey
2MASX J12552447-1301093,Mellinger Red,1996AJ____111__603Q,exception
2MASX J12552447-1301093,Mellinger Green,1996AJ____111__603Q,exception
2MASX J12552447-1301093,Mellinger Blue,1996AJ____111__603Q,exception
2MASX J12552447-1301093,SHASSA H,1996AJ____111__603Q,no survey
2MASX J12552447-1301093,SHASSA CC,1996AJ____111__603Q,no survey
2MASX J12552447-1301093,SHASSA C,1996AJ____111__603Q,no survey
2MASX J12552447-1301093,SHASSA Sm,1996AJ____111__603Q,no survey
Cl* NGC 6352     SN      89,DSS,1994ApJS___93__161S,no survey
Cl* NGC 6352     SN      89,DSS1 Blue,1994ApJS___93__161S,no survey
Cl* NGC 6352     SN      89,DSS1 Red,1994ApJS___93__161S,no survey
Cl* NGC 6352     SN      89,DSS2 Red,1994ApJS___93__161S,no survey
Cl* NGC 6352     SN      89,DSS2 Blue,1994ApJS___93__161S,no survey
Cl* NGC 6352     SN      89,DSS2 IR,1994ApJS___93__161S,no survey
LEDA   43626,Mellinger Red,1989AJ_____98_1542B,exception
LEDA   43626,Mellinger Green,1989AJ_____98_1542B,exception
LEDA   43626,Mellinger Blue,1989AJ_____98_1542B,exception
LEDA   43626,SHASSA H,1989AJ_____98_1542B,no survey
LEDA   43626,SHASSA CC,1989AJ_____98_1542B,no survey
LEDA   43626,SHASSA C,1989AJ_____98_1542B,no survey
LEDA   43626,SHASSA Sm,1989AJ_____98_1542B,no survey
IREC 199,VLA FIRST (1.4 GHz),1988ApJ___334__815D,no survey
IREC 199,Stripe82VLA,1988ApJ___334__815D,no survey
IC 1613,Mellinger Red,1994AJ____107__118B,exception
IC 1613,Mellinger Green,1994AJ____107__118B,exception
IC 1613,Mellinger Blue,1994AJ____107__118B,exception
IC 1613,SHASSA H,1994AJ____107__118B,no survey
IC 1613,SHASSA CC,1994AJ____107__118B,no survey
IC 1613,SHASSA C,1994AJ____107__118B,no survey
IC 1613,SHASSA Sm,1994AJ____107__118B,no survey
2E 1022.1-5730,DSS1 Blue,1987ApJ___322__349G,no survey
2E 1022.1-5730,DSS1 Red,1987ApJ___322__349G,no survey
2E 1022.1-5730,DSS2 Blue,1987ApJ___322__349G,no survey
[FLY99]  656,Mellinger Red,1996AJ____112_1335W,exception
[FLY99]  656,Mellinger Green,1996AJ____112_1335W,exception
[FLY99]  656,Mellinger Blue,1996AJ____112_1335W,exception
[FLY99]  656,SHASSA H,1996AJ____112_1335W,no survey
[FLY99]  656,SHASSA CC,1996AJ____112_1335W,no survey
[FLY99]  656,SHASSA C,1996AJ____112_1335W,no survey
[FLY99]  656,SHASSA Sm,1996AJ____112_1335W,no survey
NGC  6259  4032,Mellinger Red,1989AJ_____97_1048A,exception
NGC  6259  4032,Mellinger Green,1989AJ_____97_1048A,exception
NGC  6259  4032,Mellinger Blue,1989AJ_____97_1048A,exception
NGC  6259  4032,SHASSA H,1989AJ_____97_1048A,no survey
NGC  6259  4032,SHASSA CC,1989AJ_____97_1048A,no survey
NGC  6259  4032,SHASSA C,1989AJ_____97_1048A,no survey
NGC  6259  4032,SHASSA Sm,1989AJ_____97_1048A,no survey
CGG* SGP 164,Mellinger Red,1988AJ_____95__739C,exception
CGG* SGP 164,Mellinger Green,1988AJ_____95__739C,exception
CGG* SGP 164,Mellinger Blue,1988AJ_____95__739C,exception
CGG* SGP 164,SHASSA H,1988AJ_____95__739C,no survey
CGG* SGP 164,SHASSA CC,1988AJ_____95__739C,no survey
CGG* SGP 164,SHASSA C,1988AJ_____95__739C,no survey
CGG* SGP 164,SHASSA Sm,1988AJ_____95__739C,no survey
NVSS J212109+480147,SUMSS 843 MHz,1996ApJS__107__239T,no survey
GCIRS 16,DSS2 Blue,1996AJ____111_1908S,no survey
NGC  5253,WISE 3.4,1996ApJ___462__651L,no survey
NGC  2889,Mellinger Red,1980AJ_____85__637D,exception
NGC  2889,Mellinger Green,1980AJ_____85__637D,exception
NGC  2889,Mellinger Blue,1980AJ_____85__637D,exception
NGC  2889,SHASSA H,1980AJ_____85__637D,no survey
NGC  2889,SHASSA CC,1980AJ_____85__637D,no survey
NGC  2889,SHASSA C,1980AJ_____85__637D,no survey
NGC  2889,SHASSA Sm,1980AJ_____85__637D,no survey
HD  16160B,UKIDSS-1-0S1,1996ApJ___458L__41R,no survey
COUP J053514.0-052222,SUMSS 843 MHz,1995ApJ___445L_157M,no survey
COUP J053514.0-052222,WENSS,1995ApJ___445L_157M,no survey
2dFGRS TGS551Z260,DSS1 Blue,1990ApJS___72__715T,no survey
2dFGRS TGS551Z260,DSS1 Red,1990ApJS___72__715T,no survey
LEDA   39333,Mellinger Red,1983ApJS___53__375R,exception
LEDA   39333,Mellinger Green,1983ApJS___53__375R,exception
LEDA   39333,Mellinger Blue,1983ApJS___53__375R,exception
LEDA   39333,SHASSA H,1983ApJS___53__375R,no survey
LEDA   39333,SHASSA CC,1983ApJS___53__375R,no survey
LEDA   39333,SHASSA C,1983ApJS___53__375R,no survey
LEDA   39333,SHASSA Sm,1983ApJS___53__375R,no survey
[MTG95] A-158,DSS,1995AJ____109__173M,no survey
[MTG95] A-158,DSS1 Blue,1995AJ____109__173M,no survey
[MTG95] A-158,DSS1 Red,1995AJ____109__173M,no survey
[MTG95] A-158,DSS2 Red,1995AJ____109__173M,no survey
[MTG95] A-158,DSS2 Blue,1995AJ____109__173M,no survey
[MTG95] A-158,DSS2 IR,1995AJ____109__173M,no survey
BMB-O  68,Mellinger Red,1980ApJ___242__938B,exception
BMB-O  68,Mellinger Green,1980ApJ___242__938B,exception
BMB-O  68,Mellinger Blue,1980ApJ___242__938B,exception
BMB-O  68,SHASSA H,1980ApJ___242__938B,no survey
BMB-O  68,SHASSA CC,1980ApJ___242__938B,no survey
BMB-O  68,SHASSA C,1980ApJ___242__938B,no survey
BMB-O  68,SHASSA Sm,1980ApJ___242__938B,no survey
* gam Sge,Mellinger Red,1977ApJ___211__527W,exception
* gam Sge,Mellinger Green,1977ApJ___211__527W,exception
* gam Sge,Mellinger Blue,1977ApJ___211__527W,exception
* gam Sge,SHASSA H,1977ApJ___211__527W,no survey
* gam Sge,SHASSA CC,1977ApJ___211__527W,no survey
* gam Sge,SHASSA C,1977ApJ___211__527W,no survey
* gam Sge,SHASSA Sm,1977ApJ___211__527W,no survey
UGC  5005,Mellinger Red,1986AJ_____91__705B,exception
UGC  5005,Mellinger Green,1986AJ_____91__705B,exception
UGC  5005,Mellinger Blue,1986AJ_____91__705B,exception
UGC  5005,SHASSA H,1986AJ_____91__705B,no survey
UGC  5005,SHASSA CC,1986AJ_____91__705B,no survey
UGC  5005,SHASSA C,1986AJ_____91__705B,no survey
UGC  5005,SHASSA Sm,1986AJ_____91__705B,no survey
Cl* NGC 3603    MDS      B,Mellinger Red,1973ApJ___182L__21W,exception
Cl* NGC 3603    MDS      B,Mellinger Green,1973ApJ___182L__21W,exception
Cl* NGC 3603    MDS      B,Mellinger Blue,1973ApJ___182L__21W,exception
Cl* NGC 3603    MDS      B,SHASSA H,1973ApJ___182L__21W,no survey
Cl* NGC 3603    MDS      B,SHASSA CC,1973ApJ___182L__21W,no survey
Cl* NGC 3603    MDS      B,SHASSA C,1973ApJ___182L__21W,no survey
Cl* NGC 3603    MDS      B,SHASSA Sm,1973ApJ___182L__21W,no survey
[VV96] J012252.4+030829,Mellinger Red,1978ApJ___221__468S,exception
[VV96] J012252.4+030829,Mellinger Green,1978ApJ___221__468S,exception
[VV96] J012252.4+030829,Mellinger Blue,1978ApJ___221__468S,exception
[VV96] J012252.4+030829,SHASSA H,1978ApJ___221__468S,no survey
[VV96] J012252.4+030829,SHASSA CC,1978ApJ___221__468S,no survey
[VV96] J012252.4+030829,SHASSA C,1978ApJ___221__468S,no survey
[VV96] J012252.4+030829,SHASSA Sm,1978ApJ___221__468S,no survey
ESO 302-9,DSS1 Blue,1989AJ_____98__367F,no survey
ESO 302-9,DSS1 Red,1989AJ_____98__367F,no survey
* e Cyg,Mellinger Red,1971ApJ___163___75S,exception
* e Cyg,Mellinger Green,1971ApJ___163___75S,exception
* e Cyg,Mellinger Blue,1971ApJ___163___75S,exception
* e Cyg,SHASSA H,1971ApJ___163___75S,no survey
* e Cyg,SHASSA CC,1971ApJ___163___75S,no survey
* e Cyg,SHASSA C,1971ApJ___163___75S,no survey
* e Cyg,SHASSA Sm,1971ApJ___163___75S,no survey
[OM95] LH 48-154,DSS1 Blue,1995ApJ___452__210O,no survey
[OM95] LH 48-154,DSS1 Red,1995ApJ___452__210O,no survey
MR 112,Mellinger Red,1996ApJS__107__239T,exception
MR 112,Mellinger Green,1996ApJS__107__239T,exception
MR 112,Mellinger Blue,1996ApJS__107__239T,exception
MR 112,SHASSA H,1996ApJS__107__239T,no survey
MR 112,SHASSA CC,1996ApJS__107__239T,no survey
MR 112,SHASSA C,1996ApJS__107__239T,no survey
MR 112,SHASSA Sm,1996ApJS__107__239T,no survey
NGC  6611   201,DSS2 Blue,1993AJ____106_1906H,no survey
NGC  6656  3047,DSS2 Blue,1996AJ____112__574C,no survey
CBS 145,Mellinger Red,1988ApJS___66__297P,exception
CBS 145,Mellinger Green,1988ApJS___66__297P,exception
CBS 145,Mellinger Blue,1988ApJS___66__297P,exception
CBS 145,SHASSA H,1988ApJS___66__297P,no survey
CBS 145,SHASSA CC,1988ApJS___66__297P,no survey
CBS 145,SHASSA C,1988ApJS___66__297P,no survey
CBS 145,SHASSA Sm,1988ApJS___66__297P,no survey
* mu. Lep,Mellinger Red,1958ApJS____3__141B,exception
* mu. Lep,Mellinger Green,1958ApJS____3__141B,exception
* mu. Lep,Mellinger Blue,1958ApJS____3__141B,exception
* mu. Lep,SHASSA H,1958ApJS____3__141B,no survey
* mu. Lep,SHASSA CC,1958ApJS____3__141B,no survey
* mu. Lep,SHASSA C,1958ApJS____3__141B,no survey
* mu. Lep,SHASSA Sm,1958ApJS____3__141B,no survey
GPSR 025.046+0.673,DSS,1990ApJS___74__181Z,no survey
GPSR 025.046+0.673,DSS1 Blue,1990ApJS___74__181Z,no survey
GPSR 025.046+0.673,DSS1 Red,1990ApJS___74__181Z,no survey
GPSR 025.046+0.673,DSS2 Red,1990ApJS___74__181Z,no survey
GPSR 025.046+0.673,DSS2 Blue,1990ApJS___74__181Z,no survey
GPSR 025.046+0.673,DSS2 IR,1990ApJS___74__181Z,no survey
HD 170637,Mellinger Red,1984ApJS___55__101C,exception
HD 170637,Mellinger Green,1984ApJS___55__101C,exception
HD 170637,Mellinger Blue,1984ApJS___55__101C,exception
HD 170637,SHASSA H,1984ApJS___55__101C,no survey
HD 170637,SHASSA CC,1984ApJS___55__101C,no survey
HD 170637,SHASSA C,1984ApJS___55__101C,no survey
HD 170637,SHASSA Sm,1984ApJS___55__101C,no survey
SZ  44,Mellinger Red,1993ApJ___416__623F,exception
SZ  44,Mellinger Green,1993ApJ___416__623F,exception
SZ  44,Mellinger Blue,1993ApJ___416__623F,exception
SZ  44,SHASSA H,1993ApJ___416__623F,no survey
SZ  44,SHASSA CC,1993ApJ___416__623F,no survey
SZ  44,SHASSA C,1993ApJ___416__623F,no survey
SZ  44,SHASSA Sm,1993ApJ___416__623F,no survey
SH  2-145,Mellinger Red,1988ApJ___334__815D,exception
SH  2-145,Mellinger Green,1988ApJ___334__815D,exception
SH  2-145,Mellinger Blue,1988ApJ___334__815D,exception
SH  2-145,SHASSA H,1988ApJ___334__815D,no survey
SH  2-145,SHASSA CC,1988ApJ___334__815D,no survey
SH  2-145,SHASSA C,1988ApJ___334__815D,no survey
SH  2-145,SHASSA Sm,1988ApJ___334__815D,no survey
LBN    29,DSS2 Blue,1996ApJ___466__191H,no survey
2MASX J12443766-4552099,Mellinger Red,1989AJ_____97_1556V,exception
2MASX J12443766-4552099,Mellinger Green,1989AJ_____97_1556V,exception
2MASX J12443766-4552099,Mellinger Blue,1989AJ_____97_1556V,exception
2MASX J12443766-4552099,SHASSA H,1989AJ_____97_1556V,no survey
2MASX J12443766-4552099,SHASSA CC,1989AJ_____97_1556V,no survey
2MASX J12443766-4552099,SHASSA C,1989AJ_____97_1556V,no survey
2MASX J12443766-4552099,SHASSA Sm,1989AJ_____97_1556V,no survey
SV* HV  2683,Mellinger Red,1995AJ____109_1653A,exception
SV* HV  2683,Mellinger Green,1995AJ____109_1653A,exception
SV* HV  2683,Mellinger Blue,1995AJ____109_1653A,exception
SV* HV  2683,SHASSA H,1995AJ____109_1653A,no survey
SV* HV  2683,SHASSA CC,1995AJ____109_1653A,no survey
SV* HV  2683,SHASSA C,1995AJ____109_1653A,no survey
SV* HV  2683,SHASSA Sm,1995AJ____109_1653A,no survey
V* AD Leo,SHASSA H,1974AJ_____79__702V,no survey
V* AD Leo,SHASSA CC,1974AJ_____79__702V,no survey
V* AD Leo,SHASSA C,1974AJ_____79__702V,no survey
V* AD Leo,SHASSA Sm,1974AJ_____79__702V,no survey
2MASX J02220023+8619522,Mellinger Red,1973ApJ___179L__83M,exception
2MASX J02220023+8619522,Mellinger Green,1973ApJ___179L__83M,exception
2MASX J02220023+8619522,Mellinger Blue,1973ApJ___179L__83M,exception
2MASX J02220023+8619522,SHASSA H,1973ApJ___179L__83M,no survey
2MASX J02220023+8619522,SHASSA CC,1973ApJ___179L__83M,no survey
2MASX J02220023+8619522,SHASSA C,1973ApJ___179L__83M,no survey
2MASX J02220023+8619522,SHASSA Sm,1973ApJ___179L__83M,no survey
LF  1 B  21,SHASSA H,1959ApJ___130__178W,no survey
LF  1 B  21,SHASSA CC,1959ApJ___130__178W,no survey
LF  1 B  21,SHASSA C,1959ApJ___130__178W,no survey
LF  1 B  21,SHASSA Sm,1959ApJ___130__178W,no survey
SHV 0538405-693056,Mellinger Red,1989AJ_____97_1634H,exception
SHV 0538405-693056,Mellinger Green,1989AJ_____97_1634H,exception
SHV 0538405-693056,Mellinger Blue,1989AJ_____97_1634H,exception
SHV 0538405-693056,SHASSA H,1989AJ_____97_1634H,no survey
SHV 0538405-693056,SHASSA CC,1989AJ_____97_1634H,no survey
SHV 0538405-693056,SHASSA C,1989AJ_____97_1634H,no survey
SHV 0538405-693056,SHASSA Sm,1989AJ_____97_1634H,no survey
[CHH92] 6163,DSS,1992AJ____104_1721C,no survey
[CHH92] 6163,DSS1 Blue,1992AJ____104_1721C,no survey
[CHH92] 6163,DSS1 Red,1992AJ____104_1721C,no survey
[CHH92] 6163,DSS2 Red,1992AJ____104_1721C,no survey
[CHH92] 6163,DSS2 Blue,1992AJ____104_1721C,no survey
[CHH92] 6163,DSS2 IR,1992AJ____104_1721C,no survey
US 3786,Mellinger Red,1988ApJS___66____1U,exception
US 3786,Mellinger Green,1988ApJS___66____1U,exception
US 3786,Mellinger Blue,1988ApJS___66____1U,exception
US 3786,SHASSA H,1988ApJS___66____1U,no survey
US 3786,SHASSA CC,1988ApJS___66____1U,no survey
US 3786,SHASSA C,1988ApJS___66____1U,no survey
US 3786,SHASSA Sm,1988ApJS___66____1U,no survey
PGMW 1121,DSS1 Blue,1992AJ____103_1205P,no survey
PGMW 1121,DSS1 Red,1992AJ____103_1205P,no survey
V* V603 Aql,Mellinger Red,1993ApJ___412__278W,exception
V* V603 Aql,Mellinger Green,1993ApJ___412__278W,exception
V* V603 Aql,Mellinger Blue,1993ApJ___412__278W,exception
V* V603 Aql,SHASSA H,1993ApJ___412__278W,no survey
V* V603 Aql,SHASSA CC,1993ApJ___412__278W,no survey
V* V603 Aql,SHASSA C,1993ApJ___412__278W,no survey
V* V603 Aql,SHASSA Sm,1993ApJ___412__278W,no survey
ACO  1190,Mellinger Red,1985AJ_____90_1413B,exception
ACO  1190,Mellinger Green,1985AJ_____90_1413B,exception
ACO  1190,Mellinger Blue,1985AJ_____90_1413B,exception
ACO  1190,SHASSA H,1985AJ_____90_1413B,no survey
ACO  1190,SHASSA CC,1985AJ_____90_1413B,no survey
ACO  1190,SHASSA C,1985AJ_____90_1413B,no survey
ACO  1190,SHASSA Sm,1985AJ_____90_1413B,no survey
HD 198197,Mellinger Red,1991ApJ___383__714S,exception
HD 198197,Mellinger Green,1991ApJ___383__714S,exception
HD 198197,Mellinger Blue,1991ApJ___383__714S,exception
HD 198197,SHASSA H,1991ApJ___383__714S,no survey
HD 198197,SHASSA CC,1991ApJ___383__714S,no survey
HD 198197,SHASSA C,1991ApJ___383__714S,no survey
HD 198197,SHASSA Sm,1991ApJ___383__714S,no survey
M   5,Mellinger Red,1977ApJ___214___21K,exception
M   5,Mellinger Green,1977ApJ___214___21K,exception
M   5,Mellinger Blue,1977ApJ___214___21K,exception
M   5,SHASSA H,1977ApJ___214___21K,no survey
M   5,SHASSA CC,1977ApJ___214___21K,no survey
M   5,SHASSA C,1977ApJ___214___21K,no survey
M   5,SHASSA Sm,1977ApJ___214___21K,no survey
NGC  5541,Mellinger Red,1987ApJS___63__809S,exception
NGC  5541,Mellinger Green,1987ApJS___63__809S,exception
NGC  5541,Mellinger Blue,1987ApJS___63__809S,exception
NGC  5541,SHASSA H,1987ApJS___63__809S,no survey
NGC  5541,SHASSA CC,1987ApJS___63__809S,no survey
NGC  5541,SHASSA C,1987ApJS___63__809S,no survey
NGC  5541,SHASSA Sm,1987ApJS___63__809S,no survey
ICRF J081522.9+015459,VLA FIRST (1.4 GHz),1995ApJS___97__347G,no survey
ICRF J081522.9+015459,Stripe82VLA,1995ApJS___97__347G,no survey
Cl* NGC 2070     MH     535,Mellinger Red,1994AJ____107_1054M,exception
Cl* NGC 2070     MH     535,Mellinger Green,1994AJ____107_1054M,exception
Cl* NGC 2070     MH     535,Mellinger Blue,1994AJ____107_1054M,exception
Cl* NGC 2070     MH     535,SHASSA H,1994AJ____107_1054M,no survey
Cl* NGC 2070     MH     535,SHASSA CC,1994AJ____107_1054M,no survey
Cl* NGC 2070     MH     535,SHASSA C,1994AJ____107_1054M,no survey
Cl* NGC 2070     MH     535,SHASSA Sm,1994AJ____107_1054M,no survey
Ass Cha T 1-10,DSS1 Blue,1977ApJS___35__161S,no survey
Ass Cha T 1-10,DSS1 Red,1977ApJS___35__161S,no survey
SDSS J140811.40+485344.4,Mellinger Red,1996AJ____111_2141S,exception
SDSS J140811.40+485344.4,Mellinger Green,1996AJ____111_2141S,exception
SDSS J140811.40+485344.4,Mellinger Blue,1996AJ____111_2141S,exception
SDSS J140811.40+485344.4,SHASSA H,1996AJ____111_2141S,no survey
SDSS J140811.40+485344.4,SHASSA CC,1996AJ____111_2141S,no survey
SDSS J140811.40+485344.4,SHASSA C,1996AJ____111_2141S,no survey
SDSS J140811.40+485344.4,SHASSA Sm,1996AJ____111_2141S,no survey
[SC95] M 616,DSS2 Blue,1995ApJS___96__605S,no survey
QSO J1244+1721B,Mellinger Red,1984ApJS___54__495G,exception
QSO J1244+1721B,Mellinger Green,1984ApJS___54__495G,exception
QSO J1244+1721B,Mellinger Blue,1984ApJS___54__495G,exception
QSO J1244+1721B,SHASSA H,1984ApJS___54__495G,no survey
QSO J1244+1721B,SHASSA CC,1984ApJS___54__495G,no survey
QSO J1244+1721B,SHASSA C,1984ApJS___54__495G,no survey
QSO J1244+1721B,SHASSA Sm,1984ApJS___54__495G,no survey
NGC  3921,Mellinger Red,1997AJ____114_2381M,exception
NGC  3921,Mellinger Green,1997AJ____114_2381M,exception
NGC  3921,Mellinger Blue,1997AJ____114_2381M,exception
NGC  3921,SHASSA H,1997AJ____114_2381M,no survey
NGC  3921,SHASSA CC,1997AJ____114_2381M,no survey
NGC  3921,SHASSA C,1997AJ____114_2381M,no survey
NGC  3921,SHASSA Sm,1997AJ____114_2381M,no survey
NGC  4088,Mellinger Red,1960ApJ___131__215V,exception
NGC  4088,Mellinger Green,1960ApJ___131__215V,exception
NGC  4088,Mellinger Blue,1960ApJ___131__215V,exception
NGC  4088,SHASSA H,1960ApJ___131__215V,no survey
NGC  4088,SHASSA CC,1960ApJ___131__215V,no survey
NGC  4088,SHASSA C,1960ApJ___131__215V,no survey
NGC  4088,SHASSA Sm,1960ApJ___131__215V,no survey
LIN 193,Mellinger Red,1987ApJ___317__152B,exception
LIN 193,Mellinger Green,1987ApJ___317__152B,exception
LIN 193,Mellinger Blue,1987ApJ___317__152B,exception
LIN 193,SHASSA H,1987ApJ___317__152B,no survey
LIN 193,SHASSA CC,1987ApJ___317__152B,no survey
LIN 193,SHASSA C,1987ApJ___317__152B,no survey
LIN 193,SHASSA Sm,1987ApJ___317__152B,no survey
2MASX J16554861+6716569,Mellinger Red,1988ApJ___330___51B,exception
2MASX J16554861+6716569,Mellinger Green,1988ApJ___330___51B,exception
2MASX J16554861+6716569,Mellinger Blue,1988ApJ___330___51B,exception
2MASX J16554861+6716569,SHASSA H,1988ApJ___330___51B,no survey
2MASX J16554861+6716569,SHASSA CC,1988ApJ___330___51B,no survey
2MASX J16554861+6716569,SHASSA C,1988ApJ___330___51B,no survey
2MASX J16554861+6716569,SHASSA Sm,1988ApJ___330___51B,no survey
2MASS J04565079-6629367,DSS1 Blue,1992AJ____103_1205P,no survey
2MASS J04565079-6629367,DSS1 Red,1992AJ____103_1205P,no survey
HD 172535,Mellinger Red,1975ApJS___29__397H,exception
HD 172535,Mellinger Green,1975ApJS___29__397H,exception
HD 172535,Mellinger Blue,1975ApJS___29__397H,exception
HD 172535,SHASSA H,1975ApJS___29__397H,no survey
HD 172535,SHASSA CC,1975ApJS___29__397H,no survey
HD 172535,SHASSA C,1975ApJS___29__397H,no survey
HD 172535,SHASSA Sm,1975ApJS___29__397H,no survey
NGC  6705   800,DSS1 Blue,1956ApJ___124___81J,no survey
NGC  6705   800,DSS2 Blue,1956ApJ___124___81J,no survey
* gam Cep,Mellinger Red,1971ApJ___163___75S,exception
* gam Cep,Mellinger Green,1971ApJ___163___75S,exception
* gam Cep,Mellinger Blue,1971ApJ___163___75S,exception
* gam Cep,SHASSA H,1971ApJ___163___75S,no survey
* gam Cep,SHASSA CC,1971ApJ___163___75S,no survey
* gam Cep,SHASSA C,1971ApJ___163___75S,no survey
* gam Cep,SHASSA Sm,1971ApJ___163___75S,no survey
TYC  477-1085-1,Mellinger Red,1949ApJ___109__426M,exception
TYC  477-1085-1,Mellinger Green,1949ApJ___109__426M,exception
TYC  477-1085-1,Mellinger Blue,1949ApJ___109__426M,exception
TYC  477-1085-1,SHASSA H,1949ApJ___109__426M,no survey
TYC  477-1085-1,SHASSA CC,1949ApJ___109__426M,no survey
TYC  477-1085-1,SHASSA C,1949ApJ___109__426M,no survey
TYC  477-1085-1,SHASSA Sm,1949ApJ___109__426M,no survey
2MASX J03481433-5441052,Mellinger Red,1995ApJS___96___39B,exception
2MASX J03481433-5441052,Mellinger Green,1995ApJS___96___39B,exception
2MASX J03481433-5441052,Mellinger Blue,1995ApJS___96___39B,exception
2MASX J03481433-5441052,SHASSA H,1995ApJS___96___39B,no survey
2MASX J03481433-5441052,SHASSA CC,1995ApJS___96___39B,no survey
2MASX J03481433-5441052,SHASSA C,1995ApJS___96___39B,no survey
2MASX J03481433-5441052,SHASSA Sm,1995ApJS___96___39B,no survey
[LM93] 574,DSS,1993AJ____106___66L,no survey
[LM93] 574,DSS1 Blue,1993AJ____106___66L,no survey
[LM93] 574,DSS1 Red,1993AJ____106___66L,no survey
[LM93] 574,DSS2 Red,1993AJ____106___66L,no survey
[LM93] 574,DSS2 Blue,1993AJ____106___66L,no survey
[LM93] 574,DSS2 IR,1993AJ____106___66L,no survey
[O96] D301SE-89,Mellinger Red,1996ApJS__104___71O,exception
[O96] D301SE-89,Mellinger Green,1996ApJS__104___71O,exception
[O96] D301SE-89,Mellinger Blue,1996ApJS__104___71O,exception
[O96] D301SE-89,SHASSA H,1996ApJS__104___71O,no survey
[O96] D301SE-89,SHASSA CC,1996ApJS__104___71O,no survey
[O96] D301SE-89,SHASSA C,1996ApJS__104___71O,no survey
[O96] D301SE-89,SHASSA Sm,1996ApJS__104___71O,no survey
Mrk  454,Mellinger Red,1989ApJS___70__271B,exception
Mrk  454,Mellinger Green,1989ApJS___70__271B,exception
Mrk  454,Mellinger Blue,1989ApJS___70__271B,exception
Mrk  454,SHASSA H,1989ApJS___70__271B,no survey
Mrk  454,SHASSA CC,1989ApJS___70__271B,no survey
Mrk  454,SHASSA C,1989ApJS___70__271B,no survey
Mrk  454,SHASSA Sm,1989ApJS___70__271B,no survey
Cl* NGC 6838     KC     155,Mellinger Red,1985AJ_____90___65C,exception
Cl* NGC 6838     KC     155,Mellinger Green,1985AJ_____90___65C,exception
Cl* NGC 6838     KC     155,Mellinger Blue,1985AJ_____90___65C,exception
Cl* NGC 6838     KC     155,SHASSA H,1985AJ_____90___65C,no survey
Cl* NGC 6838     KC     155,SHASSA CC,1985AJ_____90___65C,no survey
Cl* NGC 6838     KC     155,SHASSA C,1985AJ_____90___65C,no survey
Cl* NGC 6838     KC     155,SHASSA Sm,1985AJ_____90___65C,no survey
ESO 205-9,Mellinger Red,1986AJ_____91___65J,exception
ESO 205-9,Mellinger Green,1986AJ_____91___65J,exception
ESO 205-9,Mellinger Blue,1986AJ_____91___65J,exception
ESO 205-9,SHASSA H,1986AJ_____91___65J,no survey
ESO 205-9,SHASSA CC,1986AJ_____91___65J,no survey
ESO 205-9,SHASSA C,1986AJ_____91___65J,no survey
ESO 205-9,SHASSA Sm,1986AJ_____91___65J,no survey
IRAS 19473+2421,SUMSS 843 MHz,1996ApJS__107__239T,no survey
IRAS 19473+2421,WENSS,1996ApJS__107__239T,no survey
HD 219460,Mellinger Red,1974ApJ___189__269W,exception
HD 219460,Mellinger Green,1974ApJ___189__269W,exception
HD 219460,Mellinger Blue,1974ApJ___189__269W,exception
HD 219460,SHASSA H,1974ApJ___189__269W,no survey
HD 219460,SHASSA CC,1974ApJ___189__269W,no survey
HD 219460,SHASSA C,1974ApJ___189__269W,no survey
HD 219460,SHASSA Sm,1974ApJ___189__269W,no survey
HD  93204,Mellinger Red,1993AJ____105__980M,exception
HD  93204,Mellinger Green,1993AJ____105__980M,exception
HD  93204,Mellinger Blue,1993AJ____105__980M,exception
HD  93204,SHASSA H,1993AJ____105__980M,no survey
HD  93204,SHASSA CC,1993AJ____105__980M,no survey
HD  93204,SHASSA C,1993AJ____105__980M,no survey
HD  93204,SHASSA Sm,1993AJ____105__980M,no survey
[HSH95]  9943,DSS,1996ApJ___466__254B,no survey
[HSH95]  9943,DSS1 Blue,1996ApJ___466__254B,no survey
[HSH95]  9943,DSS1 Red,1996ApJ___466__254B,no survey
[HSH95]  9943,DSS2 Red,1996ApJ___466__254B,no survey
[HSH95]  9943,DSS2 Blue,1996ApJ___466__254B,no survey
[HSH95]  9943,DSS2 IR,1996ApJ___466__254B,no survey
Cl* NGC 7419    BMD     840,DSS,1994ApJS___93__187B,no survey
Cl* NGC 7419    BMD     840,DSS1 Blue,1994ApJS___93__187B,no survey
Cl* NGC 7419    BMD     840,DSS1 Red,1994ApJS___93__187B,no survey
Cl* NGC 7419    BMD     840,DSS2 Red,1994ApJS___93__187B,no survey
Cl* NGC 7419    BMD     840,DSS2 Blue,1994ApJS___93__187B,no survey
Cl* NGC 7419    BMD     840,DSS2 IR,1994ApJS___93__187B,no survey
LHA 120-N  30C,DSS1 Blue,1996ApJ___465__231O,no survey
LHA 120-N  30C,DSS1 Red,1996ApJ___465__231O,no survey
LHA 120-N  30C,DSS2 Blue,1996ApJ___465__231O,no survey
2MASX J13012280+2811456,Mellinger Red,1997AJ____113__492C,exception
2MASX J13012280+2811456,Mellinger Green,1997AJ____113__492C,exception
2MASX J13012280+2811456,Mellinger Blue,1997AJ____113__492C,exception
2MASX J13012280+2811456,SHASSA H,1997AJ____113__492C,no survey
2MASX J13012280+2811456,SHASSA CC,1997AJ____113__492C,no survey
2MASX J13012280+2811456,SHASSA C,1997AJ____113__492C,no survey
2MASX J13012280+2811456,SHASSA Sm,1997AJ____113__492C,no survey
V* V1538 Ori,Mellinger Red,1995AJ____109__709A,exception
V* V1538 Ori,Mellinger Green,1995AJ____109__709A,exception
V* V1538 Ori,Mellinger Blue,1995AJ____109__709A,exception
V* V1538 Ori,SHASSA H,1995AJ____109__709A,no survey
V* V1538 Ori,SHASSA CC,1995AJ____109__709A,no survey
V* V1538 Ori,SHASSA C,1995AJ____109__709A,no survey
V* V1538 Ori,SHASSA Sm,1995AJ____109__709A,no survey
ESO 425-4,Mellinger Red,1995ApJS___96___39B,exception
ESO 425-4,Mellinger Green,1995ApJS___96___39B,exception
ESO 425-4,Mellinger Blue,1995ApJS___96___39B,exception
ESO 425-4,SHASSA H,1995ApJS___96___39B,no survey
ESO 425-4,SHASSA CC,1995ApJS___96___39B,no survey
ESO 425-4,SHASSA C,1995ApJS___96___39B,no survey
ESO 425-4,SHASSA Sm,1995ApJS___96___39B,no survey
2MASS J05341036-0519391,Mellinger Red,1995AJ____109__709A,exception
2MASS J05341036-0519391,Mellinger Green,1995AJ____109__709A,exception
2MASS J05341036-0519391,Mellinger Blue,1995AJ____109__709A,exception
2MASS J05341036-0519391,SHASSA H,1995AJ____109__709A,no survey
2MASS J05341036-0519391,SHASSA CC,1995AJ____109__709A,no survey
2MASS J05341036-0519391,SHASSA C,1995AJ____109__709A,no survey
2MASS J05341036-0519391,SHASSA Sm,1995AJ____109__709A,no survey
Cl* Palomar    5    OGD       4,Mellinger Red,1977AJ_____82__459S,exception
Cl* Palomar    5    OGD       4,Mellinger Green,1977AJ_____82__459S,exception
Cl* Palomar    5    OGD       4,Mellinger Blue,1977AJ_____82__459S,exception
Cl* Palomar    5    OGD       4,SHASSA H,1977AJ_____82__459S,no survey
Cl* Palomar    5    OGD       4,SHASSA CC,1977AJ_____82__459S,no survey
Cl* Palomar    5    OGD       4,SHASSA C,1977AJ_____82__459S,no survey
Cl* Palomar    5    OGD       4,SHASSA Sm,1977AJ_____82__459S,no survey
PMN J2125-2908,VLA FIRST (1.4 GHz),1996ApJS__103__145W,no survey
PMN J2125-2908,Stripe82VLA,1996ApJS__103__145W,no survey
PMN J2125-2908,EBHIS,1996ApJS__103__145W,no survey
Cl* NGC 6522    ARP    1372,Mellinger Red,1971AJ_____76_1082V,exception
Cl* NGC 6522    ARP    1372,Mellinger Green,1971AJ_____76_1082V,exception
Cl* NGC 6522    ARP    1372,Mellinger Blue,1971AJ_____76_1082V,exception
Cl* NGC 6522    ARP    1372,SHASSA H,1971AJ_____76_1082V,no survey
Cl* NGC 6522    ARP    1372,SHASSA CC,1971AJ_____76_1082V,no survey
Cl* NGC 6522    ARP    1372,SHASSA C,1971AJ_____76_1082V,no survey
Cl* NGC 6522    ARP    1372,SHASSA Sm,1971AJ_____76_1082V,no survey
CFRS 03.9002,Mellinger Red,1995ApJ___455___88H,exception
CFRS 03.9002,Mellinger Green,1995ApJ___455___88H,exception
CFRS 03.9002,Mellinger Blue,1995ApJ___455___88H,exception
CFRS 03.9002,SHASSA H,1995ApJ___455___88H,no survey
CFRS 03.9002,SHASSA CC,1995ApJ___455___88H,no survey
CFRS 03.9002,SHASSA C,1995ApJ___455___88H,no survey
CFRS 03.9002,SHASSA Sm,1995ApJ___455___88H,no survey
HD 167074,SHASSA H,1996ApJS__104__101S,no survey
HD 167074,SHASSA CC,1996ApJS__104__101S,no survey
HD 167074,SHASSA C,1996ApJS__104__101S,no survey
HD 167074,SHASSA Sm,1996ApJS__104__101S,no survey
[MTG95] C-802,DSS,1995AJ____109__173M,no survey
[MTG95] C-802,DSS1 Blue,1995AJ____109__173M,no survey
[MTG95] C-802,DSS1 Red,1995AJ____109__173M,no survey
[MTG95] C-802,DSS2 Red,1995AJ____109__173M,no survey
[MTG95] C-802,DSS2 Blue,1995AJ____109__173M,no survey
[MTG95] C-802,DSS2 IR,1995AJ____109__173M,no survey
LEDA 1558868,Mellinger Red,1997AJ____113_1939D,exception
LEDA 1558868,Mellinger Green,1997AJ____113_1939D,exception
LEDA 1558868,Mellinger Blue,1997AJ____113_1939D,exception
LEDA 1558868,SHASSA H,1997AJ____113_1939D,no survey
LEDA 1558868,SHASSA CC,1997AJ____113_1939D,no survey
LEDA 1558868,SHASSA C,1997AJ____113_1939D,no survey
LEDA 1558868,SHASSA Sm,1997AJ____113_1939D,no survey
Cl* NGC  346    MPG     800,Mellinger Red,1989AJ_____98_1305M,exception
Cl* NGC  346    MPG     800,Mellinger Green,1989AJ_____98_1305M,exception
Cl* NGC  346    MPG     800,Mellinger Blue,1989AJ_____98_1305M,exception
Cl* NGC  346    MPG     800,SHASSA H,1989AJ_____98_1305M,no survey
Cl* NGC  346    MPG     800,SHASSA CC,1989AJ_____98_1305M,no survey
Cl* NGC  346    MPG     800,SHASSA C,1989AJ_____98_1305M,no survey
Cl* NGC  346    MPG     800,SHASSA Sm,1989AJ_____98_1305M,no survey
NGC  6649   569,Mellinger Red,1975ApJ___197___55M,exception
NGC  6649   569,Mellinger Green,1975ApJ___197___55M,exception
NGC  6649   569,Mellinger Blue,1975ApJ___197___55M,exception
NGC  6649   569,SHASSA H,1975ApJ___197___55M,no survey
NGC  6649   569,SHASSA CC,1975ApJ___197___55M,no survey
NGC  6649   569,SHASSA C,1975ApJ___197___55M,no survey
NGC  6649   569,SHASSA Sm,1975ApJ___197___55M,no survey
[WMB97] 185844.9-365748,DSS1 Blue,1976AJ_____81__317V,no survey
[WMB97] 185844.9-365748,DSS1 Red,1976AJ_____81__317V,no survey
PGMW 1182,DSS1 Blue,1992AJ____103_1205P,no survey
PGMW 1182,DSS1 Red,1992AJ____103_1205P,no survey
* 107 Psc,Mellinger Red,1995ApJ___438__404H,exception
* 107 Psc,Mellinger Green,1995ApJ___438__404H,exception
* 107 Psc,Mellinger Blue,1995ApJ___438__404H,exception
* 107 Psc,SHASSA H,1995ApJ___438__404H,no survey
* 107 Psc,SHASSA CC,1995ApJ___438__404H,no survey
* 107 Psc,SHASSA C,1995ApJ___438__404H,no survey
* 107 Psc,SHASSA Sm,1995ApJ___438__404H,no survey
US 1974,Mellinger Red,1982ApJS___49___27U,exception
US 1974,Mellinger Green,1982ApJS___49___27U,exception
US 1974,Mellinger Blue,1982ApJS___49___27U,exception
US 1974,SHASSA H,1982ApJS___49___27U,no survey
US 1974,SHASSA CC,1982ApJS___49___27U,no survey
US 1974,SHASSA C,1982ApJS___49___27U,no survey
US 1974,SHASSA Sm,1982ApJS___49___27U,no survey
* 125 Tau,Mellinger Red,1963ApJ___138__617C,exception
* 125 Tau,Mellinger Green,1963ApJ___138__617C,exception
* 125 Tau,Mellinger Blue,1963ApJ___138__617C,exception
* 125 Tau,SHASSA H,1963ApJ___138__617C,no survey
* 125 Tau,SHASSA CC,1963ApJ___138__617C,no survey
* 125 Tau,SHASSA C,1963ApJ___138__617C,no survey
* 125 Tau,SHASSA Sm,1963ApJ___138__617C,no survey
2dFGRS TGN383Z237,Mellinger Red,1987AJ_____94__587B,exception
2dFGRS TGN383Z237,Mellinger Green,1987AJ_____94__587B,exception
2dFGRS TGN383Z237,Mellinger Blue,1987AJ_____94__587B,exception
2dFGRS TGN383Z237,SHASSA H,1987AJ_____94__587B,no survey
2dFGRS TGN383Z237,SHASSA CC,1987AJ_____94__587B,no survey
2dFGRS TGN383Z237,SHASSA C,1987AJ_____94__587B,no survey
2dFGRS TGN383Z237,SHASSA Sm,1987AJ_____94__587B,no survey
NGC  6101,Mellinger Red,1991AJ____102__628S,exception
NGC  6101,Mellinger Green,1991AJ____102__628S,exception
NGC  6101,Mellinger Blue,1991AJ____102__628S,exception
NGC  6101,SHASSA H,1991AJ____102__628S,no survey
NGC  6101,SHASSA CC,1991AJ____102__628S,no survey
NGC  6101,SHASSA C,1991AJ____102__628S,no survey
NGC  6101,SHASSA Sm,1991AJ____102__628S,no survey
[MM63] 4-21,Mellinger Red,1963AJ_____68__319M,exception
[MM63] 4-21,Mellinger Green,1963AJ_____68__319M,exception
[MM63] 4-21,Mellinger Blue,1963AJ_____68__319M,exception
[MM63] 4-21,SHASSA H,1963AJ_____68__319M,no survey
[MM63] 4-21,SHASSA CC,1963AJ_____68__319M,no survey
[MM63] 4-21,SHASSA C,1963AJ_____68__319M,no survey
[MM63] 4-21,SHASSA Sm,1963AJ_____68__319M,no survey
CD-45  3901,SHASSA H,1975AJ_____80__972S,no survey
CD-45  3901,SHASSA CC,1975AJ_____80__972S,no survey
CD-45  3901,SHASSA C,1975AJ_____80__972S,no survey
CD-45  3901,SHASSA Sm,1975AJ_____80__972S,no survey
* 107 Psc,Mellinger Red,1960AJ_____65__581K,exception
* 107 Psc,Mellinger Green,1960AJ_____65__581K,exception
* 107 Psc,Mellinger Blue,1960AJ_____65__581K,exception
* 107 Psc,SHASSA H,1960AJ_____65__581K,no survey
* 107 Psc,SHASSA CC,1960AJ_____65__581K,no survey
* 107 Psc,SHASSA C,1960AJ_____65__581K,no survey
* 107 Psc,SHASSA Sm,1960AJ_____65__581K,no survey
PMN J2144+0148,VLA FIRST (1.4 GHz),1995ApJS___97__347G,exception
PMN J2144+0148,Stripe82VLA,1995ApJS___97__347G,no survey
LP  301-82,Mellinger Red,1995ApJ___448__683S,exception
LP  301-82,Mellinger Green,1995ApJ___448__683S,exception
LP  301-82,Mellinger Blue,1995ApJ___448__683S,exception
LP  301-82,SHASSA H,1995ApJ___448__683S,no survey
LP  301-82,SHASSA CC,1995ApJ___448__683S,no survey
LP  301-82,SHASSA C,1995ApJ___448__683S,no survey
LP  301-82,SHASSA Sm,1995ApJ___448__683S,no survey
2MASX J15312990+3954445,Planck 070 U,1987ApJS___63__809S,no survey
2MASX J15312990+3954445,Planck 070 PI,1987ApJS___63__809S,no survey
ICRF J064524.0+212151,SUMSS 843 MHz,1996ApJS__107__621D,no survey
ICRF J064524.0+212151,WENSS,1996ApJS__107__621D,no survey
SNR G261.9+05.5,VLA FIRST (1.4 GHz),1989ApJS___70__181A,no survey
SNR G261.9+05.5,Stripe82VLA,1989ApJS___70__181A,no survey
SNR G261.9+05.5,EBHIS,1989ApJS___70__181A,no survey
NAME Sculptor Dwarf Galaxy,DSS1 Blue,1978ApJ___221__512H,no survey
NAME Sculptor Dwarf Galaxy,DSS1 Red,1978ApJ___221__512H,no survey
G 269-69,Mellinger Red,1968ApJ___153__723E,exception
G 269-69,Mellinger Green,1968ApJ___153__723E,exception
G 269-69,Mellinger Blue,1968ApJ___153__723E,exception
G 269-69,SHASSA H,1968ApJ___153__723E,no survey
G 269-69,SHASSA CC,1968ApJ___153__723E,no survey
G 269-69,SHASSA C,1968ApJ___153__723E,no survey
G 269-69,SHASSA Sm,1968ApJ___153__723E,no survey
Ton  909,Mellinger Red,1989ApJS___71__549P,exception
Ton  909,Mellinger Green,1989ApJS___71__549P,exception
Ton  909,Mellinger Blue,1989ApJS___71__549P,exception
Ton  909,SHASSA H,1989ApJS___71__549P,no survey
Ton  909,SHASSA CC,1989ApJS___71__549P,no survey
Ton  909,SHASSA C,1989ApJS___71__549P,no survey
Ton  909,SHASSA Sm,1989ApJS___71__549P,no survey
[SC95] M 411,DSS2 Blue,1995ApJS___96__605S,no survey
[CVL2009] UGC 5666-5,Mellinger Red,1994ApJ___427__656M,exception
[CVL2009] UGC 5666-5,Mellinger Green,1994ApJ___427__656M,exception
[CVL2009] UGC 5666-5,Mellinger Blue,1994ApJ___427__656M,exception
[CVL2009] UGC 5666-5,SHASSA H,1994ApJ___427__656M,no survey
[CVL2009] UGC 5666-5,SHASSA CC,1994ApJ___427__656M,no survey
[CVL2009] UGC 5666-5,SHASSA C,1994ApJ___427__656M,no survey
[CVL2009] UGC 5666-5,SHASSA Sm,1994ApJ___427__656M,no survey
IC 4710,DSS1 Blue,1995AJ____110__613V,no survey
IC 4710,DSS1 Red,1995AJ____110__613V,no survey
* bet Cas,Mellinger Red,1952ApJ___116__251S,exception
* bet Cas,Mellinger Green,1952ApJ___116__251S,exception
* bet Cas,Mellinger Blue,1952ApJ___116__251S,exception
* bet Cas,SHASSA H,1952ApJ___116__251S,no survey
* bet Cas,SHASSA CC,1952ApJ___116__251S,no survey
* bet Cas,SHASSA C,1952ApJ___116__251S,no survey
* bet Cas,SHASSA Sm,1952ApJ___116__251S,no survey
HD 107612,Mellinger Red,1958ApJ___128__228B,exception
HD 107612,Mellinger Green,1958ApJ___128__228B,exception
HD 107612,Mellinger Blue,1958ApJ___128__228B,exception
HD 107612,SHASSA H,1958ApJ___128__228B,no survey
HD 107612,SHASSA CC,1958ApJ___128__228B,no survey
HD 107612,SHASSA C,1958ApJ___128__228B,no survey
HD 107612,SHASSA Sm,1958ApJ___128__228B,no survey
Ford M 31 378,Mellinger Red,1989ApJ___339___53C,exception
Ford M 31 378,Mellinger Green,1989ApJ___339___53C,exception
Ford M 31 378,Mellinger Blue,1989ApJ___339___53C,exception
Ford M 31 378,SHASSA H,1989ApJ___339___53C,no survey
Ford M 31 378,SHASSA CC,1989ApJ___339___53C,no survey
Ford M 31 378,SHASSA C,1989ApJ___339___53C,no survey
Ford M 31 378,SHASSA Sm,1989ApJ___339___53C,no survey
SB 951,Mellinger Red,1971AJ_____76__338S,exception
SB 951,Mellinger Green,1971AJ_____76__338S,exception
SB 951,Mellinger Blue,1971AJ_____76__338S,exception
SB 951,SHASSA H,1971AJ_____76__338S,no survey
SB 951,SHASSA CC,1971AJ_____76__338S,no survey
SB 951,SHASSA C,1971AJ_____76__338S,no survey
SB 951,SHASSA Sm,1971AJ_____76__338S,no survey
NGC  4595,Mellinger Red,1978AJ_____83____1K,exception
NGC  4595,Mellinger Green,1978AJ_____83____1K,exception
NGC  4595,Mellinger Blue,1978AJ_____83____1K,exception
NGC  4595,SHASSA H,1978AJ_____83____1K,no survey
NGC  4595,SHASSA CC,1978AJ_____83____1K,no survey
NGC  4595,SHASSA C,1978AJ_____83____1K,no survey
NGC  4595,SHASSA Sm,1978AJ_____83____1K,no survey
SCMS  252,DSS1 Blue,1995AJ____110_2747S,no survey
SCMS  252,DSS1 Red,1995AJ____110_2747S,no survey
2MASS J01000746-3343198,SHASSA H,1995AJ____110_2747S,no survey
2MASS J01000746-3343198,SHASSA CC,1995AJ____110_2747S,no survey
2MASS J01000746-3343198,SHASSA C,1995AJ____110_2747S,no survey
2MASS J01000746-3343198,SHASSA Sm,1995AJ____110_2747S,no survey
HD  45067,Mellinger Red,1995ApJ___438__404H,exception
HD  45067,Mellinger Green,1995ApJ___438__404H,exception
HD  45067,Mellinger Blue,1995ApJ___438__404H,exception
HD  45067,SHASSA H,1995ApJ___438__404H,no survey
HD  45067,SHASSA CC,1995ApJ___438__404H,no survey
HD  45067,SHASSA C,1995ApJ___438__404H,no survey
HD  45067,SHASSA Sm,1995ApJ___438__404H,no survey
IC 5146   35,Mellinger Red,1959ApJ___130___57W,exception
IC 5146   35,Mellinger Green,1959ApJ___130___57W,exception
IC 5146   35,Mellinger Blue,1959ApJ___130___57W,exception
IC 5146   35,SHASSA H,1959ApJ___130___57W,no survey
IC 5146   35,SHASSA CC,1959ApJ___130___57W,no survey
IC 5146   35,SHASSA C,1959ApJ___130___57W,no survey
IC 5146   35,SHASSA Sm,1959ApJ___130___57W,no survey
QSO B1115+080A,Mellinger Red,1993AJ____106_1330K,exception
QSO B1115+080A,Mellinger Green,1993AJ____106_1330K,exception
QSO B1115+080A,Mellinger Blue,1993AJ____106_1330K,exception
QSO B1115+080A,SHASSA H,1993AJ____106_1330K,no survey
QSO B1115+080A,SHASSA CC,1993AJ____106_1330K,no survey
QSO B1115+080A,SHASSA C,1993AJ____106_1330K,no survey
QSO B1115+080A,SHASSA Sm,1993AJ____106_1330K,no survey
NGC    29,Mellinger Red,1985AJ_____90_2445G,exception
NGC    29,Mellinger Green,1985AJ_____90_2445G,exception
NGC    29,Mellinger Blue,1985AJ_____90_2445G,exception
NGC    29,SHASSA H,1985AJ_____90_2445G,no survey
NGC    29,SHASSA CC,1985AJ_____90_2445G,no survey
NGC    29,SHASSA C,1985AJ_____90_2445G,no survey
NGC    29,SHASSA Sm,1985AJ_____90_2445G,no survey
PG 2359+197,Mellinger Red,1986ApJS___61__305G,exception
PG 2359+197,Mellinger Green,1986ApJS___61__305G,exception
PG 2359+197,Mellinger Blue,1986ApJS___61__305G,exception
PG 2359+197,SHASSA H,1986ApJS___61__305G,no survey
PG 2359+197,SHASSA CC,1986ApJS___61__305G,no survey
PG 2359+197,SHASSA C,1986ApJS___61__305G,no survey
PG 2359+197,SHASSA Sm,1986ApJS___61__305G,no survey
SCMS 1097,DSS1 Blue,1995AJ____110_2747S,no survey
SCMS 1097,DSS1 Red,1995AJ____110_2747S,no survey
GSC 08174-00049,DSS1 Blue,1977AJ_____82__474M,no survey
GSC 08174-00049,DSS1 Red,1977AJ_____82__474M,no survey
* ups Ori,Mellinger Red,1968ApJ___151__269C,exception
* ups Ori,Mellinger Green,1968ApJ___151__269C,exception
* ups Ori,Mellinger Blue,1968ApJ___151__269C,exception
* ups Ori,SHASSA H,1968ApJ___151__269C,no survey
* ups Ori,SHASSA CC,1968ApJ___151__269C,no survey
* ups Ori,SHASSA C,1968ApJ___151__269C,no survey
* ups Ori,SHASSA Sm,1968ApJ___151__269C,no survey
[EKS96] NGC 5033  49,Mellinger Red,1996ApJS__105___93E,exception
[EKS96] NGC 5033  49,Mellinger Green,1996ApJS__105___93E,exception
[EKS96] NGC 5033  49,Mellinger Blue,1996ApJS__105___93E,exception
[EKS96] NGC 5033  49,SHASSA H,1996ApJS__105___93E,no survey
[EKS96] NGC 5033  49,SHASSA CC,1996ApJS__105___93E,no survey
[EKS96] NGC 5033  49,SHASSA C,1996ApJS__105___93E,no survey
[EKS96] NGC 5033  49,SHASSA Sm,1996ApJS__105___93E,no survey
LEDA   93363,DSS1 Blue,1997AJ____113__492C,no survey
LEDA   93363,DSS1 Red,1997AJ____113__492C,no survey
NGC  3577,Mellinger Red,1978AJ_____83____1K,exception
NGC  3577,Mellinger Green,1978AJ_____83____1K,exception
NGC  3577,Mellinger Blue,1978AJ_____83____1K,exception
NGC  3577,SHASSA H,1978AJ_____83____1K,no survey
NGC  3577,SHASSA CC,1978AJ_____83____1K,no survey
NGC  3577,SHASSA C,1978AJ_____83____1K,no survey
NGC  3577,SHASSA Sm,1978AJ_____83____1K,no survey
Cl* NGC 6522     NB      38,DSS,1958ApJ___128___46N,no survey
Cl* NGC 6522     NB      38,DSS1 Blue,1958ApJ___128___46N,no survey
Cl* NGC 6522     NB      38,DSS1 Red,1958ApJ___128___46N,no survey
Cl* NGC 6522     NB      38,DSS2 Red,1958ApJ___128___46N,no survey
Cl* NGC 6522     NB      38,DSS2 Blue,1958ApJ___128___46N,no survey
Cl* NGC 6522     NB      38,DSS2 IR,1958ApJ___128___46N,no survey
PSS 418-8,Mellinger Red,1991AJ____102__395H,exception
PSS 418-8,Mellinger Green,1991AJ____102__395H,exception
PSS 418-8,Mellinger Blue,1991AJ____102__395H,exception
PSS 418-8,SHASSA H,1991AJ____102__395H,no survey
PSS 418-8,SHASSA CC,1991AJ____102__395H,no survey
PSS 418-8,SHASSA C,1991AJ____102__395H,no survey
PSS 418-8,SHASSA Sm,1991AJ____102__395H,no survey
V* V2107 Oph,Mellinger Red,1996ApJ___459__226R,exception
V* V2107 Oph,Mellinger Green,1996ApJ___459__226R,exception
V* V2107 Oph,Mellinger Blue,1996ApJ___459__226R,exception
V* V2107 Oph,SHASSA H,1996ApJ___459__226R,no survey
V* V2107 Oph,SHASSA CC,1996ApJ___459__226R,no survey
V* V2107 Oph,SHASSA C,1996ApJ___459__226R,no survey
V* V2107 Oph,SHASSA Sm,1996ApJ___459__226R,no survey
WHHW 0539.4-6859,DSS1 Blue,1991ApJ___370__541W,no survey
WHHW 0539.4-6859,DSS1 Red,1991ApJ___370__541W,no survey
[H95] 10,DSS1 Blue,1996ApJ___467__241H,no survey
[H95] 10,DSS1 Red,1996ApJ___467__241H,no survey
PN A66   41,Mellinger Red,1966ApJ___144__259A,exception
PN A66   41,Mellinger Green,1966ApJ___144__259A,exception
PN A66   41,Mellinger Blue,1966ApJ___144__259A,exception
PN A66   41,SHASSA H,1966ApJ___144__259A,no survey
PN A66   41,SHASSA CC,1966ApJ___144__259A,no survey
PN A66   41,SHASSA C,1966ApJ___144__259A,no survey
PN A66   41,SHASSA Sm,1966ApJ___144__259A,no survey
SHV 0505435-682947,DSS1 Blue,1989AJ_____97_1634H,no survey
SHV 0505435-682947,DSS1 Red,1989AJ_____97_1634H,no survey
SHV 0505435-682947,DSS2 Blue,1989AJ_____97_1634H,no survey
HD 285830,Mellinger Red,1995ApJ___448__683S,exception
HD 285830,Mellinger Green,1995ApJ___448__683S,exception
HD 285830,Mellinger Blue,1995ApJ___448__683S,exception
HD 285830,SHASSA H,1995ApJ___448__683S,no survey
HD 285830,SHASSA CC,1995ApJ___448__683S,no survey
HD 285830,SHASSA C,1995ApJ___448__683S,no survey
HD 285830,SHASSA Sm,1995ApJ___448__683S,no survey
HD 218393,Mellinger Red,1958ApJS____3__141B,exception
HD 218393,Mellinger Green,1958ApJS____3__141B,exception
HD 218393,Mellinger Blue,1958ApJS____3__141B,exception
HD 218393,SHASSA H,1958ApJS____3__141B,no survey
HD 218393,SHASSA CC,1958ApJS____3__141B,no survey
HD 218393,SHASSA C,1958ApJS____3__141B,no survey
HD 218393,SHASSA Sm,1958ApJS____3__141B,no survey
LEDA    2497,Mellinger Red,1977ApJS___35__203M,exception
LEDA    2497,Mellinger Green,1977ApJS___35__203M,exception
LEDA    2497,Mellinger Blue,1977ApJS___35__203M,exception
LEDA    2497,SHASSA H,1977ApJS___35__203M,no survey
LEDA    2497,SHASSA CC,1977ApJS___35__203M,no survey
LEDA    2497,SHASSA C,1977ApJS___35__203M,no survey
LEDA    2497,SHASSA Sm,1977ApJS___35__203M,no survey
ACO  1991,Mellinger Red,1980ApJ___241__493H,exception
ACO  1991,Mellinger Green,1980ApJ___241__493H,exception
ACO  1991,Mellinger Blue,1980ApJ___241__493H,exception
ACO  1991,SHASSA H,1980ApJ___241__493H,no survey
ACO  1991,SHASSA CC,1980ApJ___241__493H,no survey
ACO  1991,SHASSA C,1980ApJ___241__493H,no survey
ACO  1991,SHASSA Sm,1980ApJ___241__493H,no survey
[MRR93]  4,DSS2 Blue,1993ApJ___416__208M,no survey
CD-52  7398,DSS1 Blue,1972AJ_____77__463D,no survey
CD-52  7398,DSS1 Red,1972AJ_____77__463D,no survey
CD-52  7398,DSS2 Blue,1972AJ_____77__463D,no survey
NGC  6611    69,Mellinger Red,1961ApJ___133__438W,exception
NGC  6611    69,Mellinger Green,1961ApJ___133__438W,exception
NGC  6611    69,Mellinger Blue,1961ApJ___133__438W,exception
NGC  6611    69,SHASSA H,1961ApJ___133__438W,no survey
NGC  6611    69,SHASSA CC,1961ApJ___133__438W,no survey
NGC  6611    69,SHASSA C,1961ApJ___133__438W,no survey
NGC  6611    69,SHASSA Sm,1961ApJ___133__438W,no survey
LEDA 1913691,Mellinger Red,1984ApJS___55__517S,exception
LEDA 1913691,Mellinger Green,1984ApJS___55__517S,exception
LEDA 1913691,Mellinger Blue,1984ApJS___55__517S,exception
LEDA 1913691,SHASSA H,1984ApJS___55__517S,no survey
LEDA 1913691,SHASSA CC,1984ApJS___55__517S,no survey
LEDA 1913691,SHASSA C,1984ApJS___55__517S,no survey
LEDA 1913691,SHASSA Sm,1984ApJS___55__517S,no survey
[OF84] 36,DSS2 Blue,1984ApJ___283__601O,no survey
CSO 1025,Mellinger Red,1991ApJS___76_1043P,exception
CSO 1025,Mellinger Green,1991ApJS___76_1043P,exception
CSO 1025,Mellinger Blue,1991ApJS___76_1043P,exception
CSO 1025,SHASSA H,1991ApJS___76_1043P,no survey
CSO 1025,SHASSA CC,1991ApJS___76_1043P,no survey
CSO 1025,SHASSA C,1991ApJS___76_1043P,no survey
CSO 1025,SHASSA Sm,1991ApJS___76_1043P,no survey
NAME Sgr B2 HII R,DSS2 Blue,1995ApJ___451__284D,no survey
CD-34  4496,DSS1 Blue,1992AJ____104__590O,no survey
CD-34  4496,DSS1 Red,1992AJ____104__590O,no survey
[CGC98] NF 3,DSS1 Blue,1995ApJ___441__617S,no survey
[CGC98] NF 3,DSS1 Red,1995ApJ___441__617S,no survey
[CGC98] NF 3,DSS2 Blue,1995ApJ___441__617S,no survey
[GBM92] ACO S 400  13,DSS,1992AJ____104_1290G,no survey
[GBM92] ACO S 400  13,DSS1 Blue,1992AJ____104_1290G,no survey
[GBM92] ACO S 400  13,DSS1 Red,1992AJ____104_1290G,no survey
[GBM92] ACO S 400  13,DSS2 Red,1992AJ____104_1290G,no survey
[GBM92] ACO S 400  13,DSS2 Blue,1992AJ____104_1290G,no survey
[GBM92] ACO S 400  13,DSS2 IR,1992AJ____104_1290G,no survey
TYC 3697-1615-1,Mellinger Red,1974AJ_____79__107M,exception
TYC 3697-1615-1,Mellinger Green,1974AJ_____79__107M,exception
TYC 3697-1615-1,Mellinger Blue,1974AJ_____79__107M,exception
TYC 3697-1615-1,SHASSA H,1974AJ_____79__107M,no survey
TYC 3697-1615-1,SHASSA CC,1974AJ_____79__107M,no survey
TYC 3697-1615-1,SHASSA C,1974AJ_____79__107M,no survey
TYC 3697-1615-1,SHASSA Sm,1974AJ_____79__107M,no survey
HD 218229,Mellinger Red,1959ApJ___130___69B,exception
HD 218229,Mellinger Green,1959ApJ___130___69B,exception
HD 218229,Mellinger Blue,1959ApJ___130___69B,exception
HD 218229,SHASSA H,1959ApJ___130___69B,no survey
HD 218229,SHASSA CC,1959ApJ___130___69B,no survey
HD 218229,SHASSA C,1959ApJ___130___69B,no survey
HD 218229,SHASSA Sm,1959ApJ___130___69B,no survey
QSO J0635-7516,Mellinger Red,1995ApJ___448__634B,exception
QSO J0635-7516,Mellinger Green,1995ApJ___448__634B,exception
QSO J0635-7516,Mellinger Blue,1995ApJ___448__634B,exception
QSO J0635-7516,SHASSA H,1995ApJ___448__634B,no survey
QSO J0635-7516,SHASSA CC,1995ApJ___448__634B,no survey
QSO J0635-7516,SHASSA C,1995ApJ___448__634B,no survey
QSO J0635-7516,SHASSA Sm,1995ApJ___448__634B,no survey
* lam Sco,Mellinger Red,1995ApJS___96__605S,exception
* lam Sco,Mellinger Green,1995ApJS___96__605S,exception
* lam Sco,Mellinger Blue,1995ApJS___96__605S,exception
* lam Sco,SHASSA H,1995ApJS___96__605S,no survey
* lam Sco,SHASSA CC,1995ApJS___96__605S,no survey
* lam Sco,SHASSA C,1995ApJS___96__605S,no survey
* lam Sco,SHASSA Sm,1995ApJS___96__605S,no survey
UGC  1840,Mellinger Red,1994ApJ___435L__19G,exception
UGC  1840,Mellinger Green,1994ApJ___435L__19G,exception
UGC  1840,Mellinger Blue,1994ApJ___435L__19G,exception
UGC  1840,SHASSA H,1994ApJ___435L__19G,no survey
UGC  1840,SHASSA CC,1994ApJ___435L__19G,no survey
UGC  1840,SHASSA C,1994ApJ___435L__19G,no survey
UGC  1840,SHASSA Sm,1994ApJ___435L__19G,no survey
ClG 1426.4+0158,Mellinger Red,1992ApJ___385___49D,exception
ClG 1426.4+0158,Mellinger Green,1992ApJ___385___49D,exception
ClG 1426.4+0158,Mellinger Blue,1992ApJ___385___49D,exception
ClG 1426.4+0158,SHASSA H,1992ApJ___385___49D,no survey
ClG 1426.4+0158,SHASSA CC,1992ApJ___385___49D,no survey
ClG 1426.4+0158,SHASSA C,1992ApJ___385___49D,no survey
ClG 1426.4+0158,SHASSA Sm,1992ApJ___385___49D,no survey
ICRF J232118.2-082721,SUMSS 843 MHz,1995ApJS___97__347G,no survey
ICRF J232118.2-082721,WENSS,1995ApJS___97__347G,no survey
2MASS J04074820-1211041,Mellinger Red,1993AJ____106____1S,exception
2MASS J04074820-1211041,Mellinger Green,1993AJ____106____1S,exception
2MASS J04074820-1211041,Mellinger Blue,1993AJ____106____1S,exception
2MASS J04074820-1211041,SHASSA H,1993AJ____106____1S,no survey
2MASS J04074820-1211041,SHASSA CC,1993AJ____106____1S,no survey
2MASS J04074820-1211041,SHASSA C,1993AJ____106____1S,no survey
2MASS J04074820-1211041,SHASSA Sm,1993AJ____106____1S,no survey
NAME NGC 784 Group,DSS,1992ApJS___80__479T,no survey
NAME NGC 784 Group,DSS1 Blue,1992ApJS___80__479T,no survey
NAME NGC 784 Group,DSS1 Red,1992ApJS___80__479T,no survey
NAME NGC 784 Group,DSS2 Red,1992ApJS___80__479T,no survey
NAME NGC 784 Group,DSS2 Blue,1992ApJS___80__479T,no survey
NAME NGC 784 Group,DSS2 IR,1992ApJS___80__479T,no survey
*  15 Sgr,Mellinger Red,1914ApJ____40___43K,exception
*  15 Sgr,Mellinger Green,1914ApJ____40___43K,exception
*  15 Sgr,Mellinger Blue,1914ApJ____40___43K,exception
*  15 Sgr,SHASSA H,1914ApJ____40___43K,no survey
*  15 Sgr,SHASSA CC,1914ApJ____40___43K,no survey
*  15 Sgr,SHASSA C,1914ApJ____40___43K,no survey
*  15 Sgr,SHASSA Sm,1914ApJ____40___43K,no survey
TCG SER 40-6 277,Mellinger Red,1996AJ____112___36Q,exception
TCG SER 40-6 277,Mellinger Green,1996AJ____112___36Q,exception
TCG SER 40-6 277,Mellinger Blue,1996AJ____112___36Q,exception
TCG SER 40-6 277,SHASSA H,1996AJ____112___36Q,no survey
TCG SER 40-6 277,SHASSA CC,1996AJ____112___36Q,no survey
TCG SER 40-6 277,SHASSA C,1996AJ____112___36Q,no survey
TCG SER 40-6 277,SHASSA Sm,1996AJ____112___36Q,no survey
QSO B1327-2040,Mellinger Red,1990AJ____100_1785W,exception
QSO B1327-2040,Mellinger Green,1990AJ____100_1785W,exception
QSO B1327-2040,Mellinger Blue,1990AJ____100_1785W,exception
QSO B1327-2040,SHASSA H,1990AJ____100_1785W,no survey
QSO B1327-2040,SHASSA CC,1990AJ____100_1785W,no survey
QSO B1327-2040,SHASSA C,1990AJ____100_1785W,no survey
QSO B1327-2040,SHASSA Sm,1990AJ____100_1785W,no survey
WSRTGP 2049+4521,DSS,1996ApJS__107__239T,no survey
WSRTGP 2049+4521,DSS1 Blue,1996ApJS__107__239T,no survey
WSRTGP 2049+4521,DSS1 Red,1996ApJS__107__239T,no survey
WSRTGP 2049+4521,DSS2 Red,1996ApJS__107__239T,no survey
WSRTGP 2049+4521,DSS2 Blue,1996ApJS__107__239T,no survey
WSRTGP 2049+4521,DSS2 IR,1996ApJS__107__239T,no survey
HD  51330,Mellinger Red,1989ApJS___69__301G,exception
HD  51330,Mellinger Green,1989ApJS___69__301G,exception
HD  51330,Mellinger Blue,1989ApJS___69__301G,exception
HD  51330,SHASSA H,1989ApJS___69__301G,no survey
HD  51330,SHASSA CC,1989ApJS___69__301G,no survey
HD  51330,SHASSA C,1989ApJS___69__301G,no survey
HD  51330,SHASSA Sm,1989ApJS___69__301G,no survey
NGC  6522,DSS2 Blue,1995AJ____110_2788T,no survey
CBS 253,Mellinger Red,1989ApJS___70__173S,exception
CBS 253,Mellinger Green,1989ApJS___70__173S,exception
CBS 253,Mellinger Blue,1989ApJS___70__173S,exception
CBS 253,SHASSA H,1989ApJS___70__173S,no survey
CBS 253,SHASSA CC,1989ApJS___70__173S,no survey
CBS 253,SHASSA C,1989ApJS___70__173S,no survey
CBS 253,SHASSA Sm,1989ApJS___70__173S,no survey
BD+60   513,Mellinger Red,1989AJ_____98__611G,exception
BD+60   513,Mellinger Green,1989AJ_____98__611G,exception
BD+60   513,Mellinger Blue,1989AJ_____98__611G,exception
BD+60   513,SHASSA H,1989AJ_____98__611G,no survey
BD+60   513,SHASSA CC,1989AJ_____98__611G,no survey
BD+60   513,SHASSA C,1989AJ_____98__611G,no survey
BD+60   513,SHASSA Sm,1989AJ_____98__611G,no survey
ESO 203-15,DSS1 Blue,1995ApJS___96___39B,no survey
ESO 203-15,DSS1 Red,1995ApJS___96___39B,no survey
* rho Psc,Mellinger Red,1996ApJS__102__129B,exception
* rho Psc,Mellinger Green,1996ApJS__102__129B,exception
* rho Psc,Mellinger Blue,1996ApJS__102__129B,exception
* rho Psc,SHASSA H,1996ApJS__102__129B,no survey
* rho Psc,SHASSA CC,1996ApJS__102__129B,no survey
* rho Psc,SHASSA C,1996ApJS__102__129B,no survey
* rho Psc,SHASSA Sm,1996ApJS__102__129B,no survey
* eps Ari A,Mellinger Red,1986ApJ___306L_109H,exception
* eps Ari A,Mellinger Green,1986ApJ___306L_109H,exception
* eps Ari A,Mellinger Blue,1986ApJ___306L_109H,exception
* eps Ari A,SHASSA H,1986ApJ___306L_109H,no survey
* eps Ari A,SHASSA CC,1986ApJ___306L_109H,no survey
* eps Ari A,SHASSA C,1986ApJ___306L_109H,no survey
* eps Ari A,SHASSA Sm,1986ApJ___306L_109H,no survey
* alf01 CVn,Mellinger Red,1958ApJ___128__228B,exception
* alf01 CVn,Mellinger Green,1958ApJ___128__228B,exception
* alf01 CVn,Mellinger Blue,1958ApJ___128__228B,exception
* alf01 CVn,SHASSA H,1958ApJ___128__228B,no survey
* alf01 CVn,SHASSA CC,1958ApJ___128__228B,no survey
* alf01 CVn,SHASSA C,1958ApJ___128__228B,no survey
* alf01 CVn,SHASSA Sm,1958ApJ___128__228B,no survey
NGC  5904   938,Mellinger Red,1989ApJS___71__713S,exception
NGC  5904   938,Mellinger Green,1989ApJS___71__713S,exception
NGC  5904   938,Mellinger Blue,1989ApJS___71__713S,exception
NGC  5904   938,SHASSA H,1989ApJS___71__713S,no survey
NGC  5904   938,SHASSA CC,1989ApJS___71__713S,no survey
NGC  5904   938,SHASSA C,1989ApJS___71__713S,no survey
NGC  5904   938,SHASSA Sm,1989ApJS___71__713S,no survey
[MTG95] C-86,DSS,1995AJ____109__173M,no survey
[MTG95] C-86,DSS1 Blue,1995AJ____109__173M,no survey
[MTG95] C-86,DSS1 Red,1995AJ____109__173M,no survey
[MTG95] C-86,DSS2 Red,1995AJ____109__173M,no survey
[MTG95] C-86,DSS2 Blue,1995AJ____109__173M,no survey
[MTG95] C-86,DSS2 IR,1995AJ____109__173M,no survey
Ford M 31  28,Mellinger Red,1989ApJ___339___53C,exception
Ford M 31  28,Mellinger Green,1989ApJ___339___53C,exception
Ford M 31  28,Mellinger Blue,1989ApJ___339___53C,exception
Ford M 31  28,SHASSA H,1989ApJ___339___53C,no survey
Ford M 31  28,SHASSA CC,1989ApJ___339___53C,no survey
Ford M 31  28,SHASSA C,1989ApJ___339___53C,no survey
Ford M 31  28,SHASSA Sm,1989ApJ___339___53C,no survey
2MASS J05351577-0524247,Mellinger Red,1988AJ_____95_1755J,exception
2MASS J05351577-0524247,Mellinger Green,1988AJ_____95_1755J,exception
2MASS J05351577-0524247,Mellinger Blue,1988AJ_____95_1755J,exception
2MASS J05351577-0524247,SHASSA H,1988AJ_____95_1755J,no survey
2MASS J05351577-0524247,SHASSA CC,1988AJ_____95_1755J,no survey
2MASS J05351577-0524247,SHASSA C,1988AJ_____95_1755J,no survey
2MASS J05351577-0524247,SHASSA Sm,1988AJ_____95_1755J,no survey
GSH 032+26+8,SUMSS 843 MHz,1984ApJS___55__585H,no survey
GSH 032+26+8,0408MHz,1984ApJS___55__585H,no survey
GSH 032+26+8,WENSS,1984ApJS___55__585H,no survey
GSH 032+26+8,TGSS ADR1,1984ApJS___55__585H,no survey
GSH 032+26+8,VLSSr,1984ApJS___55__585H,no survey
GSH 032+26+8,0035MHz,1984ApJS___55__585H,no survey
GSH 032+26+8,0022MHz,1984ApJS___55__585H,no survey
[TP95] Tol 1238-364  20,DSS1 Blue,1995ApJS__101__287T,no survey
[TP95] Tol 1238-364  20,DSS1 Red,1995ApJS__101__287T,no survey
NVSS J195653+284726,VLA FIRST (1.4 GHz),1996ApJS__107__239T,no survey
NVSS J195653+284726,Stripe82VLA,1996ApJS__107__239T,no survey
NGC  2439   137,Mellinger Red,1975ApJ___197___67W,exception
NGC  2439   137,Mellinger Green,1975ApJ___197___67W,exception
NGC  2439   137,Mellinger Blue,1975ApJ___197___67W,exception
NGC  2439   137,SHASSA H,1975ApJ___197___67W,no survey
NGC  2439   137,SHASSA CC,1975ApJ___197___67W,no survey
NGC  2439   137,SHASSA C,1975ApJ___197___67W,no survey
NGC  2439   137,SHASSA Sm,1975ApJ___197___67W,no survey
NGC  5861,IRAS  12 micron,1980AJ_____85__637D,no images
NGC  5861,IRAS  25 micron,1980AJ_____85__637D,no images
NGC  5861,IRAS  60 micron,1980AJ_____85__637D,no images
NGC  5861,IRAS 100 micron,1980AJ_____85__637D,no survey
V* AG Dor,Mellinger Red,1994ApJS___93__569B,exception
V* AG Dor,Mellinger Green,1994ApJS___93__569B,exception
V* AG Dor,Mellinger Blue,1994ApJS___93__569B,exception
V* AG Dor,SHASSA H,1994ApJS___93__569B,no survey
V* AG Dor,SHASSA CC,1994ApJS___93__569B,no survey
V* AG Dor,SHASSA C,1994ApJS___93__569B,no survey
V* AG Dor,SHASSA Sm,1994ApJS___93__569B,no survey
[VV96] J214935.3+075625,VLA FIRST (1.4 GHz),1995ApJS___97__347G,exception
[VV96] J214935.3+075625,Stripe82VLA,1995ApJS___97__347G,no survey
[SWM2014] GOODS-N 14222,Mellinger Red,1996AJ____112_1335W,exception
[SWM2014] GOODS-N 14222,Mellinger Green,1996AJ____112_1335W,exception
[SWM2014] GOODS-N 14222,Mellinger Blue,1996AJ____112_1335W,exception
[SWM2014] GOODS-N 14222,SHASSA H,1996AJ____112_1335W,no survey
[SWM2014] GOODS-N 14222,SHASSA CC,1996AJ____112_1335W,no survey
[SWM2014] GOODS-N 14222,SHASSA C,1996AJ____112_1335W,no survey
[SWM2014] GOODS-N 14222,SHASSA Sm,1996AJ____112_1335W,no survey
[WAM82] 023.955+0.152,VLA FIRST (1.4 GHz),1989ApJS___69__831W,no survey
[WAM82] 023.955+0.152,Stripe82VLA,1989ApJS___69__831W,no survey
Cl* NGC 6611    BKP   36017,Mellinger Red,1993AJ____106_1906H,exception
Cl* NGC 6611    BKP   36017,Mellinger Green,1993AJ____106_1906H,exception
Cl* NGC 6611    BKP   36017,Mellinger Blue,1993AJ____106_1906H,exception
Cl* NGC 6611    BKP   36017,SHASSA H,1993AJ____106_1906H,no survey
Cl* NGC 6611    BKP   36017,SHASSA CC,1993AJ____106_1906H,no survey
Cl* NGC 6611    BKP   36017,SHASSA C,1993AJ____106_1906H,no survey
Cl* NGC 6611    BKP   36017,SHASSA Sm,1993AJ____106_1906H,no survey
[SHM89] FIR-V 118,DSS1 Blue,1989ApJS___69___99S,no survey
[SHM89] FIR-V 118,DSS1 Red,1989ApJS___69___99S,no survey
[SHM89] FIR-V 118,DSS2 Blue,1989ApJS___69___99S,no survey
[EKS96] NGC 1097   6,Mellinger Red,1996ApJS__105___93E,exception
[EKS96] NGC 1097   6,Mellinger Green,1996ApJS__105___93E,exception
[EKS96] NGC 1097   6,Mellinger Blue,1996ApJS__105___93E,exception
[EKS96] NGC 1097   6,SHASSA H,1996ApJS__105___93E,no survey
[EKS96] NGC 1097   6,SHASSA CC,1996ApJS__105___93E,no survey
[EKS96] NGC 1097   6,SHASSA C,1996ApJS__105___93E,no survey
[EKS96] NGC 1097   6,SHASSA Sm,1996ApJS__105___93E,no survey
SED ACO 370  85,DSS,1995ApJ___450__512S,no survey
SED ACO 370  85,DSS1 Blue,1995ApJ___450__512S,no survey
SED ACO 370  85,DSS1 Red,1995ApJ___450__512S,no survey
SED ACO 370  85,DSS2 Red,1995ApJ___450__512S,no survey
SED ACO 370  85,DSS2 Blue,1995ApJ___450__512S,no survey
SED ACO 370  85,DSS2 IR,1995ApJ___450__512S,no survey
GUM 53,DSS1 Blue,1988ApJ___330__928G,no survey
GUM 53,DSS1 Red,1988ApJ___330__928G,no survey
GUM 53,DSS2 Blue,1988ApJ___330__928G,no survey
[MBH96] 265,DSS1 Blue,1996ApJ___469__629M,no survey
Cl* NGC 2210   HNNE       2,DSS1 Blue,1992AJ____104__111H,no survey
Cl* NGC 2210   HNNE       2,DSS1 Red,1992AJ____104__111H,no survey
NGC   663    64,Mellinger Red,1978AJ_____83_1075V,exception
NGC   663    64,Mellinger Green,1978AJ_____83_1075V,exception
NGC   663    64,Mellinger Blue,1978AJ_____83_1075V,exception
NGC   663    64,SHASSA H,1978AJ_____83_1075V,no survey
NGC   663    64,SHASSA CC,1978AJ_____83_1075V,no survey
NGC   663    64,SHASSA C,1978AJ_____83_1075V,no survey
NGC   663    64,SHASSA Sm,1978AJ_____83_1075V,no survey
UGC  4305,Mellinger Red,1990ApJ___362__480H,exception
UGC  4305,Mellinger Green,1990ApJ___362__480H,exception
UGC  4305,Mellinger Blue,1990ApJ___362__480H,exception
UGC  4305,SHASSA H,1990ApJ___362__480H,no survey
UGC  4305,SHASSA CC,1990ApJ___362__480H,no survey
UGC  4305,SHASSA C,1990ApJ___362__480H,no survey
UGC  4305,SHASSA Sm,1990ApJ___362__480H,no survey
[MTG95] B-197,DSS,1995AJ____109__173M,no survey
[MTG95] B-197,DSS1 Blue,1995AJ____109__173M,no survey
[MTG95] B-197,DSS1 Red,1995AJ____109__173M,no survey
[MTG95] B-197,DSS2 Red,1995AJ____109__173M,no survey
[MTG95] B-197,DSS2 Blue,1995AJ____109__173M,no survey
[MTG95] B-197,DSS2 IR,1995AJ____109__173M,no survey
[CFW90] Star 25,Mellinger Red,1990AJ_____99_1079C,exception
[CFW90] Star 25,Mellinger Green,1990AJ_____99_1079C,exception
[CFW90] Star 25,Mellinger Blue,1990AJ_____99_1079C,exception
[CFW90] Star 25,SHASSA H,1990AJ_____99_1079C,no survey
[CFW90] Star 25,SHASSA CC,1990AJ_____99_1079C,no survey
[CFW90] Star 25,SHASSA C,1990AJ_____99_1079C,no survey
[CFW90] Star 25,SHASSA Sm,1990AJ_____99_1079C,no survey
NGC    67,Mellinger Red,1987AJ_____94__587B,exception
NGC    67,Mellinger Green,1987AJ_____94__587B,exception
NGC    67,Mellinger Blue,1987AJ_____94__587B,exception
NGC    67,SHASSA H,1987AJ_____94__587B,no survey
NGC    67,SHASSA CC,1987AJ_____94__587B,no survey
NGC    67,SHASSA C,1987AJ_____94__587B,no survey
NGC    67,SHASSA Sm,1987AJ_____94__587B,no survey
BRAN 166,DSS1 Blue,1994ApJS___92__163S,no survey
BRAN 166,DSS1 Red,1994ApJS___92__163S,no survey
* b Tau,Mellinger Red,1969AJ_____74____2V,exception
* b Tau,Mellinger Green,1969AJ_____74____2V,exception
* b Tau,Mellinger Blue,1969AJ_____74____2V,exception
* b Tau,SHASSA H,1969AJ_____74____2V,no survey
* b Tau,SHASSA CC,1969AJ_____74____2V,no survey
* b Tau,SHASSA C,1969AJ_____74____2V,no survey
* b Tau,SHASSA Sm,1969AJ_____74____2V,no survey
V* V1464 Sgr,DSS2 Blue,1984AJ_____89_1836B,no survey
PMN J2048+0752,SUMSS 843 MHz,1995ApJS___97__347G,no survey
PMN J2048+0752,WENSS,1995ApJS___97__347G,no survey
PMN J1912-0725,GLEAM 139-170 MHz,1995ApJS___97__347G,no images
V* RV Tau,Mellinger Red,1951ApJ___113___60R,exception
V* RV Tau,Mellinger Green,1951ApJ___113___60R,exception
V* RV Tau,Mellinger Blue,1951ApJ___113___60R,exception
V* RV Tau,SHASSA H,1951ApJ___113___60R,no survey
V* RV Tau,SHASSA CC,1951ApJ___113___60R,no survey
V* RV Tau,SHASSA C,1951ApJ___113___60R,no survey
V* RV Tau,SHASSA Sm,1951ApJ___113___60R,no survey
IC 2857,SHASSA H,1987AJ_____94__587B,no survey
IC 2857,SHASSA CC,1987AJ_____94__587B,no survey
IC 2857,SHASSA C,1987AJ_____94__587B,no survey
IC 2857,SHASSA Sm,1987AJ_____94__587B,no survey
LEDA   28637,Mellinger Red,1990AJ____100_1014M,exception
LEDA   28637,Mellinger Green,1990AJ____100_1014M,exception
LEDA   28637,Mellinger Blue,1990AJ____100_1014M,exception
LEDA   28637,SHASSA H,1990AJ____100_1014M,no survey
LEDA   28637,SHASSA CC,1990AJ____100_1014M,no survey
LEDA   28637,SHASSA C,1990AJ____100_1014M,no survey
LEDA   28637,SHASSA Sm,1990AJ____100_1014M,no survey
ESO  91-17,IRAS  12 micron,1995ApJS___96___39B,no images
ESO  91-17,IRAS  25 micron,1995ApJS___96___39B,no images
ESO  91-17,IRAS  60 micron,1995ApJS___96___39B,no images
ESO  91-17,IRAS 100 micron,1995ApJS___96___39B,no survey
PMN J2231+0444,SUMSS 843 MHz,1995ApJS___97__347G,no survey
PMN J2231+0444,WENSS,1995ApJS___97__347G,no survey
V* AA Gem,Mellinger Red,1994AJ____108__653E,exception
V* AA Gem,Mellinger Green,1994AJ____108__653E,exception
V* AA Gem,Mellinger Blue,1994AJ____108__653E,exception
V* AA Gem,SHASSA H,1994AJ____108__653E,no survey
V* AA Gem,SHASSA CC,1994AJ____108__653E,no survey
V* AA Gem,SHASSA C,1994AJ____108__653E,no survey
V* AA Gem,SHASSA Sm,1994AJ____108__653E,no survey
[OGC93] 31127,DSS,1993AJ____105_1762O,no survey
[OGC93] 31127,DSS1 Blue,1993AJ____105_1762O,no survey
[OGC93] 31127,DSS1 Red,1993AJ____105_1762O,no survey
[OGC93] 31127,DSS2 Red,1993AJ____105_1762O,no survey
[OGC93] 31127,DSS2 Blue,1993AJ____105_1762O,no survey
[OGC93] 31127,DSS2 IR,1993AJ____105_1762O,no survey
V* V1312 Tau,Mellinger Red,1994ApJ___424__237S,exception
V* V1312 Tau,Mellinger Green,1994ApJ___424__237S,exception
V* V1312 Tau,Mellinger Blue,1994ApJ___424__237S,exception
V* V1312 Tau,SHASSA H,1994ApJ___424__237S,no survey
V* V1312 Tau,SHASSA CC,1994ApJ___424__237S,no survey
V* V1312 Tau,SHASSA C,1994ApJ___424__237S,no survey
V* V1312 Tau,SHASSA Sm,1994ApJ___424__237S,no survey
PGMW 3184,DSS1 Blue,1992AJ____103_1205P,no survey
PGMW 3184,DSS1 Red,1992AJ____103_1205P,no survey
PGMW 3184,DSS2 Red,1992AJ____103_1205P,no survey
PGMW 3184,DSS2 Blue,1992AJ____103_1205P,no survey
PMN J2029+0944,SUMSS 843 MHz,1995ApJS___97__347G,no survey
PMN J2029+0944,WENSS,1995ApJS___97__347G,no survey
HD  16779,SHASSA H,1970ApJ___160_1149H,no survey
HD  16779,SHASSA CC,1970ApJ___160_1149H,no survey
HD  16779,SHASSA C,1970ApJ___160_1149H,no survey
HD  16779,SHASSA Sm,1970ApJ___160_1149H,no survey
[OF84] 23,DSS2 Blue,1984ApJ___283__601O,no survey
NGC  5897    75,Mellinger Red,1968ApJ___153__569S,exception
NGC  5897    75,Mellinger Green,1968ApJ___153__569S,exception
NGC  5897    75,Mellinger Blue,1968ApJ___153__569S,exception
NGC  5897    75,SHASSA H,1968ApJ___153__569S,no survey
NGC  5897    75,SHASSA CC,1968ApJ___153__569S,no survey
NGC  5897    75,SHASSA C,1968ApJ___153__569S,no survey
NGC  5897    75,SHASSA Sm,1968ApJ___153__569S,no survey
HD 177123,DSS1 Blue,1984ApJS___55__101C,no survey
HD 177123,DSS1 Red,1984ApJS___55__101C,no survey
HD  13676,Mellinger Red,1974AJ_____79__107M,exception
HD  13676,Mellinger Green,1974AJ_____79__107M,exception
HD  13676,Mellinger Blue,1974AJ_____79__107M,exception
HD  13676,SHASSA H,1974AJ_____79__107M,no survey
HD  13676,SHASSA CC,1974AJ_____79__107M,no survey
HD  13676,SHASSA C,1974AJ_____79__107M,no survey
HD  13676,SHASSA Sm,1974AJ_____79__107M,no survey
NGC  4874,Mellinger Red,1978AJ_____83___73S,exception
NGC  4874,Mellinger Green,1978AJ_____83___73S,exception
NGC  4874,Mellinger Blue,1978AJ_____83___73S,exception
NGC  4874,SHASSA H,1978AJ_____83___73S,no survey
NGC  4874,SHASSA CC,1978AJ_____83___73S,no survey
NGC  4874,SHASSA C,1978AJ_____83___73S,no survey
NGC  4874,SHASSA Sm,1978AJ_____83___73S,no survey
NGC   104   177,DSS,1961ApJ___133__430W,no survey
NGC   104   177,DSS1 Blue,1961ApJ___133__430W,no survey
NGC   104   177,DSS1 Red,1961ApJ___133__430W,no survey
NGC   104   177,DSS2 Red,1961ApJ___133__430W,no survey
NGC   104   177,DSS2 Blue,1961ApJ___133__430W,no survey
NGC   104   177,DSS2 IR,1961ApJ___133__430W,no survey
LEDA  237599,IRAS  12 micron,1995ApJS___96___39B,no images
LEDA  237599,IRAS  25 micron,1995ApJS___96___39B,no images
LEDA  237599,IRAS  60 micron,1995ApJS___96___39B,no images
LEDA  237599,IRAS 100 micron,1995ApJS___96___39B,no survey
NGC  1892,DSS1 Blue,1997AJ____114_2366C,no survey
NGC  1892,DSS1 Red,1997AJ____114_2366C,no survey
NGC  1892,DSS2 Blue,1997AJ____114_2366C,no survey
HD 246878,Mellinger Red,1956ApJS____2__389H,exception
HD 246878,Mellinger Green,1956ApJS____2__389H,exception
HD 246878,Mellinger Blue,1956ApJS____2__389H,exception
HD 246878,SHASSA H,1956ApJS____2__389H,no survey
HD 246878,SHASSA CC,1956ApJS____2__389H,no survey
HD 246878,SHASSA C,1956ApJS____2__389H,no survey
HD 246878,SHASSA Sm,1956ApJS____2__389H,no survey
HD  54388,Mellinger Red,1972AJ_____77__868C,exception
HD  54388,Mellinger Green,1972AJ_____77__868C,exception
HD  54388,Mellinger Blue,1972AJ_____77__868C,exception
HD  54388,SHASSA H,1972AJ_____77__868C,no survey
HD  54388,SHASSA CC,1972AJ_____77__868C,no survey
HD  54388,SHASSA C,1972AJ_____77__868C,no survey
HD  54388,SHASSA Sm,1972AJ_____77__868C,no survey
[EKS96] NGC 7314  38,Mellinger Red,1996ApJS__105___93E,exception
[EKS96] NGC 7314  38,Mellinger Green,1996ApJS__105___93E,exception
[EKS96] NGC 7314  38,Mellinger Blue,1996ApJS__105___93E,exception
[EKS96] NGC 7314  38,SHASSA H,1996ApJS__105___93E,no survey
[EKS96] NGC 7314  38,SHASSA CC,1996ApJS__105___93E,no survey
[EKS96] NGC 7314  38,SHASSA C,1996ApJS__105___93E,no survey
[EKS96] NGC 7314  38,SHASSA Sm,1996ApJS__105___93E,no survey
Cl* NGC 6752     GA      31,DSS1 Blue,1990AJ____100__162D,no survey
Cl* NGC 6752     GA      31,DSS1 Red,1990AJ____100__162D,no survey
Cl* NGC 6611    BKP   33969,DSS2 Blue,1993AJ____106_1906H,no survey
HD  44458,Mellinger Red,1933ApJ____78___87M,exception
HD  44458,Mellinger Green,1933ApJ____78___87M,exception
HD  44458,Mellinger Blue,1933ApJ____78___87M,exception
HD  44458,SHASSA H,1933ApJ____78___87M,no survey
HD  44458,SHASSA CC,1933ApJ____78___87M,no survey
HD  44458,SHASSA C,1933ApJ____78___87M,no survey
HD  44458,SHASSA Sm,1933ApJ____78___87M,no survey
Cl* NGC 2070     MH     492,DSS1 Blue,1994AJ____107_1054M,no survey
Cl* NGC 2070     MH     492,DSS1 Red,1994AJ____107_1054M,no survey
PG 1439+305,Mellinger Red,1986ApJS___61__305G,exception
PG 1439+305,Mellinger Green,1986ApJS___61__305G,exception
PG 1439+305,Mellinger Blue,1986ApJS___61__305G,exception
PG 1439+305,SHASSA H,1986ApJS___61__305G,no survey
PG 1439+305,SHASSA CC,1986ApJS___61__305G,no survey
PG 1439+305,SHASSA C,1986ApJS___61__305G,no survey
PG 1439+305,SHASSA Sm,1986ApJS___61__305G,no survey
HD  24194,Mellinger Red,1994ApJS___91__625S,exception
HD  24194,Mellinger Green,1994ApJS___91__625S,exception
HD  24194,Mellinger Blue,1994ApJS___91__625S,exception
HD  24194,SHASSA H,1994ApJS___91__625S,no survey
HD  24194,SHASSA CC,1994ApJS___91__625S,no survey
HD  24194,SHASSA C,1994ApJS___91__625S,no survey
HD  24194,SHASSA Sm,1994ApJS___91__625S,no survey
NGC  3783,DSS1 Blue,1989AJ_____97__720H,no survey
NGC  3783,DSS1 Red,1989AJ_____97__720H,no survey
NAME Cyg Loop,VLA FIRST (1.4 GHz),1995AJ____110__747F,no survey
NAME Cyg Loop,Stripe82VLA,1995AJ____110__747F,no survey
HD  97152,Mellinger Red,1994ApJS___95__151M,exception
HD  97152,Mellinger Green,1994ApJS___95__151M,exception
HD  97152,Mellinger Blue,1994ApJS___95__151M,exception
HD  97152,SHASSA H,1994ApJS___95__151M,no survey
HD  97152,SHASSA CC,1994ApJS___95__151M,no survey
HD  97152,SHASSA C,1994ApJS___95__151M,no survey
HD  97152,SHASSA Sm,1994ApJS___95__151M,no survey
StRS 436,Mellinger Red,1992AJ____103__263S,exception
StRS 436,Mellinger Green,1992AJ____103__263S,exception
StRS 436,Mellinger Blue,1992AJ____103__263S,exception
StRS 436,SHASSA H,1992AJ____103__263S,no survey
StRS 436,SHASSA CC,1992AJ____103__263S,no survey
StRS 436,SHASSA C,1992AJ____103__263S,no survey
StRS 436,SHASSA Sm,1992AJ____103__263S,no survey
LBQS 0056-2915,Mellinger Red,1991AJ____102__502C,exception
LBQS 0056-2915,Mellinger Green,1991AJ____102__502C,exception
LBQS 0056-2915,Mellinger Blue,1991AJ____102__502C,exception
LBQS 0056-2915,SHASSA H,1991AJ____102__502C,no survey
LBQS 0056-2915,SHASSA CC,1991AJ____102__502C,no survey
LBQS 0056-2915,SHASSA C,1991AJ____102__502C,no survey
LBQS 0056-2915,SHASSA Sm,1991AJ____102__502C,no survey
Cl* NGC 2682      H       1,Mellinger Red,1993AJ____106__181M,exception
Cl* NGC 2682      H       1,Mellinger Green,1993AJ____106__181M,exception
Cl* NGC 2682      H       1,Mellinger Blue,1993AJ____106__181M,exception
Cl* NGC 2682      H       1,SHASSA H,1993AJ____106__181M,no survey
Cl* NGC 2682      H       1,SHASSA CC,1993AJ____106__181M,no survey
Cl* NGC 2682      H       1,SHASSA C,1993AJ____106__181M,no survey
Cl* NGC 2682      H       1,SHASSA Sm,1993AJ____106__181M,no survey
4C 28.40,DSS1 Blue,1978ApJ___221__468S,no survey
2MASS J02315442+6121180,Mellinger Red,1965AJ_____70__806V,exception
2MASS J02315442+6121180,Mellinger Green,1965AJ_____70__806V,exception
2MASS J02315442+6121180,Mellinger Blue,1965AJ_____70__806V,exception
2MASS J02315442+6121180,SHASSA H,1965AJ_____70__806V,no survey
2MASS J02315442+6121180,SHASSA CC,1965AJ_____70__806V,no survey
2MASS J02315442+6121180,SHASSA C,1965AJ_____70__806V,no survey
2MASS J02315442+6121180,SHASSA Sm,1965AJ_____70__806V,no survey
NGC   908,IRAS  12 micron,1995ApJS___98__219Y,no images
NGC   908,IRAS  25 micron,1995ApJS___98__219Y,no images
NGC   908,IRAS  60 micron,1995ApJS___98__219Y,no images
NGC   908,IRAS 100 micron,1995ApJS___98__219Y,no survey
NGC  5530,Mellinger Red,1995AJ____110__613V,exception
NGC  5530,Mellinger Green,1995AJ____110__613V,exception
NGC  5530,Mellinger Blue,1995AJ____110__613V,exception
NGC  5530,SHASSA H,1995AJ____110__613V,no survey
NGC  5530,SHASSA CC,1995AJ____110__613V,no survey
NGC  5530,SHASSA C,1995AJ____110__613V,no survey
NGC  5530,SHASSA Sm,1995AJ____110__613V,no survey
[TP95] NGC  4602   5,DSS2 Red,1995ApJS__101__287T,no images
[TP95] NGC  4602   5,DSS2 Blue,1995ApJS__101__287T,no images
[TP95] NGC  4602   5,DSS2 IR,1995ApJS__101__287T,no images
NGC  6611   380,DSS2 Blue,1961ApJ___133__438W,no images
NGC  6611   380,DSS2 IR,1961ApJ___133__438W,no images
CD-24 12692,Mellinger Red,1993AJ____105_1010V,exception
CD-24 12692,Mellinger Green,1993AJ____105_1010V,exception
CD-24 12692,Mellinger Blue,1993AJ____105_1010V,exception
CD-24 12692,SHASSA H,1993AJ____105_1010V,no survey
CD-24 12692,SHASSA CC,1993AJ____105_1010V,no survey
CD-24 12692,SHASSA C,1993AJ____105_1010V,no survey
CD-24 12692,SHASSA Sm,1993AJ____105_1010V,no survey
IREC  67,DSS,1988ApJ___334__815D,no survey
IREC  67,DSS1 Blue,1988ApJ___334__815D,no survey
IREC  67,DSS1 Red,1988ApJ___334__815D,no survey
IREC  67,DSS2 Red,1988ApJ___334__815D,no survey
IREC  67,DSS2 Blue,1988ApJ___334__815D,no survey
IREC  67,DSS2 IR,1988ApJ___334__815D,no survey
2MASX J11455594+3312185,Mellinger Red,1988ApJS___66__297P,exception
2MASX J11455594+3312185,Mellinger Green,1988ApJS___66__297P,exception
2MASX J11455594+3312185,Mellinger Blue,1988ApJS___66__297P,exception
2MASX J11455594+3312185,SHASSA H,1988ApJS___66__297P,no survey
2MASX J11455594+3312185,SHASSA CC,1988ApJS___66__297P,no survey
2MASX J11455594+3312185,SHASSA C,1988ApJS___66__297P,no survey
2MASX J11455594+3312185,SHASSA Sm,1988ApJS___66__297P,no survey
* mu. Cep,Mellinger Red,1956ApJ___123__210D,exception
* mu. Cep,Mellinger Green,1956ApJ___123__210D,exception
* mu. Cep,Mellinger Blue,1956ApJ___123__210D,exception
* mu. Cep,SHASSA H,1956ApJ___123__210D,no survey
* mu. Cep,SHASSA CC,1956ApJ___123__210D,no survey
* mu. Cep,SHASSA C,1956ApJ___123__210D,no survey
* mu. Cep,SHASSA Sm,1956ApJ___123__210D,no survey
[GMP94] 404,DSS1 Blue,1994AJ____108_1256G,no survey
[GMP94] 404,DSS1 Red,1994AJ____108_1256G,no survey
[GMP94] 404,DSS2 Blue,1994AJ____108_1256G,no survey
Cl* NGC 2070     MH     480,DSS1 Blue,1991ApJ___378L__21W,no survey
Cl* NGC 2070     MH     480,DSS1 Red,1991ApJ___378L__21W,no survey
NAME Sgr A East,DSS2 Blue,1995ApJ___450__122Z,no survey
WORC 143,Mellinger Red,1979ApJ___230__724R,exception
WORC 143,Mellinger Green,1979ApJ___230__724R,exception
WORC 143,Mellinger Blue,1979ApJ___230__724R,exception
WORC 143,SHASSA H,1979ApJ___230__724R,no survey
WORC 143,SHASSA CC,1979ApJ___230__724R,no survey
WORC 143,SHASSA C,1979ApJ___230__724R,no survey
WORC 143,SHASSA Sm,1979ApJ___230__724R,no survey
3C 223.0,Mellinger Red,1966ApJ___144__459W,exception
3C 223.0,Mellinger Green,1966ApJ___144__459W,exception
3C 223.0,Mellinger Blue,1966ApJ___144__459W,exception
3C 223.0,SHASSA H,1966ApJ___144__459W,no survey
3C 223.0,SHASSA CC,1966ApJ___144__459W,no survey
3C 223.0,SHASSA C,1966ApJ___144__459W,no survey
3C 223.0,SHASSA Sm,1966ApJ___144__459W,no survey
M  31,IRAS  12 micron,1995AJ____110_1649M,no images
M  31,IRAS  25 micron,1995AJ____110_1649M,no images
M  31,IRAS  60 micron,1995AJ____110_1649M,no images
M  31,IRAS 100 micron,1995AJ____110_1649M,no survey
GSS 39,SHASSA H,1978ApJ___224__453E,no survey
GSS 39,SHASSA CC,1978ApJ___224__453E,no survey
GSS 39,SHASSA C,1978ApJ___224__453E,no survey
GSS 39,SHASSA Sm,1978ApJ___224__453E,no survey
UGC  6016,Mellinger Red,1984AJ_____89__350B,exception
UGC  6016,Mellinger Green,1984AJ_____89__350B,exception
UGC  6016,Mellinger Blue,1984AJ_____89__350B,exception
UGC  6016,SHASSA H,1984AJ_____89__350B,no survey
UGC  6016,SHASSA CC,1984AJ_____89__350B,no survey
UGC  6016,SHASSA C,1984AJ_____89__350B,no survey
UGC  6016,SHASSA Sm,1984AJ_____89__350B,no survey
LIN 393,Mellinger Red,1961AJ_____66__169L,exception
LIN 393,Mellinger Green,1961AJ_____66__169L,exception
LIN 393,Mellinger Blue,1961AJ_____66__169L,exception
LIN 393,SHASSA H,1961AJ_____66__169L,no survey
LIN 393,SHASSA CC,1961AJ_____66__169L,no survey
LIN 393,SHASSA C,1961AJ_____66__169L,no survey
LIN 393,SHASSA Sm,1961AJ_____66__169L,no survey
NAME Arm N III in M 33,DSS,1980ApJ___236L___1S,no survey
NAME Arm N III in M 33,DSS1 Blue,1980ApJ___236L___1S,no survey
NAME Arm N III in M 33,DSS1 Red,1980ApJ___236L___1S,no survey
NAME Arm N III in M 33,DSS2 Red,1980ApJ___236L___1S,no survey
NAME Arm N III in M 33,DSS2 Blue,1980ApJ___236L___1S,no survey
NAME Arm N III in M 33,DSS2 IR,1980ApJ___236L___1S,no survey
YYW 0002-422 23,DSS,1990ApJ___351__377Y,no survey
YYW 0002-422 23,DSS1 Blue,1990ApJ___351__377Y,no survey
YYW 0002-422 23,DSS1 Red,1990ApJ___351__377Y,no survey
YYW 0002-422 23,DSS2 Red,1990ApJ___351__377Y,no survey
YYW 0002-422 23,DSS2 Blue,1990ApJ___351__377Y,no survey
YYW 0002-422 23,DSS2 IR,1990ApJ___351__377Y,no survey
[H69] NGC 3359  37,DSS,1969ApJS___18___73H,no survey
[H69] NGC 3359  37,DSS1 Blue,1969ApJS___18___73H,no survey
[H69] NGC 3359  37,DSS1 Red,1969ApJS___18___73H,no survey
[H69] NGC 3359  37,DSS2 Red,1969ApJS___18___73H,no survey
[H69] NGC 3359  37,DSS2 Blue,1969ApJS___18___73H,no survey
[H69] NGC 3359  37,DSS2 IR,1969ApJS___18___73H,no survey
CD-26   296,Mellinger Red,1968ApJ___153__723E,exception
CD-26   296,Mellinger Green,1968ApJ___153__723E,exception
CD-26   296,Mellinger Blue,1968ApJ___153__723E,exception
CD-26   296,SHASSA H,1968ApJ___153__723E,no survey
CD-26   296,SHASSA CC,1968ApJ___153__723E,no survey
CD-26   296,SHASSA C,1968ApJ___153__723E,no survey
CD-26   296,SHASSA Sm,1968ApJ___153__723E,no survey
IREC 499,DSS,1988ApJ___334__815D,no survey
IREC 499,DSS1 Blue,1988ApJ___334__815D,no survey
IREC 499,DSS1 Red,1988ApJ___334__815D,no survey
IREC 499,DSS2 Red,1988ApJ___334__815D,no survey
IREC 499,DSS2 Blue,1988ApJ___334__815D,no survey
IREC 499,DSS2 IR,1988ApJ___334__815D,no survey
NGC  4394,Mellinger Red,1981ApJ___248__395D,exception
NGC  4394,Mellinger Green,1981ApJ___248__395D,exception
NGC  4394,Mellinger Blue,1981ApJ___248__395D,exception
NGC  4394,SHASSA H,1981ApJ___248__395D,no survey
NGC  4394,SHASSA CC,1981ApJ___248__395D,no survey
NGC  4394,SHASSA C,1981ApJ___248__395D,no survey
NGC  4394,SHASSA Sm,1981ApJ___248__395D,no survey
* pi. Her,Mellinger Red,1964ApJ___140__235K,exception
* pi. Her,Mellinger Green,1964ApJ___140__235K,exception
* pi. Her,Mellinger Blue,1964ApJ___140__235K,exception
* pi. Her,SHASSA H,1964ApJ___140__235K,no survey
* pi. Her,SHASSA CC,1964ApJ___140__235K,no survey
* pi. Her,SHASSA C,1964ApJ___140__235K,no survey
* pi. Her,SHASSA Sm,1964ApJ___140__235K,no survey
IRC +50438,Mellinger Red,1973AJ_____78__389V,exception
IRC +50438,Mellinger Green,1973AJ_____78__389V,exception
IRC +50438,Mellinger Blue,1973AJ_____78__389V,exception
IRC +50438,SHASSA H,1973AJ_____78__389V,no survey
IRC +50438,SHASSA CC,1973AJ_____78__389V,no survey
IRC +50438,SHASSA C,1973AJ_____78__389V,no survey
IRC +50438,SHASSA Sm,1973AJ_____78__389V,no survey
2MASX J02513583+4315117,Mellinger Red,1995AJ____109_2318C,exception
2MASX J02513583+4315117,Mellinger Green,1995AJ____109_2318C,exception
2MASX J02513583+4315117,Mellinger Blue,1995AJ____109_2318C,exception
2MASX J02513583+4315117,SHASSA H,1995AJ____109_2318C,no survey
2MASX J02513583+4315117,SHASSA CC,1995AJ____109_2318C,no survey
2MASX J02513583+4315117,SHASSA C,1995AJ____109_2318C,no survey
2MASX J02513583+4315117,SHASSA Sm,1995AJ____109_2318C,no survey
Cl* IC  166      B      M,DSS,1969AJ_____74_1171B,no survey
Cl* IC  166      B      M,DSS1 Blue,1969AJ_____74_1171B,no survey
Cl* IC  166      B      M,DSS1 Red,1969AJ_____74_1171B,no survey
Cl* IC  166      B      M,DSS2 Red,1969AJ_____74_1171B,no survey
Cl* IC  166      B      M,DSS2 Blue,1969AJ_____74_1171B,no survey
Cl* IC  166      B      M,DSS2 IR,1969AJ_____74_1171B,no survey
NGC  4839,Mellinger Red,1996ApJ___472__137H,exception
NGC  4839,Mellinger Green,1996ApJ___472__137H,exception
NGC  4839,Mellinger Blue,1996ApJ___472__137H,exception
NGC  4839,SHASSA H,1996ApJ___472__137H,no survey
NGC  4839,SHASSA CC,1996ApJ___472__137H,no survey
NGC  4839,SHASSA C,1996ApJ___472__137H,no survey
NGC  4839,SHASSA Sm,1996ApJ___472__137H,no survey
Cl* Trumpler   14     MJ     500,DSS1 Blue,1993AJ____105__980M,no survey
Cl* Trumpler   14     MJ     500,DSS1 Red,1993AJ____105__980M,no survey
Cl* Trumpler   14     MJ     500,DSS2 Blue,1993AJ____105__980M,no survey
PMN J0629-3052,WENSS,1996ApJS__103__145W,no survey
[OGH96] Cl 132936+3118 332,DSS,1996AJ____111___29O,no survey
[OGH96] Cl 132936+3118 332,DSS1 Blue,1996AJ____111___29O,no survey
[OGH96] Cl 132936+3118 332,DSS1 Red,1996AJ____111___29O,no survey
[OGH96] Cl 132936+3118 332,DSS2 Red,1996AJ____111___29O,no survey
[OGH96] Cl 132936+3118 332,DSS2 Blue,1996AJ____111___29O,no survey
[OGH96] Cl 132936+3118 332,DSS2 IR,1996AJ____111___29O,no survey
[WBD96] 3-356.0,Mellinger Red,1996AJ____112_1335W,exception
[WBD96] 3-356.0,Mellinger Green,1996AJ____112_1335W,exception
[WBD96] 3-356.0,Mellinger Blue,1996AJ____112_1335W,exception
[WBD96] 3-356.0,SHASSA H,1996AJ____112_1335W,no survey
[WBD96] 3-356.0,SHASSA CC,1996AJ____112_1335W,no survey
[WBD96] 3-356.0,SHASSA C,1996AJ____112_1335W,no survey
[WBD96] 3-356.0,SHASSA Sm,1996AJ____112_1335W,no survey
HD 219134,SHASSA H,1961ApJ___134__809Y,no survey
HD 219134,SHASSA CC,1961ApJ___134__809Y,no survey
HD 219134,SHASSA C,1961ApJ___134__809Y,no survey
HD 219134,SHASSA Sm,1961ApJ___134__809Y,no survey
[MTG95] A-259,DSS,1995AJ____109__173M,no survey
[MTG95] A-259,DSS1 Blue,1995AJ____109__173M,no survey
[MTG95] A-259,DSS1 Red,1995AJ____109__173M,no survey
[MTG95] A-259,DSS2 Red,1995AJ____109__173M,no survey
[MTG95] A-259,DSS2 Blue,1995AJ____109__173M,no survey
[MTG95] A-259,DSS2 IR,1995AJ____109__173M,no survey
V* GR Mon,Mellinger Red,1954ApJ___119__483H,exception
V* GR Mon,Mellinger Green,1954ApJ___119__483H,exception
V* GR Mon,Mellinger Blue,1954ApJ___119__483H,exception
V* GR Mon,SHASSA H,1954ApJ___119__483H,no survey
V* GR Mon,SHASSA CC,1954ApJ___119__483H,no survey
V* GR Mon,SHASSA C,1954ApJ___119__483H,no survey
V* GR Mon,SHASSA Sm,1954ApJ___119__483H,no survey
IFM-B  586,DSS1 Blue,1993ApJS___89___85I,no survey
WRAY 15-682,Mellinger Red,1995ApJ___448__788N,exception
WRAY 15-682,Mellinger Green,1995ApJ___448__788N,exception
WRAY 15-682,Mellinger Blue,1995ApJ___448__788N,exception
WRAY 15-682,SHASSA H,1995ApJ___448__788N,no survey
WRAY 15-682,SHASSA CC,1995ApJ___448__788N,no survey
WRAY 15-682,SHASSA C,1995ApJ___448__788N,no survey
WRAY 15-682,SHASSA Sm,1995ApJ___448__788N,no survey
LEDA  437522,Mellinger Red,1995ApJS___96___39B,exception
LEDA  437522,Mellinger Green,1995ApJS___96___39B,exception
LEDA  437522,Mellinger Blue,1995ApJS___96___39B,exception
LEDA  437522,SHASSA H,1995ApJS___96___39B,no survey
LEDA  437522,SHASSA CC,1995ApJS___96___39B,no survey
LEDA  437522,SHASSA C,1995ApJS___96___39B,no survey
LEDA  437522,SHASSA Sm,1995ApJS___96___39B,no survey
V* HP Cha,DSS1 Blue,1993ApJ___416__623F,no survey
V* HP Cha,DSS1 Red,1993ApJ___416__623F,no survey
Mrk  231,Mellinger Red,1993ApJ___419__553B,exception
Mrk  231,Mellinger Green,1993ApJ___419__553B,exception
Mrk  231,Mellinger Blue,1993ApJ___419__553B,exception
Mrk  231,SHASSA H,1993ApJ___419__553B,no survey
Mrk  231,SHASSA CC,1993ApJ___419__553B,no survey
Mrk  231,SHASSA C,1993ApJ___419__553B,no survey
Mrk  231,SHASSA Sm,1993ApJ___419__553B,no survey
[MQG83] Shell  1,DSS,1983ApJ___272L___5M,no survey
[MQG83] Shell  1,DSS1 Blue,1983ApJ___272L___5M,no survey
[MQG83] Shell  1,DSS1 Red,1983ApJ___272L___5M,no survey
[MQG83] Shell  1,DSS2 Red,1983ApJ___272L___5M,no survey
[MQG83] Shell  1,DSS2 Blue,1983ApJ___272L___5M,no survey
[MQG83] Shell  1,DSS2 IR,1983ApJ___272L___5M,no survey
NGC  3647,Mellinger Red,1987AJ_____94__587B,exception
NGC  3647,Mellinger Green,1987AJ_____94__587B,exception
NGC  3647,Mellinger Blue,1987AJ_____94__587B,exception
NGC  3647,SHASSA H,1987AJ_____94__587B,no survey
NGC  3647,SHASSA CC,1987AJ_____94__587B,no survey
NGC  3647,SHASSA C,1987AJ_____94__587B,no survey
NGC  3647,SHASSA Sm,1987AJ_____94__587B,no survey
FRL  601,DSS1 Blue,1995ApJS___96___39B,no survey
FRL  601,DSS1 Red,1995ApJS___96___39B,no survey
Cl* NGC 4590   WALK      98,Mellinger Red,1994AJ____108__555W,exception
Cl* NGC 4590   WALK      98,Mellinger Green,1994AJ____108__555W,exception
Cl* NGC 4590   WALK      98,Mellinger Blue,1994AJ____108__555W,exception
Cl* NGC 4590   WALK      98,SHASSA H,1994AJ____108__555W,no survey
Cl* NGC 4590   WALK      98,SHASSA CC,1994AJ____108__555W,no survey
Cl* NGC 4590   WALK      98,SHASSA C,1994AJ____108__555W,no survey
Cl* NGC 4590   WALK      98,SHASSA Sm,1994AJ____108__555W,no survey
NGC  6649   313,Mellinger Red,1975ApJ___197___55M,exception
NGC  6649   313,Mellinger Green,1975ApJ___197___55M,exception
NGC  6649   313,Mellinger Blue,1975ApJ___197___55M,exception
NGC  6649   313,SHASSA H,1975ApJ___197___55M,no survey
NGC  6649   313,SHASSA CC,1975ApJ___197___55M,no survey
NGC  6649   313,SHASSA C,1975ApJ___197___55M,no survey
NGC  6649   313,SHASSA Sm,1975ApJ___197___55M,no survey
[MM63] 6-30,DSS2 Blue,1963AJ_____68__319M,no survey
US 3241,Mellinger Red,1984ApJS___56__393H,exception
US 3241,Mellinger Green,1984ApJS___56__393H,exception
US 3241,Mellinger Blue,1984ApJS___56__393H,exception
US 3241,SHASSA H,1984ApJS___56__393H,no survey
US 3241,SHASSA CC,1984ApJS___56__393H,no survey
US 3241,SHASSA C,1984ApJS___56__393H,no survey
US 3241,SHASSA Sm,1984ApJS___56__393H,no survey
NAME E 3,Mellinger Red,1996AJ____112_1536M,exception
NAME E 3,Mellinger Green,1996AJ____112_1536M,exception
NAME E 3,Mellinger Blue,1996AJ____112_1536M,exception
NAME E 3,SHASSA H,1996AJ____112_1536M,no survey
NAME E 3,SHASSA CC,1996AJ____112_1536M,no survey
NAME E 3,SHASSA C,1996AJ____112_1536M,no survey
NAME E 3,SHASSA Sm,1996AJ____112_1536M,no survey
ACO  2064,Mellinger Red,1985AJ_____90_1413B,exception
ACO  2064,Mellinger Green,1985AJ_____90_1413B,exception
ACO  2064,Mellinger Blue,1985AJ_____90_1413B,exception
ACO  2064,SHASSA H,1985AJ_____90_1413B,no survey
ACO  2064,SHASSA CC,1985AJ_____90_1413B,no survey
ACO  2064,SHASSA C,1985AJ_____90_1413B,no survey
ACO  2064,SHASSA Sm,1985AJ_____90_1413B,no survey
NGC  6217,Mellinger Red,1975ApJ___201__556H,exception
NGC  6217,Mellinger Green,1975ApJ___201__556H,exception
NGC  6217,Mellinger Blue,1975ApJ___201__556H,exception
NGC  6217,SHASSA H,1975ApJ___201__556H,no survey
NGC  6217,SHASSA CC,1975ApJ___201__556H,no survey
NGC  6217,SHASSA C,1975ApJ___201__556H,no survey
NGC  6217,SHASSA Sm,1975ApJ___201__556H,no survey
NGC  4535,Mellinger Red,1988ApJ___330__579P,exception
NGC  4535,Mellinger Green,1988ApJ___330__579P,exception
NGC  4535,Mellinger Blue,1988ApJ___330__579P,exception
NGC  4535,SHASSA H,1988ApJ___330__579P,no survey
NGC  4535,SHASSA CC,1988ApJ___330__579P,no survey
NGC  4535,SHASSA C,1988ApJ___330__579P,no survey
NGC  4535,SHASSA Sm,1988ApJ___330__579P,no survey
ICRF J052109.8+163822,VLA FIRST (1.4 GHz),1991AJ____101_2151D,no survey
ICRF J052109.8+163822,Stripe82VLA,1991AJ____101_2151D,no survey
[TP95] NGC  5643  17,DSS1 Blue,1995ApJS__101__287T,no survey
[TP95] NGC  5643  17,DSS1 Red,1995ApJS__101__287T,no survey
V* Z CMa,Mellinger Red,1973ApJ___185L__67L,exception
V* Z CMa,Mellinger Green,1973ApJ___185L__67L,exception
V* Z CMa,Mellinger Blue,1973ApJ___185L__67L,exception
V* Z CMa,SHASSA H,1973ApJ___185L__67L,no survey
V* Z CMa,SHASSA CC,1973ApJ___185L__67L,no survey
V* Z CMa,SHASSA C,1973ApJ___185L__67L,no survey
V* Z CMa,SHASSA Sm,1973ApJ___185L__67L,no survey
UCAC3 15-9522,DSS1 Blue,1997AJ____114__244C,no survey
UCAC3 15-9522,DSS1 Red,1997AJ____114__244C,no survey
ESO  70-13,DSS1 Blue,1995ApJS___96___39B,no survey
ESO  70-13,DSS1 Red,1995ApJS___96___39B,no survey
UGC  9799,Mellinger Red,1993ApJ___416___51Z,exception
UGC  9799,Mellinger Green,1993ApJ___416___51Z,exception
UGC  9799,Mellinger Blue,1993ApJ___416___51Z,exception
UGC  9799,SHASSA H,1993ApJ___416___51Z,no survey
UGC  9799,SHASSA CC,1993ApJ___416___51Z,no survey
UGC  9799,SHASSA C,1993ApJ___416___51Z,no survey
UGC  9799,SHASSA Sm,1993ApJ___416___51Z,no survey
HD 153364,Mellinger Red,1971AJ_____76__419W,exception
HD 153364,Mellinger Green,1971AJ_____76__419W,exception
HD 153364,Mellinger Blue,1971AJ_____76__419W,exception
HD 153364,SHASSA H,1971AJ_____76__419W,no survey
HD 153364,SHASSA CC,1971AJ_____76__419W,no survey
HD 153364,SHASSA C,1971AJ_____76__419W,no survey
HD 153364,SHASSA Sm,1971AJ_____76__419W,no survey
Cl* NGC 2126      C       3,DSS,1943ApJ____97___93C,no survey
Cl* NGC 2126      C       3,DSS1 Blue,1943ApJ____97___93C,no survey
Cl* NGC 2126      C       3,DSS1 Red,1943ApJ____97___93C,no survey
Cl* NGC 2126      C       3,DSS2 Red,1943ApJ____97___93C,no survey
Cl* NGC 2126      C       3,DSS2 Blue,1943ApJ____97___93C,no survey
Cl* NGC 2126      C       3,DSS2 IR,1943ApJ____97___93C,no survey
* eta Cas,Mellinger Red,1955ApJ___121__653S,exception
* eta Cas,Mellinger Green,1955ApJ___121__653S,exception
* eta Cas,Mellinger Blue,1955ApJ___121__653S,exception
* eta Cas,SHASSA H,1955ApJ___121__653S,no survey
* eta Cas,SHASSA CC,1955ApJ___121__653S,no survey
* eta Cas,SHASSA C,1955ApJ___121__653S,no survey
* eta Cas,SHASSA Sm,1955ApJ___121__653S,no survey
[H69] NGC  925  60,DSS,1969ApJS___18___73H,no survey
[H69] NGC  925  60,DSS1 Blue,1969ApJS___18___73H,no survey
[H69] NGC  925  60,DSS1 Red,1969ApJS___18___73H,no survey
[H69] NGC  925  60,DSS2 Red,1969ApJS___18___73H,no survey
[H69] NGC  925  60,DSS2 Blue,1969ApJS___18___73H,no survey
[H69] NGC  925  60,DSS2 IR,1969ApJS___18___73H,no survey
PKS J0130-2610,Mellinger Red,1996ApJS__107___19M,exception
PKS J0130-2610,Mellinger Green,1996ApJS__107___19M,exception
PKS J0130-2610,Mellinger Blue,1996ApJS__107___19M,exception
PKS J0130-2610,SHASSA H,1996ApJS__107___19M,no survey
PKS J0130-2610,SHASSA CC,1996ApJS__107___19M,no survey
PKS J0130-2610,SHASSA C,1996ApJS__107___19M,no survey
PKS J0130-2610,SHASSA Sm,1996ApJS__107___19M,no survey
GPSR 036.059+0.360,DSS,1990ApJS___74__181Z,no survey
GPSR 036.059+0.360,DSS1 Blue,1990ApJS___74__181Z,no survey
GPSR 036.059+0.360,DSS1 Red,1990ApJS___74__181Z,no survey
GPSR 036.059+0.360,DSS2 Red,1990ApJS___74__181Z,no survey
GPSR 036.059+0.360,DSS2 Blue,1990ApJS___74__181Z,no survey
GPSR 036.059+0.360,DSS2 IR,1990ApJS___74__181Z,no survey
NGC  7078   560,Mellinger Red,1989ApJ___347__251P,exception
NGC  7078   560,Mellinger Green,1989ApJ___347__251P,exception
NGC  7078   560,Mellinger Blue,1989ApJ___347__251P,exception
NGC  7078   560,SHASSA H,1989ApJ___347__251P,no survey
NGC  7078   560,SHASSA CC,1989ApJ___347__251P,no survey
NGC  7078   560,SHASSA C,1989ApJ___347__251P,no survey
NGC  7078   560,SHASSA Sm,1989ApJ___347__251P,no survey
Cl* Haffner   19     FM    4052,Mellinger Red,1974AJ_____79__873F,exception
Cl* Haffner   19     FM    4052,Mellinger Green,1974AJ_____79__873F,exception
Cl* Haffner   19     FM    4052,Mellinger Blue,1974AJ_____79__873F,exception
Cl* Haffner   19     FM    4052,SHASSA H,1974AJ_____79__873F,no survey
Cl* Haffner   19     FM    4052,SHASSA CC,1974AJ_____79__873F,no survey
Cl* Haffner   19     FM    4052,SHASSA C,1974AJ_____79__873F,no survey
Cl* Haffner   19     FM    4052,SHASSA Sm,1974AJ_____79__873F,no survey
FRL  416,Mellinger Red,1995ApJS___96___39B,exception
FRL  416,Mellinger Green,1995ApJS___96___39B,exception
FRL  416,Mellinger Blue,1995ApJS___96___39B,exception
FRL  416,SHASSA H,1995ApJS___96___39B,no survey
FRL  416,SHASSA CC,1995ApJS___96___39B,no survey
FRL  416,SHASSA C,1995ApJS___96___39B,no survey
FRL  416,SHASSA Sm,1995ApJS___96___39B,no survey
HD 148892,Mellinger Red,1972AJ_____77__384M,exception
HD 148892,Mellinger Green,1972AJ_____77__384M,exception
HD 148892,Mellinger Blue,1972AJ_____77__384M,exception
HD 148892,SHASSA H,1972AJ_____77__384M,no survey
HD 148892,SHASSA CC,1972AJ_____77__384M,no survey
HD 148892,SHASSA C,1972AJ_____77__384M,no survey
HD 148892,SHASSA Sm,1972AJ_____77__384M,no survey
ALS 15184,Mellinger Red,1991AJ____101_1408M,exception
ALS 15184,Mellinger Green,1991AJ____101_1408M,exception
ALS 15184,Mellinger Blue,1991AJ____101_1408M,exception
ALS 15184,SHASSA H,1991AJ____101_1408M,no survey
ALS 15184,SHASSA CC,1991AJ____101_1408M,no survey
ALS 15184,SHASSA C,1991AJ____101_1408M,no survey
ALS 15184,SHASSA Sm,1991AJ____101_1408M,no survey
V* V506 Ori,Mellinger Red,1982ApJ___261__135D,exception
V* V506 Ori,Mellinger Green,1982ApJ___261__135D,exception
V* V506 Ori,Mellinger Blue,1982ApJ___261__135D,exception
V* V506 Ori,SHASSA H,1982ApJ___261__135D,no survey
V* V506 Ori,SHASSA CC,1982ApJ___261__135D,no survey
V* V506 Ori,SHASSA C,1982ApJ___261__135D,no survey
V* V506 Ori,SHASSA Sm,1982ApJ___261__135D,no survey
US 1331,Mellinger Red,1982ApJS___49___27U,exception
US 1331,Mellinger Green,1982ApJS___49___27U,exception
US 1331,Mellinger Blue,1982ApJS___49___27U,exception
US 1331,SHASSA H,1982ApJS___49___27U,no survey
US 1331,SHASSA CC,1982ApJS___49___27U,no survey
US 1331,SHASSA C,1982ApJS___49___27U,no survey
US 1331,SHASSA Sm,1982ApJS___49___27U,no survey
Z 385-122,IRAS  12 micron,1964ApJ___139__269Z,no images
Z 385-122,IRAS  25 micron,1964ApJ___139__269Z,no images
Z 385-122,IRAS  60 micron,1964ApJ___139__269Z,no images
Z 385-122,IRAS 100 micron,1964ApJ___139__269Z,no survey
3C 469.1,GB6 (4850MHz),1989AJ_____97__647P,no survey
3C 469.1,VLA FIRST (1.4 GHz),1989AJ_____97__647P,no survey
3C 469.1,Stripe82VLA,1989AJ_____97__647P,no survey
LMC-BM  28-1,Mellinger Red,1990AJ____100__674B,exception
LMC-BM  28-1,Mellinger Green,1990AJ____100__674B,exception
LMC-BM  28-1,Mellinger Blue,1990AJ____100__674B,exception
LMC-BM  28-1,SHASSA H,1990AJ____100__674B,no survey
LMC-BM  28-1,SHASSA CC,1990AJ____100__674B,no survey
LMC-BM  28-1,SHASSA C,1990AJ____100__674B,no survey
LMC-BM  28-1,SHASSA Sm,1990AJ____100__674B,no survey
3C 424,Mellinger Red,1996ApJS__107__621D,exception
3C 424,Mellinger Green,1996ApJS__107__621D,exception
3C 424,Mellinger Blue,1996ApJS__107__621D,exception
3C 424,SHASSA H,1996ApJS__107__621D,no survey
3C 424,SHASSA CC,1996ApJS__107__621D,no survey
3C 424,SHASSA C,1996ApJS__107__621D,no survey
3C 424,SHASSA Sm,1996ApJS__107__621D,no survey
4C 08.06,SUMSS 843 MHz,1978AJ_____83__209S,no survey
4C 08.06,WENSS,1978AJ_____83__209S,no survey
Cl* NGC 5139    HHB    1028,DSS1 Blue,1993AJ____105_1196H,no survey
Cl* NGC 5139    HHB    1028,DSS1 Red,1993AJ____105_1196H,no survey
EV* U9749 V0012,Mellinger Red,1988AJ_____96__528N,exception
EV* U9749 V0012,Mellinger Green,1988AJ_____96__528N,exception
EV* U9749 V0012,Mellinger Blue,1988AJ_____96__528N,exception
EV* U9749 V0012,SHASSA H,1988AJ_____96__528N,no survey
EV* U9749 V0012,SHASSA CC,1988AJ_____96__528N,no survey
EV* U9749 V0012,SHASSA C,1988AJ_____96__528N,no survey
EV* U9749 V0012,SHASSA Sm,1988AJ_____96__528N,no survey
LF  1 A  73,Mellinger Red,1959ApJ___130__178W,exception
LF  1 A  73,Mellinger Green,1959ApJ___130__178W,exception
LF  1 A  73,Mellinger Blue,1959ApJ___130__178W,exception
LF  1 A  73,SHASSA H,1959ApJ___130__178W,no survey
LF  1 A  73,SHASSA CC,1959ApJ___130__178W,no survey
LF  1 A  73,SHASSA C,1959ApJ___130__178W,no survey
LF  1 A  73,SHASSA Sm,1959ApJ___130__178W,no survey
[EKS96] NGC 5033  99,Mellinger Red,1996ApJS__105___93E,exception
[EKS96] NGC 5033  99,Mellinger Green,1996ApJS__105___93E,exception
[EKS96] NGC 5033  99,Mellinger Blue,1996ApJS__105___93E,exception
[EKS96] NGC 5033  99,SHASSA H,1996ApJS__105___93E,no survey
[EKS96] NGC 5033  99,SHASSA CC,1996ApJS__105___93E,no survey
[EKS96] NGC 5033  99,SHASSA C,1996ApJS__105___93E,no survey
[EKS96] NGC 5033  99,SHASSA Sm,1996ApJS__105___93E,no survey
* gam UMa,Mellinger Red,1970ApJS___19__281B,exception
* gam UMa,Mellinger Green,1970ApJS___19__281B,exception
* gam UMa,Mellinger Blue,1970ApJS___19__281B,exception
* gam UMa,SHASSA H,1970ApJS___19__281B,no survey
* gam UMa,SHASSA CC,1970ApJS___19__281B,no survey
* gam UMa,SHASSA C,1970ApJS___19__281B,no survey
* gam UMa,SHASSA Sm,1970ApJS___19__281B,no survey
ICRF J090933.4+425346,SUMSS 843 MHz,1995AJ____110__522T,no survey
GSC 07386-00935,DSS1 Blue,1995AJ____110_1229P,no survey
GSC 07386-00935,DSS1 Red,1995AJ____110_1229P,no survey
GSC 07386-00935,DSS2 Blue,1995AJ____110_1229P,no survey
MCG+05-22-018,Mellinger Red,1991ApJS___76__153R,exception
MCG+05-22-018,Mellinger Green,1991ApJS___76__153R,exception
MCG+05-22-018,Mellinger Blue,1991ApJS___76__153R,exception
MCG+05-22-018,SHASSA H,1991ApJS___76__153R,no survey
MCG+05-22-018,SHASSA CC,1991ApJS___76__153R,no survey
MCG+05-22-018,SHASSA C,1991ApJS___76__153R,no survey
MCG+05-22-018,SHASSA Sm,1991ApJS___76__153R,no survey
BCLMP  651,DSS1 Blue,1982ApJS___49__405C,no survey
HD 193793,Mellinger Red,1995AJ____109_2257M,exception
HD 193793,Mellinger Green,1995AJ____109_2257M,exception
HD 193793,Mellinger Blue,1995AJ____109_2257M,exception
HD 193793,SHASSA H,1995AJ____109_2257M,no survey
HD 193793,SHASSA CC,1995AJ____109_2257M,no survey
HD 193793,SHASSA C,1995AJ____109_2257M,no survey
HD 193793,SHASSA Sm,1995AJ____109_2257M,no survey
CLASS J215942.3462+062835.488,Mellinger Red,1995ApJS___97__347G,exception
CLASS J215942.3462+062835.488,Mellinger Green,1995ApJS___97__347G,exception
CLASS J215942.3462+062835.488,Mellinger Blue,1995ApJS___97__347G,exception
CLASS J215942.3462+062835.488,SHASSA H,1995ApJS___97__347G,no survey
CLASS J215942.3462+062835.488,SHASSA CC,1995ApJS___97__347G,no survey
CLASS J215942.3462+062835.488,SHASSA C,1995ApJS___97__347G,no survey
CLASS J215942.3462+062835.488,SHASSA Sm,1995ApJS___97__347G,no survey
NGC   129    27,Mellinger Red,1959ApJ___130___80A,exception
NGC   129    27,Mellinger Green,1959ApJ___130___80A,exception
NGC   129    27,Mellinger Blue,1959ApJ___130___80A,exception
NGC   129    27,SHASSA H,1959ApJ___130___80A,no survey
NGC   129    27,SHASSA CC,1959ApJ___130___80A,no survey
NGC   129    27,SHASSA C,1959ApJ___130___80A,no survey
NGC   129    27,SHASSA Sm,1959ApJ___130___80A,no survey
HD 144087,Mellinger Red,1963ApJ___138__832W,exception
HD 144087,Mellinger Green,1963ApJ___138__832W,exception
HD 144087,Mellinger Blue,1963ApJ___138__832W,exception
HD 144087,SHASSA H,1963ApJ___138__832W,no survey
HD 144087,SHASSA CC,1963ApJ___138__832W,no survey
HD 144087,SHASSA C,1963ApJ___138__832W,no survey
HD 144087,SHASSA Sm,1963ApJ___138__832W,no survey
* tau07 Ser,Mellinger Red,1970ApJS___19__281B,exception
* tau07 Ser,Mellinger Green,1970ApJS___19__281B,exception
* tau07 Ser,Mellinger Blue,1970ApJS___19__281B,exception
* tau07 Ser,SHASSA H,1970ApJS___19__281B,no survey
* tau07 Ser,SHASSA CC,1970ApJS___19__281B,no survey
* tau07 Ser,SHASSA C,1970ApJS___19__281B,no survey
* tau07 Ser,SHASSA Sm,1970ApJS___19__281B,no survey
Mrk 1104,IRAS  12 micron,1991AJ____101__434H,no images
Mrk 1104,IRAS  25 micron,1991AJ____101__434H,no images
Mrk 1104,IRAS  60 micron,1991AJ____101__434H,no images
Mrk 1104,IRAS 100 micron,1991AJ____101__434H,no survey
TYC  490-366-1,Mellinger Red,1949ApJ___109__426M,exception
TYC  490-366-1,Mellinger Green,1949ApJ___109__426M,exception
TYC  490-366-1,Mellinger Blue,1949ApJ___109__426M,exception
TYC  490-366-1,SHASSA H,1949ApJ___109__426M,no survey
TYC  490-366-1,SHASSA CC,1949ApJ___109__426M,no survey
TYC  490-366-1,SHASSA C,1949ApJ___109__426M,no survey
TYC  490-366-1,SHASSA Sm,1949ApJ___109__426M,no survey
NGC  3242,Mellinger Red,1995AJ____109_2600H,exception
NGC  3242,Mellinger Green,1995AJ____109_2600H,exception
NGC  3242,Mellinger Blue,1995AJ____109_2600H,exception
NGC  3242,SHASSA H,1995AJ____109_2600H,no survey
NGC  3242,SHASSA CC,1995AJ____109_2600H,no survey
NGC  3242,SHASSA C,1995AJ____109_2600H,no survey
NGC  3242,SHASSA Sm,1995AJ____109_2600H,no survey
Cl* NGC 6809    MFR      63,DSS,1996AJ____112_1536M,no survey
Cl* NGC 6809    MFR      63,DSS1 Blue,1996AJ____112_1536M,no survey
Cl* NGC 6809    MFR      63,DSS1 Red,1996AJ____112_1536M,no survey
Cl* NGC 6809    MFR      63,DSS2 Red,1996AJ____112_1536M,no survey
Cl* NGC 6809    MFR      63,DSS2 Blue,1996AJ____112_1536M,no survey
Cl* NGC 6809    MFR      63,DSS2 IR,1996AJ____112_1536M,no survey
SCMS 1379,DSS1 Blue,1995AJ____110_2747S,no survey
SCMS 1379,DSS1 Red,1995AJ____110_2747S,no survey
NGC  2682    84,Mellinger Red,1955ApJ___121__616J,exception
NGC  2682    84,Mellinger Green,1955ApJ___121__616J,exception
NGC  2682    84,Mellinger Blue,1955ApJ___121__616J,exception
NGC  2682    84,SHASSA H,1955ApJ___121__616J,no survey
NGC  2682    84,SHASSA CC,1955ApJ___121__616J,no survey
NGC  2682    84,SHASSA C,1955ApJ___121__616J,no survey
NGC  2682    84,SHASSA Sm,1955ApJ___121__616J,no survey
[EKS96] NGC 1672  59,Mellinger Red,1996ApJS__105___93E,exception
[EKS96] NGC 1672  59,Mellinger Green,1996ApJS__105___93E,exception
[EKS96] NGC 1672  59,Mellinger Blue,1996ApJS__105___93E,exception
[EKS96] NGC 1672  59,SHASSA H,1996ApJS__105___93E,no survey
[EKS96] NGC 1672  59,SHASSA CC,1996ApJS__105___93E,no survey
[EKS96] NGC 1672  59,SHASSA C,1996ApJS__105___93E,no survey
[EKS96] NGC 1672  59,SHASSA Sm,1996ApJS__105___93E,no survey
[LM93] 345,DSS,1993AJ____106___66L,no survey
[LM93] 345,DSS1 Blue,1993AJ____106___66L,no survey
[LM93] 345,DSS1 Red,1993AJ____106___66L,no survey
[LM93] 345,DSS2 Red,1993AJ____106___66L,no survey
[LM93] 345,DSS2 Blue,1993AJ____106___66L,no survey
[LM93] 345,DSS2 IR,1993AJ____106___66L,no survey
[H69] NGC 2403  96,DSS,1969ApJS___18___73H,no survey
[H69] NGC 2403  96,DSS1 Blue,1969ApJS___18___73H,no survey
[H69] NGC 2403  96,DSS1 Red,1969ApJS___18___73H,no survey
[H69] NGC 2403  96,DSS2 Red,1969ApJS___18___73H,no survey
[H69] NGC 2403  96,DSS2 Blue,1969ApJS___18___73H,no survey
[H69] NGC 2403  96,DSS2 IR,1969ApJS___18___73H,no survey
US  407,Mellinger Red,1981ApJS___46__117U,exception
US  407,Mellinger Green,1981ApJS___46__117U,exception
US  407,Mellinger Blue,1981ApJS___46__117U,exception
US  407,SHASSA H,1981ApJS___46__117U,no survey
US  407,SHASSA CC,1981ApJS___46__117U,no survey
US  407,SHASSA C,1981ApJS___46__117U,no survey
US  407,SHASSA Sm,1981ApJS___46__117U,no survey
HD 173338,Mellinger Red,1984ApJS___55__101C,exception
HD 173338,Mellinger Green,1984ApJS___55__101C,exception
HD 173338,Mellinger Blue,1984ApJS___55__101C,exception
HD 173338,SHASSA H,1984ApJS___55__101C,no survey
HD 173338,SHASSA CC,1984ApJS___55__101C,no survey
HD 173338,SHASSA C,1984ApJS___55__101C,no survey
HD 173338,SHASSA Sm,1984ApJS___55__101C,no survey
NGC  7089  2066,Mellinger Red,1987AJ_____93__856C,exception
NGC  7089  2066,Mellinger Green,1987AJ_____93__856C,exception
NGC  7089  2066,Mellinger Blue,1987AJ_____93__856C,exception
NGC  7089  2066,SHASSA H,1987AJ_____93__856C,no survey
NGC  7089  2066,SHASSA CC,1987AJ_____93__856C,no survey
NGC  7089  2066,SHASSA C,1987AJ_____93__856C,no survey
NGC  7089  2066,SHASSA Sm,1987AJ_____93__856C,no survey
NAME Ori A,Mellinger Red,1975ApJ___199__591S,exception
NAME Ori A,Mellinger Green,1975ApJ___199__591S,exception
NAME Ori A,Mellinger Blue,1975ApJ___199__591S,exception
NAME Ori A,SHASSA H,1975ApJ___199__591S,no survey
NAME Ori A,SHASSA CC,1975ApJ___199__591S,no survey
NAME Ori A,SHASSA C,1975ApJ___199__591S,no survey
NAME Ori A,SHASSA Sm,1975ApJ___199__591S,no survey
ICRF J000559.2+160949,Mellinger Red,1969ApJ___156L__11L,exception
ICRF J000559.2+160949,Mellinger Green,1969ApJ___156L__11L,exception
ICRF J000559.2+160949,Mellinger Blue,1969ApJ___156L__11L,exception
ICRF J000559.2+160949,SHASSA H,1969ApJ___156L__11L,no survey
ICRF J000559.2+160949,SHASSA CC,1969ApJ___156L__11L,no survey
ICRF J000559.2+160949,SHASSA C,1969ApJ___156L__11L,no survey
ICRF J000559.2+160949,SHASSA Sm,1969ApJ___156L__11L,no survey
EV* SexA V0006,Mellinger Red,1983ApJ___274__577H,exception
EV* SexA V0006,Mellinger Green,1983ApJ___274__577H,exception
EV* SexA V0006,Mellinger Blue,1983ApJ___274__577H,exception
EV* SexA V0006,SHASSA H,1983ApJ___274__577H,no survey
EV* SexA V0006,SHASSA CC,1983ApJ___274__577H,no survey
EV* SexA V0006,SHASSA C,1983ApJ___274__577H,no survey
EV* SexA V0006,SHASSA Sm,1983ApJ___274__577H,no survey
WSRTGP 2001+2803A,DSS1 Blue,1996ApJS__107__239T,no survey
IC 5152,WISE 3.4,1982ApJ___258__439S,no survey
IC 5152,WISE 4.6,1982ApJ___258__439S,no survey
Cl* NGC 2353    FHR     178,Mellinger Red,1988AJ_____96__233H,exception
Cl* NGC 2353    FHR     178,Mellinger Green,1988AJ_____96__233H,exception
Cl* NGC 2353    FHR     178,Mellinger Blue,1988AJ_____96__233H,exception
Cl* NGC 2353    FHR     178,SHASSA H,1988AJ_____96__233H,no survey
Cl* NGC 2353    FHR     178,SHASSA CC,1988AJ_____96__233H,no survey
Cl* NGC 2353    FHR     178,SHASSA C,1988AJ_____96__233H,no survey
Cl* NGC 2353    FHR     178,SHASSA Sm,1988AJ_____96__233H,no survey
M  30,Mellinger Red,1988AJ_____96__909S,exception
M  30,Mellinger Green,1988AJ_____96__909S,exception
M  30,Mellinger Blue,1988AJ_____96__909S,exception
M  30,SHASSA H,1988AJ_____96__909S,no survey
M  30,SHASSA CC,1988AJ_____96__909S,no survey
M  30,SHASSA C,1988AJ_____96__909S,no survey
M  30,SHASSA Sm,1988AJ_____96__909S,no survey
LEDA   74950,DSS1 Blue,1989AJ_____98__367F,no survey
LEDA   74950,DSS1 Red,1989AJ_____98__367F,no survey
SCMS  254,DSS1 Blue,1995AJ____110_2747S,no survey
SCMS  254,DSS1 Red,1995AJ____110_2747S,no survey
[MCJ93] NGC 1316  27,DSS1 Blue,1993ApJ___416___62M,no survey
[MCJ93] NGC 1316  27,DSS1 Red,1993ApJ___416___62M,no survey
FSZ  61,DSS1 Blue,1993ApJS___89___85I,no survey
Cl* NGC 2070     MH     621,DSS1 Blue,1994AJ____107_1054M,no survey
Cl* NGC 2070     MH     621,DSS1 Red,1994AJ____107_1054M,no survey
2MASX J00340565+0620345,Mellinger Red,1993ApJS___87__135O,exception
2MASX J00340565+0620345,Mellinger Green,1993ApJS___87__135O,exception
2MASX J00340565+0620345,Mellinger Blue,1993ApJS___87__135O,exception
2MASX J00340565+0620345,SHASSA H,1993ApJS___87__135O,no survey
2MASX J00340565+0620345,SHASSA CC,1993ApJS___87__135O,no survey
2MASX J00340565+0620345,SHASSA C,1993ApJS___87__135O,no survey
2MASX J00340565+0620345,SHASSA Sm,1993ApJS___87__135O,no survey
NGC  6334,WENSS,1980ApJ___237__711D,no survey
HD 197481,Mellinger Red,1974AJ_____79__702V,exception
HD 197481,Mellinger Green,1974AJ_____79__702V,exception
HD 197481,Mellinger Blue,1974AJ_____79__702V,exception
HD 197481,SHASSA H,1974AJ_____79__702V,no survey
HD 197481,SHASSA CC,1974AJ_____79__702V,no survey
HD 197481,SHASSA C,1974AJ_____79__702V,no survey
HD 197481,SHASSA Sm,1974AJ_____79__702V,no survey
Cl Stock    2     9,Mellinger Red,1974AJ_____79__107M,exception
Cl Stock    2     9,Mellinger Green,1974AJ_____79__107M,exception
Cl Stock    2     9,Mellinger Blue,1974AJ_____79__107M,exception
Cl Stock    2     9,SHASSA H,1974AJ_____79__107M,no survey
Cl Stock    2     9,SHASSA CC,1974AJ_____79__107M,no survey
Cl Stock    2     9,SHASSA C,1974AJ_____79__107M,no survey
Cl Stock    2     9,SHASSA Sm,1974AJ_____79__107M,no survey
[AD95]  901,Mellinger Red,1995AJ____109__709A,exception
[AD95]  901,Mellinger Green,1995AJ____109__709A,exception
[AD95]  901,Mellinger Blue,1995AJ____109__709A,exception
[AD95]  901,SHASSA H,1995AJ____109__709A,no survey
[AD95]  901,SHASSA CC,1995AJ____109__709A,no survey
[AD95]  901,SHASSA C,1995AJ____109__709A,no survey
[AD95]  901,SHASSA Sm,1995AJ____109__709A,no survey
NGC  2682   130,Mellinger Red,1964ApJ___140__130E,exception
NGC  2682   130,Mellinger Green,1964ApJ___140__130E,exception
NGC  2682   130,Mellinger Blue,1964ApJ___140__130E,exception
NGC  2682   130,SHASSA H,1964ApJ___140__130E,no survey
NGC  2682   130,SHASSA CC,1964ApJ___140__130E,no survey
NGC  2682   130,SHASSA C,1964ApJ___140__130E,no survey
NGC  2682   130,SHASSA Sm,1964ApJ___140__130E,no survey
HD 285844,Mellinger Red,1983AJ_____88__431F,exception
HD 285844,Mellinger Green,1983AJ_____88__431F,exception
HD 285844,Mellinger Blue,1983AJ_____88__431F,no survey
HD 285844,SHASSA H,1983AJ_____88__431F,no survey
HD 285844,SHASSA CC,1983AJ_____88__431F,no survey
HD 285844,SHASSA C,1983AJ_____88__431F,no survey
HD 285844,SHASSA Sm,1983AJ_____88__431F,no survey
CSO  872,Mellinger Red,1990ApJS___72__291S,exception
CSO  872,Mellinger Green,1990ApJS___72__291S,exception
CSO  872,Mellinger Blue,1990ApJS___72__291S,exception
CSO  872,SHASSA H,1990ApJS___72__291S,no survey
CSO  872,SHASSA CC,1990ApJS___72__291S,no survey
CSO  872,SHASSA C,1990ApJS___72__291S,no survey
CSO  872,SHASSA Sm,1990ApJS___72__291S,no survey
HD 112361,Mellinger Red,1996AJ____111_1681H,exception
HD 112361,Mellinger Green,1996AJ____111_1681H,exception
HD 112361,Mellinger Blue,1996AJ____111_1681H,exception
HD 112361,SHASSA H,1996AJ____111_1681H,no survey
HD 112361,SHASSA CC,1996AJ____111_1681H,no survey
HD 112361,SHASSA C,1996AJ____111_1681H,no survey
HD 112361,SHASSA Sm,1996AJ____111_1681H,no survey
QSO B1640+404,Mellinger Red,1988AJ_____96__816C,exception
QSO B1640+404,Mellinger Green,1988AJ_____96__816C,exception
QSO B1640+404,Mellinger Blue,1988AJ_____96__816C,exception
QSO B1640+404,SHASSA H,1988AJ_____96__816C,no survey
QSO B1640+404,SHASSA CC,1988AJ_____96__816C,no survey
QSO B1640+404,SHASSA C,1988AJ_____96__816C,no survey
QSO B1640+404,SHASSA Sm,1988AJ_____96__816C,no survey
[H69] NGC 5457 189,DSS,1969ApJS___18___73H,no survey
[H69] NGC 5457 189,DSS1 Blue,1969ApJS___18___73H,no survey
[H69] NGC 5457 189,DSS1 Red,1969ApJS___18___73H,no survey
[H69] NGC 5457 189,DSS2 Red,1969ApJS___18___73H,no survey
[H69] NGC 5457 189,DSS2 Blue,1969ApJS___18___73H,no survey
[H69] NGC 5457 189,DSS2 IR,1969ApJS___18___73H,no survey
BD+62   424,Mellinger Red,1973AJ_____78_1067W,exception
BD+62   424,Mellinger Green,1973AJ_____78_1067W,exception
BD+62   424,Mellinger Blue,1973AJ_____78_1067W,exception
BD+62   424,SHASSA H,1973AJ_____78_1067W,no survey
BD+62   424,SHASSA CC,1973AJ_____78_1067W,no survey
BD+62   424,SHASSA C,1973AJ_____78_1067W,no survey
BD+62   424,SHASSA Sm,1973AJ_____78_1067W,no survey
KMHK  190,Mellinger Red,1966AJ_____71__363H,exception
KMHK  190,Mellinger Green,1966AJ_____71__363H,exception
KMHK  190,Mellinger Blue,1966AJ_____71__363H,exception
KMHK  190,SHASSA H,1966AJ_____71__363H,no survey
KMHK  190,SHASSA CC,1966AJ_____71__363H,no survey
KMHK  190,SHASSA C,1966AJ_____71__363H,no survey
KMHK  190,SHASSA Sm,1966AJ_____71__363H,no survey
LEDA  570863,DSS1 Blue,1989AJ_____98_1542B,no survey
LEDA  570863,DSS1 Red,1989AJ_____98_1542B,no survey
BASW  36,Mellinger Red,1965AJ_____70__212B,exception
BASW  36,Mellinger Green,1965AJ_____70__212B,exception
BASW  36,Mellinger Blue,1965AJ_____70__212B,exception
BASW  36,SHASSA H,1965AJ_____70__212B,no survey
BASW  36,SHASSA CC,1965AJ_____70__212B,no survey
BASW  36,SHASSA C,1965AJ_____70__212B,no survey
BASW  36,SHASSA Sm,1965AJ_____70__212B,no survey
LB 11231,Mellinger Red,1984ApJS___55__517S,exception
LB 11231,Mellinger Green,1984ApJS___55__517S,exception
LB 11231,Mellinger Blue,1984ApJS___55__517S,exception
LB 11231,SHASSA H,1984ApJS___55__517S,no survey
LB 11231,SHASSA CC,1984ApJS___55__517S,no survey
LB 11231,SHASSA C,1984ApJS___55__517S,no survey
LB 11231,SHASSA Sm,1984ApJS___55__517S,no survey
2C 1473,Mellinger Red,1963ApJ___137__153M,exception
2C 1473,Mellinger Green,1963ApJ___137__153M,exception
2C 1473,Mellinger Blue,1963ApJ___137__153M,exception
2C 1473,SHASSA H,1963ApJ___137__153M,no survey
2C 1473,SHASSA CC,1963ApJ___137__153M,no survey
2C 1473,SHASSA C,1963ApJ___137__153M,no survey
2C 1473,SHASSA Sm,1963ApJ___137__153M,no survey
[SC96] GC 626,DSS1 Blue,1996ApJS__104__101S,no survey
[SC96] GC 626,DSS1 Red,1996ApJS__104__101S,no survey
[SC96] GC 626,DSS2 Blue,1996ApJS__104__101S,no survey
*  36 Tau,Mellinger Red,1996AJ____112_2260M,exception
*  36 Tau,Mellinger Green,1996AJ____112_2260M,exception
*  36 Tau,Mellinger Blue,1996AJ____112_2260M,exception
*  36 Tau,SHASSA H,1996AJ____112_2260M,no survey
*  36 Tau,SHASSA CC,1996AJ____112_2260M,no survey
*  36 Tau,SHASSA C,1996AJ____112_2260M,no survey
*  36 Tau,SHASSA Sm,1996AJ____112_2260M,no survey
MCG+08-34-022,Mellinger Red,1996ApJS__106___27K,exception
MCG+08-34-022,Mellinger Green,1996ApJS__106___27K,exception
MCG+08-34-022,Mellinger Blue,1996ApJS__106___27K,exception
MCG+08-34-022,SHASSA H,1996ApJS__106___27K,no survey
MCG+08-34-022,SHASSA CC,1996ApJS__106___27K,no survey
MCG+08-34-022,SHASSA C,1996ApJS__106___27K,no survey
MCG+08-34-022,SHASSA Sm,1996ApJS__106___27K,no survey
RMB  93,Mellinger Red,1967AJ_____72___59R,exception
RMB  93,Mellinger Green,1967AJ_____72___59R,exception
RMB  93,Mellinger Blue,1967AJ_____72___59R,exception
RMB  93,SHASSA H,1967AJ_____72___59R,no survey
RMB  93,SHASSA CC,1967AJ_____72___59R,no survey
RMB  93,SHASSA C,1967AJ_____72___59R,no survey
RMB  93,SHASSA Sm,1967AJ_____72___59R,no survey
SHV 0519086-700358,Mellinger Red,1989AJ_____97_1634H,exception
SHV 0519086-700358,Mellinger Green,1989AJ_____97_1634H,exception
SHV 0519086-700358,Mellinger Blue,1989AJ_____97_1634H,exception
SHV 0519086-700358,SHASSA H,1989AJ_____97_1634H,no survey
SHV 0519086-700358,SHASSA CC,1989AJ_____97_1634H,no survey
SHV 0519086-700358,SHASSA C,1989AJ_____97_1634H,no survey
SHV 0519086-700358,SHASSA Sm,1989AJ_____97_1634H,no survey
PMMR 148,Mellinger Red,1985ApJ___289__141E,exception
PMMR 148,Mellinger Green,1985ApJ___289__141E,exception
PMMR 148,Mellinger Blue,1985ApJ___289__141E,exception
PMMR 148,SHASSA H,1985ApJ___289__141E,no survey
PMMR 148,SHASSA CC,1985ApJ___289__141E,no survey
PMMR 148,SHASSA C,1985ApJ___289__141E,no survey
PMMR 148,SHASSA Sm,1985ApJ___289__141E,no survey
US 1363,Mellinger Red,1982ApJS___49___27U,exception
US 1363,Mellinger Green,1982ApJS___49___27U,exception
US 1363,Mellinger Blue,1982ApJS___49___27U,exception
US 1363,SHASSA H,1982ApJS___49___27U,no survey
US 1363,SHASSA CC,1982ApJS___49___27U,no survey
US 1363,SHASSA C,1982ApJS___49___27U,no survey
US 1363,SHASSA Sm,1982ApJS___49___27U,no survey
NVSS J201223+343823,SUMSS 843 MHz,1996ApJS__107__239T,no survey
NGC  6838  1060,Mellinger Red,1971ApJ___167__499A,exception
NGC  6838  1060,Mellinger Green,1971ApJ___167__499A,exception
NGC  6838  1060,Mellinger Blue,1971ApJ___167__499A,exception
NGC  6838  1060,SHASSA H,1971ApJ___167__499A,no survey
NGC  6838  1060,SHASSA CC,1971ApJ___167__499A,no survey
NGC  6838  1060,SHASSA C,1971ApJ___167__499A,no survey
NGC  6838  1060,SHASSA Sm,1971ApJ___167__499A,no survey
Ass Aur OB 2,Mellinger Red,1991ApJS___77___59S,exception
Ass Aur OB 2,Mellinger Green,1991ApJS___77___59S,exception
Ass Aur OB 2,Mellinger Blue,1991ApJS___77___59S,exception
Ass Aur OB 2,SHASSA H,1991ApJS___77___59S,no survey
Ass Aur OB 2,SHASSA CC,1991ApJS___77___59S,no survey
Ass Aur OB 2,SHASSA C,1991ApJS___77___59S,no survey
Ass Aur OB 2,SHASSA Sm,1991ApJS___77___59S,no survey
M33SSS J013300.38+303416.8,DSS1 Blue,1996ApJ___469__629M,no survey
2MASS J05002386-7010595,DSS1 Blue,1996ApJS__104___71O,no survey
2MASS J05002386-7010595,DSS1 Red,1996ApJS__104___71O,no survey
2MASS J05002386-7010595,DSS2 Blue,1996ApJS__104___71O,no survey
3C  48,Mellinger Red,1992ApJ___401__168M,exception
3C  48,Mellinger Green,1992ApJ___401__168M,exception
3C  48,Mellinger Blue,1992ApJ___401__168M,exception
3C  48,SHASSA H,1992ApJ___401__168M,no survey
3C  48,SHASSA CC,1992ApJ___401__168M,no survey
3C  48,SHASSA C,1992ApJ___401__168M,no survey
3C  48,SHASSA Sm,1992ApJ___401__168M,no survey
NGC  6649   267,Mellinger Red,1975ApJ___197___55M,exception
NGC  6649   267,Mellinger Green,1975ApJ___197___55M,exception
NGC  6649   267,Mellinger Blue,1975ApJ___197___55M,exception
NGC  6649   267,SHASSA H,1975ApJ___197___55M,no survey
NGC  6649   267,SHASSA CC,1975ApJ___197___55M,no survey
NGC  6649   267,SHASSA C,1975ApJ___197___55M,no survey
NGC  6649   267,SHASSA Sm,1975ApJ___197___55M,no survey
Mrk  552,UKIDSS-J,1987ApJS___63__265W,no survey
Mrk  552,UKIDSS-1-0S1,1987ApJS___63__265W,no survey
[L95b]  740,DSS,1995AJ____110_1155L,no survey
[L95b]  740,DSS1 Blue,1995AJ____110_1155L,no survey
[L95b]  740,DSS1 Red,1995AJ____110_1155L,no survey
[L95b]  740,DSS2 Red,1995AJ____110_1155L,no survey
[L95b]  740,DSS2 Blue,1995AJ____110_1155L,no survey
[L95b]  740,DSS2 IR,1995AJ____110_1155L,no survey
LMC-BM  33-42,Mellinger Red,1990AJ____100__674B,exception
LMC-BM  33-42,Mellinger Green,1990AJ____100__674B,exception
LMC-BM  33-42,Mellinger Blue,1990AJ____100__674B,exception
LMC-BM  33-42,SHASSA H,1990AJ____100__674B,no survey
LMC-BM  33-42,SHASSA CC,1990AJ____100__674B,no survey
LMC-BM  33-42,SHASSA C,1990AJ____100__674B,no survey
LMC-BM  33-42,SHASSA Sm,1990AJ____100__674B,no survey
GPSR 051.928+0.424,DSS,1990ApJS___74__181Z,no survey
GPSR 051.928+0.424,DSS1 Blue,1990ApJS___74__181Z,no survey
GPSR 051.928+0.424,DSS1 Red,1990ApJS___74__181Z,no survey
GPSR 051.928+0.424,DSS2 Red,1990ApJS___74__181Z,no survey
GPSR 051.928+0.424,DSS2 Blue,1990ApJS___74__181Z,no survey
GPSR 051.928+0.424,DSS2 IR,1990ApJS___74__181Z,no survey
2MASX J05295547+4434388,SHASSA H,1996ApJS__106__341M,no survey
2MASX J05295547+4434388,SHASSA CC,1996ApJS__106__341M,no survey
2MASX J05295547+4434388,SHASSA C,1996ApJS__106__341M,no survey
2MASX J05295547+4434388,SHASSA Sm,1996ApJS__106__341M,no survey
NAME DEM S 68SE,DSS1 Blue,1997AJ____113_1011C,no survey
NAME DEM S 68SE,DSS1 Red,1997AJ____113_1011C,no survey
[SC95] M 563,DSS2 Blue,1995ApJS___96__605S,no survey
PB  3047,Mellinger Red,1984ApJS___56__393H,exception
PB  3047,Mellinger Green,1984ApJS___56__393H,exception
PB  3047,Mellinger Blue,1984ApJS___56__393H,exception
PB  3047,SHASSA H,1984ApJS___56__393H,no survey
PB  3047,SHASSA CC,1984ApJS___56__393H,no survey
PB  3047,SHASSA C,1984ApJS___56__393H,no survey
PB  3047,SHASSA Sm,1984ApJS___56__393H,no survey
HD 109211,Mellinger Red,1973ApJ___186_1171H,exception
HD 109211,Mellinger Green,1973ApJ___186_1171H,exception
HD 109211,Mellinger Blue,1973ApJ___186_1171H,exception
HD 109211,SHASSA H,1973ApJ___186_1171H,no survey
HD 109211,SHASSA CC,1973ApJ___186_1171H,no survey
HD 109211,SHASSA C,1973ApJ___186_1171H,no survey
HD 109211,SHASSA Sm,1973ApJ___186_1171H,no survey
BMB-W  26,Mellinger Red,1980ApJ___242__938B,exception
BMB-W  26,Mellinger Green,1980ApJ___242__938B,exception
BMB-W  26,Mellinger Blue,1980ApJ___242__938B,exception
BMB-W  26,SHASSA H,1980ApJ___242__938B,no survey
BMB-W  26,SHASSA CC,1980ApJ___242__938B,no survey
BMB-W  26,SHASSA C,1980ApJ___242__938B,no survey
BMB-W  26,SHASSA Sm,1980ApJ___242__938B,no survey
Cl* NGC 2682    FBC    3756,Mellinger Red,1993AJ____106__181M,exception
Cl* NGC 2682    FBC    3756,Mellinger Green,1993AJ____106__181M,exception
Cl* NGC 2682    FBC    3756,Mellinger Blue,1993AJ____106__181M,exception
Cl* NGC 2682    FBC    3756,SHASSA H,1993AJ____106__181M,no survey
Cl* NGC 2682    FBC    3756,SHASSA CC,1993AJ____106__181M,no survey
Cl* NGC 2682    FBC    3756,SHASSA C,1993AJ____106__181M,no survey
Cl* NGC 2682    FBC    3756,SHASSA Sm,1993AJ____106__181M,no survey
[WMB97] 185905.7-370047,DSS1 Blue,1997AJ____114_2029W,no survey
[WMB97] 185905.7-370047,DSS1 Red,1997AJ____114_2029W,no survey
NAME Ori A,Mellinger Red,1968ApJ___154__833M,exception
NAME Ori A,Mellinger Green,1968ApJ___154__833M,exception
NAME Ori A,Mellinger Blue,1968ApJ___154__833M,exception
NAME Ori A,SHASSA H,1968ApJ___154__833M,no survey
NAME Ori A,SHASSA CC,1968ApJ___154__833M,no survey
NAME Ori A,SHASSA C,1968ApJ___154__833M,no survey
NAME Ori A,SHASSA Sm,1968ApJ___154__833M,no survey
HD 239758,Mellinger Red,1950ApJ___111__495P,exception
HD 239758,Mellinger Green,1950ApJ___111__495P,exception
HD 239758,Mellinger Blue,1950ApJ___111__495P,exception
HD 239758,SHASSA H,1950ApJ___111__495P,no survey
HD 239758,SHASSA CC,1950ApJ___111__495P,no survey
HD 239758,SHASSA C,1950ApJ___111__495P,no survey
HD 239758,SHASSA Sm,1950ApJ___111__495P,no survey
NGC  4886,Mellinger Red,1966AJ_____71__635A,exception
NGC  4886,Mellinger Green,1966AJ_____71__635A,exception
NGC  4886,Mellinger Blue,1966AJ_____71__635A,exception
NGC  4886,SHASSA H,1966AJ_____71__635A,no survey
NGC  4886,SHASSA CC,1966AJ_____71__635A,no survey
NGC  4886,SHASSA C,1966AJ_____71__635A,no survey
NGC  4886,SHASSA Sm,1966AJ_____71__635A,no survey
IFM-B  302,DSS1 Blue,1993ApJS___89___85I,no survey
[WMO2009] Scl- 978,Mellinger Red,1995AJ____110_2747S,exception
[WMO2009] Scl- 978,Mellinger Green,1995AJ____110_2747S,exception
[WMO2009] Scl- 978,Mellinger Blue,1995AJ____110_2747S,exception
[WMO2009] Scl- 978,SHASSA H,1995AJ____110_2747S,no survey
[WMO2009] Scl- 978,SHASSA CC,1995AJ____110_2747S,no survey
[WMO2009] Scl- 978,SHASSA C,1995AJ____110_2747S,no survey
[WMO2009] Scl- 978,SHASSA Sm,1995AJ____110_2747S,no survey
IFM-B  138,DSS1 Blue,1993ApJS___89___85I,no survey
NAME LMC 7 Supergiant Shell,DSS1 Blue,1994ApJS___93__455D,no survey
NAME LMC 7 Supergiant Shell,DSS1 Red,1994ApJS___93__455D,no survey
[EKS96] NGC 7314  41,DSS1 Blue,1996ApJS__105___93E,no survey
NGC  3810,Mellinger Red,1992ApJS___80__479T,exception
NGC  3810,Mellinger Green,1992ApJS___80__479T,exception
NGC  3810,Mellinger Blue,1992ApJS___80__479T,exception
NGC  3810,SHASSA H,1992ApJS___80__479T,no survey
NGC  3810,SHASSA CC,1992ApJS___80__479T,no survey
NGC  3810,SHASSA C,1992ApJS___80__479T,no survey
NGC  3810,SHASSA Sm,1992ApJS___80__479T,no survey
QSO B2227-3937,DSS,1977ApJ___217__362H,no survey
QSO B2227-3937,DSS1 Blue,1977ApJ___217__362H,no survey
QSO B2227-3937,DSS1 Red,1977ApJ___217__362H,no survey
NGC  7006,IRAS  12 micron,1992AJ____103_1583W,no images
NGC  7006,IRAS  25 micron,1992AJ____103_1583W,no images
NGC  7006,IRAS  60 micron,1992AJ____103_1583W,no images
NGC  7006,IRAS 100 micron,1992AJ____103_1583W,no survey
[EKS96] NGC 6300 154,SHASSA H,1996ApJS__105___93E,no survey
[EKS96] NGC 6300 154,SHASSA CC,1996ApJS__105___93E,no survey
[EKS96] NGC 6300 154,SHASSA C,1996ApJS__105___93E,no survey
[EKS96] NGC 6300 154,SHASSA Sm,1996ApJS__105___93E,no survey
NGC  1039   315,Mellinger Red,1993AJ____105__209I,exception
NGC  1039   315,Mellinger Green,1993AJ____105__209I,exception
NGC  1039   315,Mellinger Blue,1993AJ____105__209I,exception
NGC  1039   315,SHASSA H,1993AJ____105__209I,no survey
NGC  1039   315,SHASSA CC,1993AJ____105__209I,no survey
NGC  1039   315,SHASSA C,1993AJ____105__209I,no survey
NGC  1039   315,SHASSA Sm,1993AJ____105__209I,no survey
HD 168097,Mellinger Red,1993AJ____106_1906H,exception
HD 168097,Mellinger Green,1993AJ____106_1906H,exception
HD 168097,Mellinger Blue,1993AJ____106_1906H,exception
HD 168097,SHASSA H,1993AJ____106_1906H,no survey
HD 168097,SHASSA CC,1993AJ____106_1906H,no survey
HD 168097,SHASSA C,1993AJ____106_1906H,no survey
HD 168097,SHASSA Sm,1993AJ____106_1906H,no survey
SH  2-307,SUMSS 843 MHz,1992ApJS___79__469H,no survey
SH  2-307,WENSS,1992ApJS___79__469H,no survey
2MASS J05341393-0524311,SHASSA H,1995AJ____109__709A,no survey
2MASS J05341393-0524311,SHASSA CC,1995AJ____109__709A,no survey
2MASS J05341393-0524311,SHASSA C,1995AJ____109__709A,no survey
2MASS J05341393-0524311,SHASSA Sm,1995AJ____109__709A,no survey
Cl* NGC 6171     SK      E,Mellinger Red,1964ApJ___139_1088S,exception
Cl* NGC 6171     SK      E,Mellinger Green,1964ApJ___139_1088S,exception
Cl* NGC 6171     SK      E,Mellinger Blue,1964ApJ___139_1088S,exception
Cl* NGC 6171     SK      E,SHASSA H,1964ApJ___139_1088S,no survey
Cl* NGC 6171     SK      E,SHASSA CC,1964ApJ___139_1088S,no survey
Cl* NGC 6171     SK      E,SHASSA C,1964ApJ___139_1088S,no survey
Cl* NGC 6171     SK      E,SHASSA Sm,1964ApJ___139_1088S,no survey
EV* SexB V0002,Mellinger Red,1985AJ_____90_1019S,exception
EV* SexB V0002,Mellinger Green,1985AJ_____90_1019S,exception
EV* SexB V0002,Mellinger Blue,1985AJ_____90_1019S,exception
EV* SexB V0002,SHASSA H,1985AJ_____90_1019S,no survey
EV* SexB V0002,SHASSA CC,1985AJ_____90_1019S,no survey
EV* SexB V0002,SHASSA C,1985AJ_____90_1019S,no survey
EV* SexB V0002,SHASSA Sm,1985AJ_____90_1019S,no survey
2MASX J12553526-1225223,Mellinger Red,1996AJ____111__603Q,exception
2MASX J12553526-1225223,Mellinger Green,1996AJ____111__603Q,exception
2MASX J12553526-1225223,Mellinger Blue,1996AJ____111__603Q,exception
2MASX J12553526-1225223,SHASSA H,1996AJ____111__603Q,no survey
2MASX J12553526-1225223,SHASSA CC,1996AJ____111__603Q,no survey
2MASX J12553526-1225223,SHASSA C,1996AJ____111__603Q,no survey
2MASX J12553526-1225223,SHASSA Sm,1996AJ____111__603Q,no survey
LHA 115-N  45,DSS1 Blue,1986ApJ___306__130K,no survey
LHA 115-N  45,DSS1 Red,1986ApJ___306__130K,no survey
HD 110591,Mellinger Red,1983ApJS___52__169L,exception
HD 110591,Mellinger Green,1983ApJS___52__169L,exception
HD 110591,Mellinger Blue,1983ApJS___52__169L,exception
HD 110591,SHASSA H,1983ApJS___52__169L,no survey
HD 110591,SHASSA CC,1983ApJS___52__169L,no survey
HD 110591,SHASSA C,1983ApJS___52__169L,no survey
HD 110591,SHASSA Sm,1983ApJS___52__169L,no survey
[THR85] Cep A-3c,DSS,1996ApJ___466__844N,no survey
[THR85] Cep A-3c,DSS1 Blue,1996ApJ___466__844N,no survey
[THR85] Cep A-3c,DSS1 Red,1996ApJ___466__844N,no survey
[THR85] Cep A-3c,DSS2 Red,1996ApJ___466__844N,no survey
[THR85] Cep A-3c,DSS2 Blue,1996ApJ___466__844N,no survey
[THR85] Cep A-3c,DSS2 IR,1996ApJ___466__844N,no survey
[MBH96] 196,DSS1 Blue,1996ApJ___469__629M,no survey
SK   37,Mellinger Red,1983ApJ___265__176H,exception
SK   37,Mellinger Green,1983ApJ___265__176H,exception
SK   37,Mellinger Blue,1983ApJ___265__176H,exception
SK   37,SHASSA H,1983ApJ___265__176H,no survey
SK   37,SHASSA CC,1983ApJ___265__176H,no survey
SK   37,SHASSA C,1983ApJ___265__176H,no survey
SK   37,SHASSA Sm,1983ApJ___265__176H,no survey
StRS  52,Mellinger Red,1992AJ____103__263S,exception
StRS  52,Mellinger Green,1992AJ____103__263S,exception
StRS  52,Mellinger Blue,1992AJ____103__263S,exception
StRS  52,SHASSA H,1992AJ____103__263S,no survey
StRS  52,SHASSA CC,1992AJ____103__263S,no survey
StRS  52,SHASSA C,1992AJ____103__263S,no survey
StRS  52,SHASSA Sm,1992AJ____103__263S,no survey
[M94c] NGC  4303 34,DSS,1994AJ____108_1276M,no survey
[M94c] NGC  4303 34,DSS1 Blue,1994AJ____108_1276M,no survey
[M94c] NGC  4303 34,DSS1 Red,1994AJ____108_1276M,no survey
[M94c] NGC  4303 34,DSS2 Red,1994AJ____108_1276M,no survey
[M94c] NGC  4303 34,DSS2 Blue,1994AJ____108_1276M,no survey
[M94c] NGC  4303 34,DSS2 IR,1994AJ____108_1276M,no survey
[EKS96] NGC 6300 246,DSS1 Blue,1996ApJS__105___93E,no survey
[EKS96] NGC 6300 246,DSS1 Red,1996ApJS__105___93E,no survey
ACO  2142,Mellinger Red,1983ApJ___272___29C,exception
ACO  2142,Mellinger Green,1983ApJ___272___29C,exception
ACO  2142,Mellinger Blue,1983ApJ___272___29C,exception
ACO  2142,SHASSA H,1983ApJ___272___29C,no survey
ACO  2142,SHASSA CC,1983ApJ___272___29C,no survey
ACO  2142,SHASSA C,1983ApJ___272___29C,no survey
ACO  2142,SHASSA Sm,1983ApJ___272___29C,no survey
[CHH92]  153,DSS,1992AJ____104_1721C,no survey
[CHH92]  153,DSS1 Blue,1992AJ____104_1721C,no survey
[CHH92]  153,DSS1 Red,1992AJ____104_1721C,no survey
[CHH92]  153,DSS2 Red,1992AJ____104_1721C,no survey
[CHH92]  153,DSS2 Blue,1992AJ____104_1721C,no survey
[CHH92]  153,DSS2 IR,1992AJ____104_1721C,no survey
[SHM90] C4-V  6,Mellinger Red,1990AJ____100__108S,exception
[SHM90] C4-V  6,Mellinger Green,1990AJ____100__108S,exception
[SHM90] C4-V  6,Mellinger Blue,1990AJ____100__108S,exception
[SHM90] C4-V  6,SHASSA H,1990AJ____100__108S,no survey
[SHM90] C4-V  6,SHASSA CC,1990AJ____100__108S,no survey
[SHM90] C4-V  6,SHASSA C,1990AJ____100__108S,no survey
[SHM90] C4-V  6,SHASSA Sm,1990AJ____100__108S,no survey
Bol 336,Mellinger Red,1991AJ____101__865R,exception
Bol 336,Mellinger Green,1991AJ____101__865R,exception
Bol 336,Mellinger Blue,1991AJ____101__865R,exception
Bol 336,SHASSA H,1991AJ____101__865R,no survey
Bol 336,SHASSA CC,1991AJ____101__865R,no survey
Bol 336,SHASSA C,1991AJ____101__865R,no survey
Bol 336,SHASSA Sm,1991AJ____101__865R,no survey
* nu.01 CrB,Mellinger Red,1917ApJ____46__313A,exception
* nu.01 CrB,Mellinger Green,1917ApJ____46__313A,exception
* nu.01 CrB,Mellinger Blue,1917ApJ____46__313A,exception
* nu.01 CrB,SHASSA H,1917ApJ____46__313A,no survey
* nu.01 CrB,SHASSA CC,1917ApJ____46__313A,no survey
* nu.01 CrB,SHASSA C,1917ApJ____46__313A,no survey
* nu.01 CrB,SHASSA Sm,1917ApJ____46__313A,no survey
* mu. Eri,Mellinger Red,1959ApJ___129__668S,exception
* mu. Eri,Mellinger Green,1959ApJ___129__668S,exception
* mu. Eri,Mellinger Blue,1959ApJ___129__668S,exception
* mu. Eri,SHASSA H,1959ApJ___129__668S,no survey
* mu. Eri,SHASSA CC,1959ApJ___129__668S,no survey
* mu. Eri,SHASSA C,1959ApJ___129__668S,no survey
* mu. Eri,SHASSA Sm,1959ApJ___129__668S,no survey
NGC  1699,Mellinger Red,1980AJ_____85__637D,exception
NGC  1699,Mellinger Green,1980AJ_____85__637D,exception
NGC  1699,Mellinger Blue,1980AJ_____85__637D,exception
NGC  1699,SHASSA H,1980AJ_____85__637D,no survey
NGC  1699,SHASSA CC,1980AJ_____85__637D,no survey
NGC  1699,SHASSA C,1980AJ_____85__637D,no survey
NGC  1699,SHASSA Sm,1980AJ_____85__637D,no survey
[GMP94] 632,DSS1 Blue,1994AJ____108_1256G,no survey
[GMP94] 632,DSS1 Red,1994AJ____108_1256G,no survey
[GMP94] 632,DSS2 Blue,1994AJ____108_1256G,no survey
[CHH92] 6147,DSS,1992AJ____104_1721C,no survey
[CHH92] 6147,DSS1 Blue,1992AJ____104_1721C,no survey
[CHH92] 6147,DSS1 Red,1992AJ____104_1721C,no survey
[CHH92] 6147,DSS2 Red,1992AJ____104_1721C,no survey
[CHH92] 6147,DSS2 Blue,1992AJ____104_1721C,no survey
[CHH92] 6147,DSS2 IR,1992AJ____104_1721C,no survey
NGC   104   132,DSS,1961ApJ___133__430W,no survey
NGC   104   132,DSS1 Blue,1961ApJ___133__430W,no survey
NGC   104   132,DSS1 Red,1961ApJ___133__430W,no survey
NGC   104   132,DSS2 Red,1961ApJ___133__430W,no survey
NGC   104   132,DSS2 Blue,1961ApJ___133__430W,no survey
NGC   104   132,DSS2 IR,1961ApJ___133__430W,no survey
Cl* Trumpler   14      Y     327,Mellinger Red,1993AJ____105__980M,exception
Cl* Trumpler   14      Y     327,Mellinger Green,1993AJ____105__980M,exception
Cl* Trumpler   14      Y     327,Mellinger Blue,1993AJ____105__980M,exception
Cl* Trumpler   14      Y     327,SHASSA H,1993AJ____105__980M,no survey
Cl* Trumpler   14      Y     327,SHASSA CC,1993AJ____105__980M,no survey
Cl* Trumpler   14      Y     327,SHASSA C,1993AJ____105__980M,no survey
Cl* Trumpler   14      Y     327,SHASSA Sm,1993AJ____105__980M,no survey
NGC  7778,Mellinger Red,1988AJ_____95__422E,exception
NGC  7778,Mellinger Green,1988AJ_____95__422E,exception
NGC  7778,Mellinger Blue,1988AJ_____95__422E,exception
NGC  7778,SHASSA H,1988AJ_____95__422E,no survey
NGC  7778,SHASSA CC,1988AJ_____95__422E,no survey
NGC  7778,SHASSA C,1988AJ_____95__422E,no survey
NGC  7778,SHASSA Sm,1988AJ_____95__422E,no survey
QSO B1059+4641,Mellinger Red,1994AJ____107_1245S,exception
QSO B1059+4641,Mellinger Green,1994AJ____107_1245S,exception
QSO B1059+4641,Mellinger Blue,1994AJ____107_1245S,exception
QSO B1059+4641,SHASSA H,1994AJ____107_1245S,no survey
QSO B1059+4641,SHASSA CC,1994AJ____107_1245S,no survey
QSO B1059+4641,SHASSA C,1994AJ____107_1245S,no survey
QSO B1059+4641,SHASSA Sm,1994AJ____107_1245S,no survey
*  47 Cyg,Mellinger Red,1987AJ_____93__688M,exception
*  47 Cyg,Mellinger Green,1987AJ_____93__688M,exception
*  47 Cyg,Mellinger Blue,1987AJ_____93__688M,exception
*  47 Cyg,SHASSA H,1987AJ_____93__688M,no survey
*  47 Cyg,SHASSA CC,1987AJ_____93__688M,no survey
*  47 Cyg,SHASSA C,1987AJ_____93__688M,no survey
*  47 Cyg,SHASSA Sm,1987AJ_____93__688M,no survey
VdBH 65a,DSS1 Blue,1975AJ_____80__208V,no survey
VdBH 65a,DSS1 Red,1975AJ_____80__208V,no survey
NGC  2158,Mellinger Red,1988AJ_____96_1248F,exception
NGC  2158,Mellinger Green,1988AJ_____96_1248F,exception
NGC  2158,Mellinger Blue,1988AJ_____96_1248F,exception
NGC  2158,SHASSA H,1988AJ_____96_1248F,no survey
NGC  2158,SHASSA CC,1988AJ_____96_1248F,no survey
NGC  2158,SHASSA C,1988AJ_____96_1248F,no survey
NGC  2158,SHASSA Sm,1988AJ_____96_1248F,no survey
HD 209443,Mellinger Red,1992ApJ___393__193W,exception
HD 209443,Mellinger Green,1992ApJ___393__193W,exception
HD 209443,Mellinger Blue,1992ApJ___393__193W,exception
HD 209443,SHASSA H,1992ApJ___393__193W,no survey
HD 209443,SHASSA CC,1992ApJ___393__193W,no survey
HD 209443,SHASSA C,1992ApJ___393__193W,no survey
HD 209443,SHASSA Sm,1992ApJ___393__193W,no survey
HD 208728,Mellinger Red,1958ApJS____3__141B,exception
HD 208728,Mellinger Green,1958ApJS____3__141B,exception
HD 208728,Mellinger Blue,1958ApJS____3__141B,exception
HD 208728,SHASSA H,1958ApJS____3__141B,no survey
HD 208728,SHASSA CC,1958ApJS____3__141B,no survey
HD 208728,SHASSA C,1958ApJS____3__141B,no survey
HD 208728,SHASSA Sm,1958ApJS____3__141B,no survey
2MASX J11435785+6141059,Mellinger Red,1985ApJ___293___69C,exception
2MASX J11435785+6141059,Mellinger Green,1985ApJ___293___69C,exception
2MASX J11435785+6141059,Mellinger Blue,1985ApJ___293___69C,exception
2MASX J11435785+6141059,SHASSA H,1985ApJ___293___69C,no survey
2MASX J11435785+6141059,SHASSA CC,1985ApJ___293___69C,no survey
2MASX J11435785+6141059,SHASSA C,1985ApJ___293___69C,no survey
2MASX J11435785+6141059,SHASSA Sm,1985ApJ___293___69C,no survey
2MASS J01330981+3023535,DSS1 Blue,1993ApJS___89___85I,no survey
EM* LkHA  335,Mellinger Red,1972ApJ___174__401H,exception
EM* LkHA  335,Mellinger Green,1972ApJ___174__401H,exception
EM* LkHA  335,Mellinger Blue,1972ApJ___174__401H,exception
EM* LkHA  335,SHASSA H,1972ApJ___174__401H,no survey
EM* LkHA  335,SHASSA CC,1972ApJ___174__401H,no survey
EM* LkHA  335,SHASSA C,1972ApJ___174__401H,no survey
EM* LkHA  335,SHASSA Sm,1972ApJ___174__401H,no survey
NGC  3690,SUMSS 843 MHz,1986ApJ___305L__45S,no survey
Cl* NGC 6809    SAN      28,Mellinger Red,1989ApJS___71__713S,exception
Cl* NGC 6809    SAN      28,Mellinger Green,1989ApJS___71__713S,exception
Cl* NGC 6809    SAN      28,Mellinger Blue,1989ApJS___71__713S,exception
Cl* NGC 6809    SAN      28,SHASSA H,1989ApJS___71__713S,no survey
Cl* NGC 6809    SAN      28,SHASSA CC,1989ApJS___71__713S,no survey
Cl* NGC 6809    SAN      28,SHASSA C,1989ApJS___71__713S,no survey
Cl* NGC 6809    SAN      28,SHASSA Sm,1989ApJS___71__713S,no survey
HD  87500,DSS2 IR,1989ApJS___69__301G,no survey
NVSS J195640+294523,VLA FIRST (1.4 GHz),1996ApJS__107__239T,no survey
NVSS J195640+294523,Stripe82VLA,1996ApJS__107__239T,no survey
NGC  4395,Mellinger Red,1994ApJ___424__599M,exception
NGC  4395,Mellinger Green,1994ApJ___424__599M,exception
NGC  4395,Mellinger Blue,1994ApJ___424__599M,exception
NGC  4395,SHASSA H,1994ApJ___424__599M,no survey
NGC  4395,SHASSA CC,1994ApJ___424__599M,no survey
NGC  4395,SHASSA C,1994ApJ___424__599M,no survey
NGC  4395,SHASSA Sm,1994ApJ___424__599M,no survey
[EKS96] NGC 1097  89,Mellinger Red,1996ApJS__105___93E,exception
[EKS96] NGC 1097  89,Mellinger Green,1996ApJS__105___93E,exception
[EKS96] NGC 1097  89,Mellinger Blue,1996ApJS__105___93E,exception
[EKS96] NGC 1097  89,SHASSA H,1996ApJS__105___93E,no survey
[EKS96] NGC 1097  89,SHASSA CC,1996ApJS__105___93E,no survey
[EKS96] NGC 1097  89,SHASSA C,1996ApJS__105___93E,no survey
[EKS96] NGC 1097  89,SHASSA Sm,1996ApJS__105___93E,no survey
Cl* NGC 6611    BKP   35979,Mellinger Red,1993AJ____106_1906H,exception
Cl* NGC 6611    BKP   35979,Mellinger Green,1993AJ____106_1906H,exception
Cl* NGC 6611    BKP   35979,Mellinger Blue,1993AJ____106_1906H,exception
Cl* NGC 6611    BKP   35979,SHASSA H,1993AJ____106_1906H,no survey
Cl* NGC 6611    BKP   35979,SHASSA CC,1993AJ____106_1906H,no survey
Cl* NGC 6611    BKP   35979,SHASSA C,1993AJ____106_1906H,no survey
Cl* NGC 6611    BKP   35979,SHASSA Sm,1993AJ____106_1906H,no survey
NGC  5452,Mellinger Red,1990ApJS___73__661H,exception
NGC  5452,Mellinger Green,1990ApJS___73__661H,exception
NGC  5452,Mellinger Blue,1990ApJS___73__661H,exception
NGC  5452,SHASSA H,1990ApJS___73__661H,no survey
NGC  5452,SHASSA CC,1990ApJS___73__661H,no survey
NGC  5452,SHASSA C,1990ApJS___73__661H,no survey
NGC  5452,SHASSA Sm,1990ApJS___73__661H,no survey
Cl* NGC 6121    ALC     291,Mellinger Red,1990AJ_____99_1491C,exception
Cl* NGC 6121    ALC     291,Mellinger Green,1990AJ_____99_1491C,exception
Cl* NGC 6121    ALC     291,Mellinger Blue,1990AJ_____99_1491C,exception
Cl* NGC 6121    ALC     291,SHASSA H,1990AJ_____99_1491C,no survey
Cl* NGC 6121    ALC     291,SHASSA CC,1990AJ_____99_1491C,no survey
Cl* NGC 6121    ALC     291,SHASSA C,1990AJ_____99_1491C,no survey
Cl* NGC 6121    ALC     291,SHASSA Sm,1990AJ_____99_1491C,no survey
NGC  2146,IRAS  12 micron,1994ApJ___421__434X,no images
NGC  2146,IRAS  25 micron,1994ApJ___421__434X,no images
NGC  2146,IRAS  60 micron,1994ApJ___421__434X,no images
NGC  2146,IRAS 100 micron,1994ApJ___421__434X,no survey
Cl Trumpler   16    60,Mellinger Red,1993AJ____105__980M,exception
Cl Trumpler   16    60,Mellinger Green,1993AJ____105__980M,exception
Cl Trumpler   16    60,Mellinger Blue,1993AJ____105__980M,exception
Cl Trumpler   16    60,SHASSA H,1993AJ____105__980M,no survey
Cl Trumpler   16    60,SHASSA CC,1993AJ____105__980M,no survey
Cl Trumpler   16    60,SHASSA C,1993AJ____105__980M,no survey
Cl Trumpler   16    60,SHASSA Sm,1993AJ____105__980M,no survey
NGC  2484,VLA FIRST (1.4 GHz),1970ApJ___160L__33B,exception
NGC  2484,Stripe82VLA,1970ApJ___160L__33B,no survey
US 1745,Mellinger Red,1982ApJS___49___27U,exception
US 1745,Mellinger Green,1982ApJS___49___27U,exception
US 1745,Mellinger Blue,1982ApJS___49___27U,exception
US 1745,SHASSA H,1982ApJS___49___27U,no survey
US 1745,SHASSA CC,1982ApJS___49___27U,no survey
US 1745,SHASSA C,1982ApJS___49___27U,no survey
US 1745,SHASSA Sm,1982ApJS___49___27U,no survey
OGLE LMC-ECL-13746,Mellinger Red,1995ApJ___452__210O,exception
OGLE LMC-ECL-13746,Mellinger Green,1995ApJ___452__210O,exception
OGLE LMC-ECL-13746,Mellinger Blue,1995ApJ___452__210O,exception
OGLE LMC-ECL-13746,SHASSA H,1995ApJ___452__210O,no survey
OGLE LMC-ECL-13746,SHASSA CC,1995ApJ___452__210O,no survey
OGLE LMC-ECL-13746,SHASSA C,1995ApJ___452__210O,no survey
OGLE LMC-ECL-13746,SHASSA Sm,1995ApJ___452__210O,no survey
QSO B1640+398,Mellinger Red,1988AJ_____96__816C,exception
QSO B1640+398,Mellinger Green,1988AJ_____96__816C,exception
QSO B1640+398,Mellinger Blue,1988AJ_____96__816C,exception
QSO B1640+398,SHASSA H,1988AJ_____96__816C,no survey
QSO B1640+398,SHASSA CC,1988AJ_____96__816C,no survey
QSO B1640+398,SHASSA C,1988AJ_____96__816C,no survey
QSO B1640+398,SHASSA Sm,1988AJ_____96__816C,no survey
IFM-B 2029,DSS1 Blue,1993ApJS___89___85I,no survey
CFRS 14.0071,SHASSA H,1995ApJ___455___75L,no survey
CFRS 14.0071,SHASSA CC,1995ApJ___455___75L,no survey
CFRS 14.0071,SHASSA C,1995ApJ___455___75L,no survey
CFRS 14.0071,SHASSA Sm,1995ApJ___455___75L,no survey
2MASS J05352929-0527221,Mellinger Red,1995AJ____109__709A,exception
2MASS J05352929-0527221,Mellinger Green,1995AJ____109__709A,exception
2MASS J05352929-0527221,Mellinger Blue,1995AJ____109__709A,exception
2MASS J05352929-0527221,SHASSA H,1995AJ____109__709A,no survey
2MASS J05352929-0527221,SHASSA CC,1995AJ____109__709A,no survey
2MASS J05352929-0527221,SHASSA C,1995AJ____109__709A,no survey
2MASS J05352929-0527221,SHASSA Sm,1995AJ____109__709A,no survey
NVSS J181434-162632,SUMSS 843 MHz,1990ApJS___74__181Z,no survey
NVSS J181434-162632,WENSS,1990ApJS___74__181Z,no survey
Cl* NGC 4590   WALK     324,Mellinger Red,1994AJ____108__555W,exception
Cl* NGC 4590   WALK     324,Mellinger Green,1994AJ____108__555W,exception
Cl* NGC 4590   WALK     324,Mellinger Blue,1994AJ____108__555W,exception
Cl* NGC 4590   WALK     324,SHASSA H,1994AJ____108__555W,no survey
Cl* NGC 4590   WALK     324,SHASSA CC,1994AJ____108__555W,no survey
Cl* NGC 4590   WALK     324,SHASSA C,1994AJ____108__555W,no survey
Cl* NGC 4590   WALK     324,SHASSA Sm,1994AJ____108__555W,no survey
IREC 178,SUMSS 843 MHz,1988ApJ___334__815D,no survey
G 158-50,Mellinger Red,1996AJ____112_2238S,exception
G 158-50,Mellinger Green,1996AJ____112_2238S,exception
G 158-50,Mellinger Blue,1996AJ____112_2238S,exception
G 158-50,SHASSA H,1996AJ____112_2238S,no survey
G 158-50,SHASSA CC,1996AJ____112_2238S,no survey
G 158-50,SHASSA C,1996AJ____112_2238S,no survey
G 158-50,SHASSA Sm,1996AJ____112_2238S,no survey
SCMS  666,DSS1 Blue,1995AJ____110_2747S,no survey
SCMS  666,DSS1 Red,1995AJ____110_2747S,no survey
2MASX J04362281-5510342,Mellinger Red,1995ApJS___96___39B,exception
2MASX J04362281-5510342,Mellinger Green,1995ApJS___96___39B,exception
2MASX J04362281-5510342,Mellinger Blue,1995ApJS___96___39B,exception
2MASX J04362281-5510342,SHASSA H,1995ApJS___96___39B,no survey
2MASX J04362281-5510342,SHASSA CC,1995ApJS___96___39B,no survey
2MASX J04362281-5510342,SHASSA C,1995ApJS___96___39B,no survey
2MASX J04362281-5510342,SHASSA Sm,1995ApJS___96___39B,no survey
Cl* NGC 2070     MH     606,DSS1 Blue,1994AJ____107_1054M,no survey
Cl* NGC 2070     MH     606,DSS1 Red,1994AJ____107_1054M,no survey
*  14 Aur C,DSS,1994ApJS___93__569B,no survey
*  14 Aur C,DSS1 Blue,1994ApJS___93__569B,no survey
*  14 Aur C,DSS1 Red,1994ApJS___93__569B,no survey
*  14 Aur C,DSS2 Red,1994ApJS___93__569B,no survey
*  14 Aur C,DSS2 Blue,1994ApJS___93__569B,no survey
*  14 Aur C,DSS2 IR,1994ApJS___93__569B,no survey
Cl* NGC  663     MV    4354,Mellinger Red,1994ApJS___90___31P,exception
Cl* NGC  663     MV    4354,Mellinger Green,1994ApJS___90___31P,exception
Cl* NGC  663     MV    4354,Mellinger Blue,1994ApJS___90___31P,exception
Cl* NGC  663     MV    4354,SHASSA H,1994ApJS___90___31P,no survey
Cl* NGC  663     MV    4354,SHASSA CC,1994ApJS___90___31P,no survey
Cl* NGC  663     MV    4354,SHASSA C,1994ApJS___90___31P,no survey
Cl* NGC  663     MV    4354,SHASSA Sm,1994ApJS___90___31P,no survey
2MASS J06563376+0431382,Mellinger Red,1996AJ____111__902H,exception
2MASS J06563376+0431382,Mellinger Green,1996AJ____111__902H,exception
2MASS J06563376+0431382,Mellinger Blue,1996AJ____111__902H,exception
2MASS J06563376+0431382,SHASSA H,1996AJ____111__902H,no survey
2MASS J06563376+0431382,SHASSA CC,1996AJ____111__902H,no survey
2MASS J06563376+0431382,SHASSA C,1996AJ____111__902H,no survey
2MASS J06563376+0431382,SHASSA Sm,1996AJ____111__902H,no survey
HD  53367,Mellinger Red,1973ApJ___185L__67L,exception
HD  53367,Mellinger Green,1973ApJ___185L__67L,exception
HD  53367,Mellinger Blue,1973ApJ___185L__67L,exception
HD  53367,SHASSA H,1973ApJ___185L__67L,no survey
HD  53367,SHASSA CC,1973ApJ___185L__67L,no survey
HD  53367,SHASSA C,1973ApJ___185L__67L,no survey
HD  53367,SHASSA Sm,1973ApJ___185L__67L,no survey
IC 1613,Mellinger Red,1985AJ_____90_1464S,exception
IC 1613,Mellinger Green,1985AJ_____90_1464S,exception
IC 1613,Mellinger Blue,1985AJ_____90_1464S,exception
IC 1613,SHASSA H,1985AJ_____90_1464S,no survey
IC 1613,SHASSA CC,1985AJ_____90_1464S,no survey
IC 1613,SHASSA C,1985AJ_____90_1464S,no survey
IC 1613,SHASSA Sm,1985AJ_____90_1464S,no survey
Haro 4-438,Mellinger Red,1989ApJS___71__183S,exception
Haro 4-438,Mellinger Green,1989ApJS___71__183S,exception
Haro 4-438,Mellinger Blue,1989ApJS___71__183S,exception
Haro 4-438,SHASSA H,1989ApJS___71__183S,no survey
Haro 4-438,SHASSA CC,1989ApJS___71__183S,no survey
Haro 4-438,SHASSA C,1989ApJS___71__183S,no survey
Haro 4-438,SHASSA Sm,1989ApJS___71__183S,no survey
2MASS J04533852-6959459,SHASSA H,1996ApJS__104___71O,no survey
2MASS J04533852-6959459,SHASSA CC,1996ApJS__104___71O,no survey
2MASS J04533852-6959459,SHASSA C,1996ApJS__104___71O,no survey
2MASS J04533852-6959459,SHASSA Sm,1996ApJS__104___71O,no survey
* tau Cyg,Mellinger Red,1971AJ_____76___73F,exception
* tau Cyg,Mellinger Green,1971AJ_____76___73F,exception
* tau Cyg,Mellinger Blue,1971AJ_____76___73F,exception
* tau Cyg,SHASSA H,1971AJ_____76___73F,no survey
* tau Cyg,SHASSA CC,1971AJ_____76___73F,no survey
* tau Cyg,SHASSA C,1971AJ_____76___73F,no survey
* tau Cyg,SHASSA Sm,1971AJ_____76___73F,no survey
NGC  6838  1110,Mellinger Red,1971ApJ___167__499A,exception
NGC  6838  1110,Mellinger Green,1971ApJ___167__499A,exception
NGC  6838  1110,Mellinger Blue,1971ApJ___167__499A,exception
NGC  6838  1110,SHASSA H,1971ApJ___167__499A,no survey
NGC  6838  1110,SHASSA CC,1971ApJ___167__499A,no survey
NGC  6838  1110,SHASSA C,1971ApJ___167__499A,no survey
NGC  6838  1110,SHASSA Sm,1971ApJ___167__499A,no survey
*  10 UMa,Mellinger Red,1950ApJ___112__554R,exception
*  10 UMa,Mellinger Green,1950ApJ___112__554R,exception
*  10 UMa,Mellinger Blue,1950ApJ___112__554R,exception
*  10 UMa,SHASSA H,1950ApJ___112__554R,no survey
*  10 UMa,SHASSA CC,1950ApJ___112__554R,no survey
*  10 UMa,SHASSA C,1950ApJ___112__554R,no survey
*  10 UMa,SHASSA Sm,1950ApJ___112__554R,no survey
IFM-B 1023,DSS1 Blue,1993ApJS___89___85I,no survey
Cl* NGC  346    MPG     840,DSS1 Blue,1989AJ_____98_1305M,no survey
Cl* NGC  346    MPG     840,DSS1 Red,1989AJ_____98_1305M,no survey
Cl* Trumpler   14      Y     485,DSS1 Blue,1993AJ____105_1822C,no survey
Cl* Trumpler   14      Y     485,DSS1 Red,1993AJ____105_1822C,no survey
Cl* Trumpler   14      Y     485,DSS2 Blue,1993AJ____105_1822C,no survey
[EKS96] NGC 4639  17,Mellinger Red,1996ApJS__105___93E,exception
[EKS96] NGC 4639  17,Mellinger Green,1996ApJS__105___93E,exception
[EKS96] NGC 4639  17,Mellinger Blue,1996ApJS__105___93E,exception
[EKS96] NGC 4639  17,SHASSA H,1996ApJS__105___93E,no survey
[EKS96] NGC 4639  17,SHASSA CC,1996ApJS__105___93E,no survey
[EKS96] NGC 4639  17,SHASSA C,1996ApJS__105___93E,no survey
[EKS96] NGC 4639  17,SHASSA Sm,1996ApJS__105___93E,no survey
[CHH92]   78,DSS,1992AJ____104_1721C,no survey
[CHH92]   78,DSS1 Blue,1992AJ____104_1721C,no survey
[CHH92]   78,DSS1 Red,1992AJ____104_1721C,no survey
[CHH92]   78,DSS2 Red,1992AJ____104_1721C,no survey
[CHH92]   78,DSS2 Blue,1992AJ____104_1721C,no survey
[CHH92]   78,DSS2 IR,1992AJ____104_1721C,no survey
QSO J1331+4101,Mellinger Red,1992ApJS___82__447N,exception
QSO J1331+4101,Mellinger Green,1992ApJS___82__447N,exception
QSO J1331+4101,Mellinger Blue,1992ApJS___82__447N,exception
QSO J1331+4101,SHASSA H,1992ApJS___82__447N,no survey
QSO J1331+4101,SHASSA CC,1992ApJS___82__447N,no survey
QSO J1331+4101,SHASSA C,1992ApJS___82__447N,no survey
QSO J1331+4101,SHASSA Sm,1992ApJS___82__447N,no survey
[HS83] 24,Mellinger Red,1983ApJ___264__458H,exception
[HS83] 24,Mellinger Green,1983ApJ___264__458H,exception
[HS83] 24,Mellinger Blue,1983ApJ___264__458H,exception
[HS83] 24,SHASSA H,1983ApJ___264__458H,no survey
[HS83] 24,SHASSA CC,1983ApJ___264__458H,no survey
[HS83] 24,SHASSA C,1983ApJ___264__458H,no survey
[HS83] 24,SHASSA Sm,1983ApJ___264__458H,no survey
2MASS J03414461-0141413,Mellinger Red,1997AJ____114_1356C,exception
2MASS J03414461-0141413,Mellinger Green,1997AJ____114_1356C,exception
2MASS J03414461-0141413,Mellinger Blue,1997AJ____114_1356C,exception
2MASS J03414461-0141413,SHASSA H,1997AJ____114_1356C,no survey
2MASS J03414461-0141413,SHASSA CC,1997AJ____114_1356C,no survey
2MASS J03414461-0141413,SHASSA C,1997AJ____114_1356C,no survey
2MASS J03414461-0141413,SHASSA Sm,1997AJ____114_1356C,no survey
HD  97434,DSS1 Blue,1976AJ_____81__155C,no survey
HD  97434,DSS1 Red,1976AJ_____81__155C,no survey
HD  97434,DSS2 Blue,1976AJ_____81__155C,no survey
HD 115842,Mellinger Red,1974AJ_____79_1022C,exception
HD 115842,Mellinger Green,1974AJ_____79_1022C,exception
HD 115842,Mellinger Blue,1974AJ_____79_1022C,exception
HD 115842,SHASSA H,1974AJ_____79_1022C,no survey
HD 115842,SHASSA CC,1974AJ_____79_1022C,no survey
HD 115842,SHASSA C,1974AJ_____79_1022C,no survey
HD 115842,SHASSA Sm,1974AJ_____79_1022C,no survey
NGC  1501,Mellinger Red,1996AJ____111_2332C,exception
NGC  1501,Mellinger Green,1996AJ____111_2332C,exception
NGC  1501,Mellinger Blue,1996AJ____111_2332C,exception
NGC  1501,SHASSA H,1996AJ____111_2332C,no survey
NGC  1501,SHASSA CC,1996AJ____111_2332C,no survey
NGC  1501,SHASSA C,1996AJ____111_2332C,no survey
NGC  1501,SHASSA Sm,1996AJ____111_2332C,no survey
NGC  7078    25,Mellinger Red,1989ApJS___71__713S,exception
NGC  7078    25,Mellinger Green,1989ApJS___71__713S,exception
NGC  7078    25,Mellinger Blue,1989ApJS___71__713S,exception
NGC  7078    25,SHASSA H,1989ApJS___71__713S,no survey
NGC  7078    25,SHASSA CC,1989ApJS___71__713S,no survey
NGC  7078    25,SHASSA C,1989ApJS___71__713S,no survey
NGC  7078    25,SHASSA Sm,1989ApJS___71__713S,no survey
Cl Trumpler   16   212,DSS1 Blue,1993AJ____105_1822C,no survey
Cl Trumpler   16   212,DSS1 Red,1993AJ____105_1822C,no survey
Cl Trumpler   16   212,DSS2 Blue,1993AJ____105_1822C,no survey
3A 1510-590,DSS1 Blue,1984ApJ___280L__51V,no survey
3A 1510-590,DSS1 Red,1984ApJ___280L__51V,no survey
3A 1510-590,DSS2 Blue,1984ApJ___280L__51V,no survey
V* V1588 Ori,Mellinger Red,1995ApJ___445__280G,exception
V* V1588 Ori,Mellinger Green,1995ApJ___445__280G,exception
V* V1588 Ori,Mellinger Blue,1995ApJ___445__280G,exception
V* V1588 Ori,SHASSA H,1995ApJ___445__280G,no survey
V* V1588 Ori,SHASSA CC,1995ApJ___445__280G,no survey
V* V1588 Ori,SHASSA C,1995ApJ___445__280G,no survey
V* V1588 Ori,SHASSA Sm,1995ApJ___445__280G,no survey
HD 225101,Mellinger Red,1971AJ_____76__338S,exception
HD 225101,Mellinger Green,1971AJ_____76__338S,exception
HD 225101,Mellinger Blue,1971AJ_____76__338S,exception
HD 225101,SHASSA H,1971AJ_____76__338S,no survey
HD 225101,SHASSA CC,1971AJ_____76__338S,no survey
HD 225101,SHASSA C,1971AJ_____76__338S,no survey
HD 225101,SHASSA Sm,1971AJ_____76__338S,no survey
NGC  3077,Mellinger Red,1977ApJ___211___47G,exception
NGC  3077,Mellinger Green,1977ApJ___211___47G,exception
NGC  3077,Mellinger Blue,1977ApJ___211___47G,exception
NGC  3077,SHASSA H,1977ApJ___211___47G,no survey
NGC  3077,SHASSA CC,1977ApJ___211___47G,no survey
NGC  3077,SHASSA C,1977ApJ___211___47G,no survey
NGC  3077,SHASSA Sm,1977ApJ___211___47G,no survey
Cl* NGC 6352     SN      22,DSS,1994ApJS___93__161S,no survey
Cl* NGC 6352     SN      22,DSS1 Blue,1994ApJS___93__161S,no survey
Cl* NGC 6352     SN      22,DSS1 Red,1994ApJS___93__161S,no survey
Cl* NGC 6352     SN      22,DSS2 Red,1994ApJS___93__161S,no survey
Cl* NGC 6352     SN      22,DSS2 Blue,1994ApJS___93__161S,no survey
Cl* NGC 6352     SN      22,DSS2 IR,1994ApJS___93__161S,no survey
HD 269549,Mellinger Red,1994ApJS___93__455D,exception
HD 269549,Mellinger Green,1994ApJS___93__455D,exception
HD 269549,Mellinger Blue,1994ApJS___93__455D,exception
HD 269549,SHASSA H,1994ApJS___93__455D,no survey
HD 269549,SHASSA CC,1994ApJS___93__455D,no survey
HD 269549,SHASSA C,1994ApJS___93__455D,no survey
HD 269549,SHASSA Sm,1994ApJS___93__455D,no survey
ESO 254-9,Mellinger Red,1995ApJS___96___39B,exception
ESO 254-9,Mellinger Green,1995ApJS___96___39B,exception
ESO 254-9,Mellinger Blue,1995ApJS___96___39B,exception
ESO 254-9,SHASSA H,1995ApJS___96___39B,no survey
ESO 254-9,SHASSA CC,1995ApJS___96___39B,no survey
ESO 254-9,SHASSA C,1995ApJS___96___39B,no survey
ESO 254-9,SHASSA Sm,1995ApJS___96___39B,no survey
LEDA   89248,DSS1 Blue,1990ApJS___72__715T,no survey
LEDA   89248,DSS1 Red,1990ApJS___72__715T,no survey
HD  53622,Mellinger Red,1974AJ_____79_1022C,exception
HD  53622,Mellinger Green,1974AJ_____79_1022C,exception
HD  53622,Mellinger Blue,1974AJ_____79_1022C,exception
HD  53622,SHASSA H,1974AJ_____79_1022C,no survey
HD  53622,SHASSA CC,1974AJ_____79_1022C,no survey
HD  53622,SHASSA C,1974AJ_____79_1022C,no survey
HD  53622,SHASSA Sm,1974AJ_____79_1022C,no survey
[SC95] ZET 427,DSS1 Blue,1995ApJS___96__605S,no survey
[SC95] ZET 427,DSS1 Red,1995ApJS___96__605S,no survey
[SC95] ZET 427,DSS2 Blue,1995ApJS___96__605S,no survey
HD 232971,Mellinger Red,1950ApJ___111__495P,exception
HD 232971,Mellinger Green,1950ApJ___111__495P,exception
HD 232971,Mellinger Blue,1950ApJ___111__495P,exception
HD 232971,SHASSA H,1950ApJ___111__495P,no survey
HD 232971,SHASSA CC,1950ApJ___111__495P,no survey
HD 232971,SHASSA C,1950ApJ___111__495P,no survey
HD 232971,SHASSA Sm,1950ApJ___111__495P,no survey
Cl* NGC 2682     JS      i,Mellinger Red,1993AJ____106__181M,exception
Cl* NGC 2682     JS      i,Mellinger Green,1993AJ____106__181M,exception
Cl* NGC 2682     JS      i,Mellinger Blue,1993AJ____106__181M,exception
Cl* NGC 2682     JS      i,SHASSA H,1993AJ____106__181M,no survey
Cl* NGC 2682     JS      i,SHASSA CC,1993AJ____106__181M,no survey
Cl* NGC 2682     JS      i,SHASSA C,1993AJ____106__181M,no survey
Cl* NGC 2682     JS      i,SHASSA Sm,1993AJ____106__181M,no survey
Cl* NGC 4590   WALK     477,Mellinger Red,1994AJ____108__555W,exception
Cl* NGC 4590   WALK     477,Mellinger Green,1994AJ____108__555W,exception
Cl* NGC 4590   WALK     477,Mellinger Blue,1994AJ____108__555W,exception
Cl* NGC 4590   WALK     477,SHASSA H,1994AJ____108__555W,no survey
Cl* NGC 4590   WALK     477,SHASSA CC,1994AJ____108__555W,no survey
Cl* NGC 4590   WALK     477,SHASSA C,1994AJ____108__555W,no survey
Cl* NGC 4590   WALK     477,SHASSA Sm,1994AJ____108__555W,no survey
NGC  4088,Mellinger Red,1995AJ____109_2318C,exception
NGC  4088,Mellinger Green,1995AJ____109_2318C,exception
NGC  4088,Mellinger Blue,1995AJ____109_2318C,exception
NGC  4088,SHASSA H,1995AJ____109_2318C,no survey
NGC  4088,SHASSA CC,1995AJ____109_2318C,no survey
NGC  4088,SHASSA C,1995AJ____109_2318C,no survey
NGC  4088,SHASSA Sm,1995AJ____109_2318C,no survey
[TP95] NGC  1808  13,DSS1 Blue,1995ApJS__101__287T,no survey
[TP95] NGC  1808  13,DSS1 Red,1995ApJS__101__287T,no survey
NGC  4876,Mellinger Red,1968ApJ___152_1057R,exception
NGC  4876,Mellinger Green,1968ApJ___152_1057R,exception
NGC  4876,Mellinger Blue,1968ApJ___152_1057R,exception
NGC  4876,SHASSA H,1968ApJ___152_1057R,no survey
NGC  4876,SHASSA CC,1968ApJ___152_1057R,no survey
NGC  4876,SHASSA C,1968ApJ___152_1057R,no survey
NGC  4876,SHASSA Sm,1968ApJ___152_1057R,no survey
HH 100,DSS1 Blue,1984ApJ___281__250C,no survey
HH 100,DSS1 Red,1984ApJ___281__250C,no survey
PSR B1953+29,Mellinger Red,1996ApJS__107__239T,exception
PSR B1953+29,Mellinger Green,1996ApJS__107__239T,exception
PSR B1953+29,Mellinger Blue,1996ApJS__107__239T,exception
PSR B1953+29,SHASSA H,1996ApJS__107__239T,no survey
PSR B1953+29,SHASSA CC,1996ApJS__107__239T,no survey
PSR B1953+29,SHASSA C,1996ApJS__107__239T,no survey
PSR B1953+29,SHASSA Sm,1996ApJS__107__239T,no survey
Cl* NGC 6752    HHB     868,DSS1 Blue,1993AJ____105_1196H,no survey
Cl* NGC 6752    HHB     868,DSS1 Red,1993AJ____105_1196H,no survey
US 3461,Mellinger Red,1984ApJS___56__393H,exception
US 3461,Mellinger Green,1984ApJS___56__393H,exception
US 3461,Mellinger Blue,1984ApJS___56__393H,exception
US 3461,SHASSA H,1984ApJS___56__393H,no survey
US 3461,SHASSA CC,1984ApJS___56__393H,no survey
US 3461,SHASSA C,1984ApJS___56__393H,no survey
US 3461,SHASSA Sm,1984ApJS___56__393H,no survey
LEDA    2347,Mellinger Red,1987ApJS___63__265W,exception
LEDA    2347,Mellinger Green,1987ApJS___63__265W,exception
LEDA    2347,Mellinger Blue,1987ApJS___63__265W,exception
LEDA    2347,SHASSA H,1987ApJS___63__265W,no survey
LEDA    2347,SHASSA CC,1987ApJS___63__265W,no survey
LEDA    2347,SHASSA C,1987ApJS___63__265W,no survey
LEDA    2347,SHASSA Sm,1987ApJS___63__265W,no survey
[EKS96] NGC 5033  50,Mellinger Red,1996ApJS__105___93E,exception
[EKS96] NGC 5033  50,Mellinger Green,1996ApJS__105___93E,exception
[EKS96] NGC 5033  50,Mellinger Blue,1996ApJS__105___93E,exception
[EKS96] NGC 5033  50,SHASSA H,1996ApJS__105___93E,no survey
[EKS96] NGC 5033  50,SHASSA CC,1996ApJS__105___93E,no survey
[EKS96] NGC 5033  50,SHASSA C,1996ApJS__105___93E,no survey
[EKS96] NGC 5033  50,SHASSA Sm,1996ApJS__105___93E,no survey
* iot Cas,Mellinger Red,1946ApJ___103___99D,exception
* iot Cas,Mellinger Green,1946ApJ___103___99D,exception
* iot Cas,Mellinger Blue,1946ApJ___103___99D,no survey
* iot Cas,SHASSA H,1946ApJ___103___99D,no survey
* iot Cas,SHASSA CC,1946ApJ___103___99D,no survey
* iot Cas,SHASSA C,1946ApJ___103___99D,no survey
* iot Cas,SHASSA Sm,1946ApJ___103___99D,no survey
SV* HV 11493,DSS,1992AJ____104_1430S,no survey
SV* HV 11493,DSS1 Blue,1992AJ____104_1430S,no survey
SV* HV 11493,DSS1 Red,1992AJ____104_1430S,no survey
SV* HV 11493,DSS2 Red,1992AJ____104_1430S,no survey
SV* HV 11493,DSS2 Blue,1992AJ____104_1430S,no survey
SV* HV 11493,DSS2 IR,1992AJ____104_1430S,no survey
WHHW 0539.8-6907,DSS1 Blue,1991ApJ___374__475W,no survey
WHHW 0539.8-6907,DSS1 Red,1991ApJ___374__475W,no survey
PN K  1-14,Mellinger Red,1986ApJ___302__727J,exception
PN K  1-14,Mellinger Green,1986ApJ___302__727J,exception
PN K  1-14,Mellinger Blue,1986ApJ___302__727J,exception
PN K  1-14,SHASSA H,1986ApJ___302__727J,no survey
PN K  1-14,SHASSA CC,1986ApJ___302__727J,no survey
PN K  1-14,SHASSA C,1986ApJ___302__727J,no survey
PN K  1-14,SHASSA Sm,1986ApJ___302__727J,no survey
NGC  7531,Mellinger Red,1995ApJS___96___39B,exception
NGC  7531,Mellinger Green,1995ApJS___96___39B,exception
NGC  7531,Mellinger Blue,1995ApJS___96___39B,exception
NGC  7531,SHASSA H,1995ApJS___96___39B,no survey
NGC  7531,SHASSA CC,1995ApJS___96___39B,no survey
NGC  7531,SHASSA C,1995ApJS___96___39B,no survey
NGC  7531,SHASSA Sm,1995ApJS___96___39B,no survey
[H69] NGC 5457 125,DSS,1969ApJS___18___73H,no survey
[H69] NGC 5457 125,DSS1 Blue,1969ApJS___18___73H,no survey
[H69] NGC 5457 125,DSS1 Red,1969ApJS___18___73H,no survey
[H69] NGC 5457 125,DSS2 Red,1969ApJS___18___73H,no survey
[H69] NGC 5457 125,DSS2 Blue,1969ApJS___18___73H,no survey
[H69] NGC 5457 125,DSS2 IR,1969ApJS___18___73H,no survey
[W94] DEM L 243 37,DSS1 Blue,1994AJ____108_1674W,no survey
[W94] DEM L 243 37,DSS1 Red,1994AJ____108_1674W,no survey
ICRF J135256.5-441240,VLA FIRST (1.4 GHz),1989AJ_____98___54J,no survey
ICRF J135256.5-441240,NVSS,1989AJ_____98___54J,no survey
ICRF J135256.5-441240,Stripe82VLA,1989AJ_____98___54J,no survey
ICRF J135256.5-441240,EBHIS,1989AJ_____98___54J,no survey
HD 113022,SHASSA H,1970AJ_____75__507H,no survey
HD 113022,SHASSA CC,1970AJ_____75__507H,no survey
HD 113022,SHASSA C,1970AJ_____75__507H,no survey
HD 113022,SHASSA Sm,1970AJ_____75__507H,no survey
2MASS J05463489+0004206,Mellinger Red,1976AJ_____81__308S,exception
2MASS J05463489+0004206,Mellinger Green,1976AJ_____81__308S,exception
2MASS J05463489+0004206,Mellinger Blue,1976AJ_____81__308S,exception
2MASS J05463489+0004206,SHASSA H,1976AJ_____81__308S,no survey
2MASS J05463489+0004206,SHASSA CC,1976AJ_____81__308S,no survey
2MASS J05463489+0004206,SHASSA C,1976AJ_____81__308S,no survey
2MASS J05463489+0004206,SHASSA Sm,1976AJ_____81__308S,no survey
NGC  5139   482,Mellinger Red,1997AJ____114_1087M,exception
NGC  5139   482,Mellinger Green,1997AJ____114_1087M,exception
NGC  5139   482,Mellinger Blue,1997AJ____114_1087M,exception
NGC  5139   482,SHASSA H,1997AJ____114_1087M,no survey
NGC  5139   482,SHASSA CC,1997AJ____114_1087M,no survey
NGC  5139   482,SHASSA C,1997AJ____114_1087M,no survey
NGC  5139   482,SHASSA Sm,1997AJ____114_1087M,no survey
NGC  4869,SHASSA H,1972ApJ___178__309F,no survey
NGC  4869,SHASSA CC,1972ApJ___178__309F,no survey
NGC  4869,SHASSA C,1972ApJ___178__309F,no survey
NGC  4869,SHASSA Sm,1972ApJ___178__309F,no survey
CD-54  6495,Mellinger Red,1968AJ_____73__590D,exception
CD-54  6495,Mellinger Green,1968AJ_____73__590D,exception
CD-54  6495,Mellinger Blue,1968AJ_____73__590D,exception
CD-54  6495,SHASSA H,1968AJ_____73__590D,no survey
CD-54  6495,SHASSA CC,1968AJ_____73__590D,no survey
CD-54  6495,SHASSA C,1968AJ_____73__590D,no survey
CD-54  6495,SHASSA Sm,1968AJ_____73__590D,no survey
M  81,Mellinger Red,1996ApJ___461L__25F,exception
M  81,Mellinger Green,1996ApJ___461L__25F,exception
M  81,Mellinger Blue,1996ApJ___461L__25F,exception
M  81,SHASSA H,1996ApJ___461L__25F,no survey
M  81,SHASSA CC,1996ApJ___461L__25F,no survey
M  81,SHASSA C,1996ApJ___461L__25F,no survey
M  81,SHASSA Sm,1996ApJ___461L__25F,no survey
HD  36395,Mellinger Red,1972AJ_____77__733B,exception
HD  36395,Mellinger Green,1972AJ_____77__733B,exception
HD  36395,Mellinger Blue,1972AJ_____77__733B,exception
HD  36395,SHASSA H,1972AJ_____77__733B,no survey
HD  36395,SHASSA CC,1972AJ_____77__733B,no survey
HD  36395,SHASSA C,1972AJ_____77__733B,no survey
HD  36395,SHASSA Sm,1972AJ_____77__733B,no survey
* tet UMa,Mellinger Red,1975ApJS___29__137S,exception
* tet UMa,Mellinger Green,1975ApJS___29__137S,exception
* tet UMa,Mellinger Blue,1975ApJS___29__137S,exception
* tet UMa,SHASSA H,1975ApJS___29__137S,no survey
* tet UMa,SHASSA CC,1975ApJS___29__137S,no survey
* tet UMa,SHASSA C,1975ApJS___29__137S,no survey
* tet UMa,SHASSA Sm,1975ApJS___29__137S,no survey
* eps Aps,Mellinger Red,1973ApJS___26___37N,exception
* eps Aps,Mellinger Green,1973ApJS___26___37N,exception
* eps Aps,Mellinger Blue,1973ApJS___26___37N,exception
* eps Aps,SHASSA H,1973ApJS___26___37N,no survey
* eps Aps,SHASSA CC,1973ApJS___26___37N,no survey
* eps Aps,SHASSA C,1973ApJS___26___37N,no survey
* eps Aps,SHASSA Sm,1973ApJS___26___37N,no survey
V* V4313 Sgr,SHASSA H,1992AJ____103_1872B,no survey
V* V4313 Sgr,SHASSA CC,1992AJ____103_1872B,no survey
V* V4313 Sgr,SHASSA C,1992AJ____103_1872B,no survey
V* V4313 Sgr,SHASSA Sm,1992AJ____103_1872B,no survey
[VHH81]  46,SHASSA H,1992AJ____104__613H,no survey
[VHH81]  46,SHASSA CC,1992AJ____104__613H,no survey
[VHH81]  46,SHASSA C,1992AJ____104__613H,no survey
[VHH81]  46,SHASSA Sm,1992AJ____104__613H,no survey
KB Star 10,DSS,1976ApJS___32__351K,no survey
KB Star 10,DSS1 Blue,1976ApJS___32__351K,no survey
KB Star 10,DSS1 Red,1976ApJS___32__351K,no survey
KB Star 10,DSS2 Red,1976ApJS___32__351K,no survey
KB Star 10,DSS2 Blue,1976ApJS___32__351K,no survey
KB Star 10,DSS2 IR,1976ApJS___32__351K,no survey
[BW89]  21,DSS1 Blue,1989ApJS___70__139B,no survey
[BW89]  21,DSS1 Red,1989ApJS___70__139B,no survey
MCG-07-04-006,DSS1 Blue,1983ApJ___274__534M,no survey
MCG-07-04-006,DSS1 Red,1983ApJ___274__534M,no survey
[HL85] NGC 7129-N 21,DSS,1985ApJS___59__383H,no survey
[HL85] NGC 7129-N 21,DSS1 Blue,1985ApJS___59__383H,no survey
[HL85] NGC 7129-N 21,DSS1 Red,1985ApJS___59__383H,no survey
[HL85] NGC 7129-N 21,DSS2 Red,1985ApJS___59__383H,no survey
[HL85] NGC 7129-N 21,DSS2 Blue,1985ApJS___59__383H,no survey
[HL85] NGC 7129-N 21,DSS2 IR,1985ApJS___59__383H,no survey
PKS J2045-3556,GLEAM 139-170 MHz,1996ApJS__103__145W,no images
Mrk  486,TESS,1974ApJ___192__581K,no images
Mrk  486,Mellinger Red,1974ApJ___192__581K,exception
Mrk  486,Mellinger Green,1974ApJ___192__581K,exception
Mrk  486,Mellinger Blue,1974ApJ___192__581K,exception
Mrk  486,SHASSA H,1974ApJ___192__581K,no survey
Mrk  486,SHASSA CC,1974ApJ___192__581K,no survey
Mrk  486,SHASSA C,1974ApJ___192__581K,no survey
Mrk  486,SHASSA Sm,1974ApJ___192__581K,no survey
PGMW 3014,DSS1 Blue,1992AJ____103_1205P,no survey
PGMW 3014,DSS1 Red,1992AJ____103_1205P,no survey
QSO B2340+011,Mellinger Red,1983ApJ___272__411G,exception
QSO B2340+011,Mellinger Green,1983ApJ___272__411G,exception
QSO B2340+011,Mellinger Blue,1983ApJ___272__411G,exception
QSO B2340+011,SHASSA H,1983ApJ___272__411G,no survey
QSO B2340+011,SHASSA CC,1983ApJ___272__411G,no survey
QSO B2340+011,SHASSA C,1983ApJ___272__411G,no survey
QSO B2340+011,SHASSA Sm,1983ApJ___272__411G,no survey
GEN# +9.00090585,Mellinger Red,1961AJ_____66__300B,exception
GEN# +9.00090585,Mellinger Green,1961AJ_____66__300B,exception
GEN# +9.00090585,Mellinger Blue,1961AJ_____66__300B,exception
GEN# +9.00090585,SHASSA H,1961AJ_____66__300B,no survey
GEN# +9.00090585,SHASSA CC,1961AJ_____66__300B,no survey
GEN# +9.00090585,SHASSA C,1961AJ_____66__300B,no survey
GEN# +9.00090585,SHASSA Sm,1961AJ_____66__300B,no survey
* gam Ori,Mellinger Red,1968ApJ___151L___5B,exception
* gam Ori,Mellinger Green,1968ApJ___151L___5B,exception
* gam Ori,Mellinger Blue,1968ApJ___151L___5B,exception
* gam Ori,SHASSA H,1968ApJ___151L___5B,no survey
* gam Ori,SHASSA CC,1968ApJ___151L___5B,no survey
* gam Ori,SHASSA C,1968ApJ___151L___5B,no survey
* gam Ori,SHASSA Sm,1968ApJ___151L___5B,no survey
2MASS J04564440-6626569,IRAS  12 micron,1992AJ____103_1205P,no images
2MASS J04564440-6626569,IRAS  25 micron,1992AJ____103_1205P,no images
2MASS J04564440-6626569,IRAS  60 micron,1992AJ____103_1205P,no images
2MASS J04564440-6626569,IRAS 100 micron,1992AJ____103_1205P,no survey
NGC  6822,IRIS  25,1992ApJS___80__531F,no images
NGC  6822,IRIS 100,1992ApJS___80__531F,no images
NGC  6822,SFD100m,1992ApJS___80__531F,no images
NGC  6822,IRAS  12 micron,1992ApJS___80__531F,no images
NGC  6822,IRAS  25 micron,1992ApJS___80__531F,no images
NGC  6822,IRAS  60 micron,1992ApJS___80__531F,no images
NGC  6822,IRAS 100 micron,1992ApJS___80__531F,no survey
M 100,SHASSA H,1969AJ_____74__515M,no survey
M 100,SHASSA CC,1969AJ_____74__515M,no survey
M 100,SHASSA C,1969AJ_____74__515M,no survey
M 100,SHASSA Sm,1969AJ_____74__515M,no survey
CD-30  6006,Mellinger Red,1986AJ_____91__326C,exception
CD-30  6006,Mellinger Green,1986AJ_____91__326C,exception
CD-30  6006,Mellinger Blue,1986AJ_____91__326C,exception
CD-30  6006,SHASSA H,1986AJ_____91__326C,no survey
CD-30  6006,SHASSA CC,1986AJ_____91__326C,no survey
CD-30  6006,SHASSA C,1986AJ_____91__326C,no survey
CD-30  6006,SHASSA Sm,1986AJ_____91__326C,no survey
[SHM89] SH-1  15,DSS1 Blue,1989ApJS___69___99S,no survey
[SHM89] SH-1  15,DSS1 Red,1989ApJS___69___99S,no survey
[SHM89] SH-1  15,DSS2 Blue,1989ApJS___69___99S,no survey
QSO B0101-4216,SHASSA H,1992ApJ___394___51M,no survey
QSO B0101-4216,SHASSA CC,1992ApJ___394___51M,no survey
QSO B0101-4216,SHASSA C,1992ApJ___394___51M,no survey
QSO B0101-4216,SHASSA Sm,1992ApJ___394___51M,no survey
[MM63] 7-48,Mellinger Red,1963AJ_____68__319M,exception
[MM63] 7-48,Mellinger Green,1963AJ_____68__319M,exception
[MM63] 7-48,Mellinger Blue,1963AJ_____68__319M,exception
[MM63] 7-48,SHASSA H,1963AJ_____68__319M,no survey
[MM63] 7-48,SHASSA CC,1963AJ_____68__319M,no survey
[MM63] 7-48,SHASSA C,1963AJ_____68__319M,no survey
[MM63] 7-48,SHASSA Sm,1963AJ_____68__319M,no survey
ICRF J182931.7+484446,Mellinger Red,1996ApJS__107__541L,exception
ICRF J182931.7+484446,Mellinger Green,1996ApJS__107__541L,exception
ICRF J182931.7+484446,Mellinger Blue,1996ApJS__107__541L,exception
ICRF J182931.7+484446,SHASSA H,1996ApJS__107__541L,no survey
ICRF J182931.7+484446,SHASSA CC,1996ApJS__107__541L,no survey
ICRF J182931.7+484446,SHASSA C,1996ApJS__107__541L,no survey
ICRF J182931.7+484446,SHASSA Sm,1996ApJS__107__541L,no survey
M  31,Planck 545 I,1995AJ____110_1584K,no survey
M  31,Planck 353 I,1995AJ____110_1584K,no survey
SN 1572A,VLA FIRST (1.4 GHz),1995ApJ___454L_129F,no survey
SN 1572A,Stripe82VLA,1995ApJ___454L_129F,no survey
V* V710 Tau,UKIDSS-Y,1990ApJ___362__168S,no survey
V* V710 Tau,UKIDSS-J,1990ApJ___362__168S,no survey
V* V710 Tau,UKIDSS-H,1990ApJ___362__168S,no survey
V* V710 Tau,UKIDSS-1-0S1,1990ApJ___362__168S,no survey
NGC  5638,Mellinger Red,1994ApJ___428__511S,exception
NGC  5638,Mellinger Green,1994ApJ___428__511S,exception
NGC  5638,Mellinger Blue,1994ApJ___428__511S,exception
NGC  5638,SHASSA H,1994ApJ___428__511S,no survey
NGC  5638,SHASSA CC,1994ApJ___428__511S,no survey
NGC  5638,SHASSA C,1994ApJ___428__511S,no survey
NGC  5638,SHASSA Sm,1994ApJ___428__511S,no survey
* h Cen,Mellinger Red,1914ApJ____40___43K,exception
* h Cen,Mellinger Green,1914ApJ____40___43K,exception
* h Cen,Mellinger Blue,1914ApJ____40___43K,exception
* h Cen,SHASSA H,1914ApJ____40___43K,no survey
* h Cen,SHASSA CC,1914ApJ____40___43K,no survey
* h Cen,SHASSA C,1914ApJ____40___43K,no survey
* h Cen,SHASSA Sm,1914ApJ____40___43K,no survey
SHV 0551069-694245,DSS1 Blue,1989AJ_____97_1634H,no survey
SHV 0551069-694245,DSS1 Red,1989AJ_____97_1634H,no survey
[CHH92] 7049,DSS,1992AJ____104_1721C,no survey
[CHH92] 7049,DSS1 Blue,1992AJ____104_1721C,no survey
[CHH92] 7049,DSS1 Red,1992AJ____104_1721C,no survey
[CHH92] 7049,DSS2 Red,1992AJ____104_1721C,no survey
[CHH92] 7049,DSS2 Blue,1992AJ____104_1721C,no survey
[CHH92] 7049,DSS2 IR,1992AJ____104_1721C,no survey
SCMS  746,DSS1 Blue,1995AJ____110_2747S,no survey
SCMS  746,DSS1 Red,1995AJ____110_2747S,no survey
HD 173611,Mellinger Red,1987AJ_____93__688M,exception
HD 173611,Mellinger Green,1987AJ_____93__688M,exception
HD 173611,Mellinger Blue,1987AJ_____93__688M,exception
HD 173611,SHASSA H,1987AJ_____93__688M,no survey
HD 173611,SHASSA CC,1987AJ_____93__688M,no survey
HD 173611,SHASSA C,1987AJ_____93__688M,no survey
HD 173611,SHASSA Sm,1987AJ_____93__688M,no survey
V* CY Tau,SHASSA H,1993AJ____106_2005G,no survey
V* CY Tau,SHASSA CC,1993AJ____106_2005G,no survey
V* CY Tau,SHASSA C,1993AJ____106_2005G,no survey
V* CY Tau,SHASSA Sm,1993AJ____106_2005G,no survey
V* V514 Tau,Mellinger Red,1994ApJS___91__625S,exception
V* V514 Tau,Mellinger Green,1994ApJS___91__625S,exception
V* V514 Tau,Mellinger Blue,1994ApJS___91__625S,exception
V* V514 Tau,SHASSA H,1994ApJS___91__625S,no survey
V* V514 Tau,SHASSA CC,1994ApJS___91__625S,no survey
V* V514 Tau,SHASSA C,1994ApJS___91__625S,no survey
V* V514 Tau,SHASSA Sm,1994ApJS___91__625S,no survey
SDSS J101350.78+344251.1,Mellinger Red,1978ApJ___223__740P,exception
SDSS J101350.78+344251.1,Mellinger Green,1978ApJ___223__740P,exception
SDSS J101350.78+344251.1,Mellinger Blue,1978ApJ___223__740P,exception
SDSS J101350.78+344251.1,SHASSA H,1978ApJ___223__740P,no survey
SDSS J101350.78+344251.1,SHASSA CC,1978ApJ___223__740P,no survey
SDSS J101350.78+344251.1,SHASSA C,1978ApJ___223__740P,no survey
SDSS J101350.78+344251.1,SHASSA Sm,1978ApJ___223__740P,no survey
Cl* NGC 2070    SMB      88,Mellinger Red,1994AJ____107_1054M,exception
Cl* NGC 2070    SMB      88,Mellinger Green,1994AJ____107_1054M,exception
Cl* NGC 2070    SMB      88,Mellinger Blue,1994AJ____107_1054M,exception
Cl* NGC 2070    SMB      88,SHASSA H,1994AJ____107_1054M,no survey
Cl* NGC 2070    SMB      88,SHASSA CC,1994AJ____107_1054M,no survey
Cl* NGC 2070    SMB      88,SHASSA C,1994AJ____107_1054M,no survey
Cl* NGC 2070    SMB      88,SHASSA Sm,1994AJ____107_1054M,no survey
HD 286891,Mellinger Red,1969AJ_____74____2V,exception
HD 286891,Mellinger Green,1969AJ_____74____2V,exception
HD 286891,Mellinger Blue,1969AJ_____74____2V,exception
HD 286891,SHASSA H,1969AJ_____74____2V,no survey
HD 286891,SHASSA CC,1969AJ_____74____2V,no survey
HD 286891,SHASSA C,1969AJ_____74____2V,no survey
HD 286891,SHASSA Sm,1969AJ_____74____2V,no survey
[VHH81]  43,Mellinger Red,1992AJ____104__613H,exception
[VHH81]  43,Mellinger Green,1992AJ____104__613H,exception
[VHH81]  43,Mellinger Blue,1992AJ____104__613H,exception
[VHH81]  43,SHASSA H,1992AJ____104__613H,no survey
[VHH81]  43,SHASSA CC,1992AJ____104__613H,no survey
[VHH81]  43,SHASSA C,1992AJ____104__613H,no survey
[VHH81]  43,SHASSA Sm,1992AJ____104__613H,no survey
NGC  1770,Mellinger Red,1990ApJ___365__510C,exception
NGC  1770,Mellinger Green,1990ApJ___365__510C,exception
NGC  1770,Mellinger Blue,1990ApJ___365__510C,exception
NGC  1770,SHASSA H,1990ApJ___365__510C,no survey
NGC  1770,SHASSA CC,1990ApJ___365__510C,no survey
NGC  1770,SHASSA C,1990ApJ___365__510C,no survey
NGC  1770,SHASSA Sm,1990ApJ___365__510C,no survey
Cl* NGC 6712     SS B119,DSS,1981ApJ___250__135M,no survey
Cl* NGC 6712     SS B119,DSS1 Blue,1981ApJ___250__135M,no survey
Cl* NGC 6712     SS B119,DSS1 Red,1981ApJ___250__135M,no survey
Cl* NGC 6712     SS B119,DSS2 Red,1981ApJ___250__135M,no survey
Cl* NGC 6712     SS B119,DSS2 Blue,1981ApJ___250__135M,no survey
Cl* NGC 6712     SS B119,DSS2 IR,1981ApJ___250__135M,no survey
NGC  6259  2014,DSS1 Blue,1989AJ_____97_1048A,no survey
NGC  6259  2014,DSS1 Red,1989AJ_____97_1048A,no survey
* P Cyg,Mellinger Red,1925ApJ____61__389M,exception
* P Cyg,Mellinger Green,1925ApJ____61__389M,exception
* P Cyg,Mellinger Blue,1925ApJ____61__389M,exception
* P Cyg,SHASSA H,1925ApJ____61__389M,no survey
* P Cyg,SHASSA CC,1925ApJ____61__389M,no survey
* P Cyg,SHASSA C,1925ApJ____61__389M,no survey
* P Cyg,SHASSA Sm,1925ApJ____61__389M,no survey
NGC  6162,Mellinger Red,1991ApJS___76__153R,exception
NGC  6162,Mellinger Green,1991ApJS___76__153R,exception
NGC  6162,Mellinger Blue,1991ApJS___76__153R,exception
NGC  6162,SHASSA H,1991ApJS___76__153R,no survey
NGC  6162,SHASSA CC,1991ApJS___76__153R,no survey
NGC  6162,SHASSA C,1991ApJS___76__153R,no survey
NGC  6162,SHASSA Sm,1991ApJS___76__153R,no survey
SA 101-431,Mellinger Red,1990AJ_____99_1243T,exception
SA 101-431,Mellinger Green,1990AJ_____99_1243T,exception
SA 101-431,Mellinger Blue,1990AJ_____99_1243T,exception
SA 101-431,SHASSA H,1990AJ_____99_1243T,no survey
SA 101-431,SHASSA CC,1990AJ_____99_1243T,no survey
SA 101-431,SHASSA C,1990AJ_____99_1243T,no survey
SA 101-431,SHASSA Sm,1990AJ_____99_1243T,no survey
PSS 729-1,Mellinger Red,1991AJ____102__395H,exception
PSS 729-1,Mellinger Green,1991AJ____102__395H,exception
PSS 729-1,Mellinger Blue,1991AJ____102__395H,exception
PSS 729-1,SHASSA H,1991AJ____102__395H,no survey
PSS 729-1,SHASSA CC,1991AJ____102__395H,no survey
PSS 729-1,SHASSA C,1991AJ____102__395H,no survey
PSS 729-1,SHASSA Sm,1991AJ____102__395H,no survey
SNR G089.0+04.7,SUMSS 843 MHz,1978ApJS___38__119V,no survey
HD 178286,Mellinger Red,1987AJ_____93__688M,exception
HD 178286,Mellinger Green,1987AJ_____93__688M,exception
HD 178286,Mellinger Blue,1987AJ_____93__688M,exception
HD 178286,SHASSA H,1987AJ_____93__688M,no survey
HD 178286,SHASSA CC,1987AJ_____93__688M,no survey
HD 178286,SHASSA C,1987AJ_____93__688M,no survey
HD 178286,SHASSA Sm,1987AJ_____93__688M,no survey
CPD-61  3549,DSS1 Blue,1985ApJ___292__148T,no survey
CPD-61  3549,DSS1 Red,1985ApJ___292__148T,no survey
4C 11.69,SUMSS 843 MHz,1978AJ_____83_1363G,no survey
4C 11.69,WENSS,1978AJ_____83_1363G,no survey
NGC  3189,IRAS  12 micron,1987AJ_____93_1011K,no images
NGC  3189,IRAS  25 micron,1987AJ_____93_1011K,no images
NGC  3189,IRAS  60 micron,1987AJ_____93_1011K,no images
NGC  3189,IRAS 100 micron,1987AJ_____93_1011K,no survey
H88 194,DSS1 Blue,1988AJ_____96_1625K,no survey
H88 194,DSS1 Red,1988AJ_____96_1625K,no survey
H88 194,DSS2 Blue,1988AJ_____96_1625K,no survey
V* CM Tau,Mellinger Red,1989AJ_____97_1110S,exception
V* CM Tau,Mellinger Green,1989AJ_____97_1110S,exception
V* CM Tau,Mellinger Blue,1989AJ_____97_1110S,exception
V* CM Tau,SHASSA H,1989AJ_____97_1110S,no survey
V* CM Tau,SHASSA CC,1989AJ_____97_1110S,no survey
V* CM Tau,SHASSA C,1989AJ_____97_1110S,no survey
V* CM Tau,SHASSA Sm,1989AJ_____97_1110S,no survey
PGMW 2136,DSS1 Blue,1992AJ____103_1205P,no survey
PGMW 2136,DSS1 Red,1992AJ____103_1205P,no survey
HD  36783,Mellinger Red,1977ApJS___34__115W,exception
HD  36783,Mellinger Green,1977ApJS___34__115W,exception
HD  36783,Mellinger Blue,1977ApJS___34__115W,exception
HD  36783,SHASSA H,1977ApJS___34__115W,no survey
HD  36783,SHASSA CC,1977ApJS___34__115W,no survey
HD  36783,SHASSA C,1977ApJS___34__115W,no survey
HD  36783,SHASSA Sm,1977ApJS___34__115W,no survey
IFM-B 1792,DSS1 Blue,1993ApJS___89___85I,no survey
HD 344912,Mellinger Red,1996AJ____112_1614F,exception
HD 344912,Mellinger Green,1996AJ____112_1614F,exception
HD 344912,Mellinger Blue,1996AJ____112_1614F,exception
HD 344912,SHASSA H,1996AJ____112_1614F,no survey
HD 344912,SHASSA CC,1996AJ____112_1614F,no survey
HD 344912,SHASSA C,1996AJ____112_1614F,no survey
HD 344912,SHASSA Sm,1996AJ____112_1614F,no survey
IC 4651   62,SHASSA H,1987AJ_____94_1222A,no survey
IC 4651   62,SHASSA CC,1987AJ_____94_1222A,no survey
IC 4651   62,SHASSA C,1987AJ_____94_1222A,no survey
IC 4651   62,SHASSA Sm,1987AJ_____94_1222A,no survey
NVSS J112917-014225,Mellinger Red,1987AJ_____94__587B,exception
NVSS J112917-014225,Mellinger Green,1987AJ_____94__587B,exception
NVSS J112917-014225,Mellinger Blue,1987AJ_____94__587B,exception
NVSS J112917-014225,SHASSA H,1987AJ_____94__587B,no survey
NVSS J112917-014225,SHASSA CC,1987AJ_____94__587B,no survey
NVSS J112917-014225,SHASSA C,1987AJ_____94__587B,no survey
NVSS J112917-014225,SHASSA Sm,1987AJ_____94__587B,no survey
*  57 Cyg,Mellinger Red,1983ApJS___53__623C,exception
*  57 Cyg,Mellinger Green,1983ApJS___53__623C,exception
*  57 Cyg,Mellinger Blue,1983ApJS___53__623C,exception
*  57 Cyg,SHASSA H,1983ApJS___53__623C,no survey
*  57 Cyg,SHASSA CC,1983ApJS___53__623C,no survey
*  57 Cyg,SHASSA C,1983ApJS___53__623C,no survey
*  57 Cyg,SHASSA Sm,1983ApJS___53__623C,no survey
NGC  2420,Mellinger Red,1988AJ_____95__785K,exception
NGC  2420,Mellinger Green,1988AJ_____95__785K,exception
NGC  2420,Mellinger Blue,1988AJ_____95__785K,exception
NGC  2420,SHASSA H,1988AJ_____95__785K,no survey
NGC  2420,SHASSA CC,1988AJ_____95__785K,no survey
NGC  2420,SHASSA C,1988AJ_____95__785K,no survey
NGC  2420,SHASSA Sm,1988AJ_____95__785K,no survey
Brey  84,Mellinger Red,1994ApJS___93__455D,exception
Brey  84,Mellinger Green,1994ApJS___93__455D,exception
Brey  84,Mellinger Blue,1994ApJS___93__455D,exception
Brey  84,SHASSA H,1994ApJS___93__455D,no survey
Brey  84,SHASSA CC,1994ApJS___93__455D,no survey
Brey  84,SHASSA C,1994ApJS___93__455D,no survey
Brey  84,SHASSA Sm,1994ApJS___93__455D,no survey
Cl* NGC 6604     FD      72,Mellinger Red,1978AJ_____83__266F,exception
Cl* NGC 6604     FD      72,Mellinger Green,1978AJ_____83__266F,exception
Cl* NGC 6604     FD      72,Mellinger Blue,1978AJ_____83__266F,exception
Cl* NGC 6604     FD      72,SHASSA H,1978AJ_____83__266F,no survey
Cl* NGC 6604     FD      72,SHASSA CC,1978AJ_____83__266F,no survey
Cl* NGC 6604     FD      72,SHASSA C,1978AJ_____83__266F,no survey
Cl* NGC 6604     FD      72,SHASSA Sm,1978AJ_____83__266F,no survey
NGC  6649    13,Mellinger Red,1975ApJ___197___55M,exception
NGC  6649    13,Mellinger Green,1975ApJ___197___55M,exception
NGC  6649    13,Mellinger Blue,1975ApJ___197___55M,exception
NGC  6649    13,SHASSA H,1975ApJ___197___55M,no survey
NGC  6649    13,SHASSA CC,1975ApJ___197___55M,no survey
NGC  6649    13,SHASSA C,1975ApJ___197___55M,no survey
NGC  6649    13,SHASSA Sm,1975ApJ___197___55M,no survey
ISO-CrA 140,IRAS  12 micron,1997AJ____114_2029W,no images
ISO-CrA 140,IRAS  25 micron,1997AJ____114_2029W,no images
ISO-CrA 140,IRAS  60 micron,1997AJ____114_2029W,no images
ISO-CrA 140,IRAS 100 micron,1997AJ____114_2029W,no survey
HD 106022,Mellinger Red,1970ApJS___19__281B,exception
HD 106022,Mellinger Green,1970ApJS___19__281B,exception
HD 106022,Mellinger Blue,1970ApJS___19__281B,exception
HD 106022,SHASSA H,1970ApJS___19__281B,no survey
HD 106022,SHASSA CC,1970ApJS___19__281B,no survey
HD 106022,SHASSA C,1970ApJS___19__281B,no survey
HD 106022,SHASSA Sm,1970ApJS___19__281B,no survey
2MASS J17203451-3550450,IRAS  12 micron,1989ApJS___69___99S,no images
2MASS J17203451-3550450,IRAS  25 micron,1989ApJS___69___99S,no images
2MASS J17203451-3550450,IRAS  60 micron,1989ApJS___69___99S,no images
2MASS J17203451-3550450,IRAS 100 micron,1989ApJS___69___99S,no survey
BD+60   344,Mellinger Red,1978AJ_____83_1075V,exception
BD+60   344,Mellinger Green,1978AJ_____83_1075V,exception
BD+60   344,Mellinger Blue,1978AJ_____83_1075V,exception
BD+60   344,SHASSA H,1978AJ_____83_1075V,no survey
BD+60   344,SHASSA CC,1978AJ_____83_1075V,no survey
BD+60   344,SHASSA C,1978AJ_____83_1075V,no survey
BD+60   344,SHASSA Sm,1978AJ_____83_1075V,no survey
Ford M 31 125,Mellinger Red,1989ApJ___339___53C,exception
Ford M 31 125,Mellinger Green,1989ApJ___339___53C,exception
Ford M 31 125,Mellinger Blue,1989ApJ___339___53C,exception
Ford M 31 125,SHASSA H,1989ApJ___339___53C,no survey
Ford M 31 125,SHASSA CC,1989ApJ___339___53C,no survey
Ford M 31 125,SHASSA C,1989ApJ___339___53C,no survey
Ford M 31 125,SHASSA Sm,1989ApJ___339___53C,no survey
RAFGL 2885,UKIDSS-Y,1987ApJ___318__852W,no survey
RAFGL 2885,UKIDSS-1-0S1,1987ApJ___318__852W,no survey
HD  92740,Mellinger Red,1974ApJ___189__269W,exception
HD  92740,Mellinger Green,1974ApJ___189__269W,exception
HD  92740,Mellinger Blue,1974ApJ___189__269W,exception
HD  92740,SHASSA H,1974ApJ___189__269W,no survey
HD  92740,SHASSA CC,1974ApJ___189__269W,no survey
HD  92740,SHASSA C,1974ApJ___189__269W,no survey
HD  92740,SHASSA Sm,1974ApJ___189__269W,no survey
EM* MWC  939,Mellinger Red,1976ApJ___204L_123A,exception
EM* MWC  939,Mellinger Green,1976ApJ___204L_123A,exception
EM* MWC  939,Mellinger Blue,1976ApJ___204L_123A,exception
EM* MWC  939,SHASSA H,1976ApJ___204L_123A,no survey
EM* MWC  939,SHASSA CC,1976ApJ___204L_123A,no survey
EM* MWC  939,SHASSA C,1976ApJ___204L_123A,no survey
EM* MWC  939,SHASSA Sm,1976ApJ___204L_123A,no survey
Ve 6-15,DSS1 Blue,1994ApJS___93__229M,no survey
Ve 6-15,DSS1 Red,1994ApJS___93__229M,no survey
COUP   553,Mellinger Red,1994ApJ___421__517P,exception
COUP   553,Mellinger Green,1994ApJ___421__517P,exception
COUP   553,Mellinger Blue,1994ApJ___421__517P,exception
COUP   553,SHASSA H,1994ApJ___421__517P,no survey
COUP   553,SHASSA CC,1994ApJ___421__517P,no survey
COUP   553,SHASSA C,1994ApJ___421__517P,no survey
COUP   553,SHASSA Sm,1994ApJ___421__517P,no survey
[VV2006] J011018.5-304815,SHASSA H,1983AJ_____88_1304C,no survey
[VV2006] J011018.5-304815,SHASSA CC,1983AJ_____88_1304C,no survey
[VV2006] J011018.5-304815,SHASSA C,1983AJ_____88_1304C,no survey
[VV2006] J011018.5-304815,SHASSA Sm,1983AJ_____88_1304C,no survey
FSZ 278,DSS1 Blue,1993ApJS___89___85I,no survey
IC 4651   43,SHASSA H,1987AJ_____94_1222A,no survey
IC 4651   43,SHASSA CC,1987AJ_____94_1222A,no survey
IC 4651   43,SHASSA C,1987AJ_____94_1222A,no survey
IC 4651   43,SHASSA Sm,1987AJ_____94_1222A,no survey
NGC  5104,SUMSS 843 MHz,1996ApJ___462__651L,no survey
NGC  5104,WENSS,1996ApJ___462__651L,no survey
LEDA   27886,Mellinger Red,1990AJ____100_1014M,exception
LEDA   27886,Mellinger Green,1990AJ____100_1014M,exception
LEDA   27886,Mellinger Blue,1990AJ____100_1014M,exception
LEDA   27886,SHASSA H,1990AJ____100_1014M,no survey
LEDA   27886,SHASSA CC,1990AJ____100_1014M,no survey
LEDA   27886,SHASSA C,1990AJ____100_1014M,no survey
LEDA   27886,SHASSA Sm,1990AJ____100_1014M,no survey
2MASS J02294961+6135426,Mellinger Red,1989AJ_____98__611G,exception
2MASS J02294961+6135426,Mellinger Green,1989AJ_____98__611G,exception
2MASS J02294961+6135426,Mellinger Blue,1989AJ_____98__611G,exception
2MASS J02294961+6135426,SHASSA H,1989AJ_____98__611G,no survey
2MASS J02294961+6135426,SHASSA CC,1989AJ_____98__611G,no survey
2MASS J02294961+6135426,SHASSA C,1989AJ_____98__611G,no survey
2MASS J02294961+6135426,SHASSA Sm,1989AJ_____98__611G,no survey
NGC  4712,IRAS  12 micron,1981ApJ___248__395D,no images
NGC  4712,IRAS  25 micron,1981ApJ___248__395D,no images
NGC  4712,IRAS  60 micron,1981ApJ___248__395D,no images
NGC  4712,IRAS 100 micron,1981ApJ___248__395D,no survey
[HL93] 17,DSS2 Blue,1993AJ____106__672H,no survey
M   1,VLA FIRST (1.4 GHz),1996ApJ___467__370P,no survey
M   1,Stripe82VLA,1996ApJ___467__370P,no survey
LEDA   39971,Mellinger Red,1983ApJS___53__375R,exception
LEDA   39971,Mellinger Green,1983ApJS___53__375R,exception
LEDA   39971,Mellinger Blue,1983ApJS___53__375R,exception
LEDA   39971,SHASSA H,1983ApJS___53__375R,no survey
LEDA   39971,SHASSA CC,1983ApJS___53__375R,no survey
LEDA   39971,SHASSA C,1983ApJS___53__375R,no survey
LEDA   39971,SHASSA Sm,1983ApJS___53__375R,no survey
NGC  2360    31,Mellinger Red,1968ApJ___152___83E,exception
NGC  2360    31,Mellinger Green,1968ApJ___152___83E,exception
NGC  2360    31,Mellinger Blue,1968ApJ___152___83E,exception
NGC  2360    31,SHASSA H,1968ApJ___152___83E,no survey
NGC  2360    31,SHASSA CC,1968ApJ___152___83E,no survey
NGC  2360    31,SHASSA C,1968ApJ___152___83E,no survey
NGC  2360    31,SHASSA Sm,1968ApJ___152___83E,no survey
[EKS96] NGC 5033 133,Mellinger Red,1996ApJS__105___93E,exception
[EKS96] NGC 5033 133,Mellinger Green,1996ApJS__105___93E,exception
[EKS96] NGC 5033 133,Mellinger Blue,1996ApJS__105___93E,exception
[EKS96] NGC 5033 133,SHASSA H,1996ApJS__105___93E,no survey
[EKS96] NGC 5033 133,SHASSA CC,1996ApJS__105___93E,no survey
[EKS96] NGC 5033 133,SHASSA C,1996ApJS__105___93E,no survey
[EKS96] NGC 5033 133,SHASSA Sm,1996ApJS__105___93E,no survey
ACO  1831,Mellinger Red,1991AJ____101_1561P,exception
ACO  1831,Mellinger Green,1991AJ____101_1561P,exception
ACO  1831,Mellinger Blue,1991AJ____101_1561P,exception
ACO  1831,SHASSA H,1991AJ____101_1561P,no survey
ACO  1831,SHASSA CC,1991AJ____101_1561P,no survey
ACO  1831,SHASSA C,1991AJ____101_1561P,no survey
ACO  1831,SHASSA Sm,1991AJ____101_1561P,no survey
Cl* NGC 3603    MTT     122,Mellinger Red,1977ApJ___213__723F,exception
Cl* NGC 3603    MTT     122,Mellinger Green,1977ApJ___213__723F,exception
Cl* NGC 3603    MTT     122,Mellinger Blue,1977ApJ___213__723F,exception
Cl* NGC 3603    MTT     122,SHASSA H,1977ApJ___213__723F,no survey
Cl* NGC 3603    MTT     122,SHASSA CC,1977ApJ___213__723F,no survey
Cl* NGC 3603    MTT     122,SHASSA C,1977ApJ___213__723F,no survey
Cl* NGC 3603    MTT     122,SHASSA Sm,1977ApJ___213__723F,no survey
WOH G  72,DSS1 Blue,1990AJ____100__674B,no survey
WOH G  72,DSS1 Red,1990AJ____100__674B,no survey
V* V2238 Ori,Mellinger Red,1995AJ____109__709A,exception
V* V2238 Ori,Mellinger Green,1995AJ____109__709A,exception
V* V2238 Ori,Mellinger Blue,1995AJ____109__709A,exception
V* V2238 Ori,SHASSA H,1995AJ____109__709A,no survey
V* V2238 Ori,SHASSA CC,1995AJ____109__709A,no survey
V* V2238 Ori,SHASSA C,1995AJ____109__709A,no survey
V* V2238 Ori,SHASSA Sm,1995AJ____109__709A,no survey
SV* HV  5678,Mellinger Red,1971AJ_____76_1003W,exception
SV* HV  5678,Mellinger Green,1971AJ_____76_1003W,exception
SV* HV  5678,Mellinger Blue,1971AJ_____76_1003W,exception
SV* HV  5678,SHASSA H,1971AJ_____76_1003W,no survey
SV* HV  5678,SHASSA CC,1971AJ_____76_1003W,no survey
SV* HV  5678,SHASSA C,1971AJ_____76_1003W,no survey
SV* HV  5678,SHASSA Sm,1971AJ_____76_1003W,no survey
4C 25.05,SUMSS 843 MHz,1983AJ_____88__709H,no survey
4C 25.05,WENSS,1983AJ_____88__709H,no survey
[GBM92] Cl 0043-25  72,DSS,1992AJ____104_1290G,no survey
[GBM92] Cl 0043-25  72,DSS1 Blue,1992AJ____104_1290G,no survey
[GBM92] Cl 0043-25  72,DSS1 Red,1992AJ____104_1290G,no survey
[GBM92] Cl 0043-25  72,DSS2 Red,1992AJ____104_1290G,no survey
[GBM92] Cl 0043-25  72,DSS2 Blue,1992AJ____104_1290G,no survey
[GBM92] Cl 0043-25  72,DSS2 IR,1992AJ____104_1290G,no survey
2MASS J04541082-6957590,Mellinger Red,1996ApJS__104___71O,exception
2MASS J04541082-6957590,Mellinger Green,1996ApJS__104___71O,exception
2MASS J04541082-6957590,Mellinger Blue,1996ApJS__104___71O,exception
2MASS J04541082-6957590,SHASSA H,1996ApJS__104___71O,no survey
2MASS J04541082-6957590,SHASSA CC,1996ApJS__104___71O,no survey
2MASS J04541082-6957590,SHASSA C,1996ApJS__104___71O,no survey
2MASS J04541082-6957590,SHASSA Sm,1996ApJS__104___71O,no survey
[BSD98] 17,VLA FIRST (1.4 GHz),1996AJ____111__846O,no survey
[BSD98] 17,Stripe82VLA,1996AJ____111__846O,no survey
FSZ 520,Mellinger Red,1993ApJS___89___85I,exception
FSZ 520,Mellinger Green,1993ApJS___89___85I,exception
FSZ 520,Mellinger Blue,1993ApJS___89___85I,exception
FSZ 520,SHASSA H,1993ApJS___89___85I,no survey
FSZ 520,SHASSA CC,1993ApJS___89___85I,no survey
FSZ 520,SHASSA C,1993ApJS___89___85I,no survey
FSZ 520,SHASSA Sm,1993ApJS___89___85I,no survey
2MASS J06074118-0619100,Planck 217 Q,1997AJ____114__198C,no survey
Cl* NGC 6934    SAW V9,Mellinger Red,1980AJ_____85__148S,exception
Cl* NGC 6934    SAW V9,Mellinger Green,1980AJ_____85__148S,exception
Cl* NGC 6934    SAW V9,Mellinger Blue,1980AJ_____85__148S,exception
Cl* NGC 6934    SAW V9,SHASSA H,1980AJ_____85__148S,no survey
Cl* NGC 6934    SAW V9,SHASSA CC,1980AJ_____85__148S,no survey
Cl* NGC 6934    SAW V9,SHASSA C,1980AJ_____85__148S,no survey
Cl* NGC 6934    SAW V9,SHASSA Sm,1980AJ_____85__148S,no survey
HD  96675,Mellinger Red,1993ApJ___416__623F,exception
HD  96675,Mellinger Green,1993ApJ___416__623F,exception
HD  96675,Mellinger Blue,1993ApJ___416__623F,exception
HD  96675,SHASSA H,1993ApJ___416__623F,no survey
HD  96675,SHASSA CC,1993ApJ___416__623F,no survey
HD  96675,SHASSA C,1993ApJ___416__623F,no survey
HD  96675,SHASSA Sm,1993ApJ___416__623F,no survey
UGC  3969,SHASSA H,1996AJ____112_1803M,no survey
UGC  3969,SHASSA CC,1996AJ____112_1803M,no survey
UGC  3969,SHASSA C,1996AJ____112_1803M,no survey
UGC  3969,SHASSA Sm,1996AJ____112_1803M,no survey
HD 285848,Mellinger Red,1983AJ_____88__431F,exception
HD 285848,Mellinger Green,1983AJ_____88__431F,exception
HD 285848,Mellinger Blue,1983AJ_____88__431F,exception
HD 285848,SHASSA H,1983AJ_____88__431F,no survey
HD 285848,SHASSA CC,1983AJ_____88__431F,no survey
HD 285848,SHASSA C,1983AJ_____88__431F,no survey
HD 285848,SHASSA Sm,1983AJ_____88__431F,no survey
NGC  4450,Mellinger Red,1992ApJS___80__531F,exception
NGC  4450,Mellinger Green,1992ApJS___80__531F,exception
NGC  4450,Mellinger Blue,1992ApJS___80__531F,exception
NGC  4450,SHASSA H,1992ApJS___80__531F,no survey
NGC  4450,SHASSA CC,1992ApJS___80__531F,no survey
NGC  4450,SHASSA C,1992ApJS___80__531F,no survey
NGC  4450,SHASSA Sm,1992ApJS___80__531F,no survey
CD-25 11466,Mellinger Red,1989AJ_____97_1074I,exception
CD-25 11466,Mellinger Green,1989AJ_____97_1074I,exception
CD-25 11466,Mellinger Blue,1989AJ_____97_1074I,exception
CD-25 11466,SHASSA H,1989AJ_____97_1074I,no survey
CD-25 11466,SHASSA CC,1989AJ_____97_1074I,no survey
CD-25 11466,SHASSA C,1989AJ_____97_1074I,no survey
CD-25 11466,SHASSA Sm,1989AJ_____97_1074I,no survey
RAFGL 2063,DSS2 Blue,1977ApJ___217__108A,no survey
Ford M 31 226,Mellinger Red,1978ApJS___38__351F,exception
Ford M 31 226,Mellinger Green,1978ApJS___38__351F,exception
Ford M 31 226,Mellinger Blue,1978ApJS___38__351F,exception
Ford M 31 226,SHASSA H,1978ApJS___38__351F,no survey
Ford M 31 226,SHASSA CC,1978ApJS___38__351F,no survey
Ford M 31 226,SHASSA C,1978ApJS___38__351F,no survey
Ford M 31 226,SHASSA Sm,1978ApJS___38__351F,no survey
NGC  5746,IRAS  12 micron,1960ApJ___131__558V,no images
NGC  5746,IRAS  25 micron,1960ApJ___131__558V,no images
NGC  5746,IRAS  60 micron,1960ApJ___131__558V,no images
NGC  5746,IRAS 100 micron,1960ApJ___131__558V,no survey
[SC96] GC 316,DSS2 Blue,1996ApJS__104__101S,no survey
PG 1707+427,SHASSA H,1995AJ____110_1285J,no survey
PG 1707+427,SHASSA CC,1995AJ____110_1285J,no survey
PG 1707+427,SHASSA C,1995AJ____110_1285J,no survey
PG 1707+427,SHASSA Sm,1995AJ____110_1285J,no survey
ICRF J011818.4+025805,Mellinger Red,1984ApJS___55__533H,exception
ICRF J011818.4+025805,Mellinger Green,1984ApJS___55__533H,exception
ICRF J011818.4+025805,Mellinger Blue,1984ApJS___55__533H,exception
ICRF J011818.4+025805,SHASSA H,1984ApJS___55__533H,no survey
ICRF J011818.4+025805,SHASSA CC,1984ApJS___55__533H,no survey
ICRF J011818.4+025805,SHASSA C,1984ApJS___55__533H,no survey
ICRF J011818.4+025805,SHASSA Sm,1984ApJS___55__533H,no survey
Cl* NGC 2070     MH     859,IRAS  12 micron,1992AJ____104_1721C,no images
Cl* NGC 2070     MH     859,IRAS  25 micron,1992AJ____104_1721C,no images
Cl* NGC 2070     MH     859,IRAS  60 micron,1992AJ____104_1721C,no images
Cl* NGC 2070     MH     859,IRAS 100 micron,1992AJ____104_1721C,no survey
SB 178,Mellinger Red,1971AJ_____76__338S,exception
SB 178,Mellinger Green,1971AJ_____76__338S,exception
SB 178,Mellinger Blue,1971AJ_____76__338S,exception
SB 178,SHASSA H,1971AJ_____76__338S,no survey
SB 178,SHASSA CC,1971AJ_____76__338S,no survey
SB 178,SHASSA C,1971AJ_____76__338S,no survey
SB 178,SHASSA Sm,1971AJ_____76__338S,no survey
NGC  3338,Mellinger Red,1981ApJ___250___31A,exception
NGC  3338,Mellinger Green,1981ApJ___250___31A,exception
NGC  3338,Mellinger Blue,1981ApJ___250___31A,exception
NGC  3338,SHASSA H,1981ApJ___250___31A,no survey
NGC  3338,SHASSA CC,1981ApJ___250___31A,no survey
NGC  3338,SHASSA C,1981ApJ___250___31A,no survey
NGC  3338,SHASSA Sm,1981ApJ___250___31A,no survey
Mrk  841,Mellinger Red,1990ApJS___72__231M,exception
Mrk  841,Mellinger Green,1990ApJS___72__231M,exception
Mrk  841,Mellinger Blue,1990ApJS___72__231M,exception
Mrk  841,SHASSA H,1990ApJS___72__231M,no survey
Mrk  841,SHASSA CC,1990ApJS___72__231M,no survey
Mrk  841,SHASSA C,1990ApJS___72__231M,no survey
Mrk  841,SHASSA Sm,1990ApJS___72__231M,no survey
[A81] 031407-6312,DSS1 Blue,1981ApJS___46___75A,no survey
[A81] 031407-6312,DSS1 Red,1981ApJS___46___75A,no survey
3C 326.1,VLA FIRST (1.4 GHz),1988ApJ___331L__73L,exception
3C 326.1,Stripe82VLA,1988ApJ___331L__73L,no survey
PB  3245,Mellinger Red,1981ApJS___46__117U,exception
PB  3245,Mellinger Green,1981ApJS___46__117U,exception
PB  3245,Mellinger Blue,1981ApJS___46__117U,exception
PB  3245,SHASSA H,1981ApJS___46__117U,no survey
PB  3245,SHASSA CC,1981ApJS___46__117U,no survey
PB  3245,SHASSA C,1981ApJS___46__117U,no survey
PB  3245,SHASSA Sm,1981ApJS___46__117U,no survey
Cl* NGC 6611    BKP   27498,DSS2 Blue,1993AJ____106_1906H,no survey
NGC  1850,DSS1 Blue,1995ApJ___449__164S,no survey
NGC  1850,DSS1 Red,1995ApJ___449__164S,no survey
NGC  1850,DSS2 Blue,1995ApJ___449__164S,no survey
NGC   457    23,Mellinger Red,1959ApJ___130__764P,exception
NGC   457    23,Mellinger Green,1959ApJ___130__764P,exception
NGC   457    23,Mellinger Blue,1959ApJ___130__764P,exception
NGC   457    23,SHASSA H,1959ApJ___130__764P,no survey
NGC   457    23,SHASSA CC,1959ApJ___130__764P,no survey
NGC   457    23,SHASSA C,1959ApJ___130__764P,no survey
NGC   457    23,SHASSA Sm,1959ApJ___130__764P,no survey
NGC  5139,Mellinger Red,1988ApJ___328__594S,exception
NGC  5139,Mellinger Green,1988ApJ___328__594S,exception
NGC  5139,Mellinger Blue,1988ApJ___328__594S,exception
NGC  5139,SHASSA H,1988ApJ___328__594S,no survey
NGC  5139,SHASSA CC,1988ApJ___328__594S,no survey
NGC  5139,SHASSA C,1988ApJ___328__594S,no survey
NGC  5139,SHASSA Sm,1988ApJ___328__594S,no survey
Mrk 1279,Mellinger Red,1988ApJS___66__297P,exception
Mrk 1279,Mellinger Green,1988ApJS___66__297P,exception
Mrk 1279,Mellinger Blue,1988ApJS___66__297P,exception
Mrk 1279,SHASSA H,1988ApJS___66__297P,no survey
Mrk 1279,SHASSA CC,1988ApJS___66__297P,no survey
Mrk 1279,SHASSA C,1988ApJS___66__297P,no survey
Mrk 1279,SHASSA Sm,1988ApJS___66__297P,no survey
2MASX J14183816+4432485,Mellinger Red,1987ApJS___63__809S,exception
2MASX J14183816+4432485,Mellinger Green,1987ApJS___63__809S,exception
2MASX J14183816+4432485,Mellinger Blue,1987ApJS___63__809S,exception
2MASX J14183816+4432485,SHASSA H,1987ApJS___63__809S,no survey
2MASX J14183816+4432485,SHASSA CC,1987ApJS___63__809S,no survey
2MASX J14183816+4432485,SHASSA C,1987ApJS___63__809S,no survey
2MASX J14183816+4432485,SHASSA Sm,1987ApJS___63__809S,no survey
SKHB 185B,DSS,1995AJ____109_2061H,no survey
SKHB 185B,DSS1 Blue,1995AJ____109_2061H,no survey
SKHB 185B,DSS1 Red,1995AJ____109_2061H,no survey
SKHB 185B,DSS2 Red,1995AJ____109_2061H,no survey
SKHB 185B,DSS2 Blue,1995AJ____109_2061H,no survey
SKHB 185B,DSS2 IR,1995AJ____109_2061H,no survey
LEDA   27848,Mellinger Red,1990AJ____100_1014M,exception
LEDA   27848,Mellinger Green,1990AJ____100_1014M,exception
LEDA   27848,Mellinger Blue,1990AJ____100_1014M,exception
LEDA   27848,SHASSA H,1990AJ____100_1014M,no survey
LEDA   27848,SHASSA CC,1990AJ____100_1014M,no survey
LEDA   27848,SHASSA C,1990AJ____100_1014M,no survey
LEDA   27848,SHASSA Sm,1990AJ____100_1014M,no survey
[MA93]  871,Mellinger Red,1959AJ_____64__254A,exception
[MA93]  871,Mellinger Green,1959AJ_____64__254A,exception
[MA93]  871,Mellinger Blue,1959AJ_____64__254A,exception
[MA93]  871,SHASSA H,1959AJ_____64__254A,no survey
[MA93]  871,SHASSA CC,1959AJ_____64__254A,no survey
[MA93]  871,SHASSA C,1959AJ_____64__254A,no survey
[MA93]  871,SHASSA Sm,1959AJ_____64__254A,no survey
PMN J2210+0257,SUMSS 843 MHz,1995ApJS___97__347G,no survey
PMN J2210+0257,WENSS,1995ApJS___97__347G,no survey
EM* VRMF   74,DSS1 Blue,1980AJ_____85_1207V,no survey
EM* VRMF   74,DSS1 Red,1980AJ_____85_1207V,no survey
EM* VRMF   74,DSS2 Blue,1980AJ_____85_1207V,no survey
2MASX J15592393+2715169,Mellinger Red,1995AJ____110___32O,exception
2MASX J15592393+2715169,Mellinger Green,1995AJ____110___32O,exception
2MASX J15592393+2715169,Mellinger Blue,1995AJ____110___32O,exception
2MASX J15592393+2715169,SHASSA H,1995AJ____110___32O,no survey
2MASX J15592393+2715169,SHASSA CC,1995AJ____110___32O,no survey
2MASX J15592393+2715169,SHASSA C,1995AJ____110___32O,no survey
2MASX J15592393+2715169,SHASSA Sm,1995AJ____110___32O,no survey
HD 220334,Mellinger Red,1970AJ_____75__507H,exception
HD 220334,Mellinger Green,1970AJ_____75__507H,exception
HD 220334,Mellinger Blue,1970AJ_____75__507H,exception
HD 220334,SHASSA H,1970AJ_____75__507H,no survey
HD 220334,SHASSA CC,1970AJ_____75__507H,no survey
HD 220334,SHASSA C,1970AJ_____75__507H,no survey
HD 220334,SHASSA Sm,1970AJ_____75__507H,no survey
[O96] D025SE-135,Mellinger Red,1996ApJS__104___71O,exception
[O96] D025SE-135,Mellinger Green,1996ApJS__104___71O,exception
[O96] D025SE-135,Mellinger Blue,1996ApJS__104___71O,exception
[O96] D025SE-135,SHASSA H,1996ApJS__104___71O,no survey
[O96] D025SE-135,SHASSA CC,1996ApJS__104___71O,no survey
[O96] D025SE-135,SHASSA C,1996ApJS__104___71O,no survey
[O96] D025SE-135,SHASSA Sm,1996ApJS__104___71O,no survey
HD 205805,Mellinger Red,1973ApJS___26___37N,exception
HD 205805,Mellinger Green,1973ApJS___26___37N,exception
HD 205805,Mellinger Blue,1973ApJS___26___37N,exception
HD 205805,SHASSA H,1973ApJS___26___37N,no survey
HD 205805,SHASSA CC,1973ApJS___26___37N,no survey
HD 205805,SHASSA C,1973ApJS___26___37N,no survey
HD 205805,SHASSA Sm,1973ApJS___26___37N,no survey
US 2112,Mellinger Red,1982ApJS___49___27U,exception
US 2112,Mellinger Green,1982ApJS___49___27U,exception
US 2112,Mellinger Blue,1982ApJS___49___27U,exception
US 2112,SHASSA H,1982ApJS___49___27U,no survey
US 2112,SHASSA CC,1982ApJS___49___27U,no survey
US 2112,SHASSA C,1982ApJS___49___27U,no survey
US 2112,SHASSA Sm,1982ApJS___49___27U,no survey
2MASS J20334216+4122440,Mellinger Red,1991AJ____101_1408M,exception
2MASS J20334216+4122440,Mellinger Green,1991AJ____101_1408M,exception
2MASS J20334216+4122440,Mellinger Blue,1991AJ____101_1408M,exception
2MASS J20334216+4122440,SHASSA H,1991AJ____101_1408M,no survey
2MASS J20334216+4122440,SHASSA CC,1991AJ____101_1408M,no survey
2MASS J20334216+4122440,SHASSA C,1991AJ____101_1408M,no survey
2MASS J20334216+4122440,SHASSA Sm,1991AJ____101_1408M,no survey
MODS deep 2310,Mellinger Red,1996AJ____112_1335W,exception
MODS deep 2310,Mellinger Green,1996AJ____112_1335W,exception
MODS deep 2310,Mellinger Blue,1996AJ____112_1335W,exception
MODS deep 2310,SHASSA H,1996AJ____112_1335W,no survey
MODS deep 2310,SHASSA CC,1996AJ____112_1335W,no survey
MODS deep 2310,SHASSA C,1996AJ____112_1335W,no survey
MODS deep 2310,SHASSA Sm,1996AJ____112_1335W,no survey
3C 108,VLA FIRST (1.4 GHz),1986AJ_____92__691T,no survey
3C 108,Stripe82VLA,1986AJ_____92__691T,no survey
[CJF89] NGC 3379 f,Mellinger Red,1989ApJ___344__715C,exception
[CJF89] NGC 3379 f,Mellinger Green,1989ApJ___344__715C,exception
[CJF89] NGC 3379 f,Mellinger Blue,1989ApJ___344__715C,exception
[CJF89] NGC 3379 f,SHASSA H,1989ApJ___344__715C,no survey
[CJF89] NGC 3379 f,SHASSA CC,1989ApJ___344__715C,no survey
[CJF89] NGC 3379 f,SHASSA C,1989ApJ___344__715C,no survey
[CJF89] NGC 3379 f,SHASSA Sm,1989ApJ___344__715C,no survey
V* V831 Car,Mellinger Red,1972AJ_____77__216M,exception
V* V831 Car,Mellinger Green,1972AJ_____77__216M,exception
V* V831 Car,Mellinger Blue,1972AJ_____77__216M,exception
V* V831 Car,SHASSA H,1972AJ_____77__216M,no survey
V* V831 Car,SHASSA CC,1972AJ_____77__216M,no survey
V* V831 Car,SHASSA C,1972AJ_____77__216M,no survey
V* V831 Car,SHASSA Sm,1972AJ_____77__216M,no survey
[HBH95] M33-Z263  1028,Mellinger Red,1995ApJS___99__551H,exception
[HBH95] M33-Z263  1028,Mellinger Green,1995ApJS___99__551H,exception
[HBH95] M33-Z263  1028,Mellinger Blue,1995ApJS___99__551H,exception
[HBH95] M33-Z263  1028,SHASSA H,1995ApJS___99__551H,no survey
[HBH95] M33-Z263  1028,SHASSA CC,1995ApJS___99__551H,no survey
[HBH95] M33-Z263  1028,SHASSA C,1995ApJS___99__551H,no survey
[HBH95] M33-Z263  1028,SHASSA Sm,1995ApJS___99__551H,no survey
M  41,Mellinger Red,1971AJ_____76__467L,exception
M  41,Mellinger Green,1971AJ_____76__467L,exception
M  41,Mellinger Blue,1971AJ_____76__467L,exception
M  41,SHASSA H,1971AJ_____76__467L,no survey
M  41,SHASSA CC,1971AJ_____76__467L,no survey
M  41,SHASSA C,1971AJ_____76__467L,no survey
M  41,SHASSA Sm,1971AJ_____76__467L,no survey
87GB 224704.1+104011,VLA FIRST (1.4 GHz),1993ApJS___87__135O,exception
87GB 224704.1+104011,Stripe82VLA,1993ApJS___87__135O,no survey
HD  41335,Mellinger Red,1955ApJ___121__102S,exception
HD  41335,Mellinger Green,1955ApJ___121__102S,exception
HD  41335,Mellinger Blue,1955ApJ___121__102S,exception
HD  41335,SHASSA H,1955ApJ___121__102S,no survey
HD  41335,SHASSA CC,1955ApJ___121__102S,no survey
HD  41335,SHASSA C,1955ApJ___121__102S,no survey
HD  41335,SHASSA Sm,1955ApJ___121__102S,no survey
Cl* NGC 6352     SN     177,DSS,1995AJ____110__652F,no survey
Cl* NGC 6352     SN     177,DSS1 Blue,1995AJ____110__652F,no survey
Cl* NGC 6352     SN     177,DSS1 Red,1995AJ____110__652F,no survey
Cl* NGC 6352     SN     177,DSS2 Red,1995AJ____110__652F,no survey
Cl* NGC 6352     SN     177,DSS2 Blue,1995AJ____110__652F,no survey
Cl* NGC 6352     SN     177,DSS2 IR,1995AJ____110__652F,no survey
SHV 0550075-724729,Mellinger Red,1989AJ_____97_1634H,exception
SHV 0550075-724729,Mellinger Green,1989AJ_____97_1634H,exception
SHV 0550075-724729,Mellinger Blue,1989AJ_____97_1634H,exception
SHV 0550075-724729,SHASSA H,1989AJ_____97_1634H,no survey
SHV 0550075-724729,SHASSA CC,1989AJ_____97_1634H,no survey
SHV 0550075-724729,SHASSA C,1989AJ_____97_1634H,no survey
SHV 0550075-724729,SHASSA Sm,1989AJ_____97_1634H,no survey
NGC  6086,Mellinger Red,1990AJ____100_1091P,exception
NGC  6086,Mellinger Green,1990AJ____100_1091P,exception
NGC  6086,Mellinger Blue,1990AJ____100_1091P,exception
NGC  6086,SHASSA H,1990AJ____100_1091P,no survey
NGC  6086,SHASSA CC,1990AJ____100_1091P,no survey
NGC  6086,SHASSA C,1990AJ____100_1091P,no survey
NGC  6086,SHASSA Sm,1990AJ____100_1091P,no survey
HD 185351,Mellinger Red,1957ApJ___125__661W,exception
HD 185351,Mellinger Green,1957ApJ___125__661W,exception
HD 185351,Mellinger Blue,1957ApJ___125__661W,exception
HD 185351,SHASSA H,1957ApJ___125__661W,no survey
HD 185351,SHASSA CC,1957ApJ___125__661W,no survey
HD 185351,SHASSA C,1957ApJ___125__661W,no survey
HD 185351,SHASSA Sm,1957ApJ___125__661W,no survey
DEM L 269,DSS1 Blue,1994ApJS___93__455D,no survey
DEM L 269,DSS1 Red,1994ApJS___93__455D,no survey
EGSIRAC J141809.32+523014.0,Mellinger Red,1995ApJ___455___75L,exception
EGSIRAC J141809.32+523014.0,Mellinger Green,1995ApJ___455___75L,exception
EGSIRAC J141809.32+523014.0,Mellinger Blue,1995ApJ___455___75L,exception
EGSIRAC J141809.32+523014.0,SHASSA H,1995ApJ___455___75L,no survey
EGSIRAC J141809.32+523014.0,SHASSA CC,1995ApJ___455___75L,no survey
EGSIRAC J141809.32+523014.0,SHASSA C,1995ApJ___455___75L,no survey
EGSIRAC J141809.32+523014.0,SHASSA Sm,1995ApJ___455___75L,no survey
2MASS J06052358+2445199,Mellinger Red,1971AJ_____76_1099R,exception
2MASS J06052358+2445199,Mellinger Green,1971AJ_____76_1099R,exception
2MASS J06052358+2445199,Mellinger Blue,1971AJ_____76_1099R,exception
2MASS J06052358+2445199,SHASSA H,1971AJ_____76_1099R,no survey
2MASS J06052358+2445199,SHASSA CC,1971AJ_____76_1099R,no survey
2MASS J06052358+2445199,SHASSA C,1971AJ_____76_1099R,no survey
2MASS J06052358+2445199,SHASSA Sm,1971AJ_____76_1099R,no survey
IC  342,IRAS  12 micron,1996ApJ___461__186D,no images
IC  342,IRAS  25 micron,1996ApJ___461__186D,no images
IC  342,IRAS  60 micron,1996ApJ___461__186D,no images
IC  342,IRAS 100 micron,1996ApJ___461__186D,no survey
2XMM J061515.0+710203,Mellinger Red,1993ApJ___418__653T,exception
2XMM J061515.0+710203,Mellinger Green,1993ApJ___418__653T,exception
2XMM J061515.0+710203,Mellinger Blue,1993ApJ___418__653T,exception
2XMM J061515.0+710203,SHASSA H,1993ApJ___418__653T,no survey
2XMM J061515.0+710203,SHASSA CC,1993ApJ___418__653T,no survey
2XMM J061515.0+710203,SHASSA C,1993ApJ___418__653T,no survey
2XMM J061515.0+710203,SHASSA Sm,1993ApJ___418__653T,no survey
NGC  2682    54,Mellinger Red,1993AJ____106__181M,exception
NGC  2682    54,Mellinger Green,1993AJ____106__181M,exception
NGC  2682    54,Mellinger Blue,1993AJ____106__181M,exception
NGC  2682    54,SHASSA H,1993AJ____106__181M,no survey
NGC  2682    54,SHASSA CC,1993AJ____106__181M,no survey
NGC  2682    54,SHASSA C,1993AJ____106__181M,no survey
NGC  2682    54,SHASSA Sm,1993AJ____106__181M,no survey
HD 165705,DSS2 Blue,1982AJ_____87___98H,no survey
NGC  4312,IRAS  12 micron,1960ApJ___131__558V,no images
NGC  4312,IRAS  25 micron,1960ApJ___131__558V,no images
NGC  4312,IRAS  60 micron,1960ApJ___131__558V,no images
NGC  4312,IRAS 100 micron,1960ApJ___131__558V,no survey
WSRTGP 2045+4242,DSS,1996ApJS__107__239T,no survey
WSRTGP 2045+4242,DSS1 Blue,1996ApJS__107__239T,no survey
WSRTGP 2045+4242,DSS1 Red,1996ApJS__107__239T,no survey
WSRTGP 2045+4242,DSS2 Red,1996ApJS__107__239T,no survey
WSRTGP 2045+4242,DSS2 Blue,1996ApJS__107__239T,no survey
WSRTGP 2045+4242,DSS2 IR,1996ApJS__107__239T,no survey
Cl Berkeley   59,Mellinger Red,1989ApJS___70__731L,exception
Cl Berkeley   59,Mellinger Green,1989ApJS___70__731L,exception
Cl Berkeley   59,Mellinger Blue,1989ApJS___70__731L,exception
Cl Berkeley   59,SHASSA H,1989ApJS___70__731L,no survey
Cl Berkeley   59,SHASSA CC,1989ApJS___70__731L,no survey
Cl Berkeley   59,SHASSA C,1989ApJS___70__731L,no survey
Cl Berkeley   59,SHASSA Sm,1989ApJS___70__731L,no survey
COUP   841,Mellinger Red,1994ApJ___421__517P,exception
COUP   841,Mellinger Green,1994ApJ___421__517P,exception
COUP   841,Mellinger Blue,1994ApJ___421__517P,exception
COUP   841,SHASSA H,1994ApJ___421__517P,no survey
COUP   841,SHASSA CC,1994ApJ___421__517P,no survey
COUP   841,SHASSA C,1994ApJ___421__517P,no survey
COUP   841,SHASSA Sm,1994ApJ___421__517P,no survey
2MASS J06081308-0625437,Mellinger Red,1997AJ____114__198C,exception
2MASS J06081308-0625437,Mellinger Green,1997AJ____114__198C,exception
2MASS J06081308-0625437,Mellinger Blue,1997AJ____114__198C,exception
2MASS J06081308-0625437,SHASSA H,1997AJ____114__198C,no survey
2MASS J06081308-0625437,SHASSA CC,1997AJ____114__198C,no survey
2MASS J06081308-0625437,SHASSA C,1997AJ____114__198C,no survey
2MASS J06081308-0625437,SHASSA Sm,1997AJ____114__198C,no survey
HD  49116,SHASSA H,1961ApJ___134__809Y,no survey
HD  49116,SHASSA CC,1961ApJ___134__809Y,no survey
HD  49116,SHASSA C,1961ApJ___134__809Y,no survey
HD  49116,SHASSA Sm,1961ApJ___134__809Y,no survey
26P   3,VLA FIRST (1.4 GHz),1987AJ_____94__111L,no survey
26P   3,Stripe82VLA,1987AJ_____94__111L,no survey
MO 1-249,DSS1 Blue,1977AJ_____82__345M,no survey
MO 1-249,DSS1 Red,1977AJ_____82__345M,no survey
[PBW92] 1422+231 E,Mellinger Red,1997AJ____114_2276K,exception
[PBW92] 1422+231 E,Mellinger Green,1997AJ____114_2276K,exception
[PBW92] 1422+231 E,Mellinger Blue,1997AJ____114_2276K,exception
[PBW92] 1422+231 E,SHASSA H,1997AJ____114_2276K,no survey
[PBW92] 1422+231 E,SHASSA CC,1997AJ____114_2276K,no survey
[PBW92] 1422+231 E,SHASSA C,1997AJ____114_2276K,no survey
[PBW92] 1422+231 E,SHASSA Sm,1997AJ____114_2276K,no survey
[TP95] NGC  1566 224,DSS1 Blue,1995ApJS__101__287T,no survey
[TP95] NGC  1566 224,DSS1 Red,1995ApJS__101__287T,no survey
Cl* NGC 2070     MH      57,Mellinger Red,1992AJ____104_1721C,exception
Cl* NGC 2070     MH      57,Mellinger Green,1992AJ____104_1721C,exception
Cl* NGC 2070     MH      57,Mellinger Blue,1992AJ____104_1721C,exception
Cl* NGC 2070     MH      57,SHASSA H,1992AJ____104_1721C,no survey
Cl* NGC 2070     MH      57,SHASSA CC,1992AJ____104_1721C,no survey
Cl* NGC 2070     MH      57,SHASSA C,1992AJ____104_1721C,no survey
Cl* NGC 2070     MH      57,SHASSA Sm,1992AJ____104_1721C,no survey
GB6 B0335+5548,VLA FIRST (1.4 GHz),1988ApJS___68__715K,no survey
GB6 B0335+5548,Stripe82VLA,1988ApJS___68__715K,no survey
WSRTGP 2007+3131,DSS,1996ApJS__107__239T,no survey
WSRTGP 2007+3131,DSS1 Blue,1996ApJS__107__239T,no survey
WSRTGP 2007+3131,DSS1 Red,1996ApJS__107__239T,no survey
WSRTGP 2007+3131,DSS2 Red,1996ApJS__107__239T,no survey
WSRTGP 2007+3131,DSS2 Blue,1996ApJS__107__239T,no survey
WSRTGP 2007+3131,DSS2 IR,1996ApJS__107__239T,no survey
G 258-33,Mellinger Red,1996AJ____112_2238S,exception
G 258-33,Mellinger Green,1996AJ____112_2238S,exception
G 258-33,Mellinger Blue,1996AJ____112_2238S,exception
G 258-33,SHASSA H,1996AJ____112_2238S,no survey
G 258-33,SHASSA CC,1996AJ____112_2238S,no survey
G 258-33,SHASSA C,1996AJ____112_2238S,no survey
G 258-33,SHASSA Sm,1996AJ____112_2238S,no survey
Cl* NGC 2070     MH     663,DSS1 Blue,1994AJ____107_1054M,no survey
Cl* NGC 2070     MH     663,DSS1 Red,1994AJ____107_1054M,no survey
NGC  2243,Mellinger Red,1977ApJ___215___89V,exception
NGC  2243,Mellinger Green,1977ApJ___215___89V,exception
NGC  2243,Mellinger Blue,1977ApJ___215___89V,exception
NGC  2243,SHASSA H,1977ApJ___215___89V,no survey
NGC  2243,SHASSA CC,1977ApJ___215___89V,no survey
NGC  2243,SHASSA C,1977ApJ___215___89V,no survey
NGC  2243,SHASSA Sm,1977ApJ___215___89V,no survey
KMHK  313,DSS1 Blue,1966AJ_____71__363H,no survey
KMHK  313,DSS1 Red,1966AJ_____71__363H,no survey
FSZ 186,DSS1 Blue,1993AJ____105__499R,no survey
[WMO2009] Scl- 356,Mellinger Red,1995AJ____110_2747S,exception
[WMO2009] Scl- 356,Mellinger Green,1995AJ____110_2747S,exception
[WMO2009] Scl- 356,Mellinger Blue,1995AJ____110_2747S,exception
[WMO2009] Scl- 356,SHASSA H,1995AJ____110_2747S,no survey
[WMO2009] Scl- 356,SHASSA CC,1995AJ____110_2747S,no survey
[WMO2009] Scl- 356,SHASSA C,1995AJ____110_2747S,no survey
[WMO2009] Scl- 356,SHASSA Sm,1995AJ____110_2747S,no survey
SB 587,Mellinger Red,1971AJ_____76__338S,exception
SB 587,Mellinger Green,1971AJ_____76__338S,exception
SB 587,Mellinger Blue,1971AJ_____76__338S,exception
SB 587,SHASSA H,1971AJ_____76__338S,no survey
SB 587,SHASSA CC,1971AJ_____76__338S,no survey
SB 587,SHASSA C,1971AJ_____76__338S,no survey
SB 587,SHASSA Sm,1971AJ_____76__338S,no survey
V* R Ser,Mellinger Red,1995ApJS___98__701C,exception
V* R Ser,Mellinger Green,1995ApJS___98__701C,exception
V* R Ser,Mellinger Blue,1995ApJS___98__701C,exception
V* R Ser,SHASSA H,1995ApJS___98__701C,no survey
V* R Ser,SHASSA CC,1995ApJS___98__701C,no survey
V* R Ser,SHASSA C,1995ApJS___98__701C,no survey
V* R Ser,SHASSA Sm,1995ApJS___98__701C,no survey
GSC 03161-01413,Mellinger Red,1991AJ____101_1408M,exception
GSC 03161-01413,Mellinger Green,1991AJ____101_1408M,exception
GSC 03161-01413,Mellinger Blue,1991AJ____101_1408M,exception
GSC 03161-01413,SHASSA H,1991AJ____101_1408M,no survey
GSC 03161-01413,SHASSA CC,1991AJ____101_1408M,no survey
GSC 03161-01413,SHASSA C,1991AJ____101_1408M,no survey
GSC 03161-01413,SHASSA Sm,1991AJ____101_1408M,no survey
[HH87] 3-13,IRIS  12,1987ApJS___63__311H,no survey
[HH87] 3-13,IRIS  25,1987ApJS___63__311H,no survey
[HH87] 3-13,IRAS  12 micron,1987ApJS___63__311H,no images
[HH87] 3-13,IRAS  25 micron,1987ApJS___63__311H,no images
[HH87] 3-13,IRAS  60 micron,1987ApJS___63__311H,no images
[HH87] 3-13,IRAS 100 micron,1987ApJS___63__311H,no survey
V* FS Cet,Mellinger Red,1993ApJ___416__806H,exception
V* FS Cet,Mellinger Green,1993ApJ___416__806H,exception
V* FS Cet,Mellinger Blue,1993ApJ___416__806H,exception
V* FS Cet,SHASSA H,1993ApJ___416__806H,no survey
V* FS Cet,SHASSA CC,1993ApJ___416__806H,no survey
V* FS Cet,SHASSA C,1993ApJ___416__806H,no survey
V* FS Cet,SHASSA Sm,1993ApJ___416__806H,no survey
IFM-B  716,DSS1 Blue,1993ApJS___89___85I,no survey
IFM-B  716,DSS2 IR,1993ApJS___89___85I,no survey
PG 1333+511,Mellinger Red,1986ApJS___61__305G,exception
PG 1333+511,Mellinger Green,1986ApJS___61__305G,exception
PG 1333+511,Mellinger Blue,1986ApJS___61__305G,no survey
PG 1333+511,H-Alpha Comp,1986ApJS___61__305G,no survey
PG 1333+511,SHASSA H,1986ApJS___61__305G,no survey
PG 1333+511,SHASSA CC,1986ApJS___61__305G,no survey
PG 1333+511,SHASSA C,1986ApJS___61__305G,no survey
PG 1333+511,SHASSA Sm,1986ApJS___61__305G,no survey
ALS 16041,DSS1 Blue,1980ApJS___44__319H,no survey
ALS 16041,DSS1 Red,1980ApJS___44__319H,no survey
NGC  1218,VLA FIRST (1.4 GHz),1995ApJ___450L__55S,exception
NGC  1218,Stripe82VLA,1995ApJ___450L__55S,no survey
[MM63] 8-142,WENSS,1963AJ_____68__319M,no survey
IRAS 13158-6246,DSS1 Blue,1990AJ_____99__303P,no survey
IRAS 13158-6246,DSS1 Red,1990AJ_____99__303P,no survey
Cl* Trumpler   14      Y     279,DSS1 Blue,1993AJ____105_1822C,no survey
Cl* Trumpler   14      Y     279,DSS1 Red,1993AJ____105_1822C,no survey
Cl* Trumpler   14      Y     279,DSS2 Blue,1993AJ____105_1822C,no survey
LHA 120-S  24,IRAS  12 micron,1997AJ____114_1002Z,no images
LHA 120-S  24,IRAS  25 micron,1997AJ____114_1002Z,no images
LHA 120-S  24,IRAS  60 micron,1997AJ____114_1002Z,no images
LHA 120-S  24,IRAS 100 micron,1997AJ____114_1002Z,no survey
HD  82543,Mellinger Red,1987AJ_____93__688M,exception
HD  82543,Mellinger Green,1987AJ_____93__688M,exception
HD  82543,Mellinger Blue,1987AJ_____93__688M,exception
HD  82543,SHASSA H,1987AJ_____93__688M,no survey
HD  82543,SHASSA CC,1987AJ_____93__688M,no survey
HD  82543,SHASSA C,1987AJ_____93__688M,no survey
HD  82543,SHASSA Sm,1987AJ_____93__688M,no survey
PSO J010.9414+41.1716,Mellinger Red,1996AJ____112_2872T,exception
PSO J010.9414+41.1716,Mellinger Green,1996AJ____112_2872T,exception
PSO J010.9414+41.1716,Mellinger Blue,1996AJ____112_2872T,exception
PSO J010.9414+41.1716,SHASSA H,1996AJ____112_2872T,no survey
PSO J010.9414+41.1716,SHASSA CC,1996AJ____112_2872T,no survey
PSO J010.9414+41.1716,SHASSA C,1996AJ____112_2872T,no survey
PSO J010.9414+41.1716,SHASSA Sm,1996AJ____112_2872T,no survey
LEDA  141026,DSS1 Blue,1990ApJS___72__715T,no survey
LEDA  141026,DSS1 Red,1990ApJS___72__715T,no survey
PG 1525+024,Mellinger Red,1986ApJS___61__305G,exception
PG 1525+024,Mellinger Green,1986ApJS___61__305G,exception
PG 1525+024,Mellinger Blue,1986ApJS___61__305G,exception
PG 1525+024,SHASSA H,1986ApJS___61__305G,no survey
PG 1525+024,SHASSA CC,1986ApJS___61__305G,no survey
PG 1525+024,SHASSA C,1986ApJS___61__305G,no survey
PG 1525+024,SHASSA Sm,1986ApJS___61__305G,no survey
RX J0512.0-0042,Mellinger Red,1994AJ____107__751M,exception
RX J0512.0-0042,Mellinger Green,1994AJ____107__751M,exception
RX J0512.0-0042,Mellinger Blue,1994AJ____107__751M,exception
RX J0512.0-0042,SHASSA H,1994AJ____107__751M,no survey
RX J0512.0-0042,SHASSA CC,1994AJ____107__751M,no survey
RX J0512.0-0042,SHASSA C,1994AJ____107__751M,no survey
RX J0512.0-0042,SHASSA Sm,1994AJ____107__751M,no survey
NGC  2200,DSS1 Blue,1995ApJS___96___39B,no survey
NGC  2200,DSS1 Red,1995ApJS___96___39B,no survey
ESO 186-21,Mellinger Red,1995ApJS___96___39B,exception
ESO 186-21,Mellinger Green,1995ApJS___96___39B,exception
ESO 186-21,Mellinger Blue,1995ApJS___96___39B,exception
ESO 186-21,SHASSA H,1995ApJS___96___39B,no survey
ESO 186-21,SHASSA CC,1995ApJS___96___39B,no survey
ESO 186-21,SHASSA C,1995ApJS___96___39B,no survey
ESO 186-21,SHASSA Sm,1995ApJS___96___39B,no survey
Cl* NGC 6352     SN     187,DSS,1994ApJS___93__161S,no survey
Cl* NGC 6352     SN     187,DSS1 Blue,1994ApJS___93__161S,no survey
Cl* NGC 6352     SN     187,DSS1 Red,1994ApJS___93__161S,no survey
Cl* NGC 6352     SN     187,DSS2 Red,1994ApJS___93__161S,no survey
Cl* NGC 6352     SN     187,DSS2 Blue,1994ApJS___93__161S,no survey
Cl* NGC 6352     SN     187,DSS2 IR,1994ApJS___93__161S,no survey
IREC 145,DSS,1988ApJ___334__815D,no survey
IREC 145,DSS1 Blue,1988ApJ___334__815D,no survey
IREC 145,DSS1 Red,1988ApJ___334__815D,no survey
IREC 145,DSS2 Red,1988ApJ___334__815D,no survey
IREC 145,DSS2 Blue,1988ApJ___334__815D,no survey
IREC 145,DSS2 IR,1988ApJ___334__815D,no survey
[EKS96] NGC 1068  92,Mellinger Red,1996ApJS__105___93E,exception
[EKS96] NGC 1068  92,Mellinger Green,1996ApJS__105___93E,exception
[EKS96] NGC 1068  92,Mellinger Blue,1996ApJS__105___93E,exception
[EKS96] NGC 1068  92,SHASSA H,1996ApJS__105___93E,no survey
[EKS96] NGC 1068  92,SHASSA CC,1996ApJS__105___93E,no survey
[EKS96] NGC 1068  92,SHASSA C,1996ApJS__105___93E,no survey
[EKS96] NGC 1068  92,SHASSA Sm,1996ApJS__105___93E,no survey
PSR B1758-23,VLA FIRST (1.4 GHz),1996ApJ___456__305Z,no survey
PSR B1758-23,Stripe82VLA,1996ApJ___456__305Z,no survey
PSR B1758-23,EBHIS,1996ApJ___456__305Z,no survey
[MM63] 6-90,Mellinger Red,1963AJ_____68__319M,exception
[MM63] 6-90,Mellinger Green,1963AJ_____68__319M,exception
[MM63] 6-90,Mellinger Blue,1963AJ_____68__319M,exception
[MM63] 6-90,SHASSA H,1963AJ_____68__319M,no survey
[MM63] 6-90,SHASSA CC,1963AJ_____68__319M,no survey
[MM63] 6-90,SHASSA C,1963AJ_____68__319M,no survey
[MM63] 6-90,SHASSA Sm,1963AJ_____68__319M,no survey
ESO 510-56,Mellinger Red,1995ApJS___96___39B,exception
ESO 510-56,Mellinger Green,1995ApJS___96___39B,exception
ESO 510-56,Mellinger Blue,1995ApJS___96___39B,exception
ESO 510-56,SHASSA H,1995ApJS___96___39B,no survey
ESO 510-56,SHASSA CC,1995ApJS___96___39B,no survey
ESO 510-56,SHASSA C,1995ApJS___96___39B,no survey
ESO 510-56,SHASSA Sm,1995ApJS___96___39B,no survey
NGC  5611,Mellinger Red,1987ApJ___314__493K,exception
NGC  5611,Mellinger Green,1987ApJ___314__493K,exception
NGC  5611,Mellinger Blue,1987ApJ___314__493K,exception
NGC  5611,SHASSA H,1987ApJ___314__493K,no survey
NGC  5611,SHASSA CC,1987ApJ___314__493K,no survey
NGC  5611,SHASSA C,1987ApJ___314__493K,no survey
NGC  5611,SHASSA Sm,1987ApJ___314__493K,no survey
NGC  3115,SHASSA H,1996AJ____112__972D,no survey
NGC  3115,SHASSA CC,1996AJ____112__972D,no survey
NGC  3115,SHASSA C,1996AJ____112__972D,no survey
NGC  3115,SHASSA Sm,1996AJ____112__972D,no survey
[VV96] J144640.5+101757,Mellinger Red,1987ApJ___314__129C,exception
[VV96] J144640.5+101757,Mellinger Green,1987ApJ___314__129C,exception
[VV96] J144640.5+101757,Mellinger Blue,1987ApJ___314__129C,exception
[VV96] J144640.5+101757,SHASSA H,1987ApJ___314__129C,no survey
[VV96] J144640.5+101757,SHASSA CC,1987ApJ___314__129C,no survey
[VV96] J144640.5+101757,SHASSA C,1987ApJ___314__129C,no survey
[VV96] J144640.5+101757,SHASSA Sm,1987ApJ___314__129C,no survey
V* BU Ari,Mellinger Red,1979ApJ___227__163L,exception
V* BU Ari,Mellinger Green,1979ApJ___227__163L,exception
V* BU Ari,Mellinger Blue,1979ApJ___227__163L,exception
V* BU Ari,SHASSA H,1979ApJ___227__163L,no survey
V* BU Ari,SHASSA CC,1979ApJ___227__163L,no survey
V* BU Ari,SHASSA C,1979ApJ___227__163L,no survey
V* BU Ari,SHASSA Sm,1979ApJ___227__163L,no survey
[MM63] 1-121,Mellinger Red,1963AJ_____68__319M,exception
[MM63] 1-121,Mellinger Green,1963AJ_____68__319M,exception
[MM63] 1-121,Mellinger Blue,1963AJ_____68__319M,exception
[MM63] 1-121,SHASSA H,1963AJ_____68__319M,no survey
[MM63] 1-121,SHASSA CC,1963AJ_____68__319M,no survey
[MM63] 1-121,SHASSA C,1963AJ_____68__319M,no survey
[MM63] 1-121,SHASSA Sm,1963AJ_____68__319M,no survey
HD 165792,Mellinger Red,1984ApJS___55__101C,exception
HD 165792,Mellinger Green,1984ApJS___55__101C,exception
HD 165792,Mellinger Blue,1984ApJS___55__101C,exception
HD 165792,SHASSA H,1984ApJS___55__101C,no survey
HD 165792,SHASSA CC,1984ApJS___55__101C,no survey
HD 165792,SHASSA C,1984ApJS___55__101C,no survey
HD 165792,SHASSA Sm,1984ApJS___55__101C,no survey
Cl* NGC 2287     RA       2,Mellinger Red,1980ApJ___235__992R,exception
Cl* NGC 2287     RA       2,Mellinger Green,1980ApJ___235__992R,exception
Cl* NGC 2287     RA       2,Mellinger Blue,1980ApJ___235__992R,exception
Cl* NGC 2287     RA       2,SHASSA H,1980ApJ___235__992R,no survey
Cl* NGC 2287     RA       2,SHASSA CC,1980ApJ___235__992R,no survey
Cl* NGC 2287     RA       2,SHASSA C,1980ApJ___235__992R,no survey
Cl* NGC 2287     RA       2,SHASSA Sm,1980ApJ___235__992R,no survey
EDSGC 000343.2-345830,Mellinger Red,1990ApJS___72__715T,exception
EDSGC 000343.2-345830,Mellinger Green,1990ApJS___72__715T,exception
EDSGC 000343.2-345830,Mellinger Blue,1990ApJS___72__715T,exception
EDSGC 000343.2-345830,SHASSA H,1990ApJS___72__715T,no survey
EDSGC 000343.2-345830,SHASSA CC,1990ApJS___72__715T,no survey
EDSGC 000343.2-345830,SHASSA C,1990ApJS___72__715T,no survey
EDSGC 000343.2-345830,SHASSA Sm,1990ApJS___72__715T,no survey
SCMS   34,DSS1 Blue,1995AJ____110_2747S,no survey
SCMS   34,DSS1 Red,1995AJ____110_2747S,no survey
GCIRS 16SWW,DSS2 Blue,1989AJ_____98__204T,no survey
2MASX J04505369-6228398,Mellinger Red,1995ApJS___96___39B,exception
2MASX J04505369-6228398,Mellinger Green,1995ApJS___96___39B,exception
2MASX J04505369-6228398,Mellinger Blue,1995ApJS___96___39B,exception
2MASX J04505369-6228398,SHASSA H,1995ApJS___96___39B,no survey
2MASX J04505369-6228398,SHASSA CC,1995ApJS___96___39B,no survey
2MASX J04505369-6228398,SHASSA C,1995ApJS___96___39B,no survey
2MASX J04505369-6228398,SHASSA Sm,1995ApJS___96___39B,no survey
IRAS 23321+6545,IRAS  12 micron,1988ApJ___334__362C,no images
IRAS 23321+6545,IRAS  25 micron,1988ApJ___334__362C,no images
IRAS 23321+6545,IRAS  60 micron,1988ApJ___334__362C,no images
IRAS 23321+6545,IRAS 100 micron,1988ApJ___334__362C,no survey
LAWD 92,DSS1 Blue,1988ApJS___66__391O,no survey
LAWD 92,DSS1 Red,1988ApJS___66__391O,no survey
6C 131905+425044,IRAS  12 micron,1989ApJ___341__658S,no images
6C 131905+425044,IRAS  25 micron,1989ApJ___341__658S,no images
6C 131905+425044,IRAS  60 micron,1989ApJ___341__658S,no images
6C 131905+425044,IRAS 100 micron,1989ApJ___341__658S,no survey
V* V2551 Ori,Mellinger Red,1995AJ____109__709A,exception
V* V2551 Ori,Mellinger Green,1995AJ____109__709A,exception
V* V2551 Ori,Mellinger Blue,1995AJ____109__709A,exception
V* V2551 Ori,SHASSA H,1995AJ____109__709A,no survey
V* V2551 Ori,SHASSA CC,1995AJ____109__709A,no survey
V* V2551 Ori,SHASSA C,1995AJ____109__709A,no survey
V* V2551 Ori,SHASSA Sm,1995AJ____109__709A,no survey
[OKM2018] SWIFT J0056.9+1472,SHASSA H,1978ApJ___221__468S,no survey
[OKM2018] SWIFT J0056.9+1472,SHASSA CC,1978ApJ___221__468S,no survey
[OKM2018] SWIFT J0056.9+1472,SHASSA C,1978ApJ___221__468S,no survey
[OKM2018] SWIFT J0056.9+1472,SHASSA Sm,1978ApJ___221__468S,no survey
2MASXI J0433141-612034,Mellinger Red,1990ApJS___72__715T,exception
2MASXI J0433141-612034,Mellinger Green,1990ApJS___72__715T,exception
2MASXI J0433141-612034,Mellinger Blue,1990ApJS___72__715T,exception
2MASXI J0433141-612034,SHASSA H,1990ApJS___72__715T,no survey
2MASXI J0433141-612034,SHASSA CC,1990ApJS___72__715T,no survey
2MASXI J0433141-612034,SHASSA C,1990ApJS___72__715T,no survey
2MASXI J0433141-612034,SHASSA Sm,1990ApJS___72__715T,no survey
GW 060.7+8.8,DSS,1992ApJ___390__108K,no survey
GW 060.7+8.8,DSS1 Blue,1992ApJ___390__108K,no survey
GW 060.7+8.8,DSS1 Red,1992ApJ___390__108K,no survey
GW 060.7+8.8,DSS2 Red,1992ApJ___390__108K,no survey
GW 060.7+8.8,DSS2 Blue,1992ApJ___390__108K,no survey
GW 060.7+8.8,DSS2 IR,1992ApJ___390__108K,no survey
[OWG93] ACO 1180-C,Mellinger Red,1993ApJS___87__135O,exception
[OWG93] ACO 1180-C,Mellinger Green,1993ApJS___87__135O,exception
[OWG93] ACO 1180-C,Mellinger Blue,1993ApJS___87__135O,exception
[OWG93] ACO 1180-C,SHASSA H,1993ApJS___87__135O,no survey
[OWG93] ACO 1180-C,SHASSA CC,1993ApJS___87__135O,no survey
[OWG93] ACO 1180-C,SHASSA C,1993ApJS___87__135O,no survey
[OWG93] ACO 1180-C,SHASSA Sm,1993ApJS___87__135O,no survey
NGC  6611    97,Mellinger Red,1961ApJ___133__438W,exception
NGC  6611    97,Mellinger Green,1961ApJ___133__438W,exception
NGC  6611    97,Mellinger Blue,1961ApJ___133__438W,exception
NGC  6611    97,SHASSA H,1961ApJ___133__438W,no survey
NGC  6611    97,SHASSA CC,1961ApJ___133__438W,no survey
NGC  6611    97,SHASSA C,1961ApJ___133__438W,no survey
NGC  6611    97,SHASSA Sm,1961ApJ___133__438W,no survey
NGC  2346,Mellinger Red,1990ApJ___355__568B,exception
NGC  2346,Mellinger Green,1990ApJ___355__568B,exception
NGC  2346,Mellinger Blue,1990ApJ___355__568B,exception
NGC  2346,SHASSA H,1990ApJ___355__568B,no survey
NGC  2346,SHASSA CC,1990ApJ___355__568B,no survey
NGC  2346,SHASSA C,1990ApJ___355__568B,no survey
NGC  2346,SHASSA Sm,1990ApJ___355__568B,no survey
GPSR 005.360+0.548,DSS,1990ApJS___74__181Z,no survey
GPSR 005.360+0.548,DSS1 Blue,1990ApJS___74__181Z,no survey
GPSR 005.360+0.548,DSS1 Red,1990ApJS___74__181Z,no survey
GPSR 005.360+0.548,DSS2 Red,1990ApJS___74__181Z,no survey
GPSR 005.360+0.548,DSS2 Blue,1990ApJS___74__181Z,no survey
GPSR 005.360+0.548,DSS2 IR,1990ApJS___74__181Z,no survey
BMB-O   9,Mellinger Red,1980ApJ___242__938B,exception
BMB-O   9,Mellinger Green,1980ApJ___242__938B,exception
BMB-O   9,Mellinger Blue,1980ApJ___242__938B,exception
BMB-O   9,SHASSA H,1980ApJ___242__938B,no survey
BMB-O   9,SHASSA CC,1980ApJ___242__938B,no survey
BMB-O   9,SHASSA C,1980ApJ___242__938B,no survey
BMB-O   9,SHASSA Sm,1980ApJ___242__938B,no survey
US  302,Mellinger Red,1981ApJS___46__117U,exception
US  302,Mellinger Green,1981ApJS___46__117U,exception
US  302,Mellinger Blue,1981ApJS___46__117U,exception
US  302,SHASSA H,1981ApJS___46__117U,no survey
US  302,SHASSA CC,1981ApJS___46__117U,no survey
US  302,SHASSA C,1981ApJS___46__117U,no survey
US  302,SHASSA Sm,1981ApJS___46__117U,no survey
PG 1355+071,Mellinger Red,1986ApJS___61__305G,exception
PG 1355+071,Mellinger Green,1986ApJS___61__305G,exception
PG 1355+071,Mellinger Blue,1986ApJS___61__305G,exception
PG 1355+071,SHASSA H,1986ApJS___61__305G,no survey
PG 1355+071,SHASSA CC,1986ApJS___61__305G,no survey
PG 1355+071,SHASSA C,1986ApJS___61__305G,no survey
PG 1355+071,SHASSA Sm,1986ApJS___61__305G,no survey
HD  21267,Mellinger Red,1984ApJ___283__254T,exception
HD  21267,Mellinger Green,1984ApJ___283__254T,exception
HD  21267,Mellinger Blue,1984ApJ___283__254T,exception
HD  21267,SHASSA H,1984ApJ___283__254T,no survey
HD  21267,SHASSA CC,1984ApJ___283__254T,no survey
HD  21267,SHASSA C,1984ApJ___283__254T,no survey
HD  21267,SHASSA Sm,1984ApJ___283__254T,no survey
WSRTGP 1940+2431,DSS,1996ApJS__107__239T,no survey
WSRTGP 1940+2431,DSS1 Blue,1996ApJS__107__239T,no survey
WSRTGP 1940+2431,DSS1 Red,1996ApJS__107__239T,no survey
WSRTGP 1940+2431,DSS2 Red,1996ApJS__107__239T,no survey
WSRTGP 1940+2431,DSS2 Blue,1996ApJS__107__239T,no survey
WSRTGP 1940+2431,DSS2 IR,1996ApJS__107__239T,no survey
*  17 Lep,Mellinger Red,1966ApJ___143__121W,exception
*  17 Lep,Mellinger Green,1966ApJ___143__121W,exception
*  17 Lep,Mellinger Blue,1966ApJ___143__121W,exception
*  17 Lep,SHASSA H,1966ApJ___143__121W,no survey
*  17 Lep,SHASSA CC,1966ApJ___143__121W,no survey
*  17 Lep,SHASSA C,1966ApJ___143__121W,no survey
*  17 Lep,SHASSA Sm,1966ApJ___143__121W,no survey
OGLE LMC-LPV-91310,DSS1 Blue,1991AJ____101__515O,no survey
OGLE LMC-LPV-91310,DSS1 Red,1991AJ____101__515O,no survey
Cl* Melotte   25     VA     210,Mellinger Red,1969AJ_____74____2V,exception
Cl* Melotte   25     VA     210,Mellinger Green,1969AJ_____74____2V,exception
Cl* Melotte   25     VA     210,Mellinger Blue,1969AJ_____74____2V,exception
Cl* Melotte   25     VA     210,SHASSA H,1969AJ_____74____2V,no survey
Cl* Melotte   25     VA     210,SHASSA CC,1969AJ_____74____2V,no survey
Cl* Melotte   25     VA     210,SHASSA C,1969AJ_____74____2V,no survey
Cl* Melotte   25     VA     210,SHASSA Sm,1969AJ_____74____2V,no survey
US 3088,Mellinger Red,1984ApJS___56__393H,exception
US 3088,Mellinger Green,1984ApJS___56__393H,exception
US 3088,Mellinger Blue,1984ApJS___56__393H,exception
US 3088,SHASSA H,1984ApJS___56__393H,no survey
US 3088,SHASSA CC,1984ApJS___56__393H,no survey
US 3088,SHASSA C,1984ApJS___56__393H,no survey
US 3088,SHASSA Sm,1984ApJS___56__393H,no survey
KB MK  35,DSS,1976ApJS___32__351K,no survey
KB MK  35,DSS1 Blue,1976ApJS___32__351K,no survey
KB MK  35,DSS1 Red,1976ApJS___32__351K,no survey
KB MK  35,DSS2 Red,1976ApJS___32__351K,no survey
KB MK  35,DSS2 Blue,1976ApJS___32__351K,no survey
KB MK  35,DSS2 IR,1976ApJS___32__351K,no survey
M   3,Mellinger Red,1995AJ____110_2200C,exception
M   3,Mellinger Green,1995AJ____110_2200C,exception
M   3,Mellinger Blue,1995AJ____110_2200C,exception
M   3,SHASSA H,1995AJ____110_2200C,no survey
M   3,SHASSA CC,1995AJ____110_2200C,no survey
M   3,SHASSA C,1995AJ____110_2200C,no survey
M   3,SHASSA Sm,1995AJ____110_2200C,no survey
ACO   505,DSS1 Blue,1985AJ_____90_1413B,no survey
[EKS96] NGC 5033 355,Mellinger Red,1996ApJS__105___93E,exception
[EKS96] NGC 5033 355,Mellinger Green,1996ApJS__105___93E,exception
[EKS96] NGC 5033 355,Mellinger Blue,1996ApJS__105___93E,exception
[EKS96] NGC 5033 355,SHASSA H,1996ApJS__105___93E,no survey
[EKS96] NGC 5033 355,SHASSA CC,1996ApJS__105___93E,no survey
[EKS96] NGC 5033 355,SHASSA C,1996ApJS__105___93E,no survey
[EKS96] NGC 5033 355,SHASSA Sm,1996ApJS__105___93E,no survey
PSR B1643-43,DSS1 Blue,1994ApJ___437__781F,no survey
PSR B1643-43,DSS1 Red,1994ApJ___437__781F,no survey
3C  48,Mellinger Red,1987ApJ___316__546W,exception
3C  48,Mellinger Green,1987ApJ___316__546W,exception
3C  48,Mellinger Blue,1987ApJ___316__546W,exception
3C  48,SHASSA H,1987ApJ___316__546W,no survey
3C  48,SHASSA CC,1987ApJ___316__546W,no survey
3C  48,SHASSA C,1987ApJ___316__546W,no survey
3C  48,SHASSA Sm,1987ApJ___316__546W,no survey
PG 0949-101,Mellinger Red,1986ApJS___61__305G,exception
PG 0949-101,Mellinger Green,1986ApJS___61__305G,exception
PG 0949-101,Mellinger Blue,1986ApJS___61__305G,exception
PG 0949-101,SHASSA H,1986ApJS___61__305G,no survey
PG 0949-101,SHASSA CC,1986ApJS___61__305G,no survey
PG 0949-101,SHASSA C,1986ApJS___61__305G,no survey
PG 0949-101,SHASSA Sm,1986ApJS___61__305G,no survey
IC 5146   28,Mellinger Red,1959ApJ___130___57W,exception
IC 5146   28,Mellinger Green,1959ApJ___130___57W,exception
IC 5146   28,Mellinger Blue,1959ApJ___130___57W,exception
IC 5146   28,SHASSA H,1959ApJ___130___57W,no survey
IC 5146   28,SHASSA CC,1959ApJ___130___57W,no survey
IC 5146   28,SHASSA C,1959ApJ___130___57W,no survey
IC 5146   28,SHASSA Sm,1959ApJ___130___57W,no survey
V* CF Tuc,DSS1 Blue,1992ApJS___78__391W,no survey
V* CF Tuc,DSS1 Red,1992ApJS___78__391W,no survey
LEDA  132933,DSS1 Blue,1990AJ____100_1489W,no survey
WHHW 0539.2-6904,DSS1 Blue,1991ApJ___374__475W,no survey
WHHW 0539.2-6904,DSS1 Red,1991ApJ___374__475W,no survey
3C   6.1,GB6 (4850MHz),1979ApJ___231__307S,no survey
3C   6.1,VLA FIRST (1.4 GHz),1979ApJ___231__307S,no survey
3C   6.1,Stripe82VLA,1979ApJ___231__307S,no survey
LEDA   74817,Mellinger Red,1989AJ_____98__367F,exception
LEDA   74817,Mellinger Green,1989AJ_____98__367F,exception
LEDA   74817,Mellinger Blue,1989AJ_____98__367F,exception
LEDA   74817,SHASSA H,1989AJ_____98__367F,no survey
LEDA   74817,SHASSA CC,1989AJ_____98__367F,no survey
LEDA   74817,SHASSA C,1989AJ_____98__367F,no survey
LEDA   74817,SHASSA Sm,1989AJ_____98__367F,no survey
[MM63] 6-39,Mellinger Red,1963AJ_____68__319M,exception
[MM63] 6-39,Mellinger Green,1963AJ_____68__319M,exception
[MM63] 6-39,Mellinger Blue,1963AJ_____68__319M,exception
[MM63] 6-39,SHASSA H,1963AJ_____68__319M,no survey
[MM63] 6-39,SHASSA CC,1963AJ_____68__319M,no survey
[MM63] 6-39,SHASSA C,1963AJ_____68__319M,no survey
[MM63] 6-39,SHASSA Sm,1963AJ_____68__319M,no survey
3C 321,IRAS  12 micron,1995ApJS___99___27M,no images
3C 321,IRAS  25 micron,1995ApJS___99___27M,no images
3C 321,IRAS  60 micron,1995ApJS___99___27M,no images
3C 321,IRAS 100 micron,1995ApJS___99___27M,no survey
HD 191423,Mellinger Red,1973AJ_____78_1067W,exception
HD 191423,Mellinger Green,1973AJ_____78_1067W,exception
HD 191423,Mellinger Blue,1973AJ_____78_1067W,exception
HD 191423,SHASSA H,1973AJ_____78_1067W,no survey
HD 191423,SHASSA CC,1973AJ_____78_1067W,no survey
HD 191423,SHASSA C,1973AJ_____78_1067W,no survey
HD 191423,SHASSA Sm,1973AJ_____78_1067W,no survey
2MASX J15401721+2154541,Mellinger Red,1992AJ____104_2078O,exception
2MASX J15401721+2154541,Mellinger Green,1992AJ____104_2078O,exception
2MASX J15401721+2154541,Mellinger Blue,1992AJ____104_2078O,exception
2MASX J15401721+2154541,SHASSA H,1992AJ____104_2078O,no survey
2MASX J15401721+2154541,SHASSA CC,1992AJ____104_2078O,no survey
2MASX J15401721+2154541,SHASSA C,1992AJ____104_2078O,no survey
2MASX J15401721+2154541,SHASSA Sm,1992AJ____104_2078O,no survey
NAME LMC,Mellinger Red,1976ApJ___209L__25G,exception
NAME LMC,Mellinger Green,1976ApJ___209L__25G,exception
NAME LMC,Mellinger Blue,1976ApJ___209L__25G,exception
NAME LMC,SHASSA H,1976ApJ___209L__25G,no survey
NAME LMC,SHASSA CC,1976ApJ___209L__25G,no survey
NAME LMC,SHASSA C,1976ApJ___209L__25G,no survey
NAME LMC,SHASSA Sm,1976ApJ___209L__25G,no survey
2MASX J23022347-2201312,Mellinger Red,1985ApJ___293___69C,exception
2MASX J23022347-2201312,Mellinger Green,1985ApJ___293___69C,exception
2MASX J23022347-2201312,Mellinger Blue,1985ApJ___293___69C,exception
2MASX J23022347-2201312,SHASSA H,1985ApJ___293___69C,no survey
2MASX J23022347-2201312,SHASSA CC,1985ApJ___293___69C,no survey
2MASX J23022347-2201312,SHASSA C,1985ApJ___293___69C,no survey
2MASX J23022347-2201312,SHASSA Sm,1985ApJ___293___69C,no survey
BMB-BW 156,Mellinger Red,1990ApJ___365__168F,exception
BMB-BW 156,Mellinger Green,1990ApJ___365__168F,exception
BMB-BW 156,Mellinger Blue,1990ApJ___365__168F,exception
BMB-BW 156,SHASSA H,1990ApJ___365__168F,no survey
BMB-BW 156,SHASSA CC,1990ApJ___365__168F,no survey
BMB-BW 156,SHASSA C,1990ApJ___365__168F,no survey
BMB-BW 156,SHASSA Sm,1990ApJ___365__168F,no survey
Cl* NGC 2682     ES   II-7,Mellinger Red,1971ApJ___168__393R,exception
Cl* NGC 2682     ES   II-7,Mellinger Green,1971ApJ___168__393R,exception
Cl* NGC 2682     ES   II-7,Mellinger Blue,1971ApJ___168__393R,exception
Cl* NGC 2682     ES   II-7,SHASSA H,1971ApJ___168__393R,no survey
Cl* NGC 2682     ES   II-7,SHASSA CC,1971ApJ___168__393R,no survey
Cl* NGC 2682     ES   II-7,SHASSA C,1971ApJ___168__393R,no survey
Cl* NGC 2682     ES   II-7,SHASSA Sm,1971ApJ___168__393R,no survey
BRAN 372C,DSS1 Blue,1975AJ_____80__208V,no survey
BRAN 372C,DSS1 Red,1975AJ_____80__208V,no survey
BRAN 372C,DSS2 Blue,1975AJ_____80__208V,no survey
4C 37.13,VLA FIRST (1.4 GHz),1988ApJS___68__715K,no survey
4C 37.13,Stripe82VLA,1988ApJS___68__715K,no survey
LP  759-25,Mellinger Red,1997AJ____113_1421K,exception
LP  759-25,Mellinger Green,1997AJ____113_1421K,exception
LP  759-25,Mellinger Blue,1997AJ____113_1421K,exception
LP  759-25,SHASSA H,1997AJ____113_1421K,no survey
LP  759-25,SHASSA CC,1997AJ____113_1421K,no survey
LP  759-25,SHASSA C,1997AJ____113_1421K,no survey
LP  759-25,SHASSA Sm,1997AJ____113_1421K,no survey
NGC  3813,Mellinger Red,1991AJ____101__362C,exception
NGC  3813,Mellinger Green,1991AJ____101__362C,exception
NGC  3813,Mellinger Blue,1991AJ____101__362C,exception
NGC  3813,SHASSA H,1991AJ____101__362C,no survey
NGC  3813,SHASSA CC,1991AJ____101__362C,no survey
NGC  3813,SHASSA C,1991AJ____101__362C,no survey
NGC  3813,SHASSA Sm,1991AJ____101__362C,no survey
GPSR 025.774+0.439,DSS,1990ApJS___74__181Z,no survey
GPSR 025.774+0.439,DSS1 Blue,1990ApJS___74__181Z,no survey
GPSR 025.774+0.439,DSS1 Red,1990ApJS___74__181Z,no survey
GPSR 025.774+0.439,DSS2 Red,1990ApJS___74__181Z,no survey
GPSR 025.774+0.439,DSS2 Blue,1990ApJS___74__181Z,no survey
GPSR 025.774+0.439,DSS2 IR,1990ApJS___74__181Z,no survey
[TP95] NGC  7590 103,DSS1 Blue,1995ApJS__101__287T,no survey
[TP95] NGC  7590 103,DSS1 Red,1995ApJS__101__287T,no survey
[DGI91] 486,DSS,1991AJ____101__911D,no survey
[DGI91] 486,DSS1 Blue,1991AJ____101__911D,no survey
[DGI91] 486,DSS1 Red,1991AJ____101__911D,no survey
[DGI91] 486,DSS2 Red,1991AJ____101__911D,no survey
[DGI91] 486,DSS2 Blue,1991AJ____101__911D,no survey
[DGI91] 486,DSS2 IR,1991AJ____101__911D,no survey
IC 1805  187,Mellinger Red,1965AJ_____70__806V,exception
IC 1805  187,Mellinger Green,1965AJ_____70__806V,exception
IC 1805  187,Mellinger Blue,1965AJ_____70__806V,exception
IC 1805  187,SHASSA H,1965AJ_____70__806V,no survey
IC 1805  187,SHASSA CC,1965AJ_____70__806V,no survey
IC 1805  187,SHASSA C,1965AJ_____70__806V,no survey
IC 1805  187,SHASSA Sm,1965AJ_____70__806V,no survey
Cl* NGC 2070     MH     780,Mellinger Red,1994AJ____107_1054M,exception
Cl* NGC 2070     MH     780,Mellinger Green,1994AJ____107_1054M,exception
Cl* NGC 2070     MH     780,Mellinger Blue,1994AJ____107_1054M,exception
Cl* NGC 2070     MH     780,SHASSA H,1994AJ____107_1054M,no survey
Cl* NGC 2070     MH     780,SHASSA CC,1994AJ____107_1054M,no survey
Cl* NGC 2070     MH     780,SHASSA C,1994AJ____107_1054M,no survey
Cl* NGC 2070     MH     780,SHASSA Sm,1994AJ____107_1054M,no survey
HD 216730,Mellinger Red,1961ApJ___134__809Y,exception
HD 216730,Mellinger Green,1961ApJ___134__809Y,exception
HD 216730,Mellinger Blue,1961ApJ___134__809Y,exception
HD 216730,SHASSA H,1961ApJ___134__809Y,no survey
HD 216730,SHASSA CC,1961ApJ___134__809Y,no survey
HD 216730,SHASSA C,1961ApJ___134__809Y,no survey
HD 216730,SHASSA Sm,1961ApJ___134__809Y,no survey
HD 156201,Mellinger Red,1956ApJ___124___43V,exception
HD 156201,Mellinger Green,1956ApJ___124___43V,exception
HD 156201,Mellinger Blue,1956ApJ___124___43V,exception
HD 156201,SHASSA H,1956ApJ___124___43V,no survey
HD 156201,SHASSA CC,1956ApJ___124___43V,no survey
HD 156201,SHASSA C,1956ApJ___124___43V,no survey
HD 156201,SHASSA Sm,1956ApJ___124___43V,no survey
IC 1302,Mellinger Red,1996AJ____112_1803M,exception
IC 1302,Mellinger Green,1996AJ____112_1803M,exception
IC 1302,Mellinger Blue,1996AJ____112_1803M,exception
IC 1302,SHASSA H,1996AJ____112_1803M,no survey
IC 1302,SHASSA CC,1996AJ____112_1803M,no survey
IC 1302,SHASSA C,1996AJ____112_1803M,no survey
IC 1302,SHASSA Sm,1996AJ____112_1803M,no survey
[MA93] 1367,Mellinger Red,1992ApJS___78__391W,no images
[MA93] 1367,Mellinger Green,1992ApJS___78__391W,no images
[MA93] 1367,Mellinger Blue,1992ApJS___78__391W,no images
[MA93] 1367,H-Alpha Comp,1992ApJS___78__391W,no images
[MA93] 1367,SHASSA H,1992ApJS___78__391W,no images
[MA93] 1367,SHASSA CC,1992ApJS___78__391W,no survey
[MA93] 1367,SHASSA C,1992ApJS___78__391W,no survey
[MA93] 1367,SHASSA Sm,1992ApJS___78__391W,no survey
Cl* NGC 6266    HAR      f,Mellinger Red,1975ApJS___29__397H,exception
Cl* NGC 6266    HAR      f,Mellinger Green,1975ApJS___29__397H,exception
Cl* NGC 6266    HAR      f,Mellinger Blue,1975ApJS___29__397H,exception
Cl* NGC 6266    HAR      f,SHASSA H,1975ApJS___29__397H,no images
Cl* NGC 6266    HAR      f,SHASSA CC,1975ApJS___29__397H,no images
Cl* NGC 6266    HAR      f,SHASSA C,1975ApJS___29__397H,no images
Cl* NGC 6266    HAR      f,SHASSA Sm,1975ApJS___29__397H,no images
NEK 224.5+00.0,DSS,1988ApJS___68__715K,no images
NEK 224.5+00.0,DSS1 Blue,1988ApJS___68__715K,no images
NEK 224.5+00.0,DSS1 Red,1988ApJS___68__715K,no images
NEK 224.5+00.0,DSS2 Red,1988ApJS___68__715K,no images
NEK 224.5+00.0,DSS2 Blue,1988ApJS___68__715K,no images
NEK 224.5+00.0,DSS2 IR,1988ApJS___68__715K,no images
SK  183,Mellinger Red,1969AJ_____74__877S,exception
SK  183,Mellinger Green,1969AJ_____74__877S,exception
SK  183,Mellinger Blue,1969AJ_____74__877S,exception
SK  183,SHASSA H,1969AJ_____74__877S,no survey
SK  183,SHASSA CC,1969AJ_____74__877S,no survey
SK  183,SHASSA C,1969AJ_____74__877S,no survey
SK  183,SHASSA Sm,1969AJ_____74__877S,no survey
M  33,DSS1 Blue,1996AJ____111__768R,no survey
M  31,IRAS  12 micron,1996ApJ___465__127B,no images
M  31,IRAS  25 micron,1996ApJ___465__127B,no images
M  31,IRAS  60 micron,1996ApJ___465__127B,no images
M  31,IRAS 100 micron,1996ApJ___465__127B,no survey
[HDS86] IC 443H,DSS,1992ApJ___400__203D,no survey
[HDS86] IC 443H,DSS1 Blue,1992ApJ___400__203D,no survey
[HDS86] IC 443H,DSS1 Red,1992ApJ___400__203D,no survey
[HDS86] IC 443H,DSS2 Red,1992ApJ___400__203D,no survey
[HDS86] IC 443H,DSS2 Blue,1992ApJ___400__203D,no survey
[HDS86] IC 443H,DSS2 IR,1992ApJ___400__203D,no survey
4C 06.69,VLA FIRST (1.4 GHz),1983AJ_____88__709H,exception
4C 06.69,Stripe82VLA,1983AJ_____88__709H,no survey
[LM93] 213,DSS,1993AJ____106___66L,no survey
[LM93] 213,DSS1 Blue,1993AJ____106___66L,no survey
[LM93] 213,DSS1 Red,1993AJ____106___66L,no survey
[LM93] 213,DSS2 Red,1993AJ____106___66L,no survey
[LM93] 213,DSS2 Blue,1993AJ____106___66L,no survey
[LM93] 213,DSS2 IR,1993AJ____106___66L,no survey
Ruiz 440-69,Mellinger Red,1993AJ____106_2575R,exception
Ruiz 440-69,Mellinger Green,1993AJ____106_2575R,exception
Ruiz 440-69,Mellinger Blue,1993AJ____106_2575R,exception
Ruiz 440-69,SHASSA H,1993AJ____106_2575R,no survey
Ruiz 440-69,SHASSA CC,1993AJ____106_2575R,no survey
Ruiz 440-69,SHASSA C,1993AJ____106_2575R,no survey
Ruiz 440-69,SHASSA Sm,1993AJ____106_2575R,no survey
SED ACO 851  55,Mellinger Red,1995ApJ___450__512S,exception
SED ACO 851  55,Mellinger Green,1995ApJ___450__512S,exception
SED ACO 851  55,Mellinger Blue,1995ApJ___450__512S,exception
SED ACO 851  55,SHASSA H,1995ApJ___450__512S,no survey
SED ACO 851  55,SHASSA CC,1995ApJ___450__512S,no survey
SED ACO 851  55,SHASSA C,1995ApJ___450__512S,no survey
SED ACO 851  55,SHASSA Sm,1995ApJ___450__512S,no survey
HD 174980,Mellinger Red,1961ApJ___134__809Y,exception
HD 174980,Mellinger Green,1961ApJ___134__809Y,exception
HD 174980,Mellinger Blue,1961ApJ___134__809Y,exception
HD 174980,SHASSA H,1961ApJ___134__809Y,no survey
HD 174980,SHASSA CC,1961ApJ___134__809Y,no survey
HD 174980,SHASSA C,1961ApJ___134__809Y,no survey
HD 174980,SHASSA Sm,1961ApJ___134__809Y,no survey
[SSB92]  54,DSS1 Blue,1992AJ____104_1430S,no survey
[SSB92]  54,DSS1 Red,1992AJ____104_1430S,no survey
NAME Scutum Supershell,DSS2 Blue,1979ApJ___229__533H,no survey
ICRF J005833.8+062006,SUMSS 843 MHz,1995ApJS___97__347G,no survey
ICRF J005833.8+062006,WENSS,1995ApJS___97__347G,no survey
GCIRS 16,DSS2 Blue,1993ApJ___415__862J,no survey
[MTG95] A-257,DSS,1995AJ____109__173M,no survey
[MTG95] A-257,DSS1 Blue,1995AJ____109__173M,no survey
[MTG95] A-257,DSS1 Red,1995AJ____109__173M,no survey
[MTG95] A-257,DSS2 Red,1995AJ____109__173M,no survey
[MTG95] A-257,DSS2 Blue,1995AJ____109__173M,no survey
[MTG95] A-257,DSS2 IR,1995AJ____109__173M,no survey
CD-34    99,Mellinger Red,1971AJ_____76__338S,exception
CD-34    99,Mellinger Green,1971AJ_____76__338S,exception
CD-34    99,Mellinger Blue,1971AJ_____76__338S,exception
CD-34    99,SHASSA H,1971AJ_____76__338S,no survey
CD-34    99,SHASSA CC,1971AJ_____76__338S,no survey
CD-34    99,SHASSA C,1971AJ_____76__338S,no survey
CD-34    99,SHASSA Sm,1971AJ_____76__338S,no survey
[MCJ93] NGC 1399  16,DSS1 Blue,1993ApJ___416___62M,no survey
[MCJ93] NGC 1399  16,DSS1 Red,1993ApJ___416___62M,no survey
UGC  6901,Mellinger Red,1985AJ_____90__183E,exception
UGC  6901,Mellinger Green,1985AJ_____90__183E,exception
UGC  6901,Mellinger Blue,1985AJ_____90__183E,exception
UGC  6901,SHASSA H,1985AJ_____90__183E,no survey
UGC  6901,SHASSA CC,1985AJ_____90__183E,no survey
UGC  6901,SHASSA C,1985AJ_____90__183E,no survey
UGC  6901,SHASSA Sm,1985AJ_____90__183E,no survey
HD 140913,Mellinger Red,1995AJ____109__151V,exception
HD 140913,Mellinger Green,1995AJ____109__151V,exception
HD 140913,Mellinger Blue,1995AJ____109__151V,exception
HD 140913,SHASSA H,1995AJ____109__151V,no survey
HD 140913,SHASSA CC,1995AJ____109__151V,no survey
HD 140913,SHASSA C,1995AJ____109__151V,no survey
HD 140913,SHASSA Sm,1995AJ____109__151V,no survey
NGC  5904   878,Mellinger Red,1993AJ____106_1524R,exception
NGC  5904   878,Mellinger Green,1993AJ____106_1524R,exception
NGC  5904   878,Mellinger Blue,1993AJ____106_1524R,exception
NGC  5904   878,SHASSA H,1993AJ____106_1524R,no survey
NGC  5904   878,SHASSA CC,1993AJ____106_1524R,no survey
NGC  5904   878,SHASSA C,1993AJ____106_1524R,no survey
NGC  5904   878,SHASSA Sm,1993AJ____106_1524R,no survey
PNS-EPN NGC4374-414,Mellinger Red,1990ApJ___356__332J,exception
PNS-EPN NGC4374-414,Mellinger Green,1990ApJ___356__332J,exception
PNS-EPN NGC4374-414,Mellinger Blue,1990ApJ___356__332J,exception
PNS-EPN NGC4374-414,SHASSA H,1990ApJ___356__332J,no survey
PNS-EPN NGC4374-414,SHASSA CC,1990ApJ___356__332J,no survey
PNS-EPN NGC4374-414,SHASSA C,1990ApJ___356__332J,no survey
PNS-EPN NGC4374-414,SHASSA Sm,1990ApJ___356__332J,no survey
[GBM92] ACO S 400  75,DSS,1992AJ____104_1290G,no survey
[GBM92] ACO S 400  75,DSS1 Blue,1992AJ____104_1290G,no survey
[GBM92] ACO S 400  75,DSS1 Red,1992AJ____104_1290G,no survey
[GBM92] ACO S 400  75,DSS2 Red,1992AJ____104_1290G,no survey
[GBM92] ACO S 400  75,DSS2 Blue,1992AJ____104_1290G,no survey
[GBM92] ACO S 400  75,DSS2 IR,1992AJ____104_1290G,no survey
Cl* Trumpler   14      Y     314,Mellinger Red,1993AJ____105_1822C,exception
Cl* Trumpler   14      Y     314,Mellinger Green,1993AJ____105_1822C,exception
Cl* Trumpler   14      Y     314,Mellinger Blue,1993AJ____105_1822C,exception
Cl* Trumpler   14      Y     314,SHASSA H,1993AJ____105_1822C,no survey
Cl* Trumpler   14      Y     314,SHASSA CC,1993AJ____105_1822C,no survey
Cl* Trumpler   14      Y     314,SHASSA C,1993AJ____105_1822C,no survey
Cl* Trumpler   14      Y     314,SHASSA Sm,1993AJ____105_1822C,no survey
NGC  7590,DSS1 Blue,1996ApJ___467__551C,no survey
NGC  7590,DSS1 Red,1996ApJ___467__551C,no survey
V* MX Ori,Mellinger Red,1995ApJ___445__280G,exception
V* MX Ori,Mellinger Green,1995ApJ___445__280G,exception
V* MX Ori,Mellinger Blue,1995ApJ___445__280G,exception
V* MX Ori,SHASSA H,1995ApJ___445__280G,no survey
V* MX Ori,SHASSA CC,1995ApJ___445__280G,no survey
V* MX Ori,SHASSA C,1995ApJ___445__280G,no survey
V* MX Ori,SHASSA Sm,1995ApJ___445__280G,no survey
HD  83588,Mellinger Red,1961ApJ___134__809Y,exception
HD  83588,Mellinger Green,1961ApJ___134__809Y,exception
HD  83588,Mellinger Blue,1961ApJ___134__809Y,exception
HD  83588,SHASSA H,1961ApJ___134__809Y,no survey
HD  83588,SHASSA CC,1961ApJ___134__809Y,no survey
HD  83588,SHASSA C,1961ApJ___134__809Y,no survey
HD  83588,SHASSA Sm,1961ApJ___134__809Y,no survey
[SC82] V1,Mellinger Red,1985AJ_____90_1019S,exception
[SC82] V1,Mellinger Green,1985AJ_____90_1019S,exception
[SC82] V1,Mellinger Blue,1985AJ_____90_1019S,exception
[SC82] V1,SHASSA H,1985AJ_____90_1019S,no survey
[SC82] V1,SHASSA CC,1985AJ_____90_1019S,no survey
[SC82] V1,SHASSA C,1985AJ_____90_1019S,no survey
[SC82] V1,SHASSA Sm,1985AJ_____90_1019S,no survey
US 1833,Mellinger Red,1982ApJS___49___27U,exception
US 1833,Mellinger Green,1982ApJS___49___27U,exception
US 1833,Mellinger Blue,1982ApJS___49___27U,exception
US 1833,SHASSA H,1982ApJS___49___27U,no survey
US 1833,SHASSA CC,1982ApJS___49___27U,no survey
US 1833,SHASSA C,1982ApJS___49___27U,no survey
US 1833,SHASSA Sm,1982ApJS___49___27U,no survey
IFM-B 1608,DSS1 Blue,1993ApJS___89___85I,no survey
SH  2-235,Mellinger Red,1996ApJ___463__630H,exception
SH  2-235,Mellinger Green,1996ApJ___463__630H,exception
SH  2-235,Mellinger Blue,1996ApJ___463__630H,exception
SH  2-235,SHASSA H,1996ApJ___463__630H,no survey
SH  2-235,SHASSA CC,1996ApJ___463__630H,no survey
SH  2-235,SHASSA C,1996ApJ___463__630H,no survey
SH  2-235,SHASSA Sm,1996ApJ___463__630H,no survey
* gam Cep,GOODS: Chandra ACIS HB,1971ApJ___163___75S,no survey
* gam Cep,GOODS: Chandra ACIS FB,1971ApJ___163___75S,no survey
* gam Cep,GOODS: Chandra ACIS SB,1971ApJ___163___75S,no survey
* gam Cep,GOODS: VLT VIMOS U,1971ApJ___163___75S,no survey
* gam Cep,GOODS: VLT VIMOS R,1971ApJ___163___75S,no survey
* gam Cep,GOODS: HST ACS B,1971ApJ___163___75S,no survey
* gam Cep,GOODS: HST ACS V,1971ApJ___163___75S,no survey
* gam Cep,GOODS: HST ACS I,1971ApJ___163___75S,no survey
* gam Cep,GOODS: HST ACS Z,1971ApJ___163___75S,no survey
* gam Cep,Hawaii HDF U,1971ApJ___163___75S,no survey
* gam Cep,Hawaii HDF B,1971ApJ___163___75S,no survey
* gam Cep,Hawaii HDF V0201,1971ApJ___163___75S,no survey
* gam Cep,Hawaii HDF V0401,1971ApJ___163___75S,no survey
* gam Cep,Hawaii HDF R,1971ApJ___163___75S,no survey
* gam Cep,Hawaii HDF I,1971ApJ___163___75S,no survey
* gam Cep,Hawaii HDF z,1971ApJ___163___75S,no survey
* gam Cep,Hawaii HDF HK,1971ApJ___163___75S,no images
* gam Cep,GOODS: HST NICMOS,1971ApJ___163___75S,no survey
* gam Cep,GOODS: VLT ISAAC J,1971ApJ___163___75S,no survey
* gam Cep,GOODS: VLT ISAAC H,1971ApJ___163___75S,no survey
* gam Cep,GOODS: VLT ISAAC Ks,1971ApJ___163___75S,no survey
* gam Cep,HUDF: VLT ISAAC Ks,1971ApJ___163___75S,no survey
* gam Cep,GOODS: Spitzer IRAC 3.6,1971ApJ___163___75S,no survey
* gam Cep,GOODS: Spitzer IRAC 4.5,1971ApJ___163___75S,no survey
* gam Cep,GOODS: Spitzer IRAC 5.8,1971ApJ___163___75S,no survey
* gam Cep,GOODS: Spitzer IRAC 8.0,1971ApJ___163___75S,no survey
* gam Cep,GOODS: Spitzer MIPS 24,1971ApJ___163___75S,no survey
* gam Cep,GOODS: Herschel 100,1971ApJ___163___75S,no survey
* gam Cep,GOODS: Herschel 160,1971ApJ___163___75S,no survey
* gam Cep,GOODS: Herschel 250,1971ApJ___163___75S,no survey
* gam Cep,GOODS: Herschel 350,1971ApJ___163___75S,no survey
* gam Cep,GOODS: Herschel 500,1971ApJ___163___75S,no survey
* gam Cep,CDFS: LESS,1971ApJ___163___75S,no survey
* gam Cep,GOODS: VLA North,1971ApJ___163___75S,no survey
3C 293.0,Mellinger Red,1995AJ____109_2318C,exception
3C 293.0,Mellinger Green,1995AJ____109_2318C,exception
3C 293.0,Mellinger Blue,1995AJ____109_2318C,exception
3C 293.0,SHASSA H,1995AJ____109_2318C,no survey
3C 293.0,SHASSA CC,1995AJ____109_2318C,no survey
3C 293.0,SHASSA C,1995AJ____109_2318C,no survey
3C 293.0,SHASSA Sm,1995AJ____109_2318C,no survey
PMN J0524+0857,VLA FIRST (1.4 GHz),1986ApJS___61__105L,no survey
PMN J0524+0857,Stripe82VLA,1986ApJS___61__105L,no survey
HD  48543,Mellinger Red,1987ApJS___63__365C,exception
HD  48543,Mellinger Green,1987ApJS___63__365C,exception
HD  48543,Mellinger Blue,1987ApJS___63__365C,exception
HD  48543,SHASSA H,1987ApJS___63__365C,no survey
HD  48543,SHASSA CC,1987ApJS___63__365C,no survey
HD  48543,SHASSA C,1987ApJS___63__365C,no survey
HD  48543,SHASSA Sm,1987ApJS___63__365C,no survey
M 109,Mellinger Red,1980AJ_____85__637D,exception
M 109,Mellinger Green,1980AJ_____85__637D,exception
M 109,Mellinger Blue,1980AJ_____85__637D,exception
M 109,SHASSA H,1980AJ_____85__637D,no survey
M 109,SHASSA CC,1980AJ_____85__637D,no survey
M 109,SHASSA C,1980AJ_____85__637D,no survey
M 109,SHASSA Sm,1980AJ_____85__637D,no survey
HD 129937,Mellinger Red,1961ApJ___134__809Y,exception
HD 129937,Mellinger Green,1961ApJ___134__809Y,exception
HD 129937,Mellinger Blue,1961ApJ___134__809Y,exception
HD 129937,SHASSA H,1961ApJ___134__809Y,no survey
HD 129937,SHASSA CC,1961ApJ___134__809Y,no survey
HD 129937,SHASSA C,1961ApJ___134__809Y,no survey
HD 129937,SHASSA Sm,1961ApJ___134__809Y,no survey
NGC  3147,TESS,1983ApJ___271__479A,no survey
NGC  3147,Mellinger Red,1983ApJ___271__479A,exception
NGC  3147,Mellinger Green,1983ApJ___271__479A,exception
NGC  3147,Mellinger Blue,1983ApJ___271__479A,exception
NGC  3147,SHASSA H,1983ApJ___271__479A,no survey
NGC  3147,SHASSA CC,1983ApJ___271__479A,no survey
NGC  3147,SHASSA C,1983ApJ___271__479A,no survey
NGC  3147,SHASSA Sm,1983ApJ___271__479A,no survey
US 2047,Mellinger Red,1982ApJS___49___27U,exception
US 2047,Mellinger Green,1982ApJS___49___27U,exception
US 2047,Mellinger Blue,1982ApJS___49___27U,exception
US 2047,SHASSA H,1982ApJS___49___27U,no survey
US 2047,SHASSA CC,1982ApJS___49___27U,no survey
US 2047,SHASSA C,1982ApJS___49___27U,no survey
US 2047,SHASSA Sm,1982ApJS___49___27U,no survey
RX J2214.1-4918,Mellinger Red,1994AJ____107__751M,exception
RX J2214.1-4918,Mellinger Green,1994AJ____107__751M,exception
RX J2214.1-4918,Mellinger Blue,1994AJ____107__751M,exception
RX J2214.1-4918,SHASSA H,1994AJ____107__751M,no survey
RX J2214.1-4918,SHASSA CC,1994AJ____107__751M,no survey
RX J2214.1-4918,SHASSA C,1994AJ____107__751M,no survey
RX J2214.1-4918,SHASSA Sm,1994AJ____107__751M,no survey
[SMS86]  85,Mellinger Red,1986AJ_____92__302S,exception
[SMS86]  85,Mellinger Green,1986AJ_____92__302S,exception
[SMS86]  85,Mellinger Blue,1986AJ_____92__302S,exception
[SMS86]  85,SHASSA H,1986AJ_____92__302S,no survey
[SMS86]  85,SHASSA CC,1986AJ_____92__302S,no survey
[SMS86]  85,SHASSA C,1986AJ_____92__302S,no survey
[SMS86]  85,SHASSA Sm,1986AJ_____92__302S,no survey
LEDA   40598,Mellinger Red,1983ApJS___53__375R,exception
LEDA   40598,Mellinger Green,1983ApJS___53__375R,exception
LEDA   40598,Mellinger Blue,1983ApJS___53__375R,exception
LEDA   40598,SHASSA H,1983ApJS___53__375R,no survey
LEDA   40598,SHASSA CC,1983ApJS___53__375R,no survey
LEDA   40598,SHASSA C,1983ApJS___53__375R,no survey
LEDA   40598,SHASSA Sm,1983ApJS___53__375R,no survey
IC  200,Mellinger Red,1985AJ_____90_2445G,exception
IC  200,Mellinger Green,1985AJ_____90_2445G,exception
IC  200,Mellinger Blue,1985AJ_____90_2445G,no images
IC  200,H-Alpha Comp,1985AJ_____90_2445G,no images
IC  200,SHASSA H,1985AJ_____90_2445G,no images
IC  200,SHASSA CC,1985AJ_____90_2445G,no images
IC  200,SHASSA C,1985AJ_____90_2445G,no images
IC  200,SHASSA Sm,1985AJ_____90_2445G,no survey
SV* HV  5613,Mellinger Red,1971AJ_____76_1003W,exception
SV* HV  5613,Mellinger Green,1971AJ_____76_1003W,exception
SV* HV  5613,Mellinger Blue,1971AJ_____76_1003W,exception
SV* HV  5613,SHASSA H,1971AJ_____76_1003W,no survey
SV* HV  5613,SHASSA CC,1971AJ_____76_1003W,no survey
SV* HV  5613,SHASSA C,1971AJ_____76_1003W,no survey
SV* HV  5613,SHASSA Sm,1971AJ_____76_1003W,no survey
V* KO Ori,Mellinger Red,1969ApJ___155__447W,exception
V* KO Ori,Mellinger Green,1969ApJ___155__447W,exception
V* KO Ori,Mellinger Blue,1969ApJ___155__447W,exception
V* KO Ori,SHASSA H,1969ApJ___155__447W,no survey
V* KO Ori,SHASSA CC,1969ApJ___155__447W,no survey
V* KO Ori,SHASSA C,1969ApJ___155__447W,no survey
V* KO Ori,SHASSA Sm,1969ApJ___155__447W,no survey
GD 71,Mellinger Red,1996ApJS__102__129B,exception
GD 71,Mellinger Green,1996ApJS__102__129B,exception
GD 71,Mellinger Blue,1996ApJS__102__129B,exception
GD 71,SHASSA H,1996ApJS__102__129B,no survey
GD 71,SHASSA CC,1996ApJS__102__129B,no survey
GD 71,SHASSA C,1996ApJS__102__129B,no survey
GD 71,SHASSA Sm,1996ApJS__102__129B,no survey
M  90,Mellinger Red,1996ApJS__107__215M,exception
M  90,Mellinger Green,1996ApJS__107__215M,exception
M  90,Mellinger Blue,1996ApJS__107__215M,exception
M  90,SHASSA H,1996ApJS__107__215M,no survey
M  90,SHASSA CC,1996ApJS__107__215M,no survey
M  90,SHASSA C,1996ApJS__107__215M,no survey
M  90,SHASSA Sm,1996ApJS__107__215M,no survey
[SC96] Mis   43,DSS1 Blue,1996ApJS__104__101S,no survey
[SC96] Mis   43,DSS1 Red,1996ApJS__104__101S,no survey
BD-16  4823,Mellinger Red,1961AJ_____66__186S,exception
BD-16  4823,Mellinger Green,1961AJ_____66__186S,exception
BD-16  4823,Mellinger Blue,1961AJ_____66__186S,exception
BD-16  4823,SHASSA H,1961AJ_____66__186S,no survey
BD-16  4823,SHASSA CC,1961AJ_____66__186S,no survey
BD-16  4823,SHASSA C,1961AJ_____66__186S,no survey
BD-16  4823,SHASSA Sm,1961AJ_____66__186S,no survey
IC 3392,Mellinger Red,1990ApJ___359____4V,exception
IC 3392,Mellinger Green,1990ApJ___359____4V,exception
IC 3392,Mellinger Blue,1990ApJ___359____4V,exception
IC 3392,SHASSA H,1990ApJ___359____4V,no survey
IC 3392,SHASSA CC,1990ApJ___359____4V,no survey
IC 3392,SHASSA C,1990ApJ___359____4V,no survey
IC 3392,SHASSA Sm,1990ApJ___359____4V,no survey
2MASS J00410968+4048220,Mellinger Red,1995ApJS___98__595H,exception
2MASS J00410968+4048220,Mellinger Green,1995ApJS___98__595H,exception
2MASS J00410968+4048220,Mellinger Blue,1995ApJS___98__595H,exception
2MASS J00410968+4048220,SHASSA H,1995ApJS___98__595H,no survey
2MASS J00410968+4048220,SHASSA CC,1995ApJS___98__595H,no survey
2MASS J00410968+4048220,SHASSA C,1995ApJS___98__595H,no survey
2MASS J00410968+4048220,SHASSA Sm,1995ApJS___98__595H,no survey
QSO B1056+015,Mellinger Red,1987ApJ___314__129C,exception
QSO B1056+015,Mellinger Green,1987ApJ___314__129C,exception
QSO B1056+015,Mellinger Blue,1987ApJ___314__129C,exception
QSO B1056+015,SHASSA H,1987ApJ___314__129C,no survey
QSO B1056+015,SHASSA CC,1987ApJ___314__129C,no survey
QSO B1056+015,SHASSA C,1987ApJ___314__129C,no survey
QSO B1056+015,SHASSA Sm,1987ApJ___314__129C,no survey
NAME MSH 11-61A,DSS1 Blue,1979ApJ___227__853K,no survey
NAME MSH 11-61A,DSS1 Red,1979ApJ___227__853K,no survey
NAME MSH 11-61A,DSS2 Blue,1979ApJ___227__853K,no survey
NAME Cha 1,DSS1 Blue,1995ApJ___445__280G,no survey
NAME Cha 1,DSS1 Red,1995ApJ___445__280G,no survey
GCIRS 16C,Mellinger Red,1990ApJ___360__106S,exception
GCIRS 16C,Mellinger Green,1990ApJ___360__106S,exception
GCIRS 16C,Mellinger Blue,1990ApJ___360__106S,exception
GCIRS 16C,SHASSA H,1990ApJ___360__106S,no survey
GCIRS 16C,SHASSA CC,1990ApJ___360__106S,no survey
GCIRS 16C,SHASSA C,1990ApJ___360__106S,no survey
GCIRS 16C,SHASSA Sm,1990ApJ___360__106S,no survey
[EKS96] NGC 1068  19,Mellinger Red,1996ApJS__105___93E,exception
[EKS96] NGC 1068  19,Mellinger Green,1996ApJS__105___93E,exception
[EKS96] NGC 1068  19,Mellinger Blue,1996ApJS__105___93E,exception
[EKS96] NGC 1068  19,SHASSA H,1996ApJS__105___93E,no survey
[EKS96] NGC 1068  19,SHASSA CC,1996ApJS__105___93E,no survey
[EKS96] NGC 1068  19,SHASSA C,1996ApJS__105___93E,no survey
[EKS96] NGC 1068  19,SHASSA Sm,1996ApJS__105___93E,no survey
LMC-BM  33-36,Mellinger Red,1990AJ____100__674B,exception
LMC-BM  33-36,Mellinger Green,1990AJ____100__674B,exception
LMC-BM  33-36,Mellinger Blue,1990AJ____100__674B,exception
LMC-BM  33-36,SHASSA H,1990AJ____100__674B,no survey
LMC-BM  33-36,SHASSA CC,1990AJ____100__674B,no survey
LMC-BM  33-36,SHASSA C,1990AJ____100__674B,no survey
LMC-BM  33-36,SHASSA Sm,1990AJ____100__674B,no survey
NGC  7662,Mellinger Red,1968ApJ___154___87V,exception
NGC  7662,Mellinger Green,1968ApJ___154___87V,exception
NGC  7662,Mellinger Blue,1968ApJ___154___87V,exception
NGC  7662,SHASSA H,1968ApJ___154___87V,no survey
NGC  7662,SHASSA CC,1968ApJ___154___87V,no survey
NGC  7662,SHASSA C,1968ApJ___154___87V,no survey
NGC  7662,SHASSA Sm,1968ApJ___154___87V,no survey
GCIRS  7,DSS2 Blue,1993ApJS___86__133R,no survey
Cl* NGC 2168     CD     376,Mellinger Red,1986AJ_____91__557M,exception
Cl* NGC 2168     CD     376,Mellinger Green,1986AJ_____91__557M,exception
Cl* NGC 2168     CD     376,Mellinger Blue,1986AJ_____91__557M,exception
Cl* NGC 2168     CD     376,SHASSA H,1986AJ_____91__557M,no survey
Cl* NGC 2168     CD     376,SHASSA CC,1986AJ_____91__557M,no survey
Cl* NGC 2168     CD     376,SHASSA C,1986AJ_____91__557M,no survey
Cl* NGC 2168     CD     376,SHASSA Sm,1986AJ_____91__557M,no survey
Cl* NGC  288     AL     114,DSS,1984ApJ___281__158O,no survey
Cl* NGC  288     AL     114,DSS1 Blue,1984ApJ___281__158O,no survey
Cl* NGC  288     AL     114,DSS1 Red,1984ApJ___281__158O,no survey
Cl* NGC  288     AL     114,DSS2 Red,1984ApJ___281__158O,no survey
Cl* NGC  288     AL     114,DSS2 Blue,1984ApJ___281__158O,no survey
Cl* NGC  288     AL     114,DSS2 IR,1984ApJ___281__158O,no survey
ESO 358-54,DSS1 Blue,1971AJ_____76__775L,no survey
ESO 358-54,DSS1 Red,1971AJ_____76__775L,no survey
Cl* IC 4499     FL      16,DSS1 Blue,1993AJ____105_2172S,no survey
Cl* IC 4499     FL      16,DSS1 Red,1993AJ____105_2172S,no survey
NAME LMC,DSS1 Blue,1994ApJ___430__568H,no survey
NAME LMC,DSS1 Red,1994ApJ___430__568H,no survey
NAME LMC,DSS2 Blue,1994ApJ___430__568H,no survey
2MASS J13294360+3153368,Mellinger Red,1983ApJ___273__458S,exception
2MASS J13294360+3153368,Mellinger Green,1983ApJ___273__458S,exception
2MASS J13294360+3153368,Mellinger Blue,1983ApJ___273__458S,exception
2MASS J13294360+3153368,SHASSA H,1983ApJ___273__458S,no survey
2MASS J13294360+3153368,SHASSA CC,1983ApJ___273__458S,no survey
2MASS J13294360+3153368,SHASSA C,1983ApJ___273__458S,no survey
2MASS J13294360+3153368,SHASSA Sm,1983ApJ___273__458S,no survey
[EKS96] NGC 5033 139,Mellinger Red,1996ApJS__105___93E,exception
[EKS96] NGC 5033 139,Mellinger Green,1996ApJS__105___93E,exception
[EKS96] NGC 5033 139,Mellinger Blue,1996ApJS__105___93E,exception
[EKS96] NGC 5033 139,SHASSA H,1996ApJS__105___93E,no survey
[EKS96] NGC 5033 139,SHASSA CC,1996ApJS__105___93E,no survey
[EKS96] NGC 5033 139,SHASSA C,1996ApJS__105___93E,no survey
[EKS96] NGC 5033 139,SHASSA Sm,1996ApJS__105___93E,no survey
HD  92504,Mellinger Red,1993ApJ___417__579M,exception
HD  92504,Mellinger Green,1993ApJ___417__579M,exception
HD  92504,Mellinger Blue,1993ApJ___417__579M,exception
HD  92504,SHASSA H,1993ApJ___417__579M,no survey
HD  92504,SHASSA CC,1993ApJ___417__579M,no survey
HD  92504,SHASSA C,1993ApJ___417__579M,no survey
HD  92504,SHASSA Sm,1993ApJ___417__579M,no survey
IFM-B  393,DSS1 Blue,1993ApJS___89___85I,no survey
V* EF Eri,Mellinger Red,1996ApJS__102__129B,exception
V* EF Eri,Mellinger Green,1996ApJS__102__129B,exception
V* EF Eri,Mellinger Blue,1996ApJS__102__129B,exception
V* EF Eri,SHASSA H,1996ApJS__102__129B,no survey
V* EF Eri,SHASSA CC,1996ApJS__102__129B,no survey
V* EF Eri,SHASSA C,1996ApJS__102__129B,no survey
V* EF Eri,SHASSA Sm,1996ApJS__102__129B,no survey
ESO 357-25,IRAS  12 micron,1989AJ_____98__367F,no images
ESO 357-25,IRAS  25 micron,1989AJ_____98__367F,no images
ESO 357-25,IRAS  60 micron,1989AJ_____98__367F,no images
ESO 357-25,IRAS 100 micron,1989AJ_____98__367F,no survey
BD-17   209,Mellinger Red,1973AJ_____78__295G,exception
BD-17   209,Mellinger Green,1973AJ_____78__295G,exception
BD-17   209,Mellinger Blue,1973AJ_____78__295G,exception
BD-17   209,SHASSA H,1973AJ_____78__295G,no survey
BD-17   209,SHASSA CC,1973AJ_____78__295G,no survey
BD-17   209,SHASSA C,1973AJ_____78__295G,no survey
BD-17   209,SHASSA Sm,1973AJ_____78__295G,no survey
ICRF J084047.5+131223,DSS2 IR,1993ApJ___413__453N,no survey
LEDA  126771,IRAS  12 micron,1967AJ_____72__398R,no images
LEDA  126771,IRAS  25 micron,1967AJ_____72__398R,no images
LEDA  126771,IRAS  60 micron,1967AJ_____72__398R,no images
LEDA  126771,IRAS 100 micron,1967AJ_____72__398R,no survey
[TP95] NGC  1566 471,DSS1 Blue,1995ApJS__101__287T,no survey
[TP95] NGC  1566 471,DSS1 Red,1995ApJS__101__287T,no survey
*  25 Ser,Mellinger Red,1912ApJ____35__163A,exception
*  25 Ser,Mellinger Green,1912ApJ____35__163A,exception
*  25 Ser,Mellinger Blue,1912ApJ____35__163A,exception
*  25 Ser,SHASSA H,1912ApJ____35__163A,no survey
*  25 Ser,SHASSA CC,1912ApJ____35__163A,no survey
*  25 Ser,SHASSA C,1912ApJ____35__163A,no survey
*  25 Ser,SHASSA Sm,1912ApJ____35__163A,no survey
NGC  6716,Mellinger Red,1988ApJS___68____1L,exception
NGC  6716,Mellinger Green,1988ApJS___68____1L,exception
NGC  6716,Mellinger Blue,1988ApJS___68____1L,exception
NGC  6716,SHASSA H,1988ApJS___68____1L,no survey
NGC  6716,SHASSA CC,1988ApJS___68____1L,no survey
NGC  6716,SHASSA C,1988ApJS___68____1L,no survey
NGC  6716,SHASSA Sm,1988ApJS___68____1L,no survey
SP77  37-7,Mellinger Red,1990AJ____100__674B,exception
SP77  37-7,Mellinger Green,1990AJ____100__674B,exception
SP77  37-7,Mellinger Blue,1990AJ____100__674B,exception
SP77  37-7,SHASSA H,1990AJ____100__674B,no survey
SP77  37-7,SHASSA CC,1990AJ____100__674B,no survey
SP77  37-7,SHASSA C,1990AJ____100__674B,no survey
SP77  37-7,SHASSA Sm,1990AJ____100__674B,no survey
BMB-R  40,Mellinger Red,1980ApJ___242__938B,exception
BMB-R  40,Mellinger Green,1980ApJ___242__938B,exception
BMB-R  40,Mellinger Blue,1980ApJ___242__938B,exception
BMB-R  40,SHASSA H,1980ApJ___242__938B,no survey
BMB-R  40,SHASSA CC,1980ApJ___242__938B,no survey
BMB-R  40,SHASSA C,1980ApJ___242__938B,no survey
BMB-R  40,SHASSA Sm,1980ApJ___242__938B,no survey
ESO 306-9,Mellinger Red,1995ApJS___96___39B,exception
ESO 306-9,Mellinger Green,1995ApJS___96___39B,exception
ESO 306-9,Mellinger Blue,1995ApJS___96___39B,exception
ESO 306-9,SHASSA H,1995ApJS___96___39B,no survey
ESO 306-9,SHASSA CC,1995ApJS___96___39B,no survey
ESO 306-9,SHASSA C,1995ApJS___96___39B,no survey
ESO 306-9,SHASSA Sm,1995ApJS___96___39B,no survey
Mrk  231,Mellinger Red,1996ApJ___467__551C,exception
Mrk  231,Mellinger Green,1996ApJ___467__551C,exception
Mrk  231,Mellinger Blue,1996ApJ___467__551C,exception
Mrk  231,SHASSA H,1996ApJ___467__551C,no survey
Mrk  231,SHASSA CC,1996ApJ___467__551C,no survey
Mrk  231,SHASSA C,1996ApJ___467__551C,no survey
Mrk  231,SHASSA Sm,1996ApJ___467__551C,no survey
PGMW 3186,DSS1 Blue,1992AJ____103_1205P,no survey
PGMW 3186,DSS1 Red,1992AJ____103_1205P,no survey
3C 288.1,Mellinger Red,1966ApJ___144__459W,exception
3C 288.1,Mellinger Green,1966ApJ___144__459W,exception
3C 288.1,Mellinger Blue,1966ApJ___144__459W,exception
3C 288.1,SHASSA H,1966ApJ___144__459W,no survey
3C 288.1,SHASSA CC,1966ApJ___144__459W,no survey
3C 288.1,SHASSA C,1966ApJ___144__459W,no survey
3C 288.1,SHASSA Sm,1966ApJ___144__459W,no survey
BMB-BW 204,Mellinger Red,1990ApJ___365__168F,exception
BMB-BW 204,Mellinger Green,1990ApJ___365__168F,exception
BMB-BW 204,Mellinger Blue,1990ApJ___365__168F,exception
BMB-BW 204,SHASSA H,1990ApJ___365__168F,no survey
BMB-BW 204,SHASSA CC,1990ApJ___365__168F,no survey
BMB-BW 204,SHASSA C,1990ApJ___365__168F,no survey
BMB-BW 204,SHASSA Sm,1990ApJ___365__168F,no survey
Cl* NGC 3603    MMM     116,Mellinger Red,1994ApJ___436__183M,exception
Cl* NGC 3603    MMM     116,Mellinger Green,1994ApJ___436__183M,exception
Cl* NGC 3603    MMM     116,Mellinger Blue,1994ApJ___436__183M,exception
Cl* NGC 3603    MMM     116,SHASSA H,1994ApJ___436__183M,no survey
Cl* NGC 3603    MMM     116,SHASSA CC,1994ApJ___436__183M,no survey
Cl* NGC 3603    MMM     116,SHASSA C,1994ApJ___436__183M,no survey
Cl* NGC 3603    MMM     116,SHASSA Sm,1994ApJ___436__183M,no survey
ESO 113-53,Mellinger Red,1995ApJS___96___39B,exception
ESO 113-53,Mellinger Green,1995ApJS___96___39B,exception
ESO 113-53,Mellinger Blue,1995ApJS___96___39B,exception
ESO 113-53,SHASSA H,1995ApJS___96___39B,no survey
ESO 113-53,SHASSA CC,1995ApJS___96___39B,no survey
ESO 113-53,SHASSA C,1995ApJS___96___39B,no survey
ESO 113-53,SHASSA Sm,1995ApJS___96___39B,no survey
NGC  1787,Mellinger Red,1994AJ____108_1696C,exception
NGC  1787,Mellinger Green,1994AJ____108_1696C,exception
NGC  1787,Mellinger Blue,1994AJ____108_1696C,exception
NGC  1787,SHASSA H,1994AJ____108_1696C,no survey
NGC  1787,SHASSA CC,1994AJ____108_1696C,no survey
NGC  1787,SHASSA C,1994AJ____108_1696C,no survey
NGC  1787,SHASSA Sm,1994AJ____108_1696C,no survey
[HS80] B542,DSS1 Blue,1996ApJ___469__629M,no survey
US   14,Mellinger Red,1981ApJS___46__117U,exception
US   14,Mellinger Green,1981ApJS___46__117U,exception
US   14,Mellinger Blue,1981ApJS___46__117U,exception
US   14,SHASSA H,1981ApJS___46__117U,no survey
US   14,SHASSA CC,1981ApJS___46__117U,no survey
US   14,SHASSA C,1981ApJS___46__117U,no survey
US   14,SHASSA Sm,1981ApJS___46__117U,no survey
3C 217,Stripe82VLA,1966ApJ___144__459W,no survey
2MASX J12592438-1825428,Mellinger Red,1995ApJS___96___39B,exception
2MASX J12592438-1825428,Mellinger Green,1995ApJS___96___39B,exception
2MASX J12592438-1825428,Mellinger Blue,1995ApJS___96___39B,exception
2MASX J12592438-1825428,SHASSA H,1995ApJS___96___39B,no survey
2MASX J12592438-1825428,SHASSA CC,1995ApJS___96___39B,no survey
2MASX J12592438-1825428,SHASSA C,1995ApJS___96___39B,no survey
2MASX J12592438-1825428,SHASSA Sm,1995ApJS___96___39B,no survey
HD 202033,Mellinger Red,1984ApJS___54__271C,exception
HD 202033,Mellinger Green,1984ApJS___54__271C,exception
HD 202033,Mellinger Blue,1984ApJS___54__271C,exception
HD 202033,SHASSA H,1984ApJS___54__271C,no survey
HD 202033,SHASSA CC,1984ApJS___54__271C,no survey
HD 202033,SHASSA C,1984ApJS___54__271C,no survey
HD 202033,SHASSA Sm,1984ApJS___54__271C,no survey
2MASX J02572290+0556473,SHASSA H,1992ApJ___400__410B,no survey
2MASX J02572290+0556473,SHASSA CC,1992ApJ___400__410B,no survey
2MASX J02572290+0556473,SHASSA C,1992ApJ___400__410B,no survey
2MASX J02572290+0556473,SHASSA Sm,1992ApJ___400__410B,no survey
ESO 532-22,Mellinger Red,1995ApJS___96___39B,exception
ESO 532-22,Mellinger Green,1995ApJS___96___39B,exception
ESO 532-22,Mellinger Blue,1995ApJS___96___39B,exception
ESO 532-22,SHASSA H,1995ApJS___96___39B,no survey
ESO 532-22,SHASSA CC,1995ApJS___96___39B,no survey
ESO 532-22,SHASSA C,1995ApJS___96___39B,no survey
ESO 532-22,SHASSA Sm,1995ApJS___96___39B,no survey
ASR   6,UKIDSS-Y,1991ApJ___369L__75H,no survey
Haro 4-243,Mellinger Red,1953ApJ___117___73H,exception
Haro 4-243,Mellinger Green,1953ApJ___117___73H,exception
Haro 4-243,Mellinger Blue,1953ApJ___117___73H,exception
Haro 4-243,SHASSA H,1953ApJ___117___73H,no survey
Haro 4-243,SHASSA CC,1953ApJ___117___73H,no survey
Haro 4-243,SHASSA C,1953ApJ___117___73H,no survey
Haro 4-243,SHASSA Sm,1953ApJ___117___73H,no survey
2MASX J12291656+1206150,SHASSA H,1986ApJS___60__475I,no survey
2MASX J12291656+1206150,SHASSA CC,1986ApJS___60__475I,no survey
2MASX J12291656+1206150,SHASSA C,1986ApJS___60__475I,no survey
2MASX J12291656+1206150,SHASSA Sm,1986ApJS___60__475I,no survey
IFM-B 1407,DSS1 Blue,1993ApJS___89___85I,no survey
ICRF J002225.4+001456,CO,1989AJ_____98___54J,no survey
ICRF J002225.4+001456,VLA FIRST (1.4 GHz),1989AJ_____98___54J,exception
ICRF J002225.4+001456,Stripe82VLA,1989AJ_____98___54J,no survey
Cl* NGC 2660    MMU    9025,Mellinger Red,1973ApJ___183__883H,exception
Cl* NGC 2660    MMU    9025,Mellinger Green,1973ApJ___183__883H,exception
Cl* NGC 2660    MMU    9025,Mellinger Blue,1973ApJ___183__883H,exception
Cl* NGC 2660    MMU    9025,SHASSA H,1973ApJ___183__883H,no survey
Cl* NGC 2660    MMU    9025,SHASSA CC,1973ApJ___183__883H,no survey
Cl* NGC 2660    MMU    9025,SHASSA C,1973ApJ___183__883H,no survey
Cl* NGC 2660    MMU    9025,SHASSA Sm,1973ApJ___183__883H,no survey
NGC   698,Mellinger Red,1981ApJS___46___75A,exception
NGC   698,Mellinger Green,1981ApJS___46___75A,exception
NGC   698,Mellinger Blue,1981ApJS___46___75A,exception
NGC   698,SHASSA H,1981ApJS___46___75A,no survey
NGC   698,SHASSA CC,1981ApJS___46___75A,no survey
NGC   698,SHASSA C,1981ApJS___46___75A,no survey
NGC   698,SHASSA Sm,1981ApJS___46___75A,no survey
US 3562,Mellinger Red,1984ApJS___56__393H,exception
US 3562,Mellinger Green,1984ApJS___56__393H,exception
US 3562,Mellinger Blue,1984ApJS___56__393H,exception
US 3562,SHASSA H,1984ApJS___56__393H,no survey
US 3562,SHASSA CC,1984ApJS___56__393H,no survey
US 3562,SHASSA C,1984ApJS___56__393H,no survey
US 3562,SHASSA Sm,1984ApJS___56__393H,no survey
[M60b]+32 189,Mellinger Red,1988ApJS___66__309S,exception
[M60b]+32 189,Mellinger Green,1988ApJS___66__309S,exception
[M60b]+32 189,Mellinger Blue,1988ApJS___66__309S,exception
[M60b]+32 189,SHASSA H,1988ApJS___66__309S,no survey
[M60b]+32 189,SHASSA CC,1988ApJS___66__309S,no survey
[M60b]+32 189,SHASSA C,1988ApJS___66__309S,no survey
[M60b]+32 189,SHASSA Sm,1988ApJS___66__309S,no survey
HD 184467,Mellinger Red,1987AJ_____93__688M,exception
HD 184467,Mellinger Green,1987AJ_____93__688M,exception
HD 184467,Mellinger Blue,1987AJ_____93__688M,exception
HD 184467,SHASSA H,1987AJ_____93__688M,no survey
HD 184467,SHASSA CC,1987AJ_____93__688M,no survey
HD 184467,SHASSA C,1987AJ_____93__688M,no survey
HD 184467,SHASSA Sm,1987AJ_____93__688M,no survey
SNR B013125+30192,DSS1 Blue,1996ApJ___466__750L,no survey
W 51,SUMSS 843 MHz,1992ApJS___81__715S,no survey
W 51,WENSS,1992ApJS___81__715S,no survey
2MASS J05360282-0504236,Mellinger Red,1995AJ____109__709A,exception
2MASS J05360282-0504236,Mellinger Green,1995AJ____109__709A,exception
2MASS J05360282-0504236,Mellinger Blue,1995AJ____109__709A,exception
2MASS J05360282-0504236,SHASSA H,1995AJ____109__709A,no survey
2MASS J05360282-0504236,SHASSA CC,1995AJ____109__709A,no survey
2MASS J05360282-0504236,SHASSA C,1995AJ____109__709A,no survey
2MASS J05360282-0504236,SHASSA Sm,1995AJ____109__709A,no survey
NGC   300,SHASSA H,1994ApJ___424__599M,no survey
NGC   300,SHASSA CC,1994ApJ___424__599M,no survey
NGC   300,SHASSA C,1994ApJ___424__599M,no survey
NGC   300,SHASSA Sm,1994ApJ___424__599M,no survey
NVSS J210802+462830,VLA FIRST (1.4 GHz),1996ApJS__107__239T,no survey
NVSS J210802+462830,Stripe82VLA,1996ApJS__107__239T,no survey
[SC95] M 604,DSS2 Blue,1995ApJS___96__605S,no survey
[JCH96] NGC  4565 h,Mellinger Red,1996ApJ___462____1J,exception
[JCH96] NGC  4565 h,Mellinger Green,1996ApJ___462____1J,exception
[JCH96] NGC  4565 h,Mellinger Blue,1996ApJ___462____1J,exception
[JCH96] NGC  4565 h,SHASSA H,1996ApJ___462____1J,no survey
[JCH96] NGC  4565 h,SHASSA CC,1996ApJ___462____1J,no survey
[JCH96] NGC  4565 h,SHASSA C,1996ApJ___462____1J,no survey
[JCH96] NGC  4565 h,SHASSA Sm,1996ApJ___462____1J,no survey
[SM2007] 108,Mellinger Red,1982ApJS___49__405C,exception
[SM2007] 108,Mellinger Green,1982ApJS___49__405C,exception
[SM2007] 108,Mellinger Blue,1982ApJS___49__405C,exception
[SM2007] 108,SHASSA H,1982ApJS___49__405C,no survey
[SM2007] 108,SHASSA CC,1982ApJS___49__405C,no survey
[SM2007] 108,SHASSA C,1982ApJS___49__405C,no survey
[SM2007] 108,SHASSA Sm,1982ApJS___49__405C,no survey
NGC  6205   800,Mellinger Red,1979AJ_____84__774C,exception
NGC  6205   800,Mellinger Green,1979AJ_____84__774C,exception
NGC  6205   800,Mellinger Blue,1979AJ_____84__774C,exception
NGC  6205   800,SHASSA H,1979AJ_____84__774C,no survey
NGC  6205   800,SHASSA CC,1979AJ_____84__774C,no survey
NGC  6205   800,SHASSA C,1979AJ_____84__774C,no survey
NGC  6205   800,SHASSA Sm,1979AJ_____84__774C,no survey
NGC  1559,Mellinger Red,1992ApJS___80__531F,exception
NGC  1559,Mellinger Green,1992ApJS___80__531F,exception
NGC  1559,Mellinger Blue,1992ApJS___80__531F,exception
NGC  1559,SHASSA H,1992ApJS___80__531F,no survey
NGC  1559,SHASSA CC,1992ApJS___80__531F,no survey
NGC  1559,SHASSA C,1992ApJS___80__531F,no survey
NGC  1559,SHASSA Sm,1992ApJS___80__531F,no survey
PB  2884,Mellinger Red,1984ApJS___56__393H,exception
PB  2884,Mellinger Green,1984ApJS___56__393H,exception
PB  2884,Mellinger Blue,1984ApJS___56__393H,exception
PB  2884,SHASSA H,1984ApJS___56__393H,no survey
PB  2884,SHASSA CC,1984ApJS___56__393H,no survey
PB  2884,SHASSA C,1984ApJS___56__393H,no survey
PB  2884,SHASSA Sm,1984ApJS___56__393H,no survey
IC 1929,Mellinger Red,1995ApJS___96___39B,exception
IC 1929,Mellinger Green,1995ApJS___96___39B,exception
IC 1929,Mellinger Blue,1995ApJS___96___39B,exception
IC 1929,SHASSA H,1995ApJS___96___39B,no survey
IC 1929,SHASSA CC,1995ApJS___96___39B,no survey
IC 1929,SHASSA C,1995ApJS___96___39B,no survey
IC 1929,SHASSA Sm,1995ApJS___96___39B,no survey
BD+55  1823,Mellinger Red,1974AJ_____79__702V,exception
BD+55  1823,Mellinger Green,1974AJ_____79__702V,exception
BD+55  1823,Mellinger Blue,1974AJ_____79__702V,exception
BD+55  1823,SHASSA H,1974AJ_____79__702V,no survey
BD+55  1823,SHASSA CC,1974AJ_____79__702V,no survey
BD+55  1823,SHASSA C,1974AJ_____79__702V,no survey
BD+55  1823,SHASSA Sm,1974AJ_____79__702V,no survey
* bet Lup,Mellinger Red,1914ApJ____40___43K,exception
* bet Lup,Mellinger Green,1914ApJ____40___43K,exception
* bet Lup,Mellinger Blue,1914ApJ____40___43K,exception
* bet Lup,SHASSA H,1914ApJ____40___43K,no survey
* bet Lup,SHASSA CC,1914ApJ____40___43K,no survey
* bet Lup,SHASSA C,1914ApJ____40___43K,no survey
* bet Lup,SHASSA Sm,1914ApJ____40___43K,no survey
HD 149738,DSS1 Blue,1996ApJS__104__101S,no survey
HD 149738,DSS1 Red,1996ApJS__104__101S,no survey
HD 149738,DSS2 Blue,1996ApJS__104__101S,no survey
Cl* NGC 6681    HAR      J,Mellinger Red,1975ApJS___29__397H,exception
Cl* NGC 6681    HAR      J,Mellinger Green,1975ApJS___29__397H,exception
Cl* NGC 6681    HAR      J,Mellinger Blue,1975ApJS___29__397H,exception
Cl* NGC 6681    HAR      J,SHASSA H,1975ApJS___29__397H,no survey
Cl* NGC 6681    HAR      J,SHASSA CC,1975ApJS___29__397H,no survey
Cl* NGC 6681    HAR      J,SHASSA C,1975ApJS___29__397H,no survey
Cl* NGC 6681    HAR      J,SHASSA Sm,1975ApJS___29__397H,no survey
V* RW LMi,Mellinger Red,1988ApJ___334__362C,exception
V* RW LMi,Mellinger Green,1988ApJ___334__362C,exception
V* RW LMi,Mellinger Blue,1988ApJ___334__362C,exception
V* RW LMi,SHASSA H,1988ApJ___334__362C,no survey
V* RW LMi,SHASSA CC,1988ApJ___334__362C,no survey
V* RW LMi,SHASSA C,1988ApJ___334__362C,no survey
V* RW LMi,SHASSA Sm,1988ApJ___334__362C,no survey
6C 095456+654857,Mellinger Red,1996ApJS__107__541L,exception
6C 095456+654857,Mellinger Green,1996ApJS__107__541L,exception
6C 095456+654857,Mellinger Blue,1996ApJS__107__541L,exception
6C 095456+654857,SHASSA H,1996ApJS__107__541L,no survey
6C 095456+654857,SHASSA CC,1996ApJS__107__541L,no survey
6C 095456+654857,SHASSA C,1996ApJS__107__541L,no survey
6C 095456+654857,SHASSA Sm,1996ApJS__107__541L,no survey
UGC  6684,Mellinger Red,1984ApJS___55__517S,exception
UGC  6684,Mellinger Green,1984ApJS___55__517S,exception
UGC  6684,Mellinger Blue,1984ApJS___55__517S,exception
UGC  6684,SHASSA H,1984ApJS___55__517S,no survey
UGC  6684,SHASSA CC,1984ApJS___55__517S,no survey
UGC  6684,SHASSA C,1984ApJS___55__517S,no survey
UGC  6684,SHASSA Sm,1984ApJS___55__517S,no survey
NGC  4952,Mellinger Red,1977ApJ___213__327A,exception
NGC  4952,Mellinger Green,1977ApJ___213__327A,exception
NGC  4952,Mellinger Blue,1977ApJ___213__327A,exception
NGC  4952,SHASSA H,1977ApJ___213__327A,no survey
NGC  4952,SHASSA CC,1977ApJ___213__327A,no survey
NGC  4952,SHASSA C,1977ApJ___213__327A,no survey
NGC  4952,SHASSA Sm,1977ApJ___213__327A,no survey
HD  53974,Mellinger Red,1937ApJ____86__509H,exception
HD  53974,Mellinger Green,1937ApJ____86__509H,exception
HD  53974,Mellinger Blue,1937ApJ____86__509H,exception
HD  53974,SHASSA H,1937ApJ____86__509H,no survey
HD  53974,SHASSA CC,1937ApJ____86__509H,no survey
HD  53974,SHASSA C,1937ApJ____86__509H,no survey
HD  53974,SHASSA Sm,1937ApJ____86__509H,no survey
BMB-BW  88,Mellinger Red,1981ApJ___243__744R,exception
BMB-BW  88,Mellinger Green,1981ApJ___243__744R,exception
BMB-BW  88,Mellinger Blue,1981ApJ___243__744R,exception
BMB-BW  88,SHASSA H,1981ApJ___243__744R,no survey
BMB-BW  88,SHASSA CC,1981ApJ___243__744R,no survey
BMB-BW  88,SHASSA C,1981ApJ___243__744R,no survey
BMB-BW  88,SHASSA Sm,1981ApJ___243__744R,no survey
ICRF J145907.5+714019,VLA FIRST (1.4 GHz),1971ApJ___170__233B,no survey
ICRF J145907.5+714019,Stripe82VLA,1971ApJ___170__233B,no survey
CSO  552,Mellinger Red,1989ApJS___70__163P,exception
CSO  552,Mellinger Green,1989ApJS___70__163P,exception
CSO  552,Mellinger Blue,1989ApJS___70__163P,exception
CSO  552,SHASSA H,1989ApJS___70__163P,no survey
CSO  552,SHASSA CC,1989ApJS___70__163P,no survey
CSO  552,SHASSA C,1989ApJS___70__163P,no survey
CSO  552,SHASSA Sm,1989ApJS___70__163P,no survey
NGC  2168   221,Mellinger Red,1986AJ_____91__557M,exception
NGC  2168   221,Mellinger Green,1986AJ_____91__557M,exception
NGC  2168   221,Mellinger Blue,1986AJ_____91__557M,exception
NGC  2168   221,SHASSA H,1986AJ_____91__557M,no survey
NGC  2168   221,SHASSA CC,1986AJ_____91__557M,no survey
NGC  2168   221,SHASSA C,1986AJ_____91__557M,no survey
NGC  2168   221,SHASSA Sm,1986AJ_____91__557M,no survey
Cowie 124,SUMSS 843 MHz,1996AJ____112__359V,no survey
Cowie 124,TGSS ADR1,1996AJ____112__359V,no survey
CFRS 22.0661,Mellinger Red,1995ApJ___455___75L,exception
CFRS 22.0661,Mellinger Green,1995ApJ___455___75L,exception
CFRS 22.0661,Mellinger Blue,1995ApJ___455___75L,exception
CFRS 22.0661,SHASSA H,1995ApJ___455___75L,no survey
CFRS 22.0661,SHASSA CC,1995ApJ___455___75L,no survey
CFRS 22.0661,SHASSA C,1995ApJ___455___75L,no survey
CFRS 22.0661,SHASSA Sm,1995ApJ___455___75L,no survey
CD-54  6589,Mellinger Red,1968AJ_____73__590D,exception
CD-54  6589,Mellinger Green,1968AJ_____73__590D,exception
CD-54  6589,Mellinger Blue,1968AJ_____73__590D,exception
CD-54  6589,SHASSA H,1968AJ_____73__590D,no survey
CD-54  6589,SHASSA CC,1968AJ_____73__590D,no survey
CD-54  6589,SHASSA C,1968AJ_____73__590D,no survey
CD-54  6589,SHASSA Sm,1968AJ_____73__590D,no survey
[MTG95] B-143,DSS,1995AJ____109__173M,no survey
[MTG95] B-143,DSS1 Blue,1995AJ____109__173M,no survey
[MTG95] B-143,DSS1 Red,1995AJ____109__173M,no survey
[MTG95] B-143,DSS2 Red,1995AJ____109__173M,no survey
[MTG95] B-143,DSS2 Blue,1995AJ____109__173M,no survey
[MTG95] B-143,DSS2 IR,1995AJ____109__173M,no survey
[HIB95]  82-22,Mellinger Red,1995ApJS___98__595H,exception
[HIB95]  82-22,Mellinger Green,1995ApJS___98__595H,exception
[HIB95]  82-22,Mellinger Blue,1995ApJS___98__595H,exception
[HIB95]  82-22,SHASSA H,1995ApJS___98__595H,no survey
[HIB95]  82-22,SHASSA CC,1995ApJS___98__595H,no survey
[HIB95]  82-22,SHASSA C,1995ApJS___98__595H,no survey
[HIB95]  82-22,SHASSA Sm,1995ApJS___98__595H,no survey
LHA 120-N 157,DSS1 Blue,1988ApJ___334__144K,no survey
LHA 120-N 157,DSS1 Red,1988ApJ___334__144K,no survey
[MM63] 1-68,Mellinger Red,1963AJ_____68__319M,exception
[MM63] 1-68,Mellinger Green,1963AJ_____68__319M,exception
[MM63] 1-68,Mellinger Blue,1963AJ_____68__319M,exception
[MM63] 1-68,SHASSA H,1963AJ_____68__319M,no survey
[MM63] 1-68,SHASSA CC,1963AJ_____68__319M,no survey
[MM63] 1-68,SHASSA C,1963AJ_____68__319M,no survey
[MM63] 1-68,SHASSA Sm,1963AJ_____68__319M,no survey
2MASS J21300730+1210506,Mellinger Red,1990AJ____100__162D,exception
2MASS J21300730+1210506,Mellinger Green,1990AJ____100__162D,exception
2MASS J21300730+1210506,Mellinger Blue,1990AJ____100__162D,exception
2MASS J21300730+1210506,SHASSA H,1990AJ____100__162D,no survey
2MASS J21300730+1210506,SHASSA CC,1990AJ____100__162D,no survey
2MASS J21300730+1210506,SHASSA C,1990AJ____100__162D,no survey
2MASS J21300730+1210506,SHASSA Sm,1990AJ____100__162D,no survey
V* V2274 Ori,Mellinger Red,1988AJ_____95_1755J,exception
V* V2274 Ori,Mellinger Green,1988AJ_____95_1755J,exception
V* V2274 Ori,Mellinger Blue,1988AJ_____95_1755J,exception
V* V2274 Ori,SHASSA H,1988AJ_____95_1755J,no survey
V* V2274 Ori,SHASSA CC,1988AJ_____95_1755J,no survey
V* V2274 Ori,SHASSA C,1988AJ_____95_1755J,no survey
V* V2274 Ori,SHASSA Sm,1988AJ_____95_1755J,no survey
LEDA 1288378,SHASSA H,1981ApJ___243___26D,no survey
LEDA 1288378,SHASSA CC,1981ApJ___243___26D,no survey
LEDA 1288378,SHASSA C,1981ApJ___243___26D,no survey
LEDA 1288378,SHASSA Sm,1981ApJ___243___26D,no survey
BMB-BW 176,Mellinger Red,1990ApJ___365__168F,exception
BMB-BW 176,Mellinger Green,1990ApJ___365__168F,exception
BMB-BW 176,Mellinger Blue,1990ApJ___365__168F,exception
BMB-BW 176,SHASSA H,1990ApJ___365__168F,no survey
BMB-BW 176,SHASSA CC,1990ApJ___365__168F,no survey
BMB-BW 176,SHASSA C,1990ApJ___365__168F,no survey
BMB-BW 176,SHASSA Sm,1990ApJ___365__168F,no survey
[H69] NGC 2403  77,DSS,1969ApJS___18___73H,no survey
[H69] NGC 2403  77,DSS1 Blue,1969ApJS___18___73H,no survey
[H69] NGC 2403  77,DSS1 Red,1969ApJS___18___73H,no survey
[H69] NGC 2403  77,DSS2 Red,1969ApJS___18___73H,no survey
[H69] NGC 2403  77,DSS2 Blue,1969ApJS___18___73H,no survey
[H69] NGC 2403  77,DSS2 IR,1969ApJS___18___73H,no survey
2MASX J13004111+2753416,Mellinger Red,1968ApJ___152_1057R,exception
2MASX J13004111+2753416,Mellinger Green,1968ApJ___152_1057R,exception
2MASX J13004111+2753416,Mellinger Blue,1968ApJ___152_1057R,exception
2MASX J13004111+2753416,SHASSA H,1968ApJ___152_1057R,no survey
2MASX J13004111+2753416,SHASSA CC,1968ApJ___152_1057R,no survey
2MASX J13004111+2753416,SHASSA C,1968ApJ___152_1057R,no survey
2MASX J13004111+2753416,SHASSA Sm,1968ApJ___152_1057R,no survey
[GBM92] Cl 0043-25  80,DSS,1992AJ____104_1290G,no survey
[GBM92] Cl 0043-25  80,DSS1 Blue,1992AJ____104_1290G,no survey
[GBM92] Cl 0043-25  80,DSS1 Red,1992AJ____104_1290G,no survey
[GBM92] Cl 0043-25  80,DSS2 Red,1992AJ____104_1290G,no survey
[GBM92] Cl 0043-25  80,DSS2 Blue,1992AJ____104_1290G,no survey
[GBM92] Cl 0043-25  80,DSS2 IR,1992AJ____104_1290G,no survey
NGC  6341  8030,Mellinger Red,1966ApJ___143__313S,exception
NGC  6341  8030,Mellinger Green,1966ApJ___143__313S,exception
NGC  6341  8030,Mellinger Blue,1966ApJ___143__313S,exception
NGC  6341  8030,SHASSA H,1966ApJ___143__313S,no survey
NGC  6341  8030,SHASSA CC,1966ApJ___143__313S,no survey
NGC  6341  8030,SHASSA C,1966ApJ___143__313S,no survey
NGC  6341  8030,SHASSA Sm,1966ApJ___143__313S,no survey
3C 344,Mellinger Red,1982AJ_____87_1150M,exception
3C 344,Mellinger Green,1982AJ_____87_1150M,exception
3C 344,Mellinger Blue,1982AJ_____87_1150M,exception
3C 344,SHASSA H,1982AJ_____87_1150M,no survey
3C 344,SHASSA CC,1982AJ_____87_1150M,no survey
3C 344,SHASSA C,1982AJ_____87_1150M,no survey
3C 344,SHASSA Sm,1982AJ_____87_1150M,no survey
6dFGS gJ023901.3-193650,Mellinger Red,1997AJ____114__244C,exception
6dFGS gJ023901.3-193650,Mellinger Green,1997AJ____114__244C,exception
6dFGS gJ023901.3-193650,Mellinger Blue,1997AJ____114__244C,exception
6dFGS gJ023901.3-193650,SHASSA H,1997AJ____114__244C,no survey
6dFGS gJ023901.3-193650,SHASSA CC,1997AJ____114__244C,no survey
6dFGS gJ023901.3-193650,SHASSA C,1997AJ____114__244C,no survey
6dFGS gJ023901.3-193650,SHASSA Sm,1997AJ____114__244C,no survey
Cl* NGC 6934    SAW V31,Mellinger Red,1973AJ_____78__242H,exception
Cl* NGC 6934    SAW V31,Mellinger Green,1973AJ_____78__242H,exception
Cl* NGC 6934    SAW V31,Mellinger Blue,1973AJ_____78__242H,exception
Cl* NGC 6934    SAW V31,SHASSA H,1973AJ_____78__242H,no survey
Cl* NGC 6934    SAW V31,SHASSA CC,1973AJ_____78__242H,no survey
Cl* NGC 6934    SAW V31,SHASSA C,1973AJ_____78__242H,no survey
Cl* NGC 6934    SAW V31,SHASSA Sm,1973AJ_____78__242H,no survey
Cl* NGC 6656    CUD     218,DSS,1986AJ_____92__348C,no survey
Cl* NGC 6656    CUD     218,DSS1 Blue,1986AJ_____92__348C,no survey
Cl* NGC 6656    CUD     218,DSS1 Red,1986AJ_____92__348C,no survey
Cl* NGC 6656    CUD     218,DSS2 Red,1986AJ_____92__348C,no survey
Cl* NGC 6656    CUD     218,DSS2 Blue,1986AJ_____92__348C,no survey
Cl* NGC 6656    CUD     218,DSS2 IR,1986AJ_____92__348C,no survey
NGC  1918,DSS1 Blue,1988AJ_____96_1874C,no survey
NGC  1918,DSS1 Red,1988AJ_____96_1874C,no survey
NGC  1918,DSS2 Blue,1988AJ_____96_1874C,no survey
2MASS J10275592+1715246,Mellinger Red,1991AJ____102__395H,exception
2MASS J10275592+1715246,Mellinger Green,1991AJ____102__395H,exception
2MASS J10275592+1715246,Mellinger Blue,1991AJ____102__395H,exception
2MASS J10275592+1715246,SHASSA H,1991AJ____102__395H,no survey
2MASS J10275592+1715246,SHASSA CC,1991AJ____102__395H,no survey
2MASS J10275592+1715246,SHASSA C,1991AJ____102__395H,no survey
2MASS J10275592+1715246,SHASSA Sm,1991AJ____102__395H,no survey
[DMS93] NGC 595  90,DSS1 Blue,1993AJ____105_1400D,no survey
EM* MWC   90,Mellinger Red,1933ApJ____78___87M,exception
EM* MWC   90,Mellinger Green,1933ApJ____78___87M,exception
EM* MWC   90,Mellinger Blue,1933ApJ____78___87M,exception
EM* MWC   90,SHASSA H,1933ApJ____78___87M,no survey
EM* MWC   90,SHASSA CC,1933ApJ____78___87M,no survey
EM* MWC   90,SHASSA C,1933ApJ____78___87M,no survey
EM* MWC   90,SHASSA Sm,1933ApJ____78___87M,no survey
[LM93] 174,DSS,1993AJ____106___66L,no survey
[LM93] 174,DSS1 Blue,1993AJ____106___66L,no survey
[LM93] 174,DSS1 Red,1993AJ____106___66L,no survey
[LM93] 174,DSS2 Red,1993AJ____106___66L,no survey
[LM93] 174,DSS2 Blue,1993AJ____106___66L,no survey
[LM93] 174,DSS2 IR,1993AJ____106___66L,no survey
LMC-BM   3-3,Mellinger Red,1990AJ____100__674B,exception
LMC-BM   3-3,Mellinger Green,1990AJ____100__674B,exception
LMC-BM   3-3,Mellinger Blue,1990AJ____100__674B,exception
LMC-BM   3-3,SHASSA H,1990AJ____100__674B,no survey
LMC-BM   3-3,SHASSA CC,1990AJ____100__674B,no survey
LMC-BM   3-3,SHASSA C,1990AJ____100__674B,no survey
LMC-BM   3-3,SHASSA Sm,1990AJ____100__674B,no survey
Ford M 31 191,Mellinger Red,1978ApJS___38__351F,exception
Ford M 31 191,Mellinger Green,1978ApJS___38__351F,exception
Ford M 31 191,Mellinger Blue,1978ApJS___38__351F,exception
Ford M 31 191,SHASSA H,1978ApJS___38__351F,no survey
Ford M 31 191,SHASSA CC,1978ApJS___38__351F,no survey
Ford M 31 191,SHASSA C,1978ApJS___38__351F,no survey
Ford M 31 191,SHASSA Sm,1978ApJS___38__351F,no survey
NGC  5904   718,Mellinger Red,1993AJ____106_1524R,exception
NGC  5904   718,Mellinger Green,1993AJ____106_1524R,exception
NGC  5904   718,Mellinger Blue,1993AJ____106_1524R,exception
NGC  5904   718,SHASSA H,1993AJ____106_1524R,no survey
NGC  5904   718,SHASSA CC,1993AJ____106_1524R,no survey
NGC  5904   718,SHASSA C,1993AJ____106_1524R,no survey
NGC  5904   718,SHASSA Sm,1993AJ____106_1524R,no survey
V* DK Cha,DSS1 Blue,1993AJ____105_1511H,no survey
V* DK Cha,DSS1 Red,1993AJ____105_1511H,no survey
2MASX J04294478-6130550,Mellinger Red,1996AJ____112___36Q,exception
2MASX J04294478-6130550,Mellinger Green,1996AJ____112___36Q,exception
2MASX J04294478-6130550,Mellinger Blue,1996AJ____112___36Q,exception
2MASX J04294478-6130550,SHASSA H,1996AJ____112___36Q,no survey
2MASX J04294478-6130550,SHASSA CC,1996AJ____112___36Q,no survey
2MASX J04294478-6130550,SHASSA C,1996AJ____112___36Q,no survey
2MASX J04294478-6130550,SHASSA Sm,1996AJ____112___36Q,no survey
QSO B2203+2915,Mellinger Red,1991AJ____101_2004S,exception
QSO B2203+2915,Mellinger Green,1991AJ____101_2004S,exception
QSO B2203+2915,Mellinger Blue,1991AJ____101_2004S,exception
QSO B2203+2915,SHASSA H,1991AJ____101_2004S,no survey
QSO B2203+2915,SHASSA CC,1991AJ____101_2004S,no survey
QSO B2203+2915,SHASSA C,1991AJ____101_2004S,no survey
QSO B2203+2915,SHASSA Sm,1991AJ____101_2004S,no survey
WSRTGP 2029+3601,DSS,1996ApJS__107__239T,no survey
WSRTGP 2029+3601,DSS1 Blue,1996ApJS__107__239T,no survey
WSRTGP 2029+3601,DSS1 Red,1996ApJS__107__239T,no survey
WSRTGP 2029+3601,DSS2 Red,1996ApJS__107__239T,no survey
WSRTGP 2029+3601,DSS2 Blue,1996ApJS__107__239T,no survey
WSRTGP 2029+3601,DSS2 IR,1996ApJS__107__239T,no survey
Cl* IC 4651    AMC    I-88,DSS1 Blue,1988AJ_____95_1453A,no survey
Cl* IC 4651    AMC    I-88,DSS1 Red,1988AJ_____95_1453A,no survey
Cl* IC 4651    AMC    I-88,DSS2 Blue,1988AJ_____95_1453A,no survey
BD+65  1966,Mellinger Red,1968ApJS___16__275M,exception
BD+65  1966,Mellinger Green,1968ApJS___16__275M,exception
BD+65  1966,Mellinger Blue,1968ApJS___16__275M,exception
BD+65  1966,SHASSA H,1968ApJS___16__275M,no survey
BD+65  1966,SHASSA CC,1968ApJS___16__275M,no survey
BD+65  1966,SHASSA C,1968ApJS___16__275M,no survey
BD+65  1966,SHASSA Sm,1968ApJS___16__275M,no survey
HD 190007,Mellinger Red,1982ApJ___260__655Z,exception
HD 190007,Mellinger Green,1982ApJ___260__655Z,exception
HD 190007,Mellinger Blue,1982ApJ___260__655Z,exception
HD 190007,SHASSA H,1982ApJ___260__655Z,no survey
HD 190007,SHASSA CC,1982ApJ___260__655Z,no survey
HD 190007,SHASSA C,1982ApJ___260__655Z,no survey
HD 190007,SHASSA Sm,1982ApJ___260__655Z,no survey
2MASS J05353433-0624227,Mellinger Red,1992AJ____104_2193H,exception
2MASS J05353433-0624227,Mellinger Green,1992AJ____104_2193H,exception
2MASS J05353433-0624227,Mellinger Blue,1992AJ____104_2193H,exception
2MASS J05353433-0624227,SHASSA H,1992AJ____104_2193H,no survey
2MASS J05353433-0624227,SHASSA CC,1992AJ____104_2193H,no survey
2MASS J05353433-0624227,SHASSA C,1992AJ____104_2193H,no survey
2MASS J05353433-0624227,SHASSA Sm,1992AJ____104_2193H,no survey
W 51,VLA FIRST (1.4 GHz),1996AJ____111_1651F,no survey
W 51,Stripe82VLA,1996AJ____111_1651F,no survey
NGC  2264   191,SHASSA H,1956ApJS____2__365W,no survey
NGC  2264   191,SHASSA CC,1956ApJS____2__365W,no survey
NGC  2264   191,SHASSA C,1956ApJS____2__365W,no survey
NGC  2264   191,SHASSA Sm,1956ApJS____2__365W,no survey
LEDA   90258,Mellinger Red,1996AJ____111_1025M,exception
LEDA   90258,Mellinger Green,1996AJ____111_1025M,exception
LEDA   90258,Mellinger Blue,1996AJ____111_1025M,exception
LEDA   90258,SHASSA H,1996AJ____111_1025M,no survey
LEDA   90258,SHASSA CC,1996AJ____111_1025M,no survey
LEDA   90258,SHASSA C,1996AJ____111_1025M,no survey
LEDA   90258,SHASSA Sm,1996AJ____111_1025M,no survey
[SSL95] C1-V2,Mellinger Red,1995ApJ___438____8S,exception
[SSL95] C1-V2,Mellinger Green,1995ApJ___438____8S,exception
[SSL95] C1-V2,Mellinger Blue,1995ApJ___438____8S,exception
[SSL95] C1-V2,SHASSA H,1995ApJ___438____8S,no survey
[SSL95] C1-V2,SHASSA CC,1995ApJ___438____8S,no survey
[SSL95] C1-V2,SHASSA C,1995ApJ___438____8S,no survey
[SSL95] C1-V2,SHASSA Sm,1995ApJ___438____8S,no survey
NGC  2264   181,SHASSA H,1965ApJ___142__974M,no survey
NGC  2264   181,SHASSA CC,1965ApJ___142__974M,no survey
NGC  2264   181,SHASSA C,1965ApJ___142__974M,no survey
NGC  2264   181,SHASSA Sm,1965ApJ___142__974M,no survey
EV* M31 V0137,Mellinger Red,1965AJ_____70__212B,exception
EV* M31 V0137,Mellinger Green,1965AJ_____70__212B,exception
EV* M31 V0137,Mellinger Blue,1965AJ_____70__212B,exception
EV* M31 V0137,SHASSA H,1965AJ_____70__212B,no survey
EV* M31 V0137,SHASSA CC,1965AJ_____70__212B,no survey
EV* M31 V0137,SHASSA C,1965AJ_____70__212B,no survey
EV* M31 V0137,SHASSA Sm,1965AJ_____70__212B,no survey
QSO B2345+007,Mellinger Red,1983ApJ___272__411G,exception
QSO B2345+007,Mellinger Green,1983ApJ___272__411G,exception
QSO B2345+007,Mellinger Blue,1983ApJ___272__411G,exception
QSO B2345+007,SHASSA H,1983ApJ___272__411G,no survey
QSO B2345+007,SHASSA CC,1983ApJ___272__411G,no survey
QSO B2345+007,SHASSA C,1983ApJ___272__411G,no survey
QSO B2345+007,SHASSA Sm,1983ApJ___272__411G,no survey
OGLE Scl 5375,Mellinger Red,1995AJ____110_2747S,exception
OGLE Scl 5375,Mellinger Green,1995AJ____110_2747S,exception
OGLE Scl 5375,Mellinger Blue,1995AJ____110_2747S,exception
OGLE Scl 5375,SHASSA H,1995AJ____110_2747S,no survey
OGLE Scl 5375,SHASSA CC,1995AJ____110_2747S,no survey
OGLE Scl 5375,SHASSA C,1995AJ____110_2747S,no survey
OGLE Scl 5375,SHASSA Sm,1995AJ____110_2747S,no survey
SP77  28-18,Mellinger Red,1984ApJ___286__196C,exception
SP77  28-18,Mellinger Green,1984ApJ___286__196C,exception
SP77  28-18,Mellinger Blue,1984ApJ___286__196C,exception
SP77  28-18,SHASSA H,1984ApJ___286__196C,no survey
SP77  28-18,SHASSA CC,1984ApJ___286__196C,no survey
SP77  28-18,SHASSA C,1984ApJ___286__196C,no survey
SP77  28-18,SHASSA Sm,1984ApJ___286__196C,no survey
CPD-54  7124,DSS1 Blue,1968AJ_____73__590D,no survey
CPD-54  7124,DSS1 Red,1968AJ_____73__590D,no survey
CPD-54  7124,DSS2 Blue,1968AJ_____73__590D,no survey
4C 54.15,SUMSS 843 MHz,1994AJ____107__385F,no survey
HD 143414,Mellinger Red,1996ApJ___461__750C,exception
HD 143414,Mellinger Green,1996ApJ___461__750C,exception
HD 143414,Mellinger Blue,1996ApJ___461__750C,exception
HD 143414,SHASSA H,1996ApJ___461__750C,no survey
HD 143414,SHASSA CC,1996ApJ___461__750C,no survey
HD 143414,SHASSA C,1996ApJ___461__750C,no survey
HD 143414,SHASSA Sm,1996ApJ___461__750C,no survey
NGC  4725,Mellinger Red,1980AJ_____85__637D,exception
NGC  4725,Mellinger Green,1980AJ_____85__637D,exception
NGC  4725,Mellinger Blue,1980AJ_____85__637D,exception
NGC  4725,SHASSA H,1980AJ_____85__637D,no survey
NGC  4725,SHASSA CC,1980AJ_____85__637D,no survey
NGC  4725,SHASSA C,1980AJ_____85__637D,no survey
NGC  4725,SHASSA Sm,1980AJ_____85__637D,no survey
ESO 195-3,Mellinger Red,1995ApJS___96___39B,exception
ESO 195-3,Mellinger Green,1995ApJS___96___39B,exception
ESO 195-3,Mellinger Blue,1995ApJS___96___39B,exception
ESO 195-3,SHASSA H,1995ApJS___96___39B,no survey
ESO 195-3,SHASSA CC,1995ApJS___96___39B,no survey
ESO 195-3,SHASSA C,1995ApJS___96___39B,no survey
ESO 195-3,SHASSA Sm,1995ApJS___96___39B,no survey
Cl* NGC 5053    SAN       7,Mellinger Red,1977AJ_____82__389S,exception
Cl* NGC 5053    SAN       7,Mellinger Green,1977AJ_____82__389S,exception
Cl* NGC 5053    SAN       7,Mellinger Blue,1977AJ_____82__389S,exception
Cl* NGC 5053    SAN       7,SHASSA H,1977AJ_____82__389S,no survey
Cl* NGC 5053    SAN       7,SHASSA CC,1977AJ_____82__389S,no survey
Cl* NGC 5053    SAN       7,SHASSA C,1977AJ_____82__389S,no survey
Cl* NGC 5053    SAN       7,SHASSA Sm,1977AJ_____82__389S,no survey
HD 319139,Mellinger Red,1989AJ_____98__987M,exception
HD 319139,Mellinger Green,1989AJ_____98__987M,exception
HD 319139,Mellinger Blue,1989AJ_____98__987M,exception
HD 319139,SHASSA H,1989AJ_____98__987M,no survey
HD 319139,SHASSA CC,1989AJ_____98__987M,no survey
HD 319139,SHASSA C,1989AJ_____98__987M,no survey
HD 319139,SHASSA Sm,1989AJ_____98__987M,no survey
HH  53A,DSS1 Blue,1984AJ_____89_1735S,no survey
HH  53A,DSS1 Red,1984AJ_____89_1735S,no survey
PKS 1232-41,VLA FIRST (1.4 GHz),1970AJ_____75_1164L,no survey
PKS 1232-41,Stripe82VLA,1970AJ_____75_1164L,no survey
PKS 1232-41,EBHIS,1970AJ_____75_1164L,no survey
2MASS J00144470-2303126,Mellinger Red,1997AJ____114_2353C,exception
2MASS J00144470-2303126,Mellinger Green,1997AJ____114_2353C,exception
2MASS J00144470-2303126,Mellinger Blue,1997AJ____114_2353C,exception
2MASS J00144470-2303126,SHASSA H,1997AJ____114_2353C,no survey
2MASS J00144470-2303126,SHASSA CC,1997AJ____114_2353C,no survey
2MASS J00144470-2303126,SHASSA C,1997AJ____114_2353C,no survey
2MASS J00144470-2303126,SHASSA Sm,1997AJ____114_2353C,no survey
V* V1509 Ori,SHASSA H,1988AJ_____95_1755J,no survey
V* V1509 Ori,SHASSA CC,1988AJ_____95_1755J,no survey
V* V1509 Ori,SHASSA C,1988AJ_____95_1755J,no survey
V* V1509 Ori,SHASSA Sm,1988AJ_____95_1755J,no survey
GSC 01042-02729,Mellinger Red,1959ApJ___130__178W,exception
GSC 01042-02729,Mellinger Green,1959ApJ___130__178W,exception
GSC 01042-02729,Mellinger Blue,1959ApJ___130__178W,exception
GSC 01042-02729,SHASSA H,1959ApJ___130__178W,no survey
GSC 01042-02729,SHASSA CC,1959ApJ___130__178W,no survey
GSC 01042-02729,SHASSA C,1959ApJ___130__178W,no survey
GSC 01042-02729,SHASSA Sm,1959ApJ___130__178W,no survey
87GB 094424.0+095725,Mellinger Red,1995ApJS___97__347G,exception
87GB 094424.0+095725,Mellinger Green,1995ApJS___97__347G,exception
87GB 094424.0+095725,Mellinger Blue,1995ApJS___97__347G,exception
87GB 094424.0+095725,SHASSA H,1995ApJS___97__347G,no survey
87GB 094424.0+095725,SHASSA CC,1995ApJS___97__347G,no survey
87GB 094424.0+095725,SHASSA C,1995ApJS___97__347G,no survey
87GB 094424.0+095725,SHASSA Sm,1995ApJS___97__347G,no survey
Ton S 189,Mellinger Red,1968ApJ___153__723E,exception
Ton S 189,Mellinger Green,1968ApJ___153__723E,exception
Ton S 189,Mellinger Blue,1968ApJ___153__723E,exception
Ton S 189,SHASSA H,1968ApJ___153__723E,no survey
Ton S 189,SHASSA CC,1968ApJ___153__723E,no survey
Ton S 189,SHASSA C,1968ApJ___153__723E,no survey
Ton S 189,SHASSA Sm,1968ApJ___153__723E,no survey
Cl* Melotte   25     VA     145,Mellinger Red,1969AJ_____74____2V,exception
Cl* Melotte   25     VA     145,Mellinger Green,1969AJ_____74____2V,exception
Cl* Melotte   25     VA     145,Mellinger Blue,1969AJ_____74____2V,exception
Cl* Melotte   25     VA     145,SHASSA H,1969AJ_____74____2V,no survey
Cl* Melotte   25     VA     145,SHASSA CC,1969AJ_____74____2V,no survey
Cl* Melotte   25     VA     145,SHASSA C,1969AJ_____74____2V,no survey
Cl* Melotte   25     VA     145,SHASSA Sm,1969AJ_____74____2V,no survey
NGC  4839,SHASSA H,1985ApJ___299___41H,no survey
NGC  4839,SHASSA CC,1985ApJ___299___41H,no survey
NGC  4839,SHASSA C,1985ApJ___299___41H,no survey
NGC  4839,SHASSA Sm,1985ApJ___299___41H,no survey
HD  37367,Mellinger Red,1991ApJ___383__645B,exception
HD  37367,Mellinger Green,1991ApJ___383__645B,exception
HD  37367,Mellinger Blue,1991ApJ___383__645B,exception
HD  37367,SHASSA H,1991ApJ___383__645B,no survey
HD  37367,SHASSA CC,1991ApJ___383__645B,no survey
HD  37367,SHASSA C,1991ApJ___383__645B,no survey
HD  37367,SHASSA Sm,1991ApJ___383__645B,no survey
LDN 1063,DSS1 Blue,1994ApJS___95__419D,no images
NGC  3684,Mellinger Red,1967AJ_____72__129H,exception
NGC  3684,Mellinger Green,1967AJ_____72__129H,exception
NGC  3684,Mellinger Blue,1967AJ_____72__129H,exception
NGC  3684,SHASSA H,1967AJ_____72__129H,no survey
NGC  3684,SHASSA CC,1967AJ_____72__129H,no survey
NGC  3684,SHASSA C,1967AJ_____72__129H,no survey
NGC  3684,SHASSA Sm,1967AJ_____72__129H,no survey
JW  532,Mellinger Red,1996AJ____111__846O,exception
JW  532,Mellinger Green,1996AJ____111__846O,exception
JW  532,Mellinger Blue,1996AJ____111__846O,exception
JW  532,SHASSA H,1996AJ____111__846O,no survey
JW  532,SHASSA CC,1996AJ____111__846O,no survey
JW  532,SHASSA C,1996AJ____111__846O,no survey
JW  532,SHASSA Sm,1996AJ____111__846O,no survey
PSR B1509-58,DSS1 Blue,1994ApJ___437__781F,no survey
PSR B1509-58,DSS1 Red,1994ApJ___437__781F,no survey
PSR B1509-58,DSS2 Blue,1994ApJ___437__781F,no survey
SN 1993J,VLA FIRST (1.4 GHz),1994ApJS___92__351G,no survey
SN 1993J,Stripe82VLA,1994ApJS___92__351G,no survey
SHV 0516298-723618,Mellinger Red,1989AJ_____97_1634H,exception
SHV 0516298-723618,Mellinger Green,1989AJ_____97_1634H,exception
SHV 0516298-723618,Mellinger Blue,1989AJ_____97_1634H,exception
SHV 0516298-723618,SHASSA H,1989AJ_____97_1634H,no survey
SHV 0516298-723618,SHASSA CC,1989AJ_____97_1634H,no survey
SHV 0516298-723618,SHASSA C,1989AJ_____97_1634H,no survey
SHV 0516298-723618,SHASSA Sm,1989AJ_____97_1634H,no survey
SB 389,SHASSA H,1971AJ_____76__338S,no survey
SB 389,SHASSA CC,1971AJ_____76__338S,no survey
SB 389,SHASSA C,1971AJ_____76__338S,no survey
SB 389,SHASSA Sm,1971AJ_____76__338S,no survey
[GCB88] 29,DSS,1988ApJ___331__181G,no survey
[GCB88] 29,DSS1 Blue,1988ApJ___331__181G,no survey
[GCB88] 29,DSS1 Red,1988ApJ___331__181G,no survey
[GCB88] 29,DSS2 Red,1988ApJ___331__181G,no survey
[GCB88] 29,DSS2 Blue,1988ApJ___331__181G,no survey
[GCB88] 29,DSS2 IR,1988ApJ___331__181G,no survey
HD  25457,SHASSA H,1996ApJS__102__129B,no survey
HD  25457,SHASSA CC,1996ApJS__102__129B,no survey
HD  25457,SHASSA C,1996ApJS__102__129B,no survey
HD  25457,SHASSA Sm,1996ApJS__102__129B,no survey
HD 165481,DSS2 Blue,1996AJ____112_2260M,no survey
NVSS J192832+175008,SUMSS 843 MHz,1990ApJS___74__181Z,no survey
NVSS J192832+175008,WENSS,1990ApJS___74__181Z,no survey
IC 1971,DSS1 Blue,1995ApJS___96___39B,no survey
IC 1971,DSS1 Red,1995ApJS___96___39B,no survey
[TP95] NGC  7590  62,DSS1 Blue,1995ApJS__101__287T,no survey
[TP95] NGC  7590  62,DSS1 Red,1995ApJS__101__287T,no survey
6dFGS gJ184806.7-630619,DSS1 Blue,1989ApJS___70__139B,no survey
6dFGS gJ184806.7-630619,DSS1 Red,1989ApJS___70__139B,no survey
*   3 Cen,Mellinger Red,1968ApJ___152L_177Z,exception
*   3 Cen,Mellinger Green,1968ApJ___152L_177Z,exception
*   3 Cen,Mellinger Blue,1968ApJ___152L_177Z,exception
*   3 Cen,SHASSA H,1968ApJ___152L_177Z,no survey
*   3 Cen,SHASSA CC,1968ApJ___152L_177Z,no survey
*   3 Cen,SHASSA C,1968ApJ___152L_177Z,no survey
*   3 Cen,SHASSA Sm,1968ApJ___152L_177Z,no survey
[EKS96] NGC 5033 176,Mellinger Red,1996ApJS__105___93E,exception
[EKS96] NGC 5033 176,Mellinger Green,1996ApJS__105___93E,exception
[EKS96] NGC 5033 176,Mellinger Blue,1996ApJS__105___93E,exception
[EKS96] NGC 5033 176,SHASSA H,1996ApJS__105___93E,no survey
[EKS96] NGC 5033 176,SHASSA CC,1996ApJS__105___93E,no survey
[EKS96] NGC 5033 176,SHASSA C,1996ApJS__105___93E,no survey
[EKS96] NGC 5033 176,SHASSA Sm,1996ApJS__105___93E,no survey
Cl* NGC 4590    ALC      66,Mellinger Red,1994AJ____108__555W,exception
Cl* NGC 4590    ALC      66,Mellinger Green,1994AJ____108__555W,exception
Cl* NGC 4590    ALC      66,Mellinger Blue,1994AJ____108__555W,exception
Cl* NGC 4590    ALC      66,SHASSA H,1994AJ____108__555W,no survey
Cl* NGC 4590    ALC      66,SHASSA CC,1994AJ____108__555W,no survey
Cl* NGC 4590    ALC      66,SHASSA C,1994AJ____108__555W,no survey
Cl* NGC 4590    ALC      66,SHASSA Sm,1994AJ____108__555W,no survey
NGC  5053   109,Mellinger Red,1995AJ____110_1186N,exception
NGC  5053   109,Mellinger Green,1995AJ____110_1186N,exception
NGC  5053   109,Mellinger Blue,1995AJ____110_1186N,exception
NGC  5053   109,SHASSA H,1995AJ____110_1186N,no survey
NGC  5053   109,SHASSA CC,1995AJ____110_1186N,no survey
NGC  5053   109,SHASSA C,1995AJ____110_1186N,no survey
NGC  5053   109,SHASSA Sm,1995AJ____110_1186N,no survey
Ford M 31  48,Mellinger Red,1978ApJS___38__351F,exception
Ford M 31  48,Mellinger Green,1978ApJS___38__351F,exception
Ford M 31  48,Mellinger Blue,1978ApJS___38__351F,exception
Ford M 31  48,SHASSA H,1978ApJS___38__351F,no survey
Ford M 31  48,SHASSA CC,1978ApJS___38__351F,no survey
Ford M 31  48,SHASSA C,1978ApJS___38__351F,no survey
Ford M 31  48,SHASSA Sm,1978ApJS___38__351F,no survey
2E  4784,Mellinger Red,1984ApJ___283__495G,exception
2E  4784,Mellinger Green,1984ApJ___283__495G,exception
2E  4784,Mellinger Blue,1984ApJ___283__495G,exception
2E  4784,SHASSA H,1984ApJ___283__495G,no survey
2E  4784,SHASSA CC,1984ApJ___283__495G,no survey
2E  4784,SHASSA C,1984ApJ___283__495G,no survey
2E  4784,SHASSA Sm,1984ApJ___283__495G,no survey
3C 351.0,Mellinger Red,1984ApJS___54__495G,exception
3C 351.0,Mellinger Green,1984ApJS___54__495G,exception
3C 351.0,Mellinger Blue,1984ApJS___54__495G,exception
3C 351.0,SHASSA H,1984ApJS___54__495G,no survey
3C 351.0,SHASSA CC,1984ApJS___54__495G,no survey
3C 351.0,SHASSA C,1984ApJS___54__495G,no survey
3C 351.0,SHASSA Sm,1984ApJS___54__495G,no survey
Cl* NGC 2173     LE       4,DSS,1991AJ____101__515O,no survey
Cl* NGC 2173     LE       4,DSS1 Blue,1991AJ____101__515O,no survey
Cl* NGC 2173     LE       4,DSS1 Red,1991AJ____101__515O,no survey
Cl* NGC 2173     LE       4,DSS2 Red,1991AJ____101__515O,no survey
Cl* NGC 2173     LE       4,DSS2 Blue,1991AJ____101__515O,no survey
Cl* NGC 2173     LE       4,DSS2 IR,1991AJ____101__515O,no survey
KMHK   11,DSS1 Blue,1966AJ_____71__363H,no survey
KMHK   11,DSS1 Red,1966AJ_____71__363H,no survey
IFM-B 1154,DSS1 Blue,1993ApJS___89___85I,no survey
ESO 196-15,Mellinger Red,1995ApJS___96___39B,exception
ESO 196-15,Mellinger Green,1995ApJS___96___39B,exception
ESO 196-15,Mellinger Blue,1995ApJS___96___39B,exception
ESO 196-15,SHASSA H,1995ApJS___96___39B,no survey
ESO 196-15,SHASSA CC,1995ApJS___96___39B,no survey
ESO 196-15,SHASSA C,1995ApJS___96___39B,no survey
ESO 196-15,SHASSA Sm,1995ApJS___96___39B,no survey
Feige  11,Mellinger Red,1986ApJS___61__305G,exception
Feige  11,Mellinger Green,1986ApJS___61__305G,exception
Feige  11,Mellinger Blue,1986ApJS___61__305G,exception
Feige  11,SHASSA H,1986ApJS___61__305G,no survey
Feige  11,SHASSA CC,1986ApJS___61__305G,no survey
Feige  11,SHASSA C,1986ApJS___61__305G,no survey
Feige  11,SHASSA Sm,1986ApJS___61__305G,no survey
Cl* NGC 5139    HHB    2124,Mellinger Red,1993AJ____105_1196H,exception
Cl* NGC 5139    HHB    2124,Mellinger Green,1993AJ____105_1196H,exception
Cl* NGC 5139    HHB    2124,Mellinger Blue,1993AJ____105_1196H,exception
Cl* NGC 5139    HHB    2124,SHASSA H,1993AJ____105_1196H,no survey
Cl* NGC 5139    HHB    2124,SHASSA CC,1993AJ____105_1196H,no survey
Cl* NGC 5139    HHB    2124,SHASSA C,1993AJ____105_1196H,no survey
Cl* NGC 5139    HHB    2124,SHASSA Sm,1993AJ____105_1196H,no survey
* alf Lep,Mellinger Red,1989ApJS___69__301G,exception
* alf Lep,Mellinger Green,1989ApJS___69__301G,exception
* alf Lep,Mellinger Blue,1989ApJS___69__301G,exception
* alf Lep,SHASSA H,1989ApJS___69__301G,no survey
* alf Lep,SHASSA CC,1989ApJS___69__301G,no survey
* alf Lep,SHASSA C,1989ApJS___69__301G,no survey
* alf Lep,SHASSA Sm,1989ApJS___69__301G,no survey
TYC 4046-1054-1,Mellinger Red,1974AJ_____79__107M,exception
TYC 4046-1054-1,Mellinger Green,1974AJ_____79__107M,exception
TYC 4046-1054-1,Mellinger Blue,1974AJ_____79__107M,exception
TYC 4046-1054-1,SHASSA H,1974AJ_____79__107M,no survey
TYC 4046-1054-1,SHASSA CC,1974AJ_____79__107M,no survey
TYC 4046-1054-1,SHASSA C,1974AJ_____79__107M,no survey
TYC 4046-1054-1,SHASSA Sm,1974AJ_____79__107M,no survey
UGC 10491,Mellinger Red,1966ApJS___14____1A,exception
UGC 10491,Mellinger Green,1966ApJS___14____1A,exception
UGC 10491,Mellinger Blue,1966ApJS___14____1A,exception
UGC 10491,SHASSA H,1966ApJS___14____1A,no survey
UGC 10491,SHASSA CC,1966ApJS___14____1A,no survey
UGC 10491,SHASSA C,1966ApJS___14____1A,no survey
UGC 10491,SHASSA Sm,1966ApJS___14____1A,no survey
2MASX J15105878+0541308,Mellinger Red,1981ApJ___243___26D,exception
2MASX J15105878+0541308,Mellinger Green,1981ApJ___243___26D,exception
2MASX J15105878+0541308,Mellinger Blue,1981ApJ___243___26D,exception
2MASX J15105878+0541308,SHASSA H,1981ApJ___243___26D,no survey
2MASX J15105878+0541308,SHASSA CC,1981ApJ___243___26D,no survey
2MASX J15105878+0541308,SHASSA C,1981ApJ___243___26D,no survey
2MASX J15105878+0541308,SHASSA Sm,1981ApJ___243___26D,no survey
NAME Sgr B2 HII Z,DSS2 Blue,1996ApJ___464__788D,no survey
NGC  1808,IRAS  12 micron,1994AJ____107__118B,no images
NGC  1808,IRAS  25 micron,1994AJ____107__118B,no images
NGC  1808,IRAS  60 micron,1994AJ____107__118B,no images
NGC  1808,IRAS 100 micron,1994AJ____107__118B,no survey
NGC  7720,SUMSS 843 MHz,1982ApJ___263__546B,no survey
NGC  7720,WENSS,1982ApJ___263__546B,no survey
HSNH  13,DSS2 Blue,1990ApJS___74__181Z,no survey
HD 100099,DSS1 Blue,1975AJ_____80__208V,no survey
HD 100099,DSS1 Red,1975AJ_____80__208V,no survey
HD 100099,DSS2 Blue,1975AJ_____80__208V,no survey
[SHK92] C2-V  2,Mellinger Red,1992AJ____103___84S,exception
[SHK92] C2-V  2,Mellinger Green,1992AJ____103___84S,exception
[SHK92] C2-V  2,Mellinger Blue,1992AJ____103___84S,exception
[SHK92] C2-V  2,SHASSA H,1992AJ____103___84S,no survey
[SHK92] C2-V  2,SHASSA CC,1992AJ____103___84S,no survey
[SHK92] C2-V  2,SHASSA C,1992AJ____103___84S,no survey
[SHK92] C2-V  2,SHASSA Sm,1992AJ____103___84S,no survey
NGC  1039   287,SHASSA H,1993AJ____105__209I,no survey
NGC  1039   287,SHASSA CC,1993AJ____105__209I,no survey
NGC  1039   287,SHASSA C,1993AJ____105__209I,no survey
NGC  1039   287,SHASSA Sm,1993AJ____105__209I,no survey
HD 211374,Mellinger Red,1912ApJ____36__169P,exception
HD 211374,Mellinger Green,1912ApJ____36__169P,exception
HD 211374,Mellinger Blue,1912ApJ____36__169P,exception
HD 211374,SHASSA H,1912ApJ____36__169P,no survey
HD 211374,SHASSA CC,1912ApJ____36__169P,no survey
HD 211374,SHASSA C,1912ApJ____36__169P,no survey
HD 211374,SHASSA Sm,1912ApJ____36__169P,no survey
V* V1288 Ori,Mellinger Red,1996AJ____111__846O,exception
V* V1288 Ori,Mellinger Green,1996AJ____111__846O,exception
V* V1288 Ori,Mellinger Blue,1996AJ____111__846O,exception
V* V1288 Ori,SHASSA H,1996AJ____111__846O,no survey
V* V1288 Ori,SHASSA CC,1996AJ____111__846O,no survey
V* V1288 Ori,SHASSA C,1996AJ____111__846O,no survey
V* V1288 Ori,SHASSA Sm,1996AJ____111__846O,no survey
[MM63] 7-107,Mellinger Red,1963AJ_____68__319M,exception
[MM63] 7-107,Mellinger Green,1963AJ_____68__319M,exception
[MM63] 7-107,Mellinger Blue,1963AJ_____68__319M,exception
[MM63] 7-107,SHASSA H,1963AJ_____68__319M,no survey
[MM63] 7-107,SHASSA CC,1963AJ_____68__319M,no survey
[MM63] 7-107,SHASSA C,1963AJ_____68__319M,no survey
[MM63] 7-107,SHASSA Sm,1963AJ_____68__319M,no survey
1H 1005-365,DSS1 Blue,1984ApJS___56__507W,no survey
1H 1005-365,DSS1 Red,1984ApJS___56__507W,no survey
RMC 141,IRAS  12 micron,1994AJ____107_1054M,no images
RMC 141,IRAS  25 micron,1994AJ____107_1054M,no images
RMC 141,IRAS  60 micron,1994AJ____107_1054M,no images
RMC 141,IRAS 100 micron,1994AJ____107_1054M,no survey
[EKS96] NGC 5033 336,SUMSS 843 MHz,1996ApJS__105___93E,no survey
ACO  1656,Mellinger Red,1976ApJ___206__364U,exception
ACO  1656,Mellinger Green,1976ApJ___206__364U,exception
ACO  1656,Mellinger Blue,1976ApJ___206__364U,exception
ACO  1656,SHASSA H,1976ApJ___206__364U,no survey
ACO  1656,SHASSA CC,1976ApJ___206__364U,no survey
ACO  1656,SHASSA C,1976ApJ___206__364U,no survey
ACO  1656,SHASSA Sm,1976ApJ___206__364U,no survey
2MASX J00461931+2029416,Mellinger Red,1982ApJ___257___23B,exception
2MASX J00461931+2029416,Mellinger Green,1982ApJ___257___23B,exception
2MASX J00461931+2029416,Mellinger Blue,1982ApJ___257___23B,exception
2MASX J00461931+2029416,SHASSA H,1982ApJ___257___23B,no survey
2MASX J00461931+2029416,SHASSA CC,1982ApJ___257___23B,no survey
2MASX J00461931+2029416,SHASSA C,1982ApJ___257___23B,no survey
2MASX J00461931+2029416,SHASSA Sm,1982ApJ___257___23B,no survey
2MASS J01001690-3343514,Mellinger Red,1995AJ____110_2747S,exception
2MASS J01001690-3343514,Mellinger Green,1995AJ____110_2747S,exception
2MASS J01001690-3343514,Mellinger Blue,1995AJ____110_2747S,exception
2MASS J01001690-3343514,SHASSA H,1995AJ____110_2747S,no survey
2MASS J01001690-3343514,SHASSA CC,1995AJ____110_2747S,no survey
2MASS J01001690-3343514,SHASSA C,1995AJ____110_2747S,no survey
2MASS J01001690-3343514,SHASSA Sm,1995AJ____110_2747S,no survey
OGLE BLG-RRLYR-47190,Mellinger Red,1996AJ____112__618C,exception
OGLE BLG-RRLYR-47190,Mellinger Green,1996AJ____112__618C,exception
OGLE BLG-RRLYR-47190,Mellinger Blue,1996AJ____112__618C,exception
OGLE BLG-RRLYR-47190,SHASSA H,1996AJ____112__618C,no survey
OGLE BLG-RRLYR-47190,SHASSA CC,1996AJ____112__618C,no survey
OGLE BLG-RRLYR-47190,SHASSA C,1996AJ____112__618C,no survey
OGLE BLG-RRLYR-47190,SHASSA Sm,1996AJ____112__618C,no survey
2EUVE J1745-88.3,DSS1 Blue,1996ApJS__102__129B,no survey
2EUVE J1745-88.3,DSS1 Red,1996ApJS__102__129B,no survey
IC 4386,Mellinger Red,1995ApJS___96___39B,exception
IC 4386,Mellinger Green,1995ApJS___96___39B,exception
IC 4386,Mellinger Blue,1995ApJS___96___39B,exception
IC 4386,SHASSA H,1995ApJS___96___39B,no survey
IC 4386,SHASSA CC,1995ApJS___96___39B,no survey
IC 4386,SHASSA C,1995ApJS___96___39B,no survey
IC 4386,SHASSA Sm,1995ApJS___96___39B,no survey
NGC  4151,Mellinger Red,1985AJ_____90__577K,exception
NGC  4151,Mellinger Green,1985AJ_____90__577K,exception
NGC  4151,Mellinger Blue,1985AJ_____90__577K,exception
NGC  4151,SHASSA H,1985AJ_____90__577K,no survey
NGC  4151,SHASSA CC,1985AJ_____90__577K,no survey
NGC  4151,SHASSA C,1985AJ_____90__577K,no survey
NGC  4151,SHASSA Sm,1985AJ_____90__577K,no survey
HD 148653,Mellinger Red,1987AJ_____93__688M,exception
HD 148653,Mellinger Green,1987AJ_____93__688M,exception
HD 148653,Mellinger Blue,1987AJ_____93__688M,exception
HD 148653,SHASSA H,1987AJ_____93__688M,no survey
HD 148653,SHASSA CC,1987AJ_____93__688M,no survey
HD 148653,SHASSA C,1987AJ_____93__688M,no survey
HD 148653,SHASSA Sm,1987AJ_____93__688M,no survey
PSS 210-4,Mellinger Red,1991AJ____102__395H,exception
PSS 210-4,Mellinger Green,1991AJ____102__395H,exception
PSS 210-4,Mellinger Blue,1991AJ____102__395H,exception
PSS 210-4,SHASSA H,1991AJ____102__395H,no survey
PSS 210-4,SHASSA CC,1991AJ____102__395H,no survey
PSS 210-4,SHASSA C,1991AJ____102__395H,no survey
PSS 210-4,SHASSA Sm,1991AJ____102__395H,no survey
HD 144889,Mellinger Red,1961ApJ___134__809Y,exception
HD 144889,Mellinger Green,1961ApJ___134__809Y,exception
HD 144889,Mellinger Blue,1961ApJ___134__809Y,exception
HD 144889,SHASSA H,1961ApJ___134__809Y,no survey
HD 144889,SHASSA CC,1961ApJ___134__809Y,no survey
HD 144889,SHASSA C,1961ApJ___134__809Y,no survey
HD 144889,SHASSA Sm,1961ApJ___134__809Y,no survey
HD  36671,Mellinger Red,1969ApJ___155__447W,exception
HD  36671,Mellinger Green,1969ApJ___155__447W,exception
HD  36671,Mellinger Blue,1969ApJ___155__447W,exception
HD  36671,SHASSA H,1969ApJ___155__447W,no survey
HD  36671,SHASSA CC,1969ApJ___155__447W,no survey
HD  36671,SHASSA C,1969ApJ___155__447W,no survey
HD  36671,SHASSA Sm,1969ApJ___155__447W,no survey
NGC  6440,DSS2 Blue,1995AJ____110_1686M,no survey
2MASX J12581504+2807327,Mellinger Red,1993AJ____106__473C,exception
2MASX J12581504+2807327,Mellinger Green,1993AJ____106__473C,exception
2MASX J12581504+2807327,Mellinger Blue,1993AJ____106__473C,exception
2MASX J12581504+2807327,SHASSA H,1993AJ____106__473C,no survey
2MASX J12581504+2807327,SHASSA CC,1993AJ____106__473C,no survey
2MASX J12581504+2807327,SHASSA C,1993AJ____106__473C,no survey
2MASX J12581504+2807327,SHASSA Sm,1993AJ____106__473C,no survey
V* MM Mon,Mellinger Red,1954ApJ___119__483H,exception
V* MM Mon,Mellinger Green,1954ApJ___119__483H,exception
V* MM Mon,Mellinger Blue,1954ApJ___119__483H,exception
V* MM Mon,SHASSA H,1954ApJ___119__483H,no survey
V* MM Mon,SHASSA CC,1954ApJ___119__483H,no survey
V* MM Mon,SHASSA C,1954ApJ___119__483H,no survey
V* MM Mon,SHASSA Sm,1954ApJ___119__483H,no survey
NGC  4410,Mellinger Red,1992ApJS___80__531F,exception
NGC  4410,Mellinger Green,1992ApJS___80__531F,exception
NGC  4410,Mellinger Blue,1992ApJS___80__531F,exception
NGC  4410,SHASSA H,1992ApJS___80__531F,no survey
NGC  4410,SHASSA CC,1992ApJS___80__531F,no survey
NGC  4410,SHASSA C,1992ApJS___80__531F,no survey
NGC  4410,SHASSA Sm,1992ApJS___80__531F,no survey
V* CF Tuc,Mellinger Red,1992ApJS___78__391W,exception
V* CF Tuc,Mellinger Green,1992ApJS___78__391W,exception
V* CF Tuc,Mellinger Blue,1992ApJS___78__391W,exception
V* CF Tuc,SHASSA H,1992ApJS___78__391W,no survey
V* CF Tuc,SHASSA CC,1992ApJS___78__391W,no survey
V* CF Tuc,SHASSA C,1992ApJS___78__391W,no survey
V* CF Tuc,SHASSA Sm,1992ApJS___78__391W,no survey
NGC  2805,Mellinger Red,1982AJ_____87__626E,exception
NGC  2805,Mellinger Green,1982AJ_____87__626E,exception
NGC  2805,Mellinger Blue,1982AJ_____87__626E,exception
NGC  2805,SHASSA H,1982AJ_____87__626E,no survey
NGC  2805,SHASSA CC,1982AJ_____87__626E,no survey
NGC  2805,SHASSA C,1982AJ_____87__626E,no survey
NGC  2805,SHASSA Sm,1982AJ_____87__626E,no survey
PMN J2052+0740,SUMSS 843 MHz,1995ApJS___97__347G,no survey
PMN J2052+0740,WENSS,1995ApJS___97__347G,no survey
2MASS J02335330+6118262,Mellinger Red,1965AJ_____70__806V,exception
2MASS J02335330+6118262,Mellinger Green,1965AJ_____70__806V,exception
2MASS J02335330+6118262,Mellinger Blue,1965AJ_____70__806V,exception
2MASS J02335330+6118262,SHASSA H,1965AJ_____70__806V,no survey
2MASS J02335330+6118262,SHASSA CC,1965AJ_____70__806V,no survey
2MASS J02335330+6118262,SHASSA C,1965AJ_____70__806V,no survey
2MASS J02335330+6118262,SHASSA Sm,1965AJ_____70__806V,no survey
V* V906 Sco,DSS1 Blue,1969ApJ___156__967P,no survey
V* V906 Sco,DSS1 Red,1969ApJ___156__967P,no survey
V* V906 Sco,DSS2 Blue,1969ApJ___156__967P,no survey
HD 205116,Mellinger Red,1953ApJ___117__366W,exception
HD 205116,Mellinger Green,1953ApJ___117__366W,exception
HD 205116,Mellinger Blue,1953ApJ___117__366W,exception
HD 205116,SHASSA H,1953ApJ___117__366W,no survey
HD 205116,SHASSA CC,1953ApJ___117__366W,no survey
HD 205116,SHASSA C,1953ApJ___117__366W,no survey
HD 205116,SHASSA Sm,1953ApJ___117__366W,no survey
HD 171611,DSS2 Blue,1996ApJS__104__101S,no survey
7C 173240.70+385949.00,VLA FIRST (1.4 GHz),1995AJ____109_2318C,exception
7C 173240.70+385949.00,Stripe82VLA,1995AJ____109_2318C,no survey
NGC  6334A,DSS1 Blue,1986ApJ___303__629L,no survey
NGC  6334A,DSS1 Red,1986ApJ___303__629L,no survey
NGC  6334A,DSS2 Blue,1986ApJ___303__629L,no survey
UGC  4305,Mellinger Red,1967AJ_____72__129H,exception
UGC  4305,Mellinger Green,1967AJ_____72__129H,exception
UGC  4305,Mellinger Blue,1967AJ_____72__129H,exception
UGC  4305,SHASSA H,1967AJ_____72__129H,no survey
UGC  4305,SHASSA CC,1967AJ_____72__129H,no survey
UGC  4305,SHASSA C,1967AJ_____72__129H,no survey
UGC  4305,SHASSA Sm,1967AJ_____72__129H,no survey
Cl* NGC 5286     FL V10,DSS1 Blue,1978AJ_____83___41L,no survey
Cl* NGC 5286     FL V10,DSS1 Red,1978AJ_____83___41L,no survey
HD 135485,Mellinger Red,1951ApJ___113__100D,exception
HD 135485,Mellinger Green,1951ApJ___113__100D,exception
HD 135485,Mellinger Blue,1951ApJ___113__100D,exception
HD 135485,SHASSA H,1951ApJ___113__100D,no survey
HD 135485,SHASSA CC,1951ApJ___113__100D,no survey
HD 135485,SHASSA C,1951ApJ___113__100D,no survey
HD 135485,SHASSA Sm,1951ApJ___113__100D,no survey
[OGC93] 20843,DSS,1993AJ____105_1762O,no survey
[OGC93] 20843,DSS1 Blue,1993AJ____105_1762O,no survey
[OGC93] 20843,DSS1 Red,1993AJ____105_1762O,no survey
[OGC93] 20843,DSS2 Red,1993AJ____105_1762O,no survey
[OGC93] 20843,DSS2 Blue,1993AJ____105_1762O,no survey
[OGC93] 20843,DSS2 IR,1993AJ____105_1762O,no survey
NGC  7743,Mellinger Red,1978AJ_____83____1K,exception
NGC  7743,Mellinger Green,1978AJ_____83____1K,exception
NGC  7743,Mellinger Blue,1978AJ_____83____1K,exception
NGC  7743,SHASSA H,1978AJ_____83____1K,no survey
NGC  7743,SHASSA CC,1978AJ_____83____1K,no survey
NGC  7743,SHASSA C,1978AJ_____83____1K,no survey
NGC  7743,SHASSA Sm,1978AJ_____83____1K,no survey
[GMP94] 670,DSS1 Blue,1994AJ____108_1256G,no survey
[GMP94] 670,DSS1 Red,1994AJ____108_1256G,no survey
[GMP94] 670,DSS2 Blue,1994AJ____108_1256G,no survey
HD 167771,DSS2 Blue,1995ApJS___96__605S,no survey
[FBM2010] 44.28+59.3,VLA FIRST (1.4 GHz),1985ApJ___291__693K,no survey
[FBM2010] 44.28+59.3,Stripe82VLA,1985ApJ___291__693K,no survey
LIN 535,DSS1 Blue,1961AJ_____66__169L,no survey
LIN 535,DSS1 Red,1961AJ_____66__169L,no survey
Cl* NGC 2070     MH     494,DSS1 Blue,1994AJ____107_1054M,no survey
Cl* NGC 2070     MH     494,DSS1 Red,1994AJ____107_1054M,no survey
NGC  5904   875,Mellinger Red,1993AJ____106_1524R,exception
NGC  5904   875,Mellinger Green,1993AJ____106_1524R,exception
NGC  5904   875,Mellinger Blue,1993AJ____106_1524R,exception
NGC  5904   875,SHASSA H,1993AJ____106_1524R,no survey
NGC  5904   875,SHASSA CC,1993AJ____106_1524R,no survey
NGC  5904   875,SHASSA C,1993AJ____106_1524R,no survey
NGC  5904   875,SHASSA Sm,1993AJ____106_1524R,no survey
NGC   547,Mellinger Red,1985ApJ___293L__59B,exception
NGC   547,Mellinger Green,1985ApJ___293L__59B,exception
NGC   547,Mellinger Blue,1985ApJ___293L__59B,exception
NGC   547,SHASSA H,1985ApJ___293L__59B,no survey
NGC   547,SHASSA CC,1985ApJ___293L__59B,no survey
NGC   547,SHASSA C,1985ApJ___293L__59B,no survey
NGC   547,SHASSA Sm,1985ApJ___293L__59B,no survey
2MASX J16061612+1810152,Mellinger Red,1995AJ____109__465M,exception
2MASX J16061612+1810152,Mellinger Green,1995AJ____109__465M,exception
2MASX J16061612+1810152,Mellinger Blue,1995AJ____109__465M,exception
2MASX J16061612+1810152,SHASSA H,1995AJ____109__465M,no survey
2MASX J16061612+1810152,SHASSA CC,1995AJ____109__465M,no survey
2MASX J16061612+1810152,SHASSA C,1995AJ____109__465M,no survey
2MASX J16061612+1810152,SHASSA Sm,1995AJ____109__465M,no survey
KMK88 61,DSS1 Blue,1988AJ_____96_1625K,no survey
KMK88 61,DSS1 Red,1988AJ_____96_1625K,no survey
HD 196775,Mellinger Red,1951ApJ___113__100D,exception
HD 196775,Mellinger Green,1951ApJ___113__100D,exception
HD 196775,Mellinger Blue,1951ApJ___113__100D,exception
HD 196775,SHASSA H,1951ApJ___113__100D,no survey
HD 196775,SHASSA CC,1951ApJ___113__100D,no survey
HD 196775,SHASSA C,1951ApJ___113__100D,no survey
HD 196775,SHASSA Sm,1951ApJ___113__100D,no survey
Cl* NGC 1718     AM       5,DSS,1982ApJS___48__161A,no survey
Cl* NGC 1718     AM       5,DSS1 Blue,1982ApJS___48__161A,no survey
Cl* NGC 1718     AM       5,DSS1 Red,1982ApJS___48__161A,no survey
Cl* NGC 1718     AM       5,DSS2 Red,1982ApJS___48__161A,no survey
Cl* NGC 1718     AM       5,DSS2 Blue,1982ApJS___48__161A,no survey
Cl* NGC 1718     AM       5,DSS2 IR,1982ApJS___48__161A,no survey
HD 165424,SHASSA H,1984ApJS___55__101C,no survey
HD 165424,SHASSA CC,1984ApJS___55__101C,no survey
HD 165424,SHASSA C,1984ApJS___55__101C,no survey
HD 165424,SHASSA Sm,1984ApJS___55__101C,no survey
HD  38022,SHASSA H,1977ApJS___34__115W,no survey
HD  38022,SHASSA CC,1977ApJS___34__115W,no survey
HD  38022,SHASSA C,1977ApJS___34__115W,no survey
HD  38022,SHASSA Sm,1977ApJS___34__115W,no survey
* iot Per,Mellinger Red,1995ApJS___96__223A,exception
* iot Per,Mellinger Green,1995ApJS___96__223A,exception
* iot Per,Mellinger Blue,1995ApJS___96__223A,exception
* iot Per,SHASSA H,1995ApJS___96__223A,no survey
* iot Per,SHASSA CC,1995ApJS___96__223A,no survey
* iot Per,SHASSA C,1995ApJS___96__223A,no survey
* iot Per,SHASSA Sm,1995ApJS___96__223A,no survey
IRAS C05368-0623,IRAS  12 micron,1991ApJ___372__505M,no images
IRAS C05368-0623,IRAS  25 micron,1991ApJ___372__505M,no images
IRAS C05368-0623,IRAS  60 micron,1991ApJ___372__505M,no images
IRAS C05368-0623,IRAS 100 micron,1991ApJ___372__505M,no survey
ESO 506-4,DSS1 Red,1995ApJS___96___39B,no survey
SHV 0522380-691255,DSS1 Blue,1989AJ_____97_1634H,no survey
SHV 0522380-691255,DSS1 Red,1989AJ_____97_1634H,no survey
SHV 0522380-691255,DSS2 Blue,1989AJ_____97_1634H,no survey
Cl* NGC 2682     ES   II-2,Mellinger Red,1994ApJ___435L__63G,exception
Cl* NGC 2682     ES   II-2,Mellinger Green,1994ApJ___435L__63G,exception
Cl* NGC 2682     ES   II-2,Mellinger Blue,1994ApJ___435L__63G,exception
Cl* NGC 2682     ES   II-2,SHASSA H,1994ApJ___435L__63G,no survey
Cl* NGC 2682     ES   II-2,SHASSA CC,1994ApJ___435L__63G,no survey
Cl* NGC 2682     ES   II-2,SHASSA C,1994ApJ___435L__63G,no survey
Cl* NGC 2682     ES   II-2,SHASSA Sm,1994ApJ___435L__63G,no survey
RE J1925-566,DSS1 Blue,1996AJ____112__258C,no survey
RE J1925-566,DSS1 Red,1996AJ____112__258C,no survey
3C 298.0,Mellinger Red,1994AJ____107__385F,exception
3C 298.0,Mellinger Green,1994AJ____107__385F,exception
3C 298.0,Mellinger Blue,1994AJ____107__385F,exception
3C 298.0,SHASSA H,1994AJ____107__385F,no survey
3C 298.0,SHASSA CC,1994AJ____107__385F,no survey
3C 298.0,SHASSA C,1994AJ____107__385F,no survey
3C 298.0,SHASSA Sm,1994AJ____107__385F,no survey
ALS 16012,DSS1 Blue,1975AJ_____80__208V,no survey
ALS 16012,DSS1 Red,1975AJ_____80__208V,no survey
Cl* NGC 2070     MH     111,DSS1 Blue,1994AJ____107_1054M,no survey
Cl* NGC 2070     MH     111,DSS1 Red,1994AJ____107_1054M,no survey
[G93c] 111,DSS1 Blue,1993ApJS___87__197G,no survey
[G93c] 111,DSS1 Red,1993ApJS___87__197G,no survey
[G93c] 111,DSS2 Blue,1993ApJS___87__197G,no survey
IFM-B  309,DSS1 Blue,1993ApJS___89___85I,no survey
Cl* Trumpler   14      Y      44,Mellinger Red,1993AJ____105_1822C,exception
Cl* Trumpler   14      Y      44,Mellinger Green,1993AJ____105_1822C,exception
Cl* Trumpler   14      Y      44,Mellinger Blue,1993AJ____105_1822C,exception
Cl* Trumpler   14      Y      44,SHASSA H,1993AJ____105_1822C,no survey
Cl* Trumpler   14      Y      44,SHASSA CC,1993AJ____105_1822C,no survey
Cl* Trumpler   14      Y      44,SHASSA C,1993AJ____105_1822C,no survey
Cl* Trumpler   14      Y      44,SHASSA Sm,1993AJ____105_1822C,no survey
PGMW 4087,DSS1 Blue,1992AJ____103_1205P,no survey
PGMW 4087,DSS1 Red,1992AJ____103_1205P,no survey
LP  239-25,Mellinger Red,1983AJ_____88_1489M,exception
LP  239-25,Mellinger Green,1983AJ_____88_1489M,exception
LP  239-25,Mellinger Blue,1983AJ_____88_1489M,exception
LP  239-25,SHASSA H,1983AJ_____88_1489M,no survey
LP  239-25,SHASSA CC,1983AJ_____88_1489M,no survey
LP  239-25,SHASSA C,1983AJ_____88_1489M,no survey
LP  239-25,SHASSA Sm,1983AJ_____88_1489M,no survey
PMN J2202+0848,SUMSS 843 MHz,1995ApJS___97__347G,no survey
PMN J2202+0848,WENSS,1995ApJS___97__347G,no survey
NGC  7793,Mellinger Red,1995AJ____110__613V,exception
NGC  7793,Mellinger Green,1995AJ____110__613V,exception
NGC  7793,Mellinger Blue,1995AJ____110__613V,exception
NGC  7793,SHASSA H,1995AJ____110__613V,no survey
NGC  7793,SHASSA CC,1995AJ____110__613V,no survey
NGC  7793,SHASSA C,1995AJ____110__613V,no survey
NGC  7793,SHASSA Sm,1995AJ____110__613V,no survey
MCG-04-24-016,IRAS  12 micron,1995ApJS___96___39B,no images
MCG-04-24-016,IRAS  25 micron,1995ApJS___96___39B,no images
MCG-04-24-016,IRAS  60 micron,1995ApJS___96___39B,no images
MCG-04-24-016,IRAS 100 micron,1995ApJS___96___39B,no survey
ACO  1940,Mellinger Red,1992ApJS___80__501O,exception
ACO  1940,Mellinger Green,1992ApJS___80__501O,exception
ACO  1940,Mellinger Blue,1992ApJS___80__501O,exception
ACO  1940,SHASSA H,1992ApJS___80__501O,no survey
ACO  1940,SHASSA CC,1992ApJS___80__501O,no survey
ACO  1940,SHASSA C,1992ApJS___80__501O,no survey
ACO  1940,SHASSA Sm,1992ApJS___80__501O,no survey
UGC  3612,DSS1 Blue,1996AJ____112_1803M,no survey
PKS J0225-2421,SUMSS 843 MHz,1996ApJS__107___19M,no survey
PKS J0225-2421,WENSS,1996ApJS__107___19M,no survey
HD 171296,DSS2 Blue,1984ApJS___55__101C,no survey
LEDA  231818,Mellinger Red,1995ApJS___96___39B,exception
LEDA  231818,Mellinger Green,1995ApJS___96___39B,exception
LEDA  231818,Mellinger Blue,1995ApJS___96___39B,exception
LEDA  231818,SHASSA H,1995ApJS___96___39B,no survey
LEDA  231818,SHASSA CC,1995ApJS___96___39B,no survey
LEDA  231818,SHASSA C,1995ApJS___96___39B,no survey
LEDA  231818,SHASSA Sm,1995ApJS___96___39B,no survey
NGC  6626  1017,Mellinger Red,1991AJ____102__152R,exception
NGC  6626  1017,Mellinger Green,1991AJ____102__152R,exception
NGC  6626  1017,Mellinger Blue,1991AJ____102__152R,exception
NGC  6626  1017,SHASSA H,1991AJ____102__152R,no survey
NGC  6626  1017,SHASSA CC,1991AJ____102__152R,no survey
NGC  6626  1017,SHASSA C,1991AJ____102__152R,no survey
NGC  6626  1017,SHASSA Sm,1991AJ____102__152R,no survey
Cl* NGC 6522    ARP    1258,Mellinger Red,1971AJ_____76_1082V,exception
Cl* NGC 6522    ARP    1258,Mellinger Green,1971AJ_____76_1082V,exception
Cl* NGC 6522    ARP    1258,Mellinger Blue,1971AJ_____76_1082V,exception
Cl* NGC 6522    ARP    1258,SHASSA H,1971AJ_____76_1082V,no survey
Cl* NGC 6522    ARP    1258,SHASSA CC,1971AJ_____76_1082V,no survey
Cl* NGC 6522    ARP    1258,SHASSA C,1971AJ_____76_1082V,no survey
Cl* NGC 6522    ARP    1258,SHASSA Sm,1971AJ_____76_1082V,no survey
NVSS J111112+284243,Mellinger Red,1992AJ____103_1077B,exception
NVSS J111112+284243,Mellinger Green,1992AJ____103_1077B,exception
NVSS J111112+284243,Mellinger Blue,1992AJ____103_1077B,exception
NVSS J111112+284243,SHASSA H,1992AJ____103_1077B,no survey
NVSS J111112+284243,SHASSA CC,1992AJ____103_1077B,no survey
NVSS J111112+284243,SHASSA C,1992AJ____103_1077B,no survey
NVSS J111112+284243,SHASSA Sm,1992AJ____103_1077B,no survey
LB  3130,Mellinger Red,1973ApJS___26___37N,exception
LB  3130,Mellinger Green,1973ApJS___26___37N,exception
LB  3130,Mellinger Blue,1973ApJS___26___37N,exception
LB  3130,SHASSA H,1973ApJS___26___37N,no survey
LB  3130,SHASSA CC,1973ApJS___26___37N,no survey
LB  3130,SHASSA C,1973ApJS___26___37N,no survey
LB  3130,SHASSA Sm,1973ApJS___26___37N,no survey
BMB 304,Mellinger Red,1984AJ_____89__636B,exception
BMB 304,Mellinger Green,1984AJ_____89__636B,exception
BMB 304,Mellinger Blue,1984AJ_____89__636B,exception
BMB 304,SHASSA H,1984AJ_____89__636B,no survey
BMB 304,SHASSA CC,1984AJ_____89__636B,no survey
BMB 304,SHASSA C,1984AJ_____89__636B,no survey
BMB 304,SHASSA Sm,1984AJ_____89__636B,no survey
NGC  6259  3002,Mellinger Red,1989AJ_____97_1048A,exception
NGC  6259  3002,Mellinger Green,1989AJ_____97_1048A,exception
NGC  6259  3002,Mellinger Blue,1989AJ_____97_1048A,exception
NGC  6259  3002,SHASSA H,1989AJ_____97_1048A,no survey
NGC  6259  3002,SHASSA CC,1989AJ_____97_1048A,no survey
NGC  6259  3002,SHASSA C,1989AJ_____97_1048A,no survey
NGC  6259  3002,SHASSA Sm,1989AJ_____97_1048A,no survey
TYC 2416-77-1,Mellinger Red,1981ApJ___246__394E,exception
TYC 2416-77-1,Mellinger Green,1981ApJ___246__394E,exception
TYC 2416-77-1,Mellinger Blue,1981ApJ___246__394E,exception
TYC 2416-77-1,SHASSA H,1981ApJ___246__394E,no survey
TYC 2416-77-1,SHASSA CC,1981ApJ___246__394E,no survey
TYC 2416-77-1,SHASSA C,1981ApJ___246__394E,no survey
TYC 2416-77-1,SHASSA Sm,1981ApJ___246__394E,no survey
Ford M 31 311,Mellinger Red,1978ApJS___38__351F,exception
Ford M 31 311,Mellinger Green,1978ApJS___38__351F,exception
Ford M 31 311,Mellinger Blue,1978ApJS___38__351F,exception
Ford M 31 311,SHASSA H,1978ApJS___38__351F,no survey
Ford M 31 311,SHASSA CC,1978ApJS___38__351F,no survey
Ford M 31 311,SHASSA C,1978ApJS___38__351F,no survey
Ford M 31 311,SHASSA Sm,1978ApJS___38__351F,no survey
Cl* NGC 2210    ABW      22,DSS1 Blue,1992AJ____104__111H,no survey
Cl* NGC 2210    ABW      22,DSS1 Red,1992AJ____104__111H,no survey
Cl* NGC 6791    ATT      90,Mellinger Red,1985ApJ___291__595A,exception
Cl* NGC 6791    ATT      90,Mellinger Green,1985ApJ___291__595A,exception
Cl* NGC 6791    ATT      90,Mellinger Blue,1985ApJ___291__595A,exception
Cl* NGC 6791    ATT      90,SHASSA H,1985ApJ___291__595A,no survey
Cl* NGC 6791    ATT      90,SHASSA CC,1985ApJ___291__595A,no survey
Cl* NGC 6791    ATT      90,SHASSA C,1985ApJ___291__595A,no survey
Cl* NGC 6791    ATT      90,SHASSA Sm,1985ApJ___291__595A,no survey
SED ACO 851 119,DSS,1995ApJ___450__512S,no survey
SED ACO 851 119,DSS1 Blue,1995ApJ___450__512S,no survey
SED ACO 851 119,DSS1 Red,1995ApJ___450__512S,no survey
SED ACO 851 119,DSS2 Red,1995ApJ___450__512S,no survey
SED ACO 851 119,DSS2 Blue,1995ApJ___450__512S,no survey
SED ACO 851 119,DSS2 IR,1995ApJ___450__512S,no survey
WBP  30,Mellinger Red,1985ApJ___290__477W,exception
WBP  30,Mellinger Green,1985ApJ___290__477W,exception
WBP  30,Mellinger Blue,1985ApJ___290__477W,exception
WBP  30,SHASSA H,1985ApJ___290__477W,no survey
WBP  30,SHASSA CC,1985ApJ___290__477W,no survey
WBP  30,SHASSA C,1985ApJ___290__477W,no survey
WBP  30,SHASSA Sm,1985ApJ___290__477W,no survey
Cl* NGC 2682     ES  III-18,Mellinger Red,1993AJ____106__181M,exception
Cl* NGC 2682     ES  III-18,Mellinger Green,1993AJ____106__181M,exception
Cl* NGC 2682     ES  III-18,Mellinger Blue,1993AJ____106__181M,exception
Cl* NGC 2682     ES  III-18,SHASSA H,1993AJ____106__181M,no survey
Cl* NGC 2682     ES  III-18,SHASSA CC,1993AJ____106__181M,no survey
Cl* NGC 2682     ES  III-18,SHASSA C,1993AJ____106__181M,no survey
Cl* NGC 2682     ES  III-18,SHASSA Sm,1993AJ____106__181M,no survey
SBSG 0957+537A,Mellinger Red,1990AJ____100_1014M,exception
SBSG 0957+537A,Mellinger Green,1990AJ____100_1014M,exception
SBSG 0957+537A,Mellinger Blue,1990AJ____100_1014M,exception
SBSG 0957+537A,SHASSA H,1990AJ____100_1014M,no survey
SBSG 0957+537A,SHASSA CC,1990AJ____100_1014M,no survey
SBSG 0957+537A,SHASSA C,1990AJ____100_1014M,no survey
SBSG 0957+537A,SHASSA Sm,1990AJ____100_1014M,no survey
Cl* NGC 2210     HN      66,DSS1 Blue,1992AJ____104__111H,no survey
Cl* NGC 2210     HN      66,DSS1 Red,1992AJ____104__111H,no survey
IFM-B  768,DSS1 Blue,1993ApJS___89___85I,no survey
NGC  7078   659,Mellinger Red,1995AJ____110__704S,exception
NGC  7078   659,Mellinger Green,1995AJ____110__704S,exception
NGC  7078   659,Mellinger Blue,1995AJ____110__704S,exception
NGC  7078   659,SHASSA H,1995AJ____110__704S,no survey
NGC  7078   659,SHASSA CC,1995AJ____110__704S,no survey
NGC  7078   659,SHASSA C,1995AJ____110__704S,no survey
NGC  7078   659,SHASSA Sm,1995AJ____110__704S,no survey
[BCS89]   9,DSS1 Blue,1989AJ_____98_1542B,no survey
[BCS89]   9,DSS1 Red,1989AJ_____98_1542B,no survey
ACO   733,Mellinger Red,1997AJ____113_1973G,exception
ACO   733,Mellinger Green,1997AJ____113_1973G,exception
ACO   733,Mellinger Blue,1997AJ____113_1973G,exception
ACO   733,SHASSA H,1997AJ____113_1973G,no survey
ACO   733,SHASSA CC,1997AJ____113_1973G,no survey
ACO   733,SHASSA C,1997AJ____113_1973G,no survey
ACO   733,SHASSA Sm,1997AJ____113_1973G,no survey
2MASS J02324603+6127568,Mellinger Red,1989AJ_____98__611G,exception
2MASS J02324603+6127568,Mellinger Green,1989AJ_____98__611G,exception
2MASS J02324603+6127568,Mellinger Blue,1989AJ_____98__611G,exception
2MASS J02324603+6127568,SHASSA H,1989AJ_____98__611G,no survey
2MASS J02324603+6127568,SHASSA CC,1989AJ_____98__611G,no survey
2MASS J02324603+6127568,SHASSA C,1989AJ_____98__611G,no survey
2MASS J02324603+6127568,SHASSA Sm,1989AJ_____98__611G,no survey
[TP95] NGC  7590  49,DSS1 Blue,1995ApJS__101__287T,no survey
[TP95] NGC  7590  49,DSS1 Red,1995ApJS__101__287T,no survey
M   1,VLA FIRST (1.4 GHz),1990ApJ___357L__13B,no survey
M   1,Stripe82VLA,1990ApJ___357L__13B,no survey
Cl Ruprecht   97     4,Mellinger Red,1976ApJ___208__770V,exception
Cl Ruprecht   97     4,Mellinger Green,1976ApJ___208__770V,exception
Cl Ruprecht   97     4,Mellinger Blue,1976ApJ___208__770V,exception
Cl Ruprecht   97     4,SHASSA H,1976ApJ___208__770V,no survey
Cl Ruprecht   97     4,SHASSA CC,1976ApJ___208__770V,no survey
Cl Ruprecht   97     4,SHASSA C,1976ApJ___208__770V,no survey
Cl Ruprecht   97     4,SHASSA Sm,1976ApJ___208__770V,no survey
NGC  6341  8043,Mellinger Red,1992AJ____103_1573R,exception
NGC  6341  8043,Mellinger Green,1992AJ____103_1573R,exception
NGC  6341  8043,Mellinger Blue,1992AJ____103_1573R,exception
NGC  6341  8043,SHASSA H,1992AJ____103_1573R,no survey
NGC  6341  8043,SHASSA CC,1992AJ____103_1573R,no survey
NGC  6341  8043,SHASSA C,1992AJ____103_1573R,no survey
NGC  6341  8043,SHASSA Sm,1992AJ____103_1573R,no survey
IFM-B 1919,DSS1 Blue,1993ApJS___89___85I,no survey
BD-13  5073,DSS2 Blue,1949ApJ___110__387M,no survey
V* V528 Aur,Mellinger Red,1997AJ____113_1315J,exception
V* V528 Aur,Mellinger Green,1997AJ____113_1315J,exception
V* V528 Aur,Mellinger Blue,1997AJ____113_1315J,exception
V* V528 Aur,SHASSA H,1997AJ____113_1315J,no survey
V* V528 Aur,SHASSA CC,1997AJ____113_1315J,no survey
V* V528 Aur,SHASSA C,1997AJ____113_1315J,no survey
V* V528 Aur,SHASSA Sm,1997AJ____113_1315J,no survey
Cl* NGC 6362    SAW V26,DSS1 Blue,1995AJ____110_2195C,no survey
Cl* NGC 6362    SAW V26,DSS1 Red,1995AJ____110_2195C,no survey
[M96b] AO 0143-43  3,DSS1 Blue,1996AJ____112__991M,no survey
[M96b] AO 0143-43  3,DSS1 Red,1996AJ____112__991M,no survey
HD 263893,Mellinger Red,1993ApJ___408__484S,exception
HD 263893,Mellinger Green,1993ApJ___408__484S,exception
HD 263893,Mellinger Blue,1993ApJ___408__484S,exception
HD 263893,SHASSA H,1993ApJ___408__484S,no survey
HD 263893,SHASSA CC,1993ApJ___408__484S,no survey
HD 263893,SHASSA C,1993ApJ___408__484S,no survey
HD 263893,SHASSA Sm,1993ApJ___408__484S,no survey
2MASX J14134221+4930035,Mellinger Red,1989ApJS___70__173S,exception
2MASX J14134221+4930035,Mellinger Green,1989ApJS___70__173S,exception
2MASX J14134221+4930035,Mellinger Blue,1989ApJS___70__173S,exception
2MASX J14134221+4930035,SHASSA H,1989ApJS___70__173S,no survey
2MASX J14134221+4930035,SHASSA CC,1989ApJS___70__173S,no survey
2MASX J14134221+4930035,SHASSA C,1989ApJS___70__173S,no survey
2MASX J14134221+4930035,SHASSA Sm,1989ApJS___70__173S,no survey
Ford NGC 205 11,Mellinger Red,1989ApJ___339___53C,exception
Ford NGC 205 11,Mellinger Green,1989ApJ___339___53C,exception
Ford NGC 205 11,Mellinger Blue,1989ApJ___339___53C,exception
Ford NGC 205 11,SHASSA H,1989ApJ___339___53C,no survey
Ford NGC 205 11,SHASSA CC,1989ApJ___339___53C,no survey
Ford NGC 205 11,SHASSA C,1989ApJ___339___53C,no survey
Ford NGC 205 11,SHASSA Sm,1989ApJ___339___53C,no survey
Cl* NGC 2070     MH     179,DSS1 Blue,1994AJ____107_1054M,no survey
Cl* NGC 2070     MH     179,DSS1 Red,1994AJ____107_1054M,no survey
4C -00.47,Mellinger Red,1994AJ____107__385F,exception
4C -00.47,Mellinger Green,1994AJ____107__385F,exception
4C -00.47,Mellinger Blue,1994AJ____107__385F,exception
4C -00.47,SHASSA H,1994AJ____107__385F,no survey
4C -00.47,SHASSA CC,1994AJ____107__385F,no survey
4C -00.47,SHASSA C,1994AJ____107__385F,no survey
4C -00.47,SHASSA Sm,1994AJ____107__385F,no survey
HD 192344,Mellinger Red,1977ApJ___215___74N,exception
HD 192344,Mellinger Green,1977ApJ___215___74N,exception
HD 192344,Mellinger Blue,1977ApJ___215___74N,exception
HD 192344,SHASSA H,1977ApJ___215___74N,no survey
HD 192344,SHASSA CC,1977ApJ___215___74N,no survey
HD 192344,SHASSA C,1977ApJ___215___74N,no survey
HD 192344,SHASSA Sm,1977ApJ___215___74N,no survey
DEM S 159,Mellinger Red,1986ApJ___306__130K,exception
DEM S 159,Mellinger Green,1986ApJ___306__130K,exception
DEM S 159,Mellinger Blue,1986ApJ___306__130K,exception
DEM S 159,SHASSA H,1986ApJ___306__130K,no survey
DEM S 159,SHASSA CC,1986ApJ___306__130K,no survey
DEM S 159,SHASSA C,1986ApJ___306__130K,no survey
DEM S 159,SHASSA Sm,1986ApJ___306__130K,no survey
[EKS96] NGC 7314 105,Mellinger Red,1996ApJS__105___93E,exception
[EKS96] NGC 7314 105,Mellinger Green,1996ApJS__105___93E,exception
[EKS96] NGC 7314 105,Mellinger Blue,1996ApJS__105___93E,exception
[EKS96] NGC 7314 105,SHASSA H,1996ApJS__105___93E,no survey
[EKS96] NGC 7314 105,SHASSA CC,1996ApJS__105___93E,no survey
[EKS96] NGC 7314 105,SHASSA C,1996ApJS__105___93E,no survey
[EKS96] NGC 7314 105,SHASSA Sm,1996ApJS__105___93E,no survey
HD 183458,Mellinger Red,1987AJ_____93__688M,exception
HD 183458,Mellinger Green,1987AJ_____93__688M,exception
HD 183458,Mellinger Blue,1987AJ_____93__688M,exception
HD 183458,SHASSA H,1987AJ_____93__688M,no survey
HD 183458,SHASSA CC,1987AJ_____93__688M,no survey
HD 183458,SHASSA C,1987AJ_____93__688M,no survey
HD 183458,SHASSA Sm,1987AJ_____93__688M,no survey
IC 4553,VLA FIRST (1.4 GHz),1978ApJ___221__456C,exception
IC 4553,Stripe82VLA,1978ApJ___221__456C,no survey
IFM-B 1834,DSS1 Blue,1993ApJS___89___85I,no survey
UCAC2  20298308,Mellinger Red,1988AJ_____95__739C,exception
UCAC2  20298308,Mellinger Green,1988AJ_____95__739C,exception
UCAC2  20298308,Mellinger Blue,1988AJ_____95__739C,exception
UCAC2  20298308,SHASSA H,1988AJ_____95__739C,no survey
UCAC2  20298308,SHASSA CC,1988AJ_____95__739C,no survey
UCAC2  20298308,SHASSA C,1988AJ_____95__739C,no survey
UCAC2  20298308,SHASSA Sm,1988AJ_____95__739C,no survey
CD-54  6697,Mellinger Red,1968AJ_____73__590D,exception
CD-54  6697,Mellinger Green,1968AJ_____73__590D,exception
CD-54  6697,Mellinger Blue,1968AJ_____73__590D,exception
CD-54  6697,SHASSA H,1968AJ_____73__590D,no survey
CD-54  6697,SHASSA CC,1968AJ_____73__590D,no survey
CD-54  6697,SHASSA C,1968AJ_____73__590D,no survey
CD-54  6697,SHASSA Sm,1968AJ_____73__590D,no survey
Cl Berkeley   21   155,Mellinger Red,1979AJ_____84__204C,exception
Cl Berkeley   21   155,Mellinger Green,1979AJ_____84__204C,exception
Cl Berkeley   21   155,Mellinger Blue,1979AJ_____84__204C,exception
Cl Berkeley   21   155,SHASSA H,1979AJ_____84__204C,no survey
Cl Berkeley   21   155,SHASSA CC,1979AJ_____84__204C,no survey
Cl Berkeley   21   155,SHASSA C,1979AJ_____84__204C,no survey
Cl Berkeley   21   155,SHASSA Sm,1979AJ_____84__204C,no survey
NGC  5904   626,Mellinger Red,1993AJ____106_1524R,exception
NGC  5904   626,Mellinger Green,1993AJ____106_1524R,exception
NGC  5904   626,Mellinger Blue,1993AJ____106_1524R,exception
NGC  5904   626,SHASSA H,1993AJ____106_1524R,no survey
NGC  5904   626,SHASSA CC,1993AJ____106_1524R,no survey
NGC  5904   626,SHASSA C,1993AJ____106_1524R,no survey
NGC  5904   626,SHASSA Sm,1993AJ____106_1524R,no survey
[RM95] 11,DSS,1995ApJ___439__145R,no survey
[RM95] 11,DSS1 Blue,1995ApJ___439__145R,no survey
[RM95] 11,DSS1 Red,1995ApJ___439__145R,no survey
[RM95] 11,DSS2 Red,1995ApJ___439__145R,no survey
[RM95] 11,DSS2 Blue,1995ApJ___439__145R,no survey
[RM95] 11,DSS2 IR,1995ApJ___439__145R,no survey
RMB 138,Mellinger Red,1982ApJ___261____1S,exception
RMB 138,Mellinger Green,1982ApJ___261____1S,exception
RMB 138,Mellinger Blue,1982ApJ___261____1S,exception
RMB 138,SHASSA H,1982ApJ___261____1S,no survey
RMB 138,SHASSA CC,1982ApJ___261____1S,no survey
RMB 138,SHASSA C,1982ApJ___261____1S,no survey
RMB 138,SHASSA Sm,1982ApJ___261____1S,no survey
QSO B0234+013,Mellinger Red,1987ApJ___316L___1S,exception
QSO B0234+013,Mellinger Green,1987ApJ___316L___1S,exception
QSO B0234+013,Mellinger Blue,1987ApJ___316L___1S,exception
QSO B0234+013,SHASSA H,1987ApJ___316L___1S,no survey
QSO B0234+013,SHASSA CC,1987ApJ___316L___1S,no survey
QSO B0234+013,SHASSA C,1987ApJ___316L___1S,no survey
QSO B0234+013,SHASSA Sm,1987ApJ___316L___1S,no survey
SCMS  460,DSS1 Blue,1995AJ____110_2747S,no survey
SCMS  460,DSS1 Red,1995AJ____110_2747S,no survey
[JHR80] F-12,DSS1 Blue,1980ApJ___242__132J,no survey
[JHR80] F-12,DSS1 Red,1980ApJ___242__132J,no survey
[JHR80] F-12,DSS2 Blue,1980ApJ___242__132J,no survey
2MASS J06075530-0623393,Mellinger Red,1997AJ____114__198C,exception
2MASS J06075530-0623393,Mellinger Green,1997AJ____114__198C,exception
2MASS J06075530-0623393,Mellinger Blue,1997AJ____114__198C,exception
2MASS J06075530-0623393,SHASSA H,1997AJ____114__198C,no survey
2MASS J06075530-0623393,SHASSA CC,1997AJ____114__198C,no survey
2MASS J06075530-0623393,SHASSA C,1997AJ____114__198C,no survey
2MASS J06075530-0623393,SHASSA Sm,1997AJ____114__198C,no survey
UGC  8335 W,Mellinger Red,1990ApJ___364__471A,exception
UGC  8335 W,Mellinger Green,1990ApJ___364__471A,exception
UGC  8335 W,Mellinger Blue,1990ApJ___364__471A,exception
UGC  8335 W,SHASSA H,1990ApJ___364__471A,no survey
UGC  8335 W,SHASSA CC,1990ApJ___364__471A,no survey
UGC  8335 W,SHASSA C,1990ApJ___364__471A,no survey
UGC  8335 W,SHASSA Sm,1990ApJ___364__471A,no survey
HD 305267,Mellinger Red,1972AJ_____77__216M,exception
HD 305267,Mellinger Green,1972AJ_____77__216M,exception
HD 305267,Mellinger Blue,1972AJ_____77__216M,exception
HD 305267,SHASSA H,1972AJ_____77__216M,no survey
HD 305267,SHASSA CC,1972AJ_____77__216M,no survey
HD 305267,SHASSA C,1972AJ_____77__216M,no survey
HD 305267,SHASSA Sm,1972AJ_____77__216M,no survey
GD 246,Mellinger Red,1992AJ____104__340L,exception
GD 246,Mellinger Green,1992AJ____104__340L,exception
GD 246,Mellinger Blue,1992AJ____104__340L,exception
GD 246,SHASSA H,1992AJ____104__340L,no survey
GD 246,SHASSA CC,1992AJ____104__340L,no survey
GD 246,SHASSA C,1992AJ____104__340L,no survey
GD 246,SHASSA Sm,1992AJ____104__340L,no survey
PKS 0032-20,SUMSS 843 MHz,1996ApJS__107___19M,no survey
PKS 0032-20,WENSS,1996ApJS__107___19M,no survey
QSO J1455-1108,Mellinger Red,1983AJ_____88__709H,exception
QSO J1455-1108,Mellinger Green,1983AJ_____88__709H,exception
QSO J1455-1108,Mellinger Blue,1983AJ_____88__709H,exception
QSO J1455-1108,SHASSA H,1983AJ_____88__709H,no survey
QSO J1455-1108,SHASSA CC,1983AJ_____88__709H,no survey
QSO J1455-1108,SHASSA C,1983AJ_____88__709H,no survey
QSO J1455-1108,SHASSA Sm,1983AJ_____88__709H,no survey
3C 286,Mellinger Red,1991ApJ___367L___1K,exception
3C 286,Mellinger Green,1991ApJ___367L___1K,exception
3C 286,Mellinger Blue,1991ApJ___367L___1K,exception
3C 286,SHASSA H,1991ApJ___367L___1K,no survey
3C 286,SHASSA CC,1991ApJ___367L___1K,no survey
3C 286,SHASSA C,1991ApJ___367L___1K,no survey
3C 286,SHASSA Sm,1991ApJ___367L___1K,no survey
LEDA  170048,SHASSA H,1990AJ____100_1489W,no survey
LEDA  170048,SHASSA CC,1990AJ____100_1489W,no survey
LEDA  170048,SHASSA C,1990AJ____100_1489W,no survey
LEDA  170048,SHASSA Sm,1990AJ____100_1489W,no survey
CD-55  6591,Mellinger Red,1968AJ_____73__590D,exception
CD-55  6591,Mellinger Green,1968AJ_____73__590D,exception
CD-55  6591,Mellinger Blue,1968AJ_____73__590D,exception
CD-55  6591,SHASSA H,1968AJ_____73__590D,no survey
CD-55  6591,SHASSA CC,1968AJ_____73__590D,no survey
CD-55  6591,SHASSA C,1968AJ_____73__590D,no survey
CD-55  6591,SHASSA Sm,1968AJ_____73__590D,no survey
CD-55  6511,Mellinger Red,1972AJ_____77__463D,exception
CD-55  6511,Mellinger Green,1972AJ_____77__463D,exception
CD-55  6511,Mellinger Blue,1972AJ_____77__463D,exception
CD-55  6511,SHASSA H,1972AJ_____77__463D,no survey
CD-55  6511,SHASSA CC,1972AJ_____77__463D,no survey
CD-55  6511,SHASSA C,1972AJ_____77__463D,no survey
CD-55  6511,SHASSA Sm,1972AJ_____77__463D,no survey
M   3,Mellinger Red,1980AJ_____85_1330A,exception
M   3,Mellinger Green,1980AJ_____85_1330A,exception
M   3,Mellinger Blue,1980AJ_____85_1330A,exception
M   3,SHASSA H,1980AJ_____85_1330A,no survey
M   3,SHASSA CC,1980AJ_____85_1330A,no survey
M   3,SHASSA C,1980AJ_____85_1330A,no survey
M   3,SHASSA Sm,1980AJ_____85_1330A,no survey
BMB 109,DSS2 Blue,1984AJ_____89__636B,no survey
[H69] NGC 3359   8,DSS,1969ApJS___18___73H,no survey
[H69] NGC 3359   8,DSS1 Blue,1969ApJS___18___73H,no survey
[H69] NGC 3359   8,DSS1 Red,1969ApJS___18___73H,no survey
[H69] NGC 3359   8,DSS2 Red,1969ApJS___18___73H,no survey
[H69] NGC 3359   8,DSS2 Blue,1969ApJS___18___73H,no survey
[H69] NGC 3359   8,DSS2 IR,1969ApJS___18___73H,no survey
2MASS J04593416-7007298,IRAS  12 micron,1996ApJS__104___71O,no images
2MASS J04593416-7007298,IRAS  25 micron,1996ApJS__104___71O,no images
2MASS J04593416-7007298,IRAS  60 micron,1996ApJS__104___71O,no images
2MASS J04593416-7007298,IRAS 100 micron,1996ApJS__104___71O,no survey
NGC   457   119,Mellinger Red,1959ApJ___130__764P,exception
NGC   457   119,Mellinger Green,1959ApJ___130__764P,exception
NGC   457   119,Mellinger Blue,1959ApJ___130__764P,exception
NGC   457   119,SHASSA H,1959ApJ___130__764P,no survey
NGC   457   119,SHASSA CC,1959ApJ___130__764P,no survey
NGC   457   119,SHASSA C,1959ApJ___130__764P,no survey
NGC   457   119,SHASSA Sm,1959ApJ___130__764P,no survey
Cl* Westerlund    2    MSP     101,Mellinger Red,1991AJ____102__642M,exception
Cl* Westerlund    2    MSP     101,Mellinger Green,1991AJ____102__642M,exception
Cl* Westerlund    2    MSP     101,Mellinger Blue,1991AJ____102__642M,exception
Cl* Westerlund    2    MSP     101,SHASSA H,1991AJ____102__642M,no survey
Cl* Westerlund    2    MSP     101,SHASSA CC,1991AJ____102__642M,no survey
Cl* Westerlund    2    MSP     101,SHASSA C,1991AJ____102__642M,no survey
Cl* Westerlund    2    MSP     101,SHASSA Sm,1991AJ____102__642M,no survey
HD   5854,Mellinger Red,1978ApJ___225__346C,exception
HD   5854,Mellinger Green,1978ApJ___225__346C,exception
HD   5854,Mellinger Blue,1978ApJ___225__346C,exception
HD   5854,SHASSA H,1978ApJ___225__346C,no survey
HD   5854,SHASSA CC,1978ApJ___225__346C,no survey
HD   5854,SHASSA C,1978ApJ___225__346C,no survey
HD   5854,SHASSA Sm,1978ApJ___225__346C,no survey
[WMO2009] Scl-1005,DSS1 Blue,1995AJ____110_2747S,no survey
[WMO2009] Scl-1005,DSS1 Red,1995AJ____110_2747S,no survey
US 3353,Mellinger Red,1984ApJS___56__393H,exception
US 3353,Mellinger Green,1984ApJS___56__393H,exception
US 3353,Mellinger Blue,1984ApJS___56__393H,exception
US 3353,SHASSA H,1984ApJS___56__393H,no survey
US 3353,SHASSA CC,1984ApJS___56__393H,no survey
US 3353,SHASSA C,1984ApJS___56__393H,no survey
US 3353,SHASSA Sm,1984ApJS___56__393H,no survey
VSS VIII-86,DSS1 Blue,1981ApJ___243__489V,no survey
VSS VIII-86,DSS1 Red,1981ApJ___243__489V,no survey
HD 148562,Mellinger Red,1967ApJ___147_1003G,exception
HD 148562,Mellinger Green,1967ApJ___147_1003G,exception
HD 148562,Mellinger Blue,1967ApJ___147_1003G,exception
HD 148562,SHASSA H,1967ApJ___147_1003G,no survey
HD 148562,SHASSA CC,1967ApJ___147_1003G,no survey
HD 148562,SHASSA C,1967ApJ___147_1003G,no survey
HD 148562,SHASSA Sm,1967ApJ___147_1003G,no survey
V* W Ser,Mellinger Red,1957ApJ___126___87S,exception
V* W Ser,Mellinger Green,1957ApJ___126___87S,exception
V* W Ser,Mellinger Blue,1957ApJ___126___87S,exception
V* W Ser,SHASSA H,1957ApJ___126___87S,no survey
V* W Ser,SHASSA CC,1957ApJ___126___87S,no survey
V* W Ser,SHASSA C,1957ApJ___126___87S,no survey
V* W Ser,SHASSA Sm,1957ApJ___126___87S,no survey
PGMW 1409,DSS1 Blue,1992AJ____103_1205P,no survey
PGMW 1409,DSS1 Red,1992AJ____103_1205P,no survey
[W91b] Assoc 56,DSS,1993AJ____105__499R,no survey
[W91b] Assoc 56,DSS1 Blue,1993AJ____105__499R,no survey
[W91b] Assoc 56,DSS1 Red,1993AJ____105__499R,no survey
[W91b] Assoc 56,DSS2 Red,1993AJ____105__499R,no survey
[W91b] Assoc 56,DSS2 Blue,1993AJ____105__499R,no survey
[W91b] Assoc 56,DSS2 IR,1993AJ____105__499R,no survey
* B Cen,Mellinger Red,1972AJ_____77__868C,exception
* B Cen,Mellinger Green,1972AJ_____77__868C,exception
* B Cen,Mellinger Blue,1972AJ_____77__868C,exception
* B Cen,SHASSA H,1972AJ_____77__868C,no survey
* B Cen,SHASSA CC,1972AJ_____77__868C,no survey
* B Cen,SHASSA C,1972AJ_____77__868C,no survey
* B Cen,SHASSA Sm,1972AJ_____77__868C,no survey
LEDA  138890,Mellinger Red,1990ApJS___72__715T,exception
LEDA  138890,Mellinger Green,1990ApJS___72__715T,exception
LEDA  138890,Mellinger Blue,1990ApJS___72__715T,exception
LEDA  138890,SHASSA H,1990ApJS___72__715T,no survey
LEDA  138890,SHASSA CC,1990ApJS___72__715T,no survey
LEDA  138890,SHASSA C,1990ApJS___72__715T,no survey
LEDA  138890,SHASSA Sm,1990ApJS___72__715T,no survey
* P Pup,DSS1 Blue,1914ApJ____40___43K,no survey
* P Pup,DSS1 Red,1914ApJ____40___43K,no survey
NGC  2168   183,Mellinger Red,1986AJ_____91__557M,exception
NGC  2168   183,Mellinger Green,1986AJ_____91__557M,exception
NGC  2168   183,Mellinger Blue,1986AJ_____91__557M,exception
NGC  2168   183,SHASSA H,1986AJ_____91__557M,no survey
NGC  2168   183,SHASSA CC,1986AJ_____91__557M,no survey
NGC  2168   183,SHASSA C,1986AJ_____91__557M,no survey
NGC  2168   183,SHASSA Sm,1986AJ_____91__557M,no survey
NAME Centaurus A,VLA FIRST (1.4 GHz),1989ApJ___346__638J,no survey
NAME Centaurus A,NVSS,1989ApJ___346__638J,no survey
NAME Centaurus A,Stripe82VLA,1989ApJ___346__638J,no survey
NAME Centaurus A,EBHIS,1989ApJ___346__638J,no survey
Cl* NGC 2070     MH      57,Mellinger Red,1993ApJ___413__604H,exception
Cl* NGC 2070     MH      57,Mellinger Green,1993ApJ___413__604H,exception
Cl* NGC 2070     MH      57,Mellinger Blue,1993ApJ___413__604H,exception
Cl* NGC 2070     MH      57,SHASSA H,1993ApJ___413__604H,no survey
Cl* NGC 2070     MH      57,SHASSA CC,1993ApJ___413__604H,no survey
Cl* NGC 2070     MH      57,SHASSA C,1993ApJ___413__604H,no survey
Cl* NGC 2070     MH      57,SHASSA Sm,1993ApJ___413__604H,no survey
NGC  6611   228,DSS2 Blue,1993AJ____106_1906H,no survey
2MASX J04291864-6103382,DSS1 Blue,1996AJ____112___36Q,no survey
2MASX J04291864-6103382,DSS1 Red,1996AJ____112___36Q,no survey
PN G114.0-04.6,Mellinger Red,1986ApJ___302__727J,exception
PN G114.0-04.6,Mellinger Green,1986ApJ___302__727J,exception
PN G114.0-04.6,Mellinger Blue,1986ApJ___302__727J,exception
PN G114.0-04.6,SHASSA H,1986ApJ___302__727J,no survey
PN G114.0-04.6,SHASSA CC,1986ApJ___302__727J,no survey
PN G114.0-04.6,SHASSA C,1986ApJ___302__727J,no survey
PN G114.0-04.6,SHASSA Sm,1986ApJ___302__727J,no survey
2dFGRS TGN216Z072,Mellinger Red,1987AJ_____94__587B,exception
2dFGRS TGN216Z072,Mellinger Green,1987AJ_____94__587B,exception
2dFGRS TGN216Z072,Mellinger Blue,1987AJ_____94__587B,exception
2dFGRS TGN216Z072,SHASSA H,1987AJ_____94__587B,no survey
2dFGRS TGN216Z072,SHASSA CC,1987AJ_____94__587B,no survey
2dFGRS TGN216Z072,SHASSA C,1987AJ_____94__587B,no survey
2dFGRS TGN216Z072,SHASSA Sm,1987AJ_____94__587B,no survey
[TP95] NGC  6221  96,DSS1 Blue,1995ApJS__101__287T,no survey
[TP95] NGC  6221  96,DSS1 Red,1995ApJS__101__287T,no survey
HD  45995,Mellinger Red,1933ApJ____78___87M,exception
HD  45995,Mellinger Green,1933ApJ____78___87M,exception
HD  45995,Mellinger Blue,1933ApJ____78___87M,exception
HD  45995,SHASSA H,1933ApJ____78___87M,no survey
HD  45995,SHASSA CC,1933ApJ____78___87M,no survey
HD  45995,SHASSA C,1933ApJ____78___87M,no survey
HD  45995,SHASSA Sm,1933ApJ____78___87M,no survey
Cl* Trumpler   14     MJ       3,IRAS  12 micron,1993AJ____105__980M,no images
Cl* Trumpler   14     MJ       3,IRAS  25 micron,1993AJ____105__980M,no images
Cl* Trumpler   14     MJ       3,IRAS  60 micron,1993AJ____105__980M,no images
Cl* Trumpler   14     MJ       3,IRAS 100 micron,1993AJ____105__980M,no survey
HD 285329,Mellinger Red,1996AJ____112_2260M,exception
HD 285329,Mellinger Green,1996AJ____112_2260M,exception
HD 285329,Mellinger Blue,1996AJ____112_2260M,exception
HD 285329,SHASSA H,1996AJ____112_2260M,no survey
HD 285329,SHASSA CC,1996AJ____112_2260M,no survey
HD 285329,SHASSA C,1996AJ____112_2260M,no survey
HD 285329,SHASSA Sm,1996AJ____112_2260M,no survey
ESO 264-39,DSS1 Blue,1995ApJS___96___39B,no survey
ESO 264-39,DSS1 Red,1995ApJS___96___39B,no survey
V* V599 Ori,Mellinger Red,1994ApJS___90__149C,exception
V* V599 Ori,Mellinger Green,1994ApJS___90__149C,exception
V* V599 Ori,Mellinger Blue,1994ApJS___90__149C,exception
V* V599 Ori,SHASSA H,1994ApJS___90__149C,no survey
V* V599 Ori,SHASSA CC,1994ApJS___90__149C,no survey
V* V599 Ori,SHASSA C,1994ApJS___90__149C,no survey
V* V599 Ori,SHASSA Sm,1994ApJS___90__149C,no survey
LF  1 B  55,Mellinger Red,1959ApJ___130__178W,exception
LF  1 B  55,Mellinger Green,1959ApJ___130__178W,exception
LF  1 B  55,Mellinger Blue,1959ApJ___130__178W,exception
LF  1 B  55,SHASSA H,1959ApJ___130__178W,no survey
LF  1 B  55,SHASSA CC,1959ApJ___130__178W,no survey
LF  1 B  55,SHASSA C,1959ApJ___130__178W,no survey
LF  1 B  55,SHASSA Sm,1959ApJ___130__178W,no survey
DES J130314.89+315033.8,Mellinger Red,1993ApJS___87__135O,exception
DES J130314.89+315033.8,Mellinger Green,1993ApJS___87__135O,exception
DES J130314.89+315033.8,Mellinger Blue,1993ApJS___87__135O,exception
DES J130314.89+315033.8,SHASSA H,1993ApJS___87__135O,no survey
DES J130314.89+315033.8,SHASSA CC,1993ApJS___87__135O,no survey
DES J130314.89+315033.8,SHASSA C,1993ApJS___87__135O,no survey
DES J130314.89+315033.8,SHASSA Sm,1993ApJS___87__135O,no survey
M  33,DSS1 Blue,1995ApJ___451__607P,no survey
HD  21455,Mellinger Red,1950ApJ___111__426R,exception
HD  21455,Mellinger Green,1950ApJ___111__426R,exception
HD  21455,Mellinger Blue,1950ApJ___111__426R,exception
HD  21455,SHASSA H,1950ApJ___111__426R,no survey
HD  21455,SHASSA CC,1950ApJ___111__426R,no survey
HD  21455,SHASSA C,1950ApJ___111__426R,no survey
HD  21455,SHASSA Sm,1950ApJ___111__426R,no survey
ESO 221-26,DSS1 Blue,1995ApJS___96___39B,no survey
ESO 221-26,DSS1 Red,1995ApJS___96___39B,no survey
Cl* NGC 2682    FBC    3203,Mellinger Red,1993AJ____106__181M,exception
Cl* NGC 2682    FBC    3203,Mellinger Green,1993AJ____106__181M,exception
Cl* NGC 2682    FBC    3203,Mellinger Blue,1993AJ____106__181M,exception
Cl* NGC 2682    FBC    3203,SHASSA H,1993AJ____106__181M,no survey
Cl* NGC 2682    FBC    3203,SHASSA CC,1993AJ____106__181M,no survey
Cl* NGC 2682    FBC    3203,SHASSA C,1993AJ____106__181M,no survey
Cl* NGC 2682    FBC    3203,SHASSA Sm,1993AJ____106__181M,no survey
NVSS J210816+471143,SUMSS 843 MHz,1996ApJS__107__239T,no survey
[GMP94] 573,DSS1 Blue,1994AJ____108_1256G,no survey
[GMP94] 573,DSS1 Red,1994AJ____108_1256G,no survey
[GMP94] 573,DSS2 Blue,1994AJ____108_1256G,no survey
NGC  6649   231,Mellinger Red,1975ApJ___197___55M,exception
NGC  6649   231,Mellinger Green,1975ApJ___197___55M,no survey
NGC  6649   231,Mellinger Blue,1975ApJ___197___55M,exception
NGC  6649   231,SHASSA H,1975ApJ___197___55M,no survey
NGC  6649   231,SHASSA CC,1975ApJ___197___55M,no survey
NGC  6649   231,SHASSA C,1975ApJ___197___55M,no survey
NGC  6649   231,SHASSA Sm,1975ApJ___197___55M,no survey
BD+60  2522,Mellinger Red,1922ApJ____56__162H,exception
BD+60  2522,Mellinger Green,1922ApJ____56__162H,exception
BD+60  2522,Mellinger Blue,1922ApJ____56__162H,exception
BD+60  2522,SHASSA H,1922ApJ____56__162H,no survey
BD+60  2522,SHASSA CC,1922ApJ____56__162H,no survey
BD+60  2522,SHASSA C,1922ApJ____56__162H,no survey
BD+60  2522,SHASSA Sm,1922ApJ____56__162H,no survey
HD    704,Mellinger Red,1971AJ_____76__338S,exception
HD    704,Mellinger Green,1971AJ_____76__338S,exception
HD    704,Mellinger Blue,1971AJ_____76__338S,exception
HD    704,SHASSA H,1971AJ_____76__338S,no survey
HD    704,SHASSA CC,1971AJ_____76__338S,no survey
HD    704,SHASSA C,1971AJ_____76__338S,no survey
HD    704,SHASSA Sm,1971AJ_____76__338S,no survey
WSRTGP 2011+3352,DSS,1996ApJS__107__239T,no survey
WSRTGP 2011+3352,DSS1 Blue,1996ApJS__107__239T,no survey
WSRTGP 2011+3352,DSS1 Red,1996ApJS__107__239T,no survey
WSRTGP 2011+3352,DSS2 Red,1996ApJS__107__239T,no survey
WSRTGP 2011+3352,DSS2 Blue,1996ApJS__107__239T,no survey
WSRTGP 2011+3352,DSS2 IR,1996ApJS__107__239T,no survey
[LBG82] NGC 3576 3,DSS,1982ApJ___255__510L,no survey
[LBG82] NGC 3576 3,DSS1 Blue,1982ApJ___255__510L,no survey
[LBG82] NGC 3576 3,DSS1 Red,1982ApJ___255__510L,no survey
[LBG82] NGC 3576 3,DSS2 Red,1982ApJ___255__510L,no survey
[LBG82] NGC 3576 3,DSS2 Blue,1982ApJ___255__510L,no survey
[LBG82] NGC 3576 3,DSS2 IR,1982ApJ___255__510L,no survey
CPD-19  6924,Mellinger Red,1960ApJ___131__620J,exception
CPD-19  6924,Mellinger Green,1960ApJ___131__620J,exception
CPD-19  6924,Mellinger Blue,1960ApJ___131__620J,exception
CPD-19  6924,SHASSA H,1960ApJ___131__620J,no survey
CPD-19  6924,SHASSA CC,1960ApJ___131__620J,no survey
CPD-19  6924,SHASSA C,1960ApJ___131__620J,no survey
CPD-19  6924,SHASSA Sm,1960ApJ___131__620J,no survey
MGSD LH 118 138,DSS1 Blue,1989AJ_____97__107M,no survey
MGSD LH 118 138,DSS1 Red,1989AJ_____97__107M,no survey
SK -66   32,Mellinger Red,1992AJ____103_1205P,exception
SK -66   32,Mellinger Green,1992AJ____103_1205P,exception
SK -66   32,Mellinger Blue,1992AJ____103_1205P,exception
SK -66   32,SHASSA H,1992AJ____103_1205P,no survey
SK -66   32,SHASSA CC,1992AJ____103_1205P,no survey
SK -66   32,SHASSA C,1992AJ____103_1205P,no survey
SK -66   32,SHASSA Sm,1992AJ____103_1205P,no survey
NGC  5973,Mellinger Red,1990ApJ___362__473T,exception
NGC  5973,Mellinger Green,1990ApJ___362__473T,exception
NGC  5973,Mellinger Blue,1990ApJ___362__473T,exception
NGC  5973,SHASSA H,1990ApJ___362__473T,no survey
NGC  5973,SHASSA CC,1990ApJ___362__473T,no survey
NGC  5973,SHASSA C,1990ApJ___362__473T,no survey
NGC  5973,SHASSA Sm,1990ApJ___362__473T,no survey
[JHR80] E-6,DSS1 Blue,1980ApJ___242__132J,no survey
[JHR80] E-6,DSS1 Red,1980ApJ___242__132J,no survey
[JHR80] E-6,DSS2 Blue,1980ApJ___242__132J,no survey
LEDA    5176,Mellinger Red,1964ApJ___139__269Z,exception
LEDA    5176,Mellinger Green,1964ApJ___139__269Z,exception
LEDA    5176,Mellinger Blue,1964ApJ___139__269Z,exception
LEDA    5176,SHASSA H,1964ApJ___139__269Z,no survey
LEDA    5176,SHASSA CC,1964ApJ___139__269Z,no survey
LEDA    5176,SHASSA C,1964ApJ___139__269Z,no survey
LEDA    5176,SHASSA Sm,1964ApJ___139__269Z,no survey
[TP95] NGC  5643  77,DSS1 Blue,1995ApJS__101__287T,no survey
[TP95] NGC  5643  77,DSS1 Red,1995ApJS__101__287T,no survey
V* T Sco,Mellinger Red,1954ApJ___119__483H,exception
V* T Sco,Mellinger Green,1954ApJ___119__483H,exception
V* T Sco,Mellinger Blue,1954ApJ___119__483H,exception
V* T Sco,SHASSA H,1954ApJ___119__483H,no survey
V* T Sco,SHASSA CC,1954ApJ___119__483H,no survey
V* T Sco,SHASSA C,1954ApJ___119__483H,no survey
V* T Sco,SHASSA Sm,1954ApJ___119__483H,no survey
HD  22589,Mellinger Red,1972AJ_____77__384M,exception
HD  22589,Mellinger Green,1972AJ_____77__384M,exception
HD  22589,Mellinger Blue,1972AJ_____77__384M,exception
HD  22589,SHASSA H,1972AJ_____77__384M,no survey
HD  22589,SHASSA CC,1972AJ_____77__384M,no survey
HD  22589,SHASSA C,1972AJ_____77__384M,no survey
HD  22589,SHASSA Sm,1972AJ_____77__384M,no survey
[SMS86] 104,Mellinger Red,1986AJ_____92__302S,exception
[SMS86] 104,Mellinger Green,1986AJ_____92__302S,exception
[SMS86] 104,Mellinger Blue,1986AJ_____92__302S,exception
[SMS86] 104,SHASSA H,1986AJ_____92__302S,no survey
[SMS86] 104,SHASSA CC,1986AJ_____92__302S,no survey
[SMS86] 104,SHASSA C,1986AJ_____92__302S,no survey
[SMS86] 104,SHASSA Sm,1986AJ_____92__302S,no survey
HD  45930,Mellinger Red,1993ApJ___408__484S,exception
HD  45930,Mellinger Green,1993ApJ___408__484S,exception
HD  45930,Mellinger Blue,1993ApJ___408__484S,exception
HD  45930,SHASSA H,1993ApJ___408__484S,no survey
HD  45930,SHASSA CC,1993ApJ___408__484S,no survey
HD  45930,SHASSA C,1993ApJ___408__484S,no survey
HD  45930,SHASSA Sm,1993ApJ___408__484S,no survey
* iot Peg,Mellinger Red,1964ApJ___140__853P,exception
* iot Peg,Mellinger Green,1964ApJ___140__853P,exception
* iot Peg,Mellinger Blue,1964ApJ___140__853P,exception
* iot Peg,SHASSA H,1964ApJ___140__853P,no survey
* iot Peg,SHASSA CC,1964ApJ___140__853P,no survey
* iot Peg,SHASSA C,1964ApJ___140__853P,no survey
* iot Peg,SHASSA Sm,1964ApJ___140__853P,no survey
[SMS86]  84,Mellinger Red,1986AJ_____92__302S,exception
[SMS86]  84,Mellinger Green,1986AJ_____92__302S,exception
[SMS86]  84,Mellinger Blue,1986AJ_____92__302S,exception
[SMS86]  84,SHASSA H,1986AJ_____92__302S,no survey
[SMS86]  84,SHASSA CC,1986AJ_____92__302S,no survey
[SMS86]  84,SHASSA C,1986AJ_____92__302S,no survey
[SMS86]  84,SHASSA Sm,1986AJ_____92__302S,no survey
[GMP94] 333,DSS1 Blue,1994AJ____108_1256G,no survey
[GMP94] 333,DSS1 Red,1994AJ____108_1256G,no survey
[GMP94] 333,DSS2 Blue,1994AJ____108_1256G,no survey
2MASS J05314857-6839089,Mellinger Red,1996ApJS__104___71O,exception
2MASS J05314857-6839089,Mellinger Green,1996ApJS__104___71O,exception
2MASS J05314857-6839089,Mellinger Blue,1996ApJS__104___71O,exception
2MASS J05314857-6839089,SHASSA H,1996ApJS__104___71O,no survey
2MASS J05314857-6839089,SHASSA CC,1996ApJS__104___71O,no survey
2MASS J05314857-6839089,SHASSA C,1996ApJS__104___71O,no survey
2MASS J05314857-6839089,SHASSA Sm,1996ApJS__104___71O,no survey
LEDA  191964,TESS,1995ApJS___96___39B,no survey
LEDA  191964,Mellinger Red,1995ApJS___96___39B,exception
LEDA  191964,Mellinger Green,1995ApJS___96___39B,exception
LEDA  191964,Mellinger Blue,1995ApJS___96___39B,exception
LEDA  191964,SHASSA H,1995ApJS___96___39B,no survey
LEDA  191964,SHASSA CC,1995ApJS___96___39B,no survey
LEDA  191964,SHASSA C,1995ApJS___96___39B,no survey
LEDA  191964,SHASSA Sm,1995ApJS___96___39B,no survey
2MASS J15155478-0006549,Mellinger Red,1986AJ_____91__842S,exception
2MASS J15155478-0006549,Mellinger Green,1986AJ_____91__842S,exception
2MASS J15155478-0006549,Mellinger Blue,1986AJ_____91__842S,exception
2MASS J15155478-0006549,SHASSA H,1986AJ_____91__842S,no survey
2MASS J15155478-0006549,SHASSA CC,1986AJ_____91__842S,no survey
2MASS J15155478-0006549,SHASSA C,1986AJ_____91__842S,no survey
2MASS J15155478-0006549,SHASSA Sm,1986AJ_____91__842S,no survey
BMB-BW 335,Mellinger Red,1990ApJ___365__168F,exception
BMB-BW 335,Mellinger Green,1990ApJ___365__168F,exception
BMB-BW 335,Mellinger Blue,1990ApJ___365__168F,exception
BMB-BW 335,SHASSA H,1990ApJ___365__168F,no survey
BMB-BW 335,SHASSA CC,1990ApJ___365__168F,no survey
BMB-BW 335,SHASSA C,1990ApJ___365__168F,no survey
BMB-BW 335,SHASSA Sm,1990ApJ___365__168F,no survey
Cl* Trumpler   14      Y     469,Mellinger Red,1993AJ____105_1822C,exception
Cl* Trumpler   14      Y     469,Mellinger Green,1993AJ____105_1822C,exception
Cl* Trumpler   14      Y     469,Mellinger Blue,1993AJ____105_1822C,exception
Cl* Trumpler   14      Y     469,SHASSA H,1993AJ____105_1822C,no survey
Cl* Trumpler   14      Y     469,SHASSA CC,1993AJ____105_1822C,no survey
Cl* Trumpler   14      Y     469,SHASSA C,1993AJ____105_1822C,no survey
Cl* Trumpler   14      Y     469,SHASSA Sm,1993AJ____105_1822C,no survey
Cl* IC 4651    MEI   10375,Mellinger Red,1988AJ_____95_1453A,exception
Cl* IC 4651    MEI   10375,Mellinger Green,1988AJ_____95_1453A,exception
Cl* IC 4651    MEI   10375,Mellinger Blue,1988AJ_____95_1453A,exception
Cl* IC 4651    MEI   10375,SHASSA H,1988AJ_____95_1453A,no survey
Cl* IC 4651    MEI   10375,SHASSA CC,1988AJ_____95_1453A,no survey
Cl* IC 4651    MEI   10375,SHASSA C,1988AJ_____95_1453A,no survey
Cl* IC 4651    MEI   10375,SHASSA Sm,1988AJ_____95_1453A,no survey
SCMS  755,DSS1 Blue,1995AJ____110_2747S,no survey
SCMS  755,DSS1 Red,1995AJ____110_2747S,no survey
NAME Scl Group,DSS1 Blue,1985ApJS___58__107C,no survey
NAME Scl Group,DSS1 Red,1985ApJS___58__107C,no survey
2MASS J03224302-3708597,Mellinger Red,1993ApJ___416___62M,exception
2MASS J03224302-3708597,Mellinger Green,1993ApJ___416___62M,exception
2MASS J03224302-3708597,Mellinger Blue,1993ApJ___416___62M,exception
2MASS J03224302-3708597,SHASSA H,1993ApJ___416___62M,no survey
2MASS J03224302-3708597,SHASSA CC,1993ApJ___416___62M,no survey
2MASS J03224302-3708597,SHASSA C,1993ApJ___416___62M,no survey
2MASS J03224302-3708597,SHASSA Sm,1993ApJ___416___62M,no survey
NGC  3489,Mellinger Red,1978AJ_____83____1K,exception
NGC  3489,Mellinger Green,1978AJ_____83____1K,exception
NGC  3489,Mellinger Blue,1978AJ_____83____1K,exception
NGC  3489,SHASSA H,1978AJ_____83____1K,no survey
NGC  3489,SHASSA CC,1978AJ_____83____1K,no survey
NGC  3489,SHASSA C,1978AJ_____83____1K,no survey
NGC  3489,SHASSA Sm,1978AJ_____83____1K,no survey
* alf Lyr,Mellinger Red,1964ApJ___140__853P,exception
* alf Lyr,Mellinger Green,1964ApJ___140__853P,exception
* alf Lyr,Mellinger Blue,1964ApJ___140__853P,exception
* alf Lyr,SHASSA H,1964ApJ___140__853P,no survey
* alf Lyr,SHASSA CC,1964ApJ___140__853P,no survey
* alf Lyr,SHASSA C,1964ApJ___140__853P,no survey
* alf Lyr,SHASSA Sm,1964ApJ___140__853P,no survey
SHV 0559342-744429,DSS1 Blue,1989AJ_____97_1634H,no survey
SHV 0559342-744429,DSS1 Red,1989AJ_____97_1634H,no survey
[H69] NGC 2903  64,DSS,1969ApJS___18___73H,no survey
[H69] NGC 2903  64,DSS1 Blue,1969ApJS___18___73H,no survey
[H69] NGC 2903  64,DSS1 Red,1969ApJS___18___73H,no survey
[H69] NGC 2903  64,DSS2 Red,1969ApJS___18___73H,no survey
[H69] NGC 2903  64,DSS2 Blue,1969ApJS___18___73H,no survey
[H69] NGC 2903  64,DSS2 IR,1969ApJS___18___73H,no survey
M  76,Mellinger Red,1966ApJ___144__259A,exception
M  76,Mellinger Green,1966ApJ___144__259A,exception
M  76,Mellinger Blue,1966ApJ___144__259A,exception
M  76,SHASSA H,1966ApJ___144__259A,no survey
M  76,SHASSA CC,1966ApJ___144__259A,no survey
M  76,SHASSA C,1966ApJ___144__259A,no survey
M  76,SHASSA Sm,1966ApJ___144__259A,no survey
PG 2357+125,Mellinger Red,1986ApJS___61__305G,exception
PG 2357+125,Mellinger Green,1986ApJS___61__305G,exception
PG 2357+125,Mellinger Blue,1986ApJS___61__305G,exception
PG 2357+125,SHASSA H,1986ApJS___61__305G,no survey
PG 2357+125,SHASSA CC,1986ApJS___61__305G,no survey
PG 2357+125,SHASSA C,1986ApJS___61__305G,no survey
PG 2357+125,SHASSA Sm,1986ApJS___61__305G,no survey
2MASS J03285694+3116222,Mellinger Red,1983AJ_____88_1040H,exception
2MASS J03285694+3116222,Mellinger Green,1983AJ_____88_1040H,exception
2MASS J03285694+3116222,Mellinger Blue,1983AJ_____88_1040H,exception
2MASS J03285694+3116222,SHASSA H,1983AJ_____88_1040H,no survey
2MASS J03285694+3116222,SHASSA CC,1983AJ_____88_1040H,no survey
2MASS J03285694+3116222,SHASSA C,1983AJ_____88_1040H,no survey
2MASS J03285694+3116222,SHASSA Sm,1983AJ_____88_1040H,no survey
GW 346.5-7.0,DSS,1992ApJ___390__108K,no survey
GW 346.5-7.0,DSS1 Blue,1992ApJ___390__108K,no survey
GW 346.5-7.0,DSS1 Red,1992ApJ___390__108K,no survey
GW 346.5-7.0,DSS2 Red,1992ApJ___390__108K,no survey
GW 346.5-7.0,DSS2 Blue,1992ApJ___390__108K,no survey
GW 346.5-7.0,DSS2 IR,1992ApJ___390__108K,no survey
[CHH92] 7052,DSS,1992AJ____104_1721C,no survey
[CHH92] 7052,DSS1 Blue,1992AJ____104_1721C,no survey
[CHH92] 7052,DSS1 Red,1992AJ____104_1721C,no survey
[CHH92] 7052,DSS2 Red,1992AJ____104_1721C,no survey
[CHH92] 7052,DSS2 Blue,1992AJ____104_1721C,no survey
[CHH92] 7052,DSS2 IR,1992AJ____104_1721C,no survey
CTIO85 174,DSS1 Blue,1996ApJS__104___71O,no survey
CTIO85 174,DSS1 Red,1996ApJS__104___71O,no survey
Elia 2-2,Mellinger Red,1989ApJ___340__823W,exception
Elia 2-2,Mellinger Green,1989ApJ___340__823W,exception
Elia 2-2,Mellinger Blue,1989ApJ___340__823W,exception
Elia 2-2,SHASSA H,1989ApJ___340__823W,no survey
Elia 2-2,SHASSA CC,1989ApJ___340__823W,no survey
Elia 2-2,SHASSA C,1989ApJ___340__823W,no survey
Elia 2-2,SHASSA Sm,1989ApJ___340__823W,no survey
M  87,SUMSS 843 MHz,1956ApJ___123__550B,no survey
M  87,WENSS,1956ApJ___123__550B,no survey
2MASX J04245098-6047476,Mellinger Red,1996AJ____112___36Q,exception
2MASX J04245098-6047476,Mellinger Green,1996AJ____112___36Q,exception
2MASX J04245098-6047476,Mellinger Blue,1996AJ____112___36Q,exception
2MASX J04245098-6047476,SHASSA H,1996AJ____112___36Q,no survey
2MASX J04245098-6047476,SHASSA CC,1996AJ____112___36Q,no survey
2MASX J04245098-6047476,SHASSA C,1996AJ____112___36Q,no survey
2MASX J04245098-6047476,SHASSA Sm,1996AJ____112___36Q,no survey
PN A66   30,Mellinger Red,1994ApJ___435__722B,exception
PN A66   30,Mellinger Green,1994ApJ___435__722B,exception
PN A66   30,Mellinger Blue,1994ApJ___435__722B,exception
PN A66   30,SHASSA H,1994ApJ___435__722B,no survey
PN A66   30,SHASSA CC,1994ApJ___435__722B,no survey
PN A66   30,SHASSA C,1994ApJ___435__722B,no survey
PN A66   30,SHASSA Sm,1994ApJ___435__722B,no survey
HD  84903,Mellinger Red,1985AJ_____90_2089B,exception
HD  84903,Mellinger Green,1985AJ_____90_2089B,exception
HD  84903,Mellinger Blue,1985AJ_____90_2089B,exception
HD  84903,SHASSA H,1985AJ_____90_2089B,no survey
HD  84903,SHASSA CC,1985AJ_____90_2089B,no survey
HD  84903,SHASSA C,1985AJ_____90_2089B,no survey
HD  84903,SHASSA Sm,1985AJ_____90_2089B,no survey
EM* VRMF  117,DSS1 Blue,1980AJ_____85_1207V,no survey
EM* VRMF  117,DSS1 Red,1980AJ_____85_1207V,no survey
NAME LMC 4 Supergiant Shell,DSS1 Blue,1995AJ____109__594K,no survey
NAME LMC 4 Supergiant Shell,DSS1 Red,1995AJ____109__594K,no survey
BASW  62,Mellinger Red,1965AJ_____70__212B,exception
BASW  62,Mellinger Green,1965AJ_____70__212B,exception
BASW  62,Mellinger Blue,1965AJ_____70__212B,exception
BASW  62,SHASSA H,1965AJ_____70__212B,no survey
BASW  62,SHASSA CC,1965AJ_____70__212B,no survey
BASW  62,SHASSA C,1965AJ_____70__212B,no survey
BASW  62,SHASSA Sm,1965AJ_____70__212B,no survey
6dFGS gJ205156.5-520346,DSS1 Blue,1997AJ____113__492C,no survey
6dFGS gJ205156.5-520346,DSS1 Red,1997AJ____113__492C,no survey
SCMS 1044,DSS1 Blue,1995AJ____110_2747S,no survey
SCMS 1044,DSS1 Red,1995AJ____110_2747S,no survey
BD-21  1074A,Mellinger Red,1994ApJS___93__569B,exception
BD-21  1074A,Mellinger Green,1994ApJS___93__569B,exception
BD-21  1074A,Mellinger Blue,1994ApJS___93__569B,exception
BD-21  1074A,SHASSA H,1994ApJS___93__569B,no survey
BD-21  1074A,SHASSA CC,1994ApJS___93__569B,no survey
BD-21  1074A,SHASSA C,1994ApJS___93__569B,no survey
BD-21  1074A,SHASSA Sm,1994ApJS___93__569B,no survey
NGC  1851,DSS1 Blue,1979ApJ___231L_125J,no survey
NGC  1851,DSS1 Red,1979ApJ___231L_125J,no survey
LS  108,Mellinger Red,1979AJ_____84__639M,exception
LS  108,Mellinger Green,1979AJ_____84__639M,exception
LS  108,Mellinger Blue,1979AJ_____84__639M,exception
LS  108,SHASSA H,1979AJ_____84__639M,no survey
LS  108,SHASSA CC,1979AJ_____84__639M,no survey
LS  108,SHASSA C,1979AJ_____84__639M,no survey
LS  108,SHASSA Sm,1979AJ_____84__639M,no survey
V* V1465 Sgr,DSS2 Blue,1984AJ_____89_1836B,no survey
M  33,Mellinger Red,1978ApJ___223__129G,exception
M  33,Mellinger Green,1978ApJ___223__129G,exception
M  33,Mellinger Blue,1978ApJ___223__129G,exception
M  33,SHASSA H,1978ApJ___223__129G,no survey
M  33,SHASSA CC,1978ApJ___223__129G,no survey
M  33,SHASSA C,1978ApJ___223__129G,no survey
M  33,SHASSA Sm,1978ApJ___223__129G,no survey
HD 171871,Mellinger Red,1971ApJS___23__257W,exception
HD 171871,Mellinger Green,1971ApJS___23__257W,exception
HD 171871,Mellinger Blue,1971ApJS___23__257W,exception
HD 171871,SHASSA H,1971ApJS___23__257W,no survey
HD 171871,SHASSA CC,1971ApJS___23__257W,no survey
HD 171871,SHASSA C,1971ApJS___23__257W,no survey
HD 171871,SHASSA Sm,1971ApJS___23__257W,no survey
NAME PegDIG,Mellinger Red,1997AJ____114__680A,exception
NAME PegDIG,Mellinger Green,1997AJ____114__680A,exception
NAME PegDIG,Mellinger Blue,1997AJ____114__680A,exception
NAME PegDIG,SHASSA H,1997AJ____114__680A,no survey
NAME PegDIG,SHASSA CC,1997AJ____114__680A,no survey
NAME PegDIG,SHASSA C,1997AJ____114__680A,no survey
NAME PegDIG,SHASSA Sm,1997AJ____114__680A,no survey
* a Car,SHASSA H,1975ApJS___29__137S,no survey
* a Car,SHASSA CC,1975ApJS___29__137S,no survey
* a Car,SHASSA C,1975ApJS___29__137S,no survey
* a Car,SHASSA Sm,1975ApJS___29__137S,no survey
*  29 Per,Mellinger Red,1955ApJ___121__102S,exception
*  29 Per,Mellinger Green,1955ApJ___121__102S,exception
*  29 Per,Mellinger Blue,1955ApJ___121__102S,exception
*  29 Per,SHASSA H,1955ApJ___121__102S,no survey
*  29 Per,SHASSA CC,1955ApJ___121__102S,no survey
*  29 Per,SHASSA C,1955ApJ___121__102S,no survey
*  29 Per,SHASSA Sm,1955ApJ___121__102S,no survey
LMC-BM  46-10,Mellinger Red,1990AJ____100__674B,exception
LMC-BM  46-10,Mellinger Green,1990AJ____100__674B,exception
LMC-BM  46-10,Mellinger Blue,1990AJ____100__674B,exception
LMC-BM  46-10,SHASSA H,1990AJ____100__674B,no survey
LMC-BM  46-10,SHASSA CC,1990AJ____100__674B,no survey
LMC-BM  46-10,SHASSA C,1990AJ____100__674B,no survey
LMC-BM  46-10,SHASSA Sm,1990AJ____100__674B,no survey
V* AM Scl,Mellinger Red,1977AJ_____82__714D,exception
V* AM Scl,Mellinger Green,1977AJ_____82__714D,exception
V* AM Scl,Mellinger Blue,1977AJ_____82__714D,exception
V* AM Scl,SHASSA H,1977AJ_____82__714D,no survey
V* AM Scl,SHASSA CC,1977AJ_____82__714D,no survey
V* AM Scl,SHASSA C,1977AJ_____82__714D,no survey
V* AM Scl,SHASSA Sm,1977AJ_____82__714D,no survey
ESO 511-35,Mellinger Red,1991AJ____101__410S,exception
ESO 511-35,Mellinger Green,1991AJ____101__410S,exception
ESO 511-35,Mellinger Blue,1991AJ____101__410S,exception
ESO 511-35,SHASSA H,1991AJ____101__410S,no survey
ESO 511-35,SHASSA CC,1991AJ____101__410S,no survey
ESO 511-35,SHASSA C,1991AJ____101__410S,no survey
ESO 511-35,SHASSA Sm,1991AJ____101__410S,no survey
VXR PSPC 58,DSS1 Blue,1996ApJS__106__489P,no survey
VXR PSPC 58,DSS1 Red,1996ApJS__106__489P,no survey
[MTG95] C-498,DSS,1995AJ____109__173M,no survey
[MTG95] C-498,DSS1 Blue,1995AJ____109__173M,no survey
[MTG95] C-498,DSS1 Red,1995AJ____109__173M,no survey
[MTG95] C-498,DSS2 Red,1995AJ____109__173M,no survey
[MTG95] C-498,DSS2 Blue,1995AJ____109__173M,no survey
[MTG95] C-498,DSS2 IR,1995AJ____109__173M,no survey
M  33,Mellinger Red,1994ApJ___434__523S,exception
M  33,Mellinger Green,1994ApJ___434__523S,exception
M  33,Mellinger Blue,1994ApJ___434__523S,exception
M  33,SHASSA H,1994ApJ___434__523S,no survey
M  33,SHASSA CC,1994ApJ___434__523S,no survey
M  33,SHASSA C,1994ApJ___434__523S,no survey
M  33,SHASSA Sm,1994ApJ___434__523S,no survey
HD  11126,Mellinger Red,1987AJ_____93__688M,exception
HD  11126,Mellinger Green,1987AJ_____93__688M,exception
HD  11126,Mellinger Blue,1987AJ_____93__688M,exception
HD  11126,SHASSA H,1987AJ_____93__688M,no survey
HD  11126,SHASSA CC,1987AJ_____93__688M,no survey
HD  11126,SHASSA C,1987AJ_____93__688M,no survey
HD  11126,SHASSA Sm,1987AJ_____93__688M,no survey
SNR B0045-73.4,WENSS,1992ApJS___78__391W,no survey
SNR B0045-73.4,TGSS ADR1,1992ApJS___78__391W,no survey
SNR B0045-73.4,VLSSr,1992ApJS___78__391W,no survey
SNR B0045-73.4,0035MHz,1992ApJS___78__391W,no survey
[TP95] NGC  3783  51,DSS1 Blue,1995ApJS__101__287T,no survey
[TP95] NGC  3783  51,DSS1 Red,1995ApJS__101__287T,no survey
NGC  7790    47,Mellinger Red,1984ApJ___286__563P,exception
NGC  7790    47,Mellinger Green,1984ApJ___286__563P,exception
NGC  7790    47,Mellinger Blue,1984ApJ___286__563P,exception
NGC  7790    47,SHASSA H,1984ApJ___286__563P,no survey
NGC  7790    47,SHASSA CC,1984ApJ___286__563P,no survey
NGC  7790    47,SHASSA C,1984ApJ___286__563P,no survey
NGC  7790    47,SHASSA Sm,1984ApJ___286__563P,no survey
NGC  6951,Mellinger Red,1981ApJS___47__229E,exception
NGC  6951,Mellinger Green,1981ApJS___47__229E,exception
NGC  6951,Mellinger Blue,1981ApJS___47__229E,exception
NGC  6951,SHASSA H,1981ApJS___47__229E,no survey
NGC  6951,SHASSA CC,1981ApJS___47__229E,no survey
NGC  6951,SHASSA C,1981ApJS___47__229E,no survey
NGC  6951,SHASSA Sm,1981ApJS___47__229E,no survey
NGC  1666,Mellinger Red,1978AJ_____83____1K,exception
NGC  1666,Mellinger Green,1978AJ_____83____1K,exception
NGC  1666,Mellinger Blue,1978AJ_____83____1K,exception
NGC  1666,SHASSA H,1978AJ_____83____1K,no survey
NGC  1666,SHASSA CC,1978AJ_____83____1K,no survey
NGC  1666,SHASSA C,1978AJ_____83____1K,no survey
NGC  1666,SHASSA Sm,1978AJ_____83____1K,no survey
MODS deep 1459,GOODS: VLT VIMOS U,1996AJ____112_1335W,no survey
MODS deep 1459,GOODS: VLT VIMOS R,1996AJ____112_1335W,no survey
MODS deep 1459,Hawaii HDF HK,1996AJ____112_1335W,no images
MODS deep 1459,GOODS: HST NICMOS,1996AJ____112_1335W,no survey
MODS deep 1459,GOODS: VLT ISAAC J,1996AJ____112_1335W,no survey
MODS deep 1459,GOODS: VLT ISAAC H,1996AJ____112_1335W,no survey
MODS deep 1459,GOODS: VLT ISAAC Ks,1996AJ____112_1335W,no survey
MODS deep 1459,HUDF: VLT ISAAC Ks,1996AJ____112_1335W,no survey
MODS deep 1459,CDFS: LESS,1996AJ____112_1335W,no survey
MCG+00-11-027,Mellinger Red,1996ApJS__105__209I,exception
MCG+00-11-027,Mellinger Green,1996ApJS__105__209I,exception
MCG+00-11-027,Mellinger Blue,1996ApJS__105__209I,exception
MCG+00-11-027,SHASSA H,1996ApJS__105__209I,no survey
MCG+00-11-027,SHASSA CC,1996ApJS__105__209I,no survey
MCG+00-11-027,SHASSA C,1996ApJS__105__209I,no survey
MCG+00-11-027,SHASSA Sm,1996ApJS__105__209I,no survey
PMN J0708+0748,VLA FIRST (1.4 GHz),1995ApJS___97__347G,no survey
PMN J0708+0748,Stripe82VLA,1995ApJS___97__347G,no survey
NGC  7400,Mellinger Red,1995ApJS___96___39B,exception
NGC  7400,Mellinger Green,1995ApJS___96___39B,exception
NGC  7400,Mellinger Blue,1995ApJS___96___39B,exception
NGC  7400,SHASSA H,1995ApJS___96___39B,no survey
NGC  7400,SHASSA CC,1995ApJS___96___39B,no survey
NGC  7400,SHASSA C,1995ApJS___96___39B,no survey
NGC  7400,SHASSA Sm,1995ApJS___96___39B,no survey
7C 1219+2830,Mellinger Red,1977AJ_____82__776O,exception
7C 1219+2830,Mellinger Green,1977AJ_____82__776O,exception
7C 1219+2830,Mellinger Blue,1977AJ_____82__776O,exception
7C 1219+2830,SHASSA H,1977AJ_____82__776O,no survey
7C 1219+2830,SHASSA CC,1977AJ_____82__776O,no survey
7C 1219+2830,SHASSA C,1977AJ_____82__776O,no survey
7C 1219+2830,SHASSA Sm,1977AJ_____82__776O,no survey
IC  365,Mellinger Red,1996AJ____112_1803M,exception
IC  365,Mellinger Green,1996AJ____112_1803M,exception
IC  365,Mellinger Blue,1996AJ____112_1803M,exception
IC  365,SHASSA H,1996AJ____112_1803M,no survey
IC  365,SHASSA CC,1996AJ____112_1803M,no survey
IC  365,SHASSA C,1996AJ____112_1803M,no survey
IC  365,SHASSA Sm,1996AJ____112_1803M,no survey
SB 317,Mellinger Red,1971AJ_____76__338S,exception
SB 317,Mellinger Green,1971AJ_____76__338S,exception
SB 317,Mellinger Blue,1971AJ_____76__338S,exception
SB 317,SHASSA H,1971AJ_____76__338S,no survey
SB 317,SHASSA CC,1971AJ_____76__338S,no survey
SB 317,SHASSA C,1971AJ_____76__338S,no survey
SB 317,SHASSA Sm,1971AJ_____76__338S,no survey
[TP95] NGC  5643  32,DSS1 Blue,1995ApJS__101__287T,no survey
[TP95] NGC  5643  32,DSS1 Red,1995ApJS__101__287T,no survey
Cl* NGC 6681    HAR      U,DSS2 Blue,1975ApJS___29__397H,no survey
SDSS J135935.33+295442.3,Mellinger Red,1989ApJS___70__271B,exception
SDSS J135935.33+295442.3,Mellinger Green,1989ApJS___70__271B,exception
SDSS J135935.33+295442.3,Mellinger Blue,1989ApJS___70__271B,exception
SDSS J135935.33+295442.3,SHASSA H,1989ApJS___70__271B,no survey
SDSS J135935.33+295442.3,SHASSA CC,1989ApJS___70__271B,no survey
SDSS J135935.33+295442.3,SHASSA C,1989ApJS___70__271B,no survey
SDSS J135935.33+295442.3,SHASSA Sm,1989ApJS___70__271B,no survey
BRAN 195A,DSS1 Blue,1975AJ_____80__208V,no survey
BRAN 195A,DSS1 Red,1975AJ_____80__208V,no survey
BRAN 195A,DSS2 Blue,1975AJ_____80__208V,no survey
[H69] NGC  925  46,DSS,1969ApJS___18___73H,no survey
[H69] NGC  925  46,DSS1 Blue,1969ApJS___18___73H,no survey
[H69] NGC  925  46,DSS1 Red,1969ApJS___18___73H,no survey
[H69] NGC  925  46,DSS2 Red,1969ApJS___18___73H,no survey
[H69] NGC  925  46,DSS2 Blue,1969ApJS___18___73H,no survey
[H69] NGC  925  46,DSS2 IR,1969ApJS___18___73H,no survey
[CHH92] 6277,DSS,1992AJ____104_1721C,no survey
[CHH92] 6277,DSS1 Blue,1992AJ____104_1721C,no survey
[CHH92] 6277,DSS1 Red,1992AJ____104_1721C,no survey
[CHH92] 6277,DSS2 Red,1992AJ____104_1721C,no survey
[CHH92] 6277,DSS2 Blue,1992AJ____104_1721C,no survey
[CHH92] 6277,DSS2 IR,1992AJ____104_1721C,no survey
HD  93146,IRAS  12 micron,1982ApJ___256__530S,no images
HD  93146,IRAS  25 micron,1982ApJ___256__530S,no images
HD  93146,IRAS  60 micron,1982ApJ___256__530S,no images
HD  93146,IRAS 100 micron,1982ApJ___256__530S,no survey
4C 05.41,VLA FIRST (1.4 GHz),1996ApJ___471__720G,exception
4C 05.41,Stripe82VLA,1996ApJ___471__720G,no survey
[TP95] NGC  1566 325,DSS1 Blue,1995ApJS__101__287T,no survey
[TP95] NGC  1566 325,DSS1 Red,1995ApJS__101__287T,no survey
HD 174307,Mellinger Red,1985AJ_____90_1231T,exception
HD 174307,Mellinger Green,1985AJ_____90_1231T,exception
HD 174307,Mellinger Blue,1985AJ_____90_1231T,exception
HD 174307,SHASSA H,1985AJ_____90_1231T,no survey
HD 174307,SHASSA CC,1985AJ_____90_1231T,no survey
HD 174307,SHASSA C,1985AJ_____90_1231T,no survey
HD 174307,SHASSA Sm,1985AJ_____90_1231T,no survey
2MASS J00414867+4044129,Mellinger Red,1995ApJS___98__595H,exception
2MASS J00414867+4044129,Mellinger Green,1995ApJS___98__595H,exception
2MASS J00414867+4044129,Mellinger Blue,1995ApJS___98__595H,exception
2MASS J00414867+4044129,SHASSA H,1995ApJS___98__595H,no survey
2MASS J00414867+4044129,SHASSA CC,1995ApJS___98__595H,no survey
2MASS J00414867+4044129,SHASSA C,1995ApJS___98__595H,no survey
2MASS J00414867+4044129,SHASSA Sm,1995ApJS___98__595H,no survey
V* LX Per,Mellinger Red,1978AJ_____83_1517B,exception
V* LX Per,Mellinger Green,1978AJ_____83_1517B,exception
V* LX Per,Mellinger Blue,1978AJ_____83_1517B,exception
V* LX Per,SHASSA H,1978AJ_____83_1517B,no survey
V* LX Per,SHASSA CC,1978AJ_____83_1517B,no survey
V* LX Per,SHASSA C,1978AJ_____83_1517B,no survey
V* LX Per,SHASSA Sm,1978AJ_____83_1517B,no survey
HD  35293,DSS1 Blue,1968AJ_____73__566S,no survey
HD  35293,DSS1 Red,1968AJ_____73__566S,no survey
HD  35293,DSS2 Blue,1968AJ_____73__566S,no survey
V* CP Pup,Mellinger Red,1994ApJS___93__519K,exception
V* CP Pup,Mellinger Green,1994ApJS___93__519K,exception
V* CP Pup,Mellinger Blue,1994ApJS___93__519K,exception
V* CP Pup,SHASSA H,1994ApJS___93__519K,no survey
V* CP Pup,SHASSA CC,1994ApJS___93__519K,no survey
V* CP Pup,SHASSA C,1994ApJS___93__519K,no survey
V* CP Pup,SHASSA Sm,1994ApJS___93__519K,no survey
LP  475-56,Mellinger Red,1966AJ_____71__482V,exception
LP  475-56,Mellinger Green,1966AJ_____71__482V,exception
LP  475-56,Mellinger Blue,1966AJ_____71__482V,exception
LP  475-56,SHASSA H,1966AJ_____71__482V,no survey
LP  475-56,SHASSA CC,1966AJ_____71__482V,no survey
LP  475-56,SHASSA C,1966AJ_____71__482V,no survey
LP  475-56,SHASSA Sm,1966AJ_____71__482V,no survey
*  10 Lac,SHASSA H,1950ApJ___111____1K,no survey
*  10 Lac,SHASSA CC,1950ApJ___111____1K,no survey
*  10 Lac,SHASSA C,1950ApJ___111____1K,no survey
*  10 Lac,SHASSA Sm,1950ApJ___111____1K,no survey
HD  36982,Mellinger Red,1990ApJ___348L__29C,exception
HD  36982,Mellinger Green,1990ApJ___348L__29C,exception
HD  36982,Mellinger Blue,1990ApJ___348L__29C,exception
HD  36982,SHASSA H,1990ApJ___348L__29C,no survey
HD  36982,SHASSA CC,1990ApJ___348L__29C,no survey
HD  36982,SHASSA C,1990ApJ___348L__29C,no survey
HD  36982,SHASSA Sm,1990ApJ___348L__29C,no survey
Cl* NGC 4590   WALK     165,Mellinger Red,1994AJ____108__555W,exception
Cl* NGC 4590   WALK     165,Mellinger Green,1994AJ____108__555W,exception
Cl* NGC 4590   WALK     165,Mellinger Blue,1994AJ____108__555W,exception
Cl* NGC 4590   WALK     165,SHASSA H,1994AJ____108__555W,no survey
Cl* NGC 4590   WALK     165,SHASSA CC,1994AJ____108__555W,no survey
Cl* NGC 4590   WALK     165,SHASSA C,1994AJ____108__555W,no survey
Cl* NGC 4590   WALK     165,SHASSA Sm,1994AJ____108__555W,no survey
PB  1856,Mellinger Red,1989ApJS___70__163P,exception
PB  1856,Mellinger Green,1989ApJS___70__163P,exception
PB  1856,Mellinger Blue,1989ApJS___70__163P,exception
PB  1856,SHASSA H,1989ApJS___70__163P,no survey
PB  1856,SHASSA CC,1989ApJS___70__163P,no survey
PB  1856,SHASSA C,1989ApJS___70__163P,no survey
PB  1856,SHASSA Sm,1989ApJS___70__163P,no survey
[CN84] ACO 1525  2,DSS,1984ApJS___56__143C,no survey
[CN84] ACO 1525  2,DSS1 Blue,1984ApJS___56__143C,no survey
[CN84] ACO 1525  2,DSS1 Red,1984ApJS___56__143C,no survey
[CN84] ACO 1525  2,DSS2 Red,1984ApJS___56__143C,no survey
[CN84] ACO 1525  2,DSS2 Blue,1984ApJS___56__143C,no survey
[CN84] ACO 1525  2,DSS2 IR,1984ApJS___56__143C,no survey
MCG+04-04-015,Mellinger Red,1994ApJS___95__387Z,exception
MCG+04-04-015,Mellinger Green,1994ApJS___95__387Z,exception
MCG+04-04-015,Mellinger Blue,1994ApJS___95__387Z,exception
MCG+04-04-015,SHASSA H,1994ApJS___95__387Z,no survey
MCG+04-04-015,SHASSA CC,1994ApJS___95__387Z,no survey
MCG+04-04-015,SHASSA C,1994ApJS___95__387Z,no survey
MCG+04-04-015,SHASSA Sm,1994ApJS___95__387Z,no survey
SHV 0522487-713657,Mellinger Red,1989AJ_____97_1634H,exception
SHV 0522487-713657,Mellinger Green,1989AJ_____97_1634H,exception
SHV 0522487-713657,Mellinger Blue,1989AJ_____97_1634H,exception
SHV 0522487-713657,SHASSA H,1989AJ_____97_1634H,no survey
SHV 0522487-713657,SHASSA CC,1989AJ_____97_1634H,no survey
SHV 0522487-713657,SHASSA C,1989AJ_____97_1634H,no survey
SHV 0522487-713657,SHASSA Sm,1989AJ_____97_1634H,no survey
M  88,Mellinger Red,1967ApJ___150____1D,exception
M  88,Mellinger Green,1967ApJ___150____1D,exception
M  88,Mellinger Blue,1967ApJ___150____1D,exception
M  88,SHASSA H,1967ApJ___150____1D,no survey
M  88,SHASSA CC,1967ApJ___150____1D,no survey
M  88,SHASSA C,1967ApJ___150____1D,no survey
M  88,SHASSA Sm,1967ApJ___150____1D,no survey
LHA 115-N  63,DSS1 Blue,1986ApJ___306__130K,no survey
LHA 115-N  63,DSS1 Red,1986ApJ___306__130K,no survey
NGC  6397   522,DSS1 Blue,1968AJ_____73__226G,no survey
NGC  6397   522,DSS1 Red,1968AJ_____73__226G,no survey
NGC  6397   522,DSS2 Blue,1968AJ_____73__226G,no survey
FOCA 0728-379,Mellinger Red,1967AJ_____72__398R,exception
FOCA 0728-379,Mellinger Green,1967AJ_____72__398R,exception
FOCA 0728-379,Mellinger Blue,1967AJ_____72__398R,exception
FOCA 0728-379,SHASSA H,1967AJ_____72__398R,no survey
FOCA 0728-379,SHASSA CC,1967AJ_____72__398R,no survey
FOCA 0728-379,SHASSA C,1967AJ_____72__398R,no survey
FOCA 0728-379,SHASSA Sm,1967AJ_____72__398R,no survey
HGGK  998,Mellinger Red,1990ApJS___73__661H,exception
HGGK  998,Mellinger Green,1990ApJS___73__661H,exception
HGGK  998,Mellinger Blue,1990ApJS___73__661H,exception
HGGK  998,SHASSA H,1990ApJS___73__661H,no survey
HGGK  998,SHASSA CC,1990ApJS___73__661H,no survey
HGGK  998,SHASSA C,1990ApJS___73__661H,no survey
HGGK  998,SHASSA Sm,1990ApJS___73__661H,no survey
PKS J1958-3401,WENSS,1996ApJS__103__145W,no survey
EM* LkHA  353,Mellinger Red,1983AJ_____88_1040H,exception
EM* LkHA  353,Mellinger Green,1983AJ_____88_1040H,exception
EM* LkHA  353,Mellinger Blue,1983AJ_____88_1040H,exception
EM* LkHA  353,SHASSA H,1983AJ_____88_1040H,no survey
EM* LkHA  353,SHASSA CC,1983AJ_____88_1040H,no survey
EM* LkHA  353,SHASSA C,1983AJ_____88_1040H,no survey
EM* LkHA  353,SHASSA Sm,1983AJ_____88_1040H,no survey
Cl* Trumpler   14     MJ     298,DSS1 Blue,1993AJ____105__980M,no survey
Cl* Trumpler   14     MJ     298,DSS1 Red,1993AJ____105__980M,no survey
Cl* Trumpler   14     MJ     298,DSS2 Blue,1993AJ____105__980M,no survey
NAME LMC,DSS1 Blue,1996ApJ___470__513M,no survey
NAME LMC,DSS1 Red,1996ApJ___470__513M,no survey
NAME LMC,DSS2 Blue,1996ApJ___470__513M,no survey
[ER96] 6C 0930+38 b,DSS,1996ApJ___460___68E,no survey
[ER96] 6C 0930+38 b,DSS1 Blue,1996ApJ___460___68E,no survey
[ER96] 6C 0930+38 b,DSS1 Red,1996ApJ___460___68E,no survey
[ER96] 6C 0930+38 b,DSS2 Red,1996ApJ___460___68E,no survey
[ER96] 6C 0930+38 b,DSS2 Blue,1996ApJ___460___68E,no survey
[ER96] 6C 0930+38 b,DSS2 IR,1996ApJ___460___68E,no survey
[B86]  30,SHASSA H,1986AJ_____91__290B,no survey
[B86]  30,SHASSA CC,1986AJ_____91__290B,no survey
[B86]  30,SHASSA C,1986AJ_____91__290B,no survey
[B86]  30,SHASSA Sm,1986AJ_____91__290B,no survey
GSC 04819-01758,Mellinger Red,1974AJ_____79_1406R,exception
GSC 04819-01758,Mellinger Green,1974AJ_____79_1406R,exception
GSC 04819-01758,Mellinger Blue,1974AJ_____79_1406R,exception
GSC 04819-01758,SHASSA H,1974AJ_____79_1406R,no survey
GSC 04819-01758,SHASSA CC,1974AJ_____79_1406R,no survey
GSC 04819-01758,SHASSA C,1974AJ_____79_1406R,no survey
GSC 04819-01758,SHASSA Sm,1974AJ_____79_1406R,no survey
2MASX J15112726+4105236,Mellinger Red,1987ApJS___63__809S,exception
2MASX J15112726+4105236,Mellinger Green,1987ApJS___63__809S,exception
2MASX J15112726+4105236,Mellinger Blue,1987ApJS___63__809S,exception
2MASX J15112726+4105236,SHASSA H,1987ApJS___63__809S,no survey
2MASX J15112726+4105236,SHASSA CC,1987ApJS___63__809S,no survey
2MASX J15112726+4105236,SHASSA C,1987ApJS___63__809S,no survey
2MASX J15112726+4105236,SHASSA Sm,1987ApJS___63__809S,no survey
EV* M31 V0103,Mellinger Red,1965AJ_____70__212B,exception
EV* M31 V0103,Mellinger Green,1965AJ_____70__212B,exception
EV* M31 V0103,Mellinger Blue,1965AJ_____70__212B,exception
EV* M31 V0103,SHASSA H,1965AJ_____70__212B,no survey
EV* M31 V0103,SHASSA CC,1965AJ_____70__212B,no survey
EV* M31 V0103,SHASSA C,1965AJ_____70__212B,no survey
EV* M31 V0103,SHASSA Sm,1965AJ_____70__212B,no survey
NGC  3783,DSS1 Blue,1984ApJS___56__507W,no survey
NGC  3783,DSS1 Red,1984ApJS___56__507W,no survey
US 1761,DSS,1982ApJS___49___27U,no survey
US 1761,DSS1 Blue,1982ApJS___49___27U,no survey
US 1761,DSS1 Red,1982ApJS___49___27U,no survey
US 1761,DSS2 Red,1982ApJS___49___27U,no survey
US 1761,DSS2 Blue,1982ApJS___49___27U,no survey
US 1761,DSS2 IR,1982ApJS___49___27U,no survey
3C 169.1,DSS,1996ApJS__106__281M,no survey
3C 169.1,DSS1 Blue,1996ApJS__106__281M,no survey
3C 169.1,DSS1 Red,1996ApJS__106__281M,no survey
3C 169.1,DSS2 Red,1996ApJS__106__281M,no survey
3C 169.1,DSS2 Blue,1996ApJS__106__281M,no survey
3C 169.1,DSS2 IR,1996ApJS__106__281M,no survey
US 3253,DSS,1984ApJS___56__393H,no survey
US 3253,DSS1 Blue,1984ApJS___56__393H,no survey
US 3253,DSS1 Red,1984ApJS___56__393H,no survey
US 3253,DSS2 Red,1984ApJS___56__393H,no survey
US 3253,DSS2 Blue,1984ApJS___56__393H,no survey
US 3253,DSS2 IR,1984ApJS___56__393H,no survey
HD 146480,DSS,1968AJ_____73__590D,no survey
HD 146480,DSS1 Blue,1968AJ_____73__590D,no survey
HD 146480,DSS1 Red,1968AJ_____73__590D,no survey
HD 146480,DSS2 Red,1968AJ_____73__590D,no survey
HD 146480,DSS2 Blue,1968AJ_____73__590D,no survey
HD 146480,DSS2 IR,1968AJ_____73__590D,no survey
HD 150475,DSS,1950ApJ___111__495P,no survey
HD 150475,DSS1 Blue,1950ApJ___111__495P,no survey
HD 150475,DSS1 Red,1950ApJ___111__495P,no survey
HD 150475,DSS2 Red,1950ApJ___111__495P,no survey
HD 150475,DSS2 Blue,1950ApJ___111__495P,no survey
HD 150475,DSS2 IR,1950ApJ___111__495P,no survey
M  16,Mellinger Red,1920ApJ____51____4D,exception
M  16,Mellinger Green,1920ApJ____51____4D,exception
M  16,Mellinger Blue,1920ApJ____51____4D,exception
M  16,SHASSA H,1920ApJ____51____4D,no survey
M  16,SHASSA CC,1920ApJ____51____4D,no survey
M  16,SHASSA C,1920ApJ____51____4D,no survey
M  16,SHASSA Sm,1920ApJ____51____4D,no survey
NGC  6458,DSS,1996AJ____112_1803M,no survey
NGC  6458,DSS1 Blue,1996AJ____112_1803M,no survey
NGC  6458,DSS1 Red,1996AJ____112_1803M,no survey
NGC  6458,DSS2 Red,1996AJ____112_1803M,no survey
NGC  6458,DSS2 Blue,1996AJ____112_1803M,no survey
NGC  6458,DSS2 IR,1996AJ____112_1803M,no survey
NAME LMC,Mellinger Red,1993AJ____105__980M,exception
NAME LMC,Mellinger Green,1993AJ____105__980M,exception
NAME LMC,Mellinger Blue,1993AJ____105__980M,exception
NAME LMC,SHASSA H,1993AJ____105__980M,no survey
NAME LMC,SHASSA CC,1993AJ____105__980M,no survey
NAME LMC,SHASSA C,1993AJ____105__980M,no survey
NAME LMC,SHASSA Sm,1993AJ____105__980M,no survey
3C 286,Mellinger Red,1996ApJ___473__254S,exception
3C 286,Mellinger Green,1996ApJ___473__254S,exception
3C 286,Mellinger Blue,1996ApJ___473__254S,exception
3C 286,SHASSA H,1996ApJ___473__254S,no survey
3C 286,SHASSA CC,1996ApJ___473__254S,no survey
3C 286,SHASSA C,1996ApJ___473__254S,no survey
3C 286,SHASSA Sm,1996ApJ___473__254S,no survey
JW  173,DSS,1995AJ____109__709A,no survey
JW  173,DSS1 Blue,1995AJ____109__709A,no survey
JW  173,DSS1 Red,1995AJ____109__709A,no survey
JW  173,DSS2 Red,1995AJ____109__709A,no survey
JW  173,DSS2 Blue,1995AJ____109__709A,no survey
JW  173,DSS2 IR,1995AJ____109__709A,no survey
US 3941,DSS,1988ApJS___66____1U,no survey
US 3941,DSS1 Blue,1988ApJS___66____1U,no survey
US 3941,DSS1 Red,1988ApJS___66____1U,no survey
US 3941,DSS2 Red,1988ApJS___66____1U,no survey
US 3941,DSS2 Blue,1988ApJS___66____1U,no survey
US 3941,DSS2 IR,1988ApJS___66____1U,no survey
M  33,DSS1 Blue,1985ApJ___290__602T,no survey
NAME PegDIG,SHASSA H,1997AJ____114_1447A,no survey
NAME PegDIG,SHASSA CC,1997AJ____114_1447A,no survey
NAME PegDIG,SHASSA C,1997AJ____114_1447A,no survey
NAME PegDIG,SHASSA Sm,1997AJ____114_1447A,no survey
* tau Sco,DSS,1950ApJ___111____1K,no survey
* tau Sco,DSS1 Blue,1950ApJ___111____1K,no survey
* tau Sco,DSS1 Red,1950ApJ___111____1K,no survey
* tau Sco,DSS2 Red,1950ApJ___111____1K,no survey
* tau Sco,DSS2 Blue,1950ApJ___111____1K,no survey
* tau Sco,DSS2 IR,1950ApJ___111____1K,no survey
4C -05.96,DSS,1995ApJS___97__347G,no survey
4C -05.96,DSS1 Blue,1995ApJS___97__347G,no survey
4C -05.96,DSS1 Red,1995ApJS___97__347G,no survey
4C -05.96,DSS2 Red,1995ApJS___97__347G,no survey
4C -05.96,DSS2 Blue,1995ApJS___97__347G,no survey
4C -05.96,DSS2 IR,1995ApJS___97__347G,no survey
NAME LMC,DSS1 Blue,1996AJ____112_1009B,no survey
NAME LMC,DSS1 Red,1996AJ____112_1009B,no survey
NAME LMC,DSS2 Blue,1996AJ____112_1009B,no survey
PMN J2102+0410,DSS,1995ApJS___97__347G,no survey
PMN J2102+0410,DSS1 Blue,1995ApJS___97__347G,no survey
PMN J2102+0410,DSS1 Red,1995ApJS___97__347G,no survey
PMN J2102+0410,DSS2 Red,1995ApJS___97__347G,no survey
PMN J2102+0410,DSS2 Blue,1995ApJS___97__347G,no survey
PMN J2102+0410,DSS2 IR,1995ApJS___97__347G,no survey
Cl* NGC 7078   YGBS      46,DSS,1994AJ____107_1745Y,no survey
Cl* NGC 7078   YGBS      46,DSS1 Blue,1994AJ____107_1745Y,no survey
NGC  2344,Mellinger Red,1982AJ_____87_1355G,exception
NGC  2344,Mellinger Green,1982AJ_____87_1355G,exception
NGC  2344,Mellinger Blue,1982AJ_____87_1355G,exception
NGC  2344,SHASSA H,1982AJ_____87_1355G,no survey
NGC  2344,SHASSA CC,1982AJ_____87_1355G,no survey
NGC  2344,SHASSA C,1982AJ_____87_1355G,no survey
NGC  2344,SHASSA Sm,1982AJ_____87_1355G,no survey
ESO  76-21,Mellinger Red,1995ApJS___96___39B,exception
ESO  76-21,Mellinger Green,1995ApJS___96___39B,exception
ESO  76-21,Mellinger Blue,1995ApJS___96___39B,exception
ESO  76-21,SHASSA H,1995ApJS___96___39B,no survey
ESO  76-21,SHASSA CC,1995ApJS___96___39B,no survey
ESO  76-21,SHASSA C,1995ApJS___96___39B,no survey
ESO  76-21,SHASSA Sm,1995ApJS___96___39B,no survey
HD 145040,Mellinger Red,1968AJ_____73__590D,exception
HD 145040,Mellinger Green,1968AJ_____73__590D,exception
HD 145040,Mellinger Blue,1968AJ_____73__590D,exception
HD 145040,SHASSA H,1968AJ_____73__590D,no survey
HD 145040,SHASSA CC,1968AJ_____73__590D,no survey
HD 145040,SHASSA C,1968AJ_____73__590D,no survey
HD 145040,SHASSA Sm,1968AJ_____73__590D,no survey
* tet Per,Mellinger Red,1966ApJ___146__383C,exception
* tet Per,Mellinger Green,1966ApJ___146__383C,exception
* tet Per,Mellinger Blue,1966ApJ___146__383C,exception
* tet Per,SHASSA H,1966ApJ___146__383C,no survey
* tet Per,SHASSA CC,1966ApJ___146__383C,no survey
* tet Per,SHASSA C,1966ApJ___146__383C,no survey
* tet Per,SHASSA Sm,1966ApJ___146__383C,no survey
[BBC96] 24,DSS,1996AJ____112_2533B,no survey
[BBC96] 24,DSS1 Blue,1996AJ____112_2533B,no survey
[BBC96] 24,DSS1 Red,1996AJ____112_2533B,no survey
[BBC96] 24,DSS2 Red,1996AJ____112_2533B,no survey
[BBC96] 24,DSS2 Blue,1996AJ____112_2533B,no survey
[BBC96] 24,DSS2 IR,1996AJ____112_2533B,no survey
2E  3938,DSS2 Blue,1996ApJ___471__783S,no survey
NGC  6611   322,Mellinger Red,1961ApJ___133__438W,exception
NGC  6611   322,Mellinger Green,1961ApJ___133__438W,exception
NGC  6611   322,Mellinger Blue,1961ApJ___133__438W,exception
NGC  6611   322,SHASSA H,1961ApJ___133__438W,no survey
NGC  6611   322,SHASSA CC,1961ApJ___133__438W,no survey
NGC  6611   322,SHASSA C,1961ApJ___133__438W,no survey
NGC  6611   322,SHASSA Sm,1961ApJ___133__438W,no survey
Cl Melotte   22  1158,DSS,1986ApJ___309__311B,no survey
Cl Melotte   22  1158,DSS1 Blue,1986ApJ___309__311B,no survey
Cl Melotte   22  1158,DSS1 Red,1986ApJ___309__311B,no survey
Cl Melotte   22  1158,DSS2 Red,1986ApJ___309__311B,no survey
Cl Melotte   22  1158,DSS2 Blue,1986ApJ___309__311B,no survey
Cl Melotte   22  1158,DSS2 IR,1986ApJ___309__311B,no survey
IC 3557,Mellinger Red,1997AJ____114_1711G,exception
IC 3557,Mellinger Green,1997AJ____114_1711G,exception
IC 3557,Mellinger Blue,1997AJ____114_1711G,exception
IC 3557,SHASSA H,1997AJ____114_1711G,no survey
IC 3557,SHASSA CC,1997AJ____114_1711G,no survey
IC 3557,SHASSA C,1997AJ____114_1711G,no survey
IC 3557,SHASSA Sm,1997AJ____114_1711G,no survey
*   6 Leo,Mellinger Red,1952ApJ___116__122R,exception
*   6 Leo,Mellinger Green,1952ApJ___116__122R,exception
*   6 Leo,Mellinger Blue,1952ApJ___116__122R,exception
*   6 Leo,SHASSA H,1952ApJ___116__122R,no survey
*   6 Leo,SHASSA CC,1952ApJ___116__122R,no survey
*   6 Leo,SHASSA C,1952ApJ___116__122R,no survey
*   6 Leo,SHASSA Sm,1952ApJ___116__122R,no survey
MODS deep 1651,Mellinger Red,1996AJ____112_1335W,exception
MODS deep 1651,Mellinger Green,1996AJ____112_1335W,exception
MODS deep 1651,Mellinger Blue,1996AJ____112_1335W,exception
MODS deep 1651,SHASSA H,1996AJ____112_1335W,no survey
MODS deep 1651,SHASSA CC,1996AJ____112_1335W,no survey
MODS deep 1651,SHASSA C,1996AJ____112_1335W,no survey
MODS deep 1651,SHASSA Sm,1996AJ____112_1335W,no survey
PKS J0750+0406,Mellinger Red,1995ApJS___97__347G,exception
PKS J0750+0406,Mellinger Green,1995ApJS___97__347G,exception
PKS J0750+0406,Mellinger Blue,1995ApJS___97__347G,exception
PKS J0750+0406,SHASSA H,1995ApJS___97__347G,no survey
PKS J0750+0406,SHASSA CC,1995ApJS___97__347G,no survey
PKS J0750+0406,SHASSA C,1995ApJS___97__347G,no survey
PKS J0750+0406,SHASSA Sm,1995ApJS___97__347G,no survey
[RHI84]  9-567,DSS1 Blue,1977ApJ___215__106M,no survey
[RHI84]  9-567,DSS1 Red,1977ApJ___215__106M,no survey
[RHI84]  9-567,DSS2 Blue,1977ApJ___215__106M,no survey
[LM93] 459,DSS,1993AJ____106___66L,no survey
[LM93] 459,DSS1 Blue,1993AJ____106___66L,no survey
[LM93] 459,DSS1 Red,1993AJ____106___66L,no survey
[LM93] 459,DSS2 Red,1993AJ____106___66L,no survey
[LM93] 459,DSS2 Blue,1993AJ____106___66L,no survey
[LM93] 459,DSS2 IR,1993AJ____106___66L,no survey
2MASS J01352541+3032285,Mellinger Red,1993ApJS___89___85I,exception
2MASS J01352541+3032285,Mellinger Green,1993ApJS___89___85I,exception
2MASS J01352541+3032285,Mellinger Blue,1993ApJS___89___85I,exception
2MASS J01352541+3032285,SHASSA H,1993ApJS___89___85I,no survey
2MASS J01352541+3032285,SHASSA CC,1993ApJS___89___85I,no survey
2MASS J01352541+3032285,SHASSA C,1993ApJS___89___85I,no survey
2MASS J01352541+3032285,SHASSA Sm,1993ApJS___89___85I,no survey
BMB-BW  38,Mellinger Red,1980ApJ___242__938B,exception
BMB-BW  38,Mellinger Green,1980ApJ___242__938B,exception
BMB-BW  38,Mellinger Blue,1980ApJ___242__938B,exception
BMB-BW  38,SHASSA H,1980ApJ___242__938B,no survey
BMB-BW  38,SHASSA CC,1980ApJ___242__938B,no survey
BMB-BW  38,SHASSA C,1980ApJ___242__938B,no survey
BMB-BW  38,SHASSA Sm,1980ApJ___242__938B,no survey
US  180,Mellinger Red,1981ApJS___46__117U,exception
US  180,Mellinger Green,1981ApJS___46__117U,exception
US  180,Mellinger Blue,1981ApJS___46__117U,exception
US  180,SHASSA H,1981ApJS___46__117U,no survey
US  180,SHASSA CC,1981ApJS___46__117U,no survey
US  180,SHASSA C,1981ApJS___46__117U,no survey
US  180,SHASSA Sm,1981ApJS___46__117U,no survey
*  27 CMa,Mellinger Red,1962ApJ___135__755R,exception
*  27 CMa,Mellinger Green,1962ApJ___135__755R,exception
*  27 CMa,Mellinger Blue,1962ApJ___135__755R,exception
*  27 CMa,SHASSA H,1962ApJ___135__755R,no survey
*  27 CMa,SHASSA CC,1962ApJ___135__755R,no survey
*  27 CMa,SHASSA C,1962ApJ___135__755R,no survey
*  27 CMa,SHASSA Sm,1962ApJ___135__755R,no survey
US  328,Mellinger Red,1967AJ_____72__536S,exception
US  328,Mellinger Green,1967AJ_____72__536S,exception
US  328,Mellinger Blue,1967AJ_____72__536S,exception
US  328,SHASSA H,1967AJ_____72__536S,no survey
US  328,SHASSA CC,1967AJ_____72__536S,no survey
US  328,SHASSA C,1967AJ_____72__536S,no survey
US  328,SHASSA Sm,1967AJ_____72__536S,no survey
V* V1399 Ori,Mellinger Red,1996AJ____111__846O,exception
V* V1399 Ori,Mellinger Green,1996AJ____111__846O,exception
V* V1399 Ori,Mellinger Blue,1996AJ____111__846O,exception
V* V1399 Ori,SHASSA H,1996AJ____111__846O,no survey
V* V1399 Ori,SHASSA CC,1996AJ____111__846O,no survey
V* V1399 Ori,SHASSA C,1996AJ____111__846O,no survey
V* V1399 Ori,SHASSA Sm,1996AJ____111__846O,no survey
[MWA84] 1418+54 C,DSS,1985AJ_____90_1184S,no survey
[MWA84] 1418+54 C,DSS1 Blue,1985AJ_____90_1184S,no survey
[MWA84] 1418+54 C,DSS1 Red,1985AJ_____90_1184S,no survey
[MWA84] 1418+54 C,DSS2 Red,1985AJ_____90_1184S,no survey
[MWA84] 1418+54 C,DSS2 Blue,1985AJ_____90_1184S,no survey
[MWA84] 1418+54 C,DSS2 IR,1985AJ_____90_1184S,no survey
V* UU Aqr,Mellinger Red,1994ApJS___93__519K,exception
V* UU Aqr,Mellinger Green,1994ApJS___93__519K,exception
V* UU Aqr,Mellinger Blue,1994ApJS___93__519K,exception
V* UU Aqr,SHASSA H,1994ApJS___93__519K,no survey
V* UU Aqr,SHASSA CC,1994ApJS___93__519K,no survey
V* UU Aqr,SHASSA C,1994ApJS___93__519K,no survey
V* UU Aqr,SHASSA Sm,1994ApJS___93__519K,no survey
[TP95] NGC  1808 172,DSS1 Blue,1995ApJS__101__287T,no survey
[TP95] NGC  1808 172,DSS1 Red,1995ApJS__101__287T,no survey
Schulte 14,Mellinger Red,1954ApJ___120__506M,exception
Schulte 14,Mellinger Green,1954ApJ___120__506M,exception
Schulte 14,Mellinger Blue,1954ApJ___120__506M,exception
Schulte 14,SHASSA H,1954ApJ___120__506M,no survey
Schulte 14,SHASSA CC,1954ApJ___120__506M,no survey
Schulte 14,SHASSA C,1954ApJ___120__506M,no survey
Schulte 14,SHASSA Sm,1954ApJ___120__506M,no survey
NGC  5139   322,DSS,1997AJ____114_1087M,no survey
NGC  5139   322,DSS1 Blue,1997AJ____114_1087M,no survey
NGC  5139   322,DSS1 Red,1997AJ____114_1087M,no survey
NGC  5139   322,DSS2 Red,1997AJ____114_1087M,no survey
NGC  5139   322,DSS2 Blue,1997AJ____114_1087M,no survey
NGC  5139   322,DSS2 IR,1997AJ____114_1087M,no survey
HD  37024,Mellinger Red,1972ApJ___174__401H,exception
HD  37024,Mellinger Green,1972ApJ___174__401H,exception
HD  37024,Mellinger Blue,1972ApJ___174__401H,exception
HD  37024,SHASSA H,1972ApJ___174__401H,no survey
HD  37024,SHASSA CC,1972ApJ___174__401H,no survey
HD  37024,SHASSA C,1972ApJ___174__401H,no survey
HD  37024,SHASSA Sm,1972ApJ___174__401H,no survey
ACO  1689,SHASSA H,1990ApJS___72__715T,no survey
ACO  1689,SHASSA CC,1990ApJS___72__715T,no survey
ACO  1689,SHASSA C,1990ApJS___72__715T,no survey
ACO  1689,SHASSA Sm,1990ApJS___72__715T,no survey
CSRG 1158,DSS1 Blue,1995ApJS___96___39B,no survey
CSRG 1158,DSS1 Red,1995ApJS___96___39B,no survey
NGC  6231,Mellinger Red,1969ApJ___155L___1S,exception
NGC  6231,Mellinger Green,1969ApJ___155L___1S,exception
NGC  6231,Mellinger Blue,1969ApJ___155L___1S,exception
NGC  6231,SHASSA H,1969ApJ___155L___1S,no survey
NGC  6231,SHASSA CC,1969ApJ___155L___1S,no survey
NGC  6231,SHASSA C,1969ApJ___155L___1S,no survey
NGC  6231,SHASSA Sm,1969ApJ___155L___1S,no survey
Ton  676,Mellinger Red,1981ApJS___46__117U,exception
Ton  676,Mellinger Green,1981ApJS___46__117U,exception
Ton  676,Mellinger Blue,1981ApJS___46__117U,exception
Ton  676,SHASSA H,1981ApJS___46__117U,no survey
Ton  676,SHASSA CC,1981ApJS___46__117U,no survey
Ton  676,SHASSA C,1981ApJS___46__117U,no survey
Ton  676,SHASSA Sm,1981ApJS___46__117U,no survey
[RDL94] Terzan 6 A,DSS2 Blue,1994ApJ___423__633R,no survey
BD+18  2709,Mellinger Red,1977AJ_____82__389S,exception
BD+18  2709,Mellinger Green,1977AJ_____82__389S,exception
BD+18  2709,Mellinger Blue,1977AJ_____82__389S,exception
BD+18  2709,SHASSA H,1977AJ_____82__389S,no survey
BD+18  2709,SHASSA CC,1977AJ_____82__389S,no survey
BD+18  2709,SHASSA C,1977AJ_____82__389S,no survey
BD+18  2709,SHASSA Sm,1977AJ_____82__389S,no survey
[W94] DEM L 104  4,DSS1 Blue,1994AJ____108_1674W,no survey
[W94] DEM L 104  4,DSS1 Red,1994AJ____108_1674W,no survey
[W94] DEM L 104  4,DSS2 Blue,1994AJ____108_1674W,no survey
[LHJ88] 3C 368 d,DSS,1988ApJ___331L__73L,no survey
[LHJ88] 3C 368 d,DSS1 Blue,1988ApJ___331L__73L,no survey
[LHJ88] 3C 368 d,DSS1 Red,1988ApJ___331L__73L,no survey
[LHJ88] 3C 368 d,DSS2 Red,1988ApJ___331L__73L,no survey
[LHJ88] 3C 368 d,DSS2 Blue,1988ApJ___331L__73L,no survey
[LHJ88] 3C 368 d,DSS2 IR,1988ApJ___331L__73L,no survey
ESO 597-35,Mellinger Red,1987ApJS___63__265W,exception
ESO 597-35,Mellinger Green,1987ApJS___63__265W,exception
ESO 597-35,Mellinger Blue,1987ApJS___63__265W,exception
ESO 597-35,SHASSA H,1987ApJS___63__265W,no survey
ESO 597-35,SHASSA CC,1987ApJS___63__265W,no survey
ESO 597-35,SHASSA C,1987ApJS___63__265W,no survey
ESO 597-35,SHASSA Sm,1987ApJS___63__265W,no survey
RX J1847.9-2219,Mellinger Red,1996ApJS__102__129B,exception
RX J1847.9-2219,Mellinger Green,1996ApJS__102__129B,exception
RX J1847.9-2219,Mellinger Blue,1996ApJS__102__129B,exception
RX J1847.9-2219,SHASSA H,1996ApJS__102__129B,no survey
RX J1847.9-2219,SHASSA CC,1996ApJS__102__129B,no survey
RX J1847.9-2219,SHASSA C,1996ApJS__102__129B,no survey
RX J1847.9-2219,SHASSA Sm,1996ApJS__102__129B,no survey
ESO 349-10,Mellinger Red,1991AJ____102_2047S,exception
ESO 349-10,Mellinger Green,1991AJ____102_2047S,exception
ESO 349-10,Mellinger Blue,1991AJ____102_2047S,exception
ESO 349-10,SHASSA H,1991AJ____102_2047S,no survey
ESO 349-10,SHASSA CC,1991AJ____102_2047S,no survey
ESO 349-10,SHASSA C,1991AJ____102_2047S,no survey
ESO 349-10,SHASSA Sm,1991AJ____102_2047S,no survey
NAME Cyg Loop,VLA FIRST (1.4 GHz),1984ApJ___278__615K,no survey
NAME Cyg Loop,Stripe82VLA,1984ApJ___278__615K,no survey
NGC  4559,SHASSA H,1992ApJS___80__479T,no survey
NGC  4559,SHASSA CC,1992ApJS___80__479T,no survey
NGC  4559,SHASSA C,1992ApJS___80__479T,no survey
NGC  4559,SHASSA Sm,1992ApJS___80__479T,no survey
HD 313618,Mellinger Red,1995ApJS___96__605S,exception
HD 313618,Mellinger Green,1995ApJS___96__605S,exception
HD 313618,Mellinger Blue,1995ApJS___96__605S,exception
HD 313618,SHASSA H,1995ApJS___96__605S,no survey
HD 313618,SHASSA CC,1995ApJS___96__605S,no survey
HD 313618,SHASSA C,1995ApJS___96__605S,no survey
HD 313618,SHASSA Sm,1995ApJS___96__605S,no survey
BRRG  75,DSS1 Blue,1992AJ____103_1205P,no survey
BRRG  75,DSS1 Red,1992AJ____103_1205P,no survey
NGC  7790    69,Mellinger Red,1958ApJ___128__150S,exception
NGC  7790    69,Mellinger Green,1958ApJ___128__150S,exception
NGC  7790    69,Mellinger Blue,1958ApJ___128__150S,exception
NGC  7790    69,SHASSA H,1958ApJ___128__150S,no survey
NGC  7790    69,SHASSA CC,1958ApJ___128__150S,no survey
NGC  7790    69,SHASSA C,1958ApJ___128__150S,no survey
NGC  7790    69,SHASSA Sm,1958ApJ___128__150S,no survey
[NFR94] J,DSS,1994ApJ___430__545N,no survey
[NFR94] J,DSS1 Blue,1994ApJ___430__545N,no survey
[NFR94] J,DSS1 Red,1994ApJ___430__545N,no survey
[NFR94] J,DSS2 Red,1994ApJ___430__545N,no survey
[NFR94] J,DSS2 Blue,1994ApJ___430__545N,no survey
[NFR94] J,DSS2 IR,1994ApJ___430__545N,no survey
ESO 418-9,Mellinger Red,1997AJ____114_1899M,exception
ESO 418-9,Mellinger Green,1997AJ____114_1899M,exception
ESO 418-9,Mellinger Blue,1997AJ____114_1899M,exception
ESO 418-9,SHASSA H,1997AJ____114_1899M,no survey
ESO 418-9,SHASSA CC,1997AJ____114_1899M,no survey
ESO 418-9,SHASSA C,1997AJ____114_1899M,no survey
ESO 418-9,SHASSA Sm,1997AJ____114_1899M,no survey
3C 295,SUMSS 843 MHz,1996ApJS__107__541L,no survey
Cl* NGC 2360    EGG     108,DSS,1968ApJ___152___83E,no survey
Cl* NGC 2360    EGG     108,DSS1 Blue,1968ApJ___152___83E,no survey
Cl* NGC 2360    EGG     108,DSS1 Red,1968ApJ___152___83E,no survey
Cl* NGC 2360    EGG     108,DSS2 Red,1968ApJ___152___83E,no survey
Cl* NGC 2360    EGG     108,DSS2 Blue,1968ApJ___152___83E,no survey
Cl* NGC 2360    EGG     108,DSS2 IR,1968ApJ___152___83E,no survey
2MASS J01020342+3141176,Mellinger Red,1991AJ____102__395H,exception
2MASS J01020342+3141176,Mellinger Green,1991AJ____102__395H,exception
2MASS J01020342+3141176,Mellinger Blue,1991AJ____102__395H,exception
2MASS J01020342+3141176,SHASSA H,1991AJ____102__395H,no survey
2MASS J01020342+3141176,SHASSA CC,1991AJ____102__395H,no survey
2MASS J01020342+3141176,SHASSA C,1991AJ____102__395H,no survey
2MASS J01020342+3141176,SHASSA Sm,1991AJ____102__395H,no survey
CPD-59  2624,Mellinger Red,1993AJ____105__980M,exception
CPD-59  2624,Mellinger Green,1993AJ____105__980M,exception
CPD-59  2624,Mellinger Blue,1993AJ____105__980M,exception
CPD-59  2624,SHASSA H,1993AJ____105__980M,no survey
CPD-59  2624,SHASSA CC,1993AJ____105__980M,no survey
CPD-59  2624,SHASSA C,1993AJ____105__980M,no survey
CPD-59  2624,SHASSA Sm,1993AJ____105__980M,no survey
[EKS96] NGC 1672 239,Mellinger Red,1996ApJS__105___93E,exception
[EKS96] NGC 1672 239,Mellinger Green,1996ApJS__105___93E,exception
[EKS96] NGC 1672 239,Mellinger Blue,1996ApJS__105___93E,exception
[EKS96] NGC 1672 239,SHASSA H,1996ApJS__105___93E,no survey
[EKS96] NGC 1672 239,SHASSA CC,1996ApJS__105___93E,no survey
[EKS96] NGC 1672 239,SHASSA C,1996ApJS__105___93E,no survey
[EKS96] NGC 1672 239,SHASSA Sm,1996ApJS__105___93E,no survey
Cl* NGC 1039     IS     256,Mellinger Red,1993AJ____105__209I,exception
Cl* NGC 1039     IS     256,Mellinger Green,1993AJ____105__209I,exception
Cl* NGC 1039     IS     256,Mellinger Blue,1993AJ____105__209I,exception
Cl* NGC 1039     IS     256,SHASSA H,1993AJ____105__209I,no survey
Cl* NGC 1039     IS     256,SHASSA CC,1993AJ____105__209I,no survey
Cl* NGC 1039     IS     256,SHASSA C,1993AJ____105__209I,no survey
Cl* NGC 1039     IS     256,SHASSA Sm,1993AJ____105__209I,no survey
IRAS 19119+0830,Mellinger Red,1996ApJS__107__239T,exception
IRAS 19119+0830,Mellinger Green,1996ApJS__107__239T,exception
IRAS 19119+0830,Mellinger Blue,1996ApJS__107__239T,exception
IRAS 19119+0830,SHASSA H,1996ApJS__107__239T,no survey
IRAS 19119+0830,SHASSA CC,1996ApJS__107__239T,no survey
IRAS 19119+0830,SHASSA C,1996ApJS__107__239T,no survey
IRAS 19119+0830,SHASSA Sm,1996ApJS__107__239T,no survey
PKS 1245-53,DSS1 Blue,1970AJ_____75_1164L,no survey
PKS 1245-53,DSS1 Red,1970AJ_____75_1164L,no survey
2MASX J23541380+0021247,Mellinger Red,1987ApJS___63__265W,exception
2MASX J23541380+0021247,Mellinger Green,1987ApJS___63__265W,exception
2MASX J23541380+0021247,Mellinger Blue,1987ApJS___63__265W,exception
2MASX J23541380+0021247,SHASSA H,1987ApJS___63__265W,no survey
2MASX J23541380+0021247,SHASSA CC,1987ApJS___63__265W,no survey
2MASX J23541380+0021247,SHASSA C,1987ApJS___63__265W,no survey
2MASX J23541380+0021247,SHASSA Sm,1987ApJS___63__265W,no survey
[CJH91] NGC 1023 e,Mellinger Red,1991ApJ___383__487C,exception
[CJH91] NGC 1023 e,Mellinger Green,1991ApJ___383__487C,exception
[CJH91] NGC 1023 e,Mellinger Blue,1991ApJ___383__487C,exception
[CJH91] NGC 1023 e,SHASSA H,1991ApJ___383__487C,no survey
[CJH91] NGC 1023 e,SHASSA CC,1991ApJ___383__487C,no survey
[CJH91] NGC 1023 e,SHASSA C,1991ApJ___383__487C,no survey
[CJH91] NGC 1023 e,SHASSA Sm,1991ApJ___383__487C,no survey
LEDA  514277,Mellinger Red,1995ApJS___96___39B,exception
LEDA  514277,Mellinger Green,1995ApJS___96___39B,exception
LEDA  514277,Mellinger Blue,1995ApJS___96___39B,exception
LEDA  514277,SHASSA H,1995ApJS___96___39B,no survey
LEDA  514277,SHASSA CC,1995ApJS___96___39B,no survey
LEDA  514277,SHASSA C,1995ApJS___96___39B,no survey
LEDA  514277,SHASSA Sm,1995ApJS___96___39B,no survey
BD-19  5060,Mellinger Red,1960ApJ___131__620J,exception
BD-19  5060,Mellinger Green,1960ApJ___131__620J,exception
BD-19  5060,Mellinger Blue,1960ApJ___131__620J,exception
BD-19  5060,SHASSA H,1960ApJ___131__620J,no survey
BD-19  5060,SHASSA CC,1960ApJ___131__620J,no survey
BD-19  5060,SHASSA C,1960ApJ___131__620J,no survey
BD-19  5060,SHASSA Sm,1960ApJ___131__620J,no survey
[SHM89] IRAS-3   1,DSS1 Blue,1989ApJS___69___99S,no survey
[SHM89] IRAS-3   1,DSS1 Red,1989ApJS___69___99S,no survey
[SHM89] IRAS-3   1,DSS2 Blue,1989ApJS___69___99S,no survey
[MOP2000] C121630,Mellinger Red,1986AJ_____92__302S,exception
[MOP2000] C121630,Mellinger Green,1986AJ_____92__302S,exception
[MOP2000] C121630,Mellinger Blue,1986AJ_____92__302S,exception
[MOP2000] C121630,SHASSA H,1986AJ_____92__302S,no survey
[MOP2000] C121630,SHASSA CC,1986AJ_____92__302S,no survey
[MOP2000] C121630,SHASSA C,1986AJ_____92__302S,no survey
[MOP2000] C121630,SHASSA Sm,1986AJ_____92__302S,no survey
3C 288.1,Mellinger Red,1966ApJ___144__861V,exception
3C 288.1,Mellinger Green,1966ApJ___144__861V,exception
3C 288.1,Mellinger Blue,1966ApJ___144__861V,exception
3C 288.1,SHASSA H,1966ApJ___144__861V,no survey
3C 288.1,SHASSA CC,1966ApJ___144__861V,no survey
3C 288.1,SHASSA C,1966ApJ___144__861V,no survey
3C 288.1,SHASSA Sm,1966ApJ___144__861V,no survey
PMN J0414+0438,SUMSS 843 MHz,1995ApJS___97__347G,no survey
PMN J0414+0438,WENSS,1995ApJS___97__347G,no survey
2MASS J03290332+3123148,UKIDSS-Y,1996AJ____111_1964L,no survey
V* ZZ Tau,Mellinger Red,1982ApJ___257__620M,exception
V* ZZ Tau,Mellinger Green,1982ApJ___257__620M,exception
V* ZZ Tau,Mellinger Blue,1982ApJ___257__620M,exception
V* ZZ Tau,SHASSA H,1982ApJ___257__620M,no survey
V* ZZ Tau,SHASSA CC,1982ApJ___257__620M,no survey
V* ZZ Tau,SHASSA C,1982ApJ___257__620M,no survey
V* ZZ Tau,SHASSA Sm,1982ApJ___257__620M,no survey
[D75b] Em* 06-069,Mellinger Red,1989AJ_____98_1354R,exception
[D75b] Em* 06-069,Mellinger Green,1989AJ_____98_1354R,exception
[D75b] Em* 06-069,Mellinger Blue,1989AJ_____98_1354R,exception
[D75b] Em* 06-069,SHASSA H,1989AJ_____98_1354R,no survey
[D75b] Em* 06-069,SHASSA CC,1989AJ_____98_1354R,no survey
[D75b] Em* 06-069,SHASSA C,1989AJ_____98_1354R,no survey
[D75b] Em* 06-069,SHASSA Sm,1989AJ_____98_1354R,no survey
NGC  2403,Mellinger Red,1996ApJ___464__568F,exception
NGC  2403,Mellinger Green,1996ApJ___464__568F,exception
NGC  2403,Mellinger Blue,1996ApJ___464__568F,no survey
NGC  2403,H-Alpha Comp,1996ApJ___464__568F,no survey
NGC  2403,SHASSA H,1996ApJ___464__568F,no survey
NGC  2403,SHASSA CC,1996ApJ___464__568F,no survey
NGC  2403,SHASSA C,1996ApJ___464__568F,no survey
NGC  2403,SHASSA Sm,1996ApJ___464__568F,no survey
MODS deep  577,Mellinger Red,1996AJ____112_1335W,exception
MODS deep  577,Mellinger Green,1996AJ____112_1335W,exception
MODS deep  577,Mellinger Blue,1996AJ____112_1335W,exception
MODS deep  577,H-Alpha Comp,1996AJ____112_1335W,no images
MODS deep  577,SHASSA H,1996AJ____112_1335W,no images
MODS deep  577,SHASSA CC,1996AJ____112_1335W,no survey
MODS deep  577,SHASSA C,1996AJ____112_1335W,no survey
MODS deep  577,SHASSA Sm,1996AJ____112_1335W,no survey
EM* VRMF   85,DSS1 Blue,1980AJ_____85_1207V,no survey
EM* VRMF   85,DSS1 Red,1980AJ_____85_1207V,no survey
EM* VRMF   85,DSS2 Blue,1980AJ_____85_1207V,no survey
[SHM89] IRAS-1  40,DSS1 Blue,1989ApJS___69___99S,no survey
[SHM89] IRAS-1  40,DSS1 Red,1989ApJS___69___99S,no survey
[SHM89] IRAS-1  40,DSS2 Blue,1989ApJS___69___99S,no survey
M 101,IRAS  12 micron,1989ApJ___342___29O,no images
M 101,IRAS  25 micron,1989ApJ___342___29O,no images
M 101,IRAS  60 micron,1989ApJ___342___29O,no images
M 101,IRAS 100 micron,1989ApJ___342___29O,no survey
US 1841,Mellinger Red,1982ApJS___49___27U,exception
US 1841,Mellinger Green,1982ApJS___49___27U,exception
US 1841,Mellinger Blue,1982ApJS___49___27U,exception
US 1841,SHASSA H,1982ApJS___49___27U,no survey
US 1841,SHASSA CC,1982ApJS___49___27U,no survey
US 1841,SHASSA C,1982ApJS___49___27U,no survey
US 1841,SHASSA Sm,1982ApJS___49___27U,no survey
NGC  1024,Mellinger Red,1985ApJ___289___81R,exception
NGC  1024,Mellinger Green,1985ApJ___289___81R,exception
NGC  1024,Mellinger Blue,1985ApJ___289___81R,exception
NGC  1024,SHASSA H,1985ApJ___289___81R,no survey
NGC  1024,SHASSA CC,1985ApJ___289___81R,no survey
NGC  1024,SHASSA C,1985ApJ___289___81R,no survey
NGC  1024,SHASSA Sm,1985ApJ___289___81R,no survey
Cl* NGC 6101    SDC      17,DSS,1991AJ____102__628S,no survey
Cl* NGC 6101    SDC      17,DSS1 Blue,1991AJ____102__628S,no survey
Cl* NGC 6101    SDC      17,DSS1 Red,1991AJ____102__628S,no survey
Cl* NGC 6101    SDC      17,DSS2 Red,1991AJ____102__628S,no survey
Cl* NGC 6101    SDC      17,DSS2 Blue,1991AJ____102__628S,no survey
Cl* NGC 6101    SDC      17,DSS2 IR,1991AJ____102__628S,no survey
NVSS J192620+163152,VLA FIRST (1.4 GHz),1990ApJS___74__181Z,no survey
NVSS J192620+163152,Stripe82VLA,1990ApJS___74__181Z,no survey
HD 103095,Mellinger Red,1985ApJS___58__225F,exception
HD 103095,Mellinger Green,1985ApJS___58__225F,exception
HD 103095,Mellinger Blue,1985ApJS___58__225F,exception
HD 103095,SHASSA H,1985ApJS___58__225F,no survey
HD 103095,SHASSA CC,1985ApJS___58__225F,no survey
HD 103095,SHASSA C,1985ApJS___58__225F,no survey
HD 103095,SHASSA Sm,1985ApJS___58__225F,no survey
NGC  3590    29,DSS1 Blue,1976AJ_____81__155C,no survey
NGC  3590    29,DSS1 Red,1976AJ_____81__155C,no survey
NGC  3590    29,DSS2 Blue,1976AJ_____81__155C,no survey
[TVY93] GT Car H,SHASSA H,1993ApJS___85__119T,no survey
[TVY93] GT Car H,SHASSA CC,1993ApJS___85__119T,no survey
[TVY93] GT Car H,SHASSA C,1993ApJS___85__119T,no survey
[TVY93] GT Car H,SHASSA Sm,1993ApJS___85__119T,no survey
HD 166131,DSS2 Blue,1995ApJS___96__605S,no survey
CPD-62  3258,DSS1 Blue,1982ApJS___50__529V,no survey
CPD-62  3258,DSS1 Red,1982ApJS___50__529V,no survey
US 2069,Mellinger Red,1982ApJS___49___27U,exception
US 2069,Mellinger Green,1982ApJS___49___27U,exception
US 2069,Mellinger Blue,1982ApJS___49___27U,exception
US 2069,SHASSA H,1982ApJS___49___27U,no survey
US 2069,SHASSA CC,1982ApJS___49___27U,no survey
US 2069,SHASSA C,1982ApJS___49___27U,no survey
US 2069,SHASSA Sm,1982ApJS___49___27U,no survey
* tau CMa,DSS1 Blue,1950ApJ___112__240J,no survey
2MASS J15182681+0204085,Mellinger Red,1993AJ____106_1524R,exception
2MASS J15182681+0204085,Mellinger Green,1993AJ____106_1524R,exception
2MASS J15182681+0204085,Mellinger Blue,1993AJ____106_1524R,exception
2MASS J15182681+0204085,SHASSA H,1993AJ____106_1524R,no survey
2MASS J15182681+0204085,SHASSA CC,1993AJ____106_1524R,no survey
2MASS J15182681+0204085,SHASSA C,1993AJ____106_1524R,no survey
2MASS J15182681+0204085,SHASSA Sm,1993AJ____106_1524R,no survey
[OGC93] 20356,DSS,1993AJ____105_1762O,no survey
[OGC93] 20356,DSS1 Blue,1993AJ____105_1762O,no survey
[OGC93] 20356,DSS1 Red,1993AJ____105_1762O,no survey
[OGC93] 20356,DSS2 Red,1993AJ____105_1762O,no survey
[OGC93] 20356,DSS2 Blue,1993AJ____105_1762O,no survey
[OGC93] 20356,DSS2 IR,1993AJ____105_1762O,no survey
NVSS J193415+220100,SUMSS 843 MHz,1996ApJS__107__239T,no survey
NVSS J193415+220100,WENSS,1996ApJS__107__239T,no survey
2MASX J06272637-5431026,DSS1 Blue,1990ApJS___72__715T,no survey
2MASX J06272637-5431026,DSS1 Red,1990ApJS___72__715T,no survey
[HL85] GGD 37 19,DSS,1985ApJS___59__383H,no survey
[HL85] GGD 37 19,DSS1 Blue,1985ApJS___59__383H,no survey
[HL85] GGD 37 19,DSS1 Red,1985ApJS___59__383H,no survey
[HL85] GGD 37 19,DSS2 Red,1985ApJS___59__383H,no survey
[HL85] GGD 37 19,DSS2 Blue,1985ApJS___59__383H,no survey
[HL85] GGD 37 19,DSS2 IR,1985ApJS___59__383H,no survey
Mrk  231,Mellinger Red,1993ApJ___406__451L,exception
Mrk  231,Mellinger Green,1993ApJ___406__451L,exception
Mrk  231,Mellinger Blue,1993ApJ___406__451L,exception
Mrk  231,SHASSA H,1993ApJ___406__451L,no survey
Mrk  231,SHASSA CC,1993ApJ___406__451L,no survey
Mrk  231,SHASSA C,1993ApJ___406__451L,no survey
Mrk  231,SHASSA Sm,1993ApJ___406__451L,no survey
V* CR Cam,Mellinger Red,1971ApJS___23__257W,exception
V* CR Cam,Mellinger Green,1971ApJS___23__257W,exception
V* CR Cam,Mellinger Blue,1971ApJS___23__257W,exception
V* CR Cam,SHASSA H,1971ApJS___23__257W,no survey
V* CR Cam,SHASSA CC,1971ApJS___23__257W,no survey
V* CR Cam,SHASSA C,1971ApJS___23__257W,no survey
V* CR Cam,SHASSA Sm,1971ApJS___23__257W,no survey
OGLE BLG-RRLYR-59804,Mellinger Red,1984AJ_____89_1005W,exception
OGLE BLG-RRLYR-59804,Mellinger Green,1984AJ_____89_1005W,exception
OGLE BLG-RRLYR-59804,Mellinger Blue,1984AJ_____89_1005W,exception
OGLE BLG-RRLYR-59804,SHASSA H,1984AJ_____89_1005W,no survey
OGLE BLG-RRLYR-59804,SHASSA CC,1984AJ_____89_1005W,no survey
OGLE BLG-RRLYR-59804,SHASSA C,1984AJ_____89_1005W,no survey
OGLE BLG-RRLYR-59804,SHASSA Sm,1984AJ_____89_1005W,no survey
[G93c] 184,DSS1 Blue,1993ApJS___87__197G,no survey
[G93c] 184,DSS1 Red,1993ApJS___87__197G,no survey
[G93c] 184,DSS2 Blue,1993ApJS___87__197G,no survey
VGHC 2-98,DSS1 Blue,1997AJ____113__236D,no survey
2MASS J05345586-0508211,Mellinger Red,1994AJ____107_2120J,exception
2MASS J05345586-0508211,Mellinger Green,1994AJ____107_2120J,exception
2MASS J05345586-0508211,Mellinger Blue,1994AJ____107_2120J,exception
2MASS J05345586-0508211,SHASSA H,1994AJ____107_2120J,no survey
2MASS J05345586-0508211,SHASSA CC,1994AJ____107_2120J,no survey
2MASS J05345586-0508211,SHASSA C,1994AJ____107_2120J,no survey
2MASS J05345586-0508211,SHASSA Sm,1994AJ____107_2120J,no survey
HD  50282,Mellinger Red,1988AJ_____96__233H,exception
HD  50282,Mellinger Green,1988AJ_____96__233H,exception
HD  50282,Mellinger Blue,1988AJ_____96__233H,exception
HD  50282,SHASSA H,1988AJ_____96__233H,no survey
HD  50282,SHASSA CC,1988AJ_____96__233H,no survey
HD  50282,SHASSA C,1988AJ_____96__233H,no survey
HD  50282,SHASSA Sm,1988AJ_____96__233H,no survey
Cl* IC 4651    MEI    7921,Mellinger Red,1987AJ_____94_1222A,no survey
Cl* IC 4651    MEI    7921,Mellinger Green,1987AJ_____94_1222A,no survey
Cl* IC 4651    MEI    7921,Mellinger Blue,1987AJ_____94_1222A,exception
Cl* IC 4651    MEI    7921,SHASSA H,1987AJ_____94_1222A,no survey
Cl* IC 4651    MEI    7921,SHASSA CC,1987AJ_____94_1222A,no survey
Cl* IC 4651    MEI    7921,SHASSA C,1987AJ_____94_1222A,no survey
Cl* IC 4651    MEI    7921,SHASSA Sm,1987AJ_____94_1222A,no survey
GALEX J163428.6+393622,TESS,1988AJ_____96__816C,no survey
GALEX J163428.6+393622,Mellinger Red,1988AJ_____96__816C,no survey
GALEX J163428.6+393622,Mellinger Green,1988AJ_____96__816C,no survey
GALEX J163428.6+393622,Mellinger Blue,1988AJ_____96__816C,exception
GALEX J163428.6+393622,SHASSA H,1988AJ_____96__816C,no survey
GALEX J163428.6+393622,SHASSA CC,1988AJ_____96__816C,no survey
GALEX J163428.6+393622,SHASSA C,1988AJ_____96__816C,no survey
GALEX J163428.6+393622,SHASSA Sm,1988AJ_____96__816C,no survey
V* V1240 Ori,Mellinger Red,1953ApJ___117___73H,exception
V* V1240 Ori,Mellinger Green,1953ApJ___117___73H,exception
V* V1240 Ori,Mellinger Blue,1953ApJ___117___73H,exception
V* V1240 Ori,SHASSA H,1953ApJ___117___73H,no survey
V* V1240 Ori,SHASSA CC,1953ApJ___117___73H,no survey
V* V1240 Ori,SHASSA C,1953ApJ___117___73H,no survey
V* V1240 Ori,SHASSA Sm,1953ApJ___117___73H,no survey
ICRF J235156.1-010913,Mellinger Red,1977ApJS___35__359G,exception
ICRF J235156.1-010913,Mellinger Green,1977ApJS___35__359G,exception
ICRF J235156.1-010913,Mellinger Blue,1977ApJS___35__359G,exception
ICRF J235156.1-010913,SHASSA H,1977ApJS___35__359G,no survey
ICRF J235156.1-010913,SHASSA CC,1977ApJS___35__359G,no survey
ICRF J235156.1-010913,SHASSA C,1977ApJS___35__359G,no survey
ICRF J235156.1-010913,SHASSA Sm,1977ApJS___35__359G,no survey
LEDA 2165897,Mellinger Red,1995ApJS___98___41P,exception
LEDA 2165897,Mellinger Green,1995ApJS___98___41P,exception
LEDA 2165897,Mellinger Blue,1995ApJS___98___41P,exception
LEDA 2165897,SHASSA H,1995ApJS___98___41P,no survey
LEDA 2165897,SHASSA CC,1995ApJS___98___41P,no survey
LEDA 2165897,SHASSA C,1995ApJS___98___41P,no survey
LEDA 2165897,SHASSA Sm,1995ApJS___98___41P,no survey
WSRTGP 1952+2746,DSS,1996ApJS__107__239T,no survey
WSRTGP 1952+2746,DSS1 Blue,1996ApJS__107__239T,no survey
WSRTGP 1952+2746,DSS1 Red,1996ApJS__107__239T,no survey
WSRTGP 1952+2746,DSS2 Red,1996ApJS__107__239T,no survey
WSRTGP 1952+2746,DSS2 Blue,1996ApJS__107__239T,no survey
WSRTGP 1952+2746,DSS2 IR,1996ApJS__107__239T,no survey
GPM  10.203716+40.572246,Mellinger Red,1995ApJS___98__595H,exception
GPM  10.203716+40.572246,Mellinger Green,1995ApJS___98__595H,exception
GPM  10.203716+40.572246,Mellinger Blue,1995ApJS___98__595H,exception
GPM  10.203716+40.572246,SHASSA H,1995ApJS___98__595H,no survey
GPM  10.203716+40.572246,SHASSA CC,1995ApJS___98__595H,no survey
GPM  10.203716+40.572246,SHASSA C,1995ApJS___98__595H,no survey
GPM  10.203716+40.572246,SHASSA Sm,1995ApJS___98__595H,no survey
Z 205-29,Mellinger Red,1996AJ____112_1803M,exception
Z 205-29,Mellinger Green,1996AJ____112_1803M,exception
Z 205-29,Mellinger Blue,1996AJ____112_1803M,exception
Z 205-29,SHASSA H,1996AJ____112_1803M,no survey
Z 205-29,SHASSA CC,1996AJ____112_1803M,no survey
Z 205-29,SHASSA C,1996AJ____112_1803M,no survey
Z 205-29,SHASSA Sm,1996AJ____112_1803M,no survey
[D80] ACO  3128  30,DSS1 Blue,1997AJ____113__492C,no survey
[D80] ACO  3128  30,DSS1 Red,1997AJ____113__492C,no survey
NGC  2168    83,Mellinger Red,1986AJ_____91__557M,exception
NGC  2168    83,Mellinger Green,1986AJ_____91__557M,exception
NGC  2168    83,Mellinger Blue,1986AJ_____91__557M,exception
NGC  2168    83,SHASSA H,1986AJ_____91__557M,no survey
NGC  2168    83,SHASSA CC,1986AJ_____91__557M,no survey
NGC  2168    83,SHASSA C,1986AJ_____91__557M,no survey
NGC  2168    83,SHASSA Sm,1986AJ_____91__557M,no survey
NGC  7014,Mellinger Red,1983ApJ___274__541W,exception
NGC  7014,Mellinger Green,1983ApJ___274__541W,exception
NGC  7014,Mellinger Blue,1983ApJ___274__541W,exception
NGC  7014,SHASSA H,1983ApJ___274__541W,no survey
NGC  7014,SHASSA CC,1983ApJ___274__541W,no survey
NGC  7014,SHASSA C,1983ApJ___274__541W,no survey
NGC  7014,SHASSA Sm,1983ApJ___274__541W,no survey
NGC  3376,Mellinger Red,1978AJ_____83____1K,exception
NGC  3376,Mellinger Green,1978AJ_____83____1K,exception
NGC  3376,Mellinger Blue,1978AJ_____83____1K,exception
NGC  3376,SHASSA H,1978AJ_____83____1K,no survey
NGC  3376,SHASSA CC,1978AJ_____83____1K,no survey
NGC  3376,SHASSA C,1978AJ_____83____1K,no survey
NGC  3376,SHASSA Sm,1978AJ_____83____1K,no survey
BMB-O  29,DSS1 Blue,1980ApJ___242__938B,no survey
BMB-O  29,DSS1 Red,1980ApJ___242__938B,no survey
BMB-O  29,DSS2 Blue,1980ApJ___242__938B,no survey
NAME Sgr A Region,DSS2 Blue,1993ApJS___86__133R,no survey
*  69 Vir,SHASSA H,1952ApJ___116__122R,no survey
*  69 Vir,SHASSA CC,1952ApJ___116__122R,no survey
*  69 Vir,SHASSA C,1952ApJ___116__122R,no survey
*  69 Vir,SHASSA Sm,1952ApJ___116__122R,no survey
NAME LMC,Mellinger Red,1995AJ____110_2757E,exception
NAME LMC,Mellinger Green,1995AJ____110_2757E,exception
NAME LMC,Mellinger Blue,1995AJ____110_2757E,exception
NAME LMC,SHASSA H,1995AJ____110_2757E,no survey
NAME LMC,SHASSA CC,1995AJ____110_2757E,no survey
NAME LMC,SHASSA C,1995AJ____110_2757E,no survey
NAME LMC,SHASSA Sm,1995AJ____110_2757E,no survey
LPS 359,DSS,1996ApJ___469__508S,no survey
LPS 359,DSS1 Blue,1996ApJ___469__508S,no survey
LPS 359,DSS1 Red,1996ApJ___469__508S,no survey
LPS 359,DSS2 Red,1996ApJ___469__508S,no survey
LPS 359,DSS2 Blue,1996ApJ___469__508S,no survey
LPS 359,DSS2 IR,1996ApJ___469__508S,no survey
2MASX J12201020+2823202,Mellinger Red,1987AJ_____94__587B,exception
2MASX J12201020+2823202,Mellinger Green,1987AJ_____94__587B,exception
2MASX J12201020+2823202,Mellinger Blue,1987AJ_____94__587B,exception
2MASX J12201020+2823202,SHASSA H,1987AJ_____94__587B,no survey
2MASX J12201020+2823202,SHASSA CC,1987AJ_____94__587B,no survey
2MASX J12201020+2823202,SHASSA C,1987AJ_____94__587B,no survey
2MASX J12201020+2823202,SHASSA Sm,1987AJ_____94__587B,no survey
PG 1412-109,Mellinger Red,1986ApJS___61__305G,exception
PG 1412-109,Mellinger Green,1986ApJS___61__305G,exception
PG 1412-109,Mellinger Blue,1986ApJS___61__305G,exception
PG 1412-109,SHASSA H,1986ApJS___61__305G,no survey
PG 1412-109,SHASSA CC,1986ApJS___61__305G,no survey
PG 1412-109,SHASSA C,1986ApJS___61__305G,no survey
PG 1412-109,SHASSA Sm,1986ApJS___61__305G,no survey
ESO 467-13,Mellinger Red,1987ApJS___63__265W,exception
ESO 467-13,Mellinger Green,1987ApJS___63__265W,exception
ESO 467-13,Mellinger Blue,1987ApJS___63__265W,exception
ESO 467-13,SHASSA H,1987ApJS___63__265W,no survey
ESO 467-13,SHASSA CC,1987ApJS___63__265W,no survey
ESO 467-13,SHASSA C,1987ApJS___63__265W,no survey
ESO 467-13,SHASSA Sm,1987ApJS___63__265W,no survey
IRAS 22176+6303,VLA FIRST (1.4 GHz),1995ApJ___446__665C,no survey
IRAS 22176+6303,Stripe82VLA,1995ApJ___446__665C,no survey
X LMC X-1,Mellinger Red,1978ApJ___225L__59J,exception
X LMC X-1,Mellinger Green,1978ApJ___225L__59J,exception
X LMC X-1,Mellinger Blue,1978ApJ___225L__59J,exception
X LMC X-1,SHASSA H,1978ApJ___225L__59J,no survey
X LMC X-1,SHASSA CC,1978ApJ___225L__59J,no survey
X LMC X-1,SHASSA C,1978ApJ___225L__59J,no survey
X LMC X-1,SHASSA Sm,1978ApJ___225L__59J,no survey
NAME Rapid Burster,DSS1 Blue,1988ApJ___324__379S,no survey
NAME Rapid Burster,DSS2 Blue,1988ApJ___324__379S,no survey
2MASS J06465147+0118114,Mellinger Red,1997AJ____113_1788H,exception
2MASS J06465147+0118114,Mellinger Green,1997AJ____113_1788H,exception
2MASS J06465147+0118114,Mellinger Blue,1997AJ____113_1788H,exception
2MASS J06465147+0118114,SHASSA H,1997AJ____113_1788H,no survey
2MASS J06465147+0118114,SHASSA CC,1997AJ____113_1788H,no survey
2MASS J06465147+0118114,SHASSA C,1997AJ____113_1788H,no survey
2MASS J06465147+0118114,SHASSA Sm,1997AJ____113_1788H,no survey
SV* HV   827,Mellinger Red,1960AJ_____65__404A,exception
SV* HV   827,Mellinger Green,1960AJ_____65__404A,exception
SV* HV   827,Mellinger Blue,1960AJ_____65__404A,exception
SV* HV   827,SHASSA H,1960AJ_____65__404A,no survey
SV* HV   827,SHASSA CC,1960AJ_____65__404A,no survey
SV* HV   827,SHASSA C,1960AJ_____65__404A,no survey
SV* HV   827,SHASSA Sm,1960AJ_____65__404A,no survey
LEDA  861397,SHASSA H,1995ApJS___96___39B,no survey
LEDA  861397,SHASSA CC,1995ApJS___96___39B,no survey
LEDA  861397,SHASSA C,1995ApJS___96___39B,no survey
LEDA  861397,SHASSA Sm,1995ApJS___96___39B,no survey
[GM81]  3,DSS,1981ApJ___244L___3G,no survey
[GM81]  3,DSS1 Blue,1981ApJ___244L___3G,no survey
[GM81]  3,DSS1 Red,1981ApJ___244L___3G,no survey
[GM81]  3,DSS2 Red,1981ApJ___244L___3G,no survey
[GM81]  3,DSS2 Blue,1981ApJ___244L___3G,no survey
[GM81]  3,DSS2 IR,1981ApJ___244L___3G,no survey
[EKS96] NGC 5033 257,Mellinger Red,1996ApJS__105___93E,exception
[EKS96] NGC 5033 257,Mellinger Green,1996ApJS__105___93E,exception
[EKS96] NGC 5033 257,Mellinger Blue,1996ApJS__105___93E,exception
[EKS96] NGC 5033 257,SHASSA H,1996ApJS__105___93E,no survey
[EKS96] NGC 5033 257,SHASSA CC,1996ApJS__105___93E,no survey
[EKS96] NGC 5033 257,SHASSA C,1996ApJS__105___93E,no survey
[EKS96] NGC 5033 257,SHASSA Sm,1996ApJS__105___93E,no survey
SV* HV 11367,Planck 353 PI,1992AJ____104_1430S,no survey
SV* HV 11367,Planck 353 PA,1992AJ____104_1430S,no survey
SV* HV 11367,Planck 353 PI/I,1992AJ____104_1430S,no survey
SV* HV 11367,Planck 217 I,1992AJ____104_1430S,no survey
SV* HV 11367,Planck 217 Q,1992AJ____104_1430S,no survey
MR  55,DSS1 Blue,1979AJ_____84__639M,no survey
MR  55,DSS1 Red,1979AJ_____84__639M,no survey
MR  55,DSS2 Blue,1979AJ_____84__639M,no survey
HD 257966,Mellinger Red,1996AJ____112_2260M,exception
HD 257966,Mellinger Green,1996AJ____112_2260M,exception
HD 257966,Mellinger Blue,1996AJ____112_2260M,exception
HD 257966,SHASSA H,1996AJ____112_2260M,no survey
HD 257966,SHASSA CC,1996AJ____112_2260M,no survey
HD 257966,SHASSA C,1996AJ____112_2260M,no survey
HD 257966,SHASSA Sm,1996AJ____112_2260M,no survey
ICRF J145907.5+714019,VLA FIRST (1.4 GHz),1994ApJ___430__467V,no survey
ICRF J145907.5+714019,Stripe82VLA,1994ApJ___430__467V,no survey
2MASS J06465627+0116239,Mellinger Red,1997AJ____113_1788H,exception
2MASS J06465627+0116239,Mellinger Green,1997AJ____113_1788H,exception
2MASS J06465627+0116239,Mellinger Blue,1997AJ____113_1788H,exception
2MASS J06465627+0116239,H-Alpha Comp,1997AJ____113_1788H,no survey
2MASS J06465627+0116239,SHASSA H,1997AJ____113_1788H,no survey
2MASS J06465627+0116239,SHASSA CC,1997AJ____113_1788H,no survey
2MASS J06465627+0116239,SHASSA C,1997AJ____113_1788H,no survey
2MASS J06465627+0116239,SHASSA Sm,1997AJ____113_1788H,no survey
UGC  3341,SHASSA H,1986AJ_____91__705B,no survey
UGC  3341,SHASSA CC,1986AJ_____91__705B,no survey
UGC  3341,SHASSA C,1986AJ_____91__705B,no survey
UGC  3341,SHASSA Sm,1986AJ_____91__705B,no survey
[CCS88] 1342.5+2623,DSS2 Red,1988AJ_____96__816C,no survey
[CCS88] 1342.5+2623,DSS2 Blue,1988AJ_____96__816C,no survey
[CCS88] 1342.5+2623,DSS2 IR,1988AJ_____96__816C,no survey
* mu. Eri,Mellinger Red,1955ApJ___121___51M,exception
* mu. Eri,Mellinger Green,1955ApJ___121___51M,exception
* mu. Eri,Mellinger Blue,1955ApJ___121___51M,exception
* mu. Eri,SHASSA H,1955ApJ___121___51M,no survey
* mu. Eri,SHASSA CC,1955ApJ___121___51M,no survey
* mu. Eri,SHASSA C,1955ApJ___121___51M,no survey
* mu. Eri,SHASSA Sm,1955ApJ___121___51M,no survey
M  31,IRAS  12 micron,1993ApJ___408__409L,no images
M  31,IRAS  25 micron,1993ApJ___408__409L,no images
M  31,IRAS  60 micron,1993ApJ___408__409L,no images
M  31,IRAS 100 micron,1993ApJ___408__409L,no survey
NGC  2682   104,Mellinger Red,1971ApJ___168__393R,exception
NGC  2682   104,Mellinger Green,1971ApJ___168__393R,exception
NGC  2682   104,Mellinger Blue,1971ApJ___168__393R,exception
NGC  2682   104,SHASSA H,1971ApJ___168__393R,no survey
NGC  2682   104,SHASSA CC,1971ApJ___168__393R,no survey
NGC  2682   104,SHASSA C,1971ApJ___168__393R,no survey
NGC  2682   104,SHASSA Sm,1971ApJ___168__393R,no survey
Bol 112,Mellinger Red,1932ApJ____76___44H,exception
Bol 112,Mellinger Green,1932ApJ____76___44H,exception
Bol 112,Mellinger Blue,1932ApJ____76___44H,exception
Bol 112,SHASSA H,1932ApJ____76___44H,no survey
Bol 112,SHASSA CC,1932ApJ____76___44H,no survey
Bol 112,SHASSA C,1932ApJ____76___44H,no survey
Bol 112,SHASSA Sm,1932ApJ____76___44H,no survey
M  51,IRAS  12 micron,1990AJ____100__387R,no images
M  51,IRAS  25 micron,1990AJ____100__387R,no images
M  51,IRAS  60 micron,1990AJ____100__387R,no images
M  51,IRAS 100 micron,1990AJ____100__387R,no survey
MODS deep 2711,GOODS: VLT VIMOS U,1996AJ____112_1335W,no survey
MODS deep 2711,GOODS: VLT VIMOS R,1996AJ____112_1335W,no survey
MODS deep 2711,Hawaii HDF B,1996AJ____112_1335W,no survey
MODS deep 2711,Hawaii HDF V0201,1996AJ____112_1335W,no survey
MODS deep 2711,Hawaii HDF V0401,1996AJ____112_1335W,no survey
MODS deep 2711,Hawaii HDF HK,1996AJ____112_1335W,no images
MODS deep 2711,GOODS: HST NICMOS,1996AJ____112_1335W,no survey
MODS deep 2711,GOODS: VLT ISAAC J,1996AJ____112_1335W,no survey
MODS deep 2711,GOODS: VLT ISAAC H,1996AJ____112_1335W,no survey
MODS deep 2711,GOODS: VLT ISAAC Ks,1996AJ____112_1335W,no survey
MODS deep 2711,HUDF: VLT ISAAC Ks,1996AJ____112_1335W,no survey
MODS deep 2711,CDFS: LESS,1996AJ____112_1335W,no survey
BMB-B  61,Mellinger Red,1980ApJ___242__938B,no survey
BMB-B  61,Mellinger Green,1980ApJ___242__938B,exception
BMB-B  61,Mellinger Blue,1980ApJ___242__938B,exception
BMB-B  61,SHASSA H,1980ApJ___242__938B,no survey
BMB-B  61,SHASSA CC,1980ApJ___242__938B,no survey
BMB-B  61,SHASSA C,1980ApJ___242__938B,no survey
BMB-B  61,SHASSA Sm,1980ApJ___242__938B,no survey
UGC 12635,Mellinger Red,1996ApJS__105__209I,exception
UGC 12635,Mellinger Green,1996ApJS__105__209I,exception
UGC 12635,Mellinger Blue,1996ApJS__105__209I,exception
UGC 12635,SHASSA H,1996ApJS__105__209I,no survey
UGC 12635,SHASSA CC,1996ApJS__105__209I,no survey
UGC 12635,SHASSA C,1996ApJS__105__209I,no survey
UGC 12635,SHASSA Sm,1996ApJS__105__209I,no survey
NGC  1316,2MASS-H,1996ApJ___462____1J,no survey
NGC  1316,2MASS-K,1996ApJ___462____1J,no survey
Cl* NGC 6752    HHB    1348,DSS1 Blue,1993AJ____105_1196H,no survey
Cl* NGC 6752    HHB    1348,DSS1 Red,1993AJ____105_1196H,no survey
WR  42c,Mellinger Red,1991AJ____102__716S,exception
WR  42c,Mellinger Green,1991AJ____102__716S,exception
WR  42c,Mellinger Blue,1991AJ____102__716S,exception
WR  42c,SHASSA H,1991AJ____102__716S,no survey
WR  42c,SHASSA CC,1991AJ____102__716S,no survey
WR  42c,SHASSA C,1991AJ____102__716S,no survey
WR  42c,SHASSA Sm,1991AJ____102__716S,no survey
KD D10,DSS,1969ApJS___18___73H,no survey
* phi02 Ori,Mellinger Red,1953ApJ___117__241K,exception
* phi02 Ori,Mellinger Green,1953ApJ___117__241K,exception
* phi02 Ori,Mellinger Blue,1953ApJ___117__241K,exception
* phi02 Ori,SHASSA H,1953ApJ___117__241K,no survey
* phi02 Ori,SHASSA CC,1953ApJ___117__241K,no survey
* phi02 Ori,SHASSA C,1953ApJ___117__241K,no survey
* phi02 Ori,SHASSA Sm,1953ApJ___117__241K,no survey
V* V841 Cen,Mellinger Red,1994ApJS___93__569B,exception
V* V841 Cen,Mellinger Green,1994ApJS___93__569B,exception
V* V841 Cen,Mellinger Blue,1994ApJS___93__569B,exception
V* V841 Cen,SHASSA H,1994ApJS___93__569B,no survey
V* V841 Cen,SHASSA CC,1994ApJS___93__569B,no survey
V* V841 Cen,SHASSA C,1994ApJS___93__569B,no survey
V* V841 Cen,SHASSA Sm,1994ApJS___93__569B,no survey
NGC  6611   478,Mellinger Red,1993AJ____106_1906H,exception
NGC  6611   478,Mellinger Green,1993AJ____106_1906H,exception
NGC  6611   478,Mellinger Blue,1993AJ____106_1906H,exception
NGC  6611   478,SHASSA H,1993AJ____106_1906H,no survey
NGC  6611   478,SHASSA CC,1993AJ____106_1906H,no survey
NGC  6611   478,SHASSA C,1993AJ____106_1906H,no survey
NGC  6611   478,SHASSA Sm,1993AJ____106_1906H,no survey
Cl* NGC 6522    ARP    1306,DSS2 Blue,1995AJ____110_2788T,no survey
Cl* NGC 6522    ARP    1306,DSS2 IR,1995AJ____110_2788T,no survey
[A77b] G2,DSS1 Blue,1977ApJ___218___70A,no survey
[A77b] G2,DSS1 Red,1977ApJ___218___70A,no survey
[A77b] G2,DSS2 Red,1977ApJ___218___70A,no survey
NGC  5728,Mellinger Red,1993ApJ___419L__61W,exception
NGC  5728,Mellinger Green,1993ApJ___419L__61W,exception
NGC  5728,Mellinger Blue,1993ApJ___419L__61W,exception
NGC  5728,SHASSA H,1993ApJ___419L__61W,no survey
NGC  5728,SHASSA CC,1993ApJ___419L__61W,no survey
NGC  5728,SHASSA C,1993ApJ___419L__61W,no survey
NGC  5728,SHASSA Sm,1993ApJ___419L__61W,no survey
PG 1528+104,Mellinger Red,1986ApJS___61__305G,exception
PG 1528+104,Mellinger Green,1986ApJS___61__305G,exception
PG 1528+104,Mellinger Blue,1986ApJS___61__305G,exception
PG 1528+104,SHASSA H,1986ApJS___61__305G,no survey
PG 1528+104,SHASSA CC,1986ApJS___61__305G,no survey
PG 1528+104,SHASSA C,1986ApJS___61__305G,no survey
PG 1528+104,SHASSA Sm,1986ApJS___61__305G,no survey
LEDA   99802,Mellinger Red,1987ApJ___314__493K,exception
LEDA   99802,Mellinger Green,1987ApJ___314__493K,exception
LEDA   99802,Mellinger Blue,1987ApJ___314__493K,exception
LEDA   99802,SHASSA H,1987ApJ___314__493K,no survey
LEDA   99802,SHASSA CC,1987ApJ___314__493K,no survey
LEDA   99802,SHASSA C,1987ApJ___314__493K,no survey
LEDA   99802,SHASSA Sm,1987ApJ___314__493K,no survey
CPD-19  6494,DSS,1995ApJS___96__605S,no survey
CPD-19  6494,DSS1 Blue,1995ApJS___96__605S,no survey
CPD-19  6494,DSS1 Red,1995ApJS___96__605S,no survey
CPD-19  6494,DSS2 Red,1995ApJS___96__605S,no survey
CPD-19  6494,DSS2 Blue,1995ApJS___96__605S,no survey
HD 207183,DSS2 Blue,1984ApJS___54__271C,no survey
HD 207183,DSS2 IR,1984ApJS___54__271C,no survey
*   2 And,Mellinger Red,1987AJ_____93__688M,no survey
*   2 And,Mellinger Green,1987AJ_____93__688M,no survey
*   2 And,Mellinger Blue,1987AJ_____93__688M,no survey
*   2 And,H-Alpha Comp,1987AJ_____93__688M,no survey
*   2 And,SHASSA H,1987AJ_____93__688M,no survey
*   2 And,SHASSA CC,1987AJ_____93__688M,no survey
*   2 And,SHASSA C,1987AJ_____93__688M,no survey
*   2 And,SHASSA Sm,1987AJ_____93__688M,no survey
[TP95] NGC  1566 585,DSS1 Blue,1995ApJS__101__287T,no survey
[TP95] NGC  1566 585,DSS1 Red,1995ApJS__101__287T,no survey
[TP95] NGC  1566 585,DSS2 IR,1995ApJS__101__287T,no survey
HD 125276,TESS,1970ApJ___162__841S,no survey
HD 125276,Mellinger Red,1970ApJ___162__841S,exception
HD 125276,Mellinger Green,1970ApJ___162__841S,no survey
HD 125276,Mellinger Blue,1970ApJ___162__841S,exception
HD 125276,SHASSA H,1970ApJ___162__841S,no survey
HD 125276,SHASSA CC,1970ApJ___162__841S,no survey
HD 125276,SHASSA C,1970ApJ___162__841S,no survey
HD 125276,SHASSA Sm,1970ApJ___162__841S,no survey
V* R Sct,DSS,1982ApJ___260__655Z,no survey
V* R Sct,DSS1 Blue,1982ApJ___260__655Z,no survey
V* R Sct,DSS1 Red,1982ApJ___260__655Z,no survey
V* R Sct,DSS2 Red,1982ApJ___260__655Z,no survey
V* R Sct,DSS2 Blue,1982ApJ___260__655Z,no survey
V* R Sct,DSS2 IR,1982ApJ___260__655Z,no survey
IRAS 19199+0656,SHASSA H,1959ApJ___130__178W,no survey
IRAS 19199+0656,SHASSA CC,1959ApJ___130__178W,no survey
IRAS 19199+0656,SHASSA C,1959ApJ___130__178W,no survey
IRAS 19199+0656,SHASSA Sm,1959ApJ___130__178W,no survey
KB MK 103,DSS,1983ApJ___268__129V,no survey
KB MK 103,DSS1 Blue,1983ApJ___268__129V,no survey
KB MK 103,DSS1 Red,1983ApJ___268__129V,no survey
KB MK 103,DSS2 Red,1983ApJ___268__129V,no survey
KB MK 103,DSS2 Blue,1983ApJ___268__129V,no survey
KB MK 103,DSS2 IR,1983ApJ___268__129V,no survey
US  661,Mellinger Red,1982ApJS___48___51U,exception
US  661,Mellinger Green,1982ApJS___48___51U,exception
US  661,Mellinger Blue,1982ApJS___48___51U,exception
US  661,SHASSA H,1982ApJS___48___51U,no survey
US  661,SHASSA CC,1982ApJS___48___51U,no survey
US  661,SHASSA C,1982ApJS___48___51U,no survey
US  661,SHASSA Sm,1982ApJS___48___51U,no survey
* J Cen,Mellinger Red,1914ApJ____40___43K,exception
* J Cen,Mellinger Green,1914ApJ____40___43K,exception
* J Cen,Mellinger Blue,1914ApJ____40___43K,exception
* J Cen,SHASSA H,1914ApJ____40___43K,no survey
* J Cen,SHASSA CC,1914ApJ____40___43K,no survey
* J Cen,SHASSA C,1914ApJ____40___43K,no survey
* J Cen,SHASSA Sm,1914ApJ____40___43K,no survey
US 3058,Mellinger Red,1984ApJS___56__393H,exception
US 3058,Mellinger Green,1984ApJS___56__393H,exception
US 3058,Mellinger Blue,1984ApJS___56__393H,exception
US 3058,SHASSA H,1984ApJS___56__393H,no survey
US 3058,SHASSA CC,1984ApJS___56__393H,no survey
US 3058,SHASSA C,1984ApJS___56__393H,no survey
US 3058,SHASSA Sm,1984ApJS___56__393H,no survey
V* FU Ori,SHASSA H,1973ApJ___185L__67L,no survey
V* FU Ori,SHASSA CC,1973ApJ___185L__67L,no survey
V* FU Ori,SHASSA C,1973ApJ___185L__67L,no survey
V* FU Ori,SHASSA Sm,1973ApJ___185L__67L,no survey
NGC  1156,Mellinger Red,1983ApJ___274__141G,exception
NGC  1156,Mellinger Green,1983ApJ___274__141G,exception
NGC  1156,Mellinger Blue,1983ApJ___274__141G,exception
NGC  1156,SHASSA H,1983ApJ___274__141G,no survey
NGC  1156,SHASSA CC,1983ApJ___274__141G,no survey
NGC  1156,SHASSA C,1983ApJ___274__141G,no survey
NGC  1156,SHASSA Sm,1983ApJ___274__141G,no survey
[SC95] M 247,DSS2 Blue,1995ApJS___96__605S,no survey
HD 250034,Mellinger Red,1993ApJ___408__484S,exception
HD 250034,Mellinger Green,1993ApJ___408__484S,exception
HD 250034,Mellinger Blue,1993ApJ___408__484S,exception
HD 250034,SHASSA H,1993ApJ___408__484S,no survey
HD 250034,SHASSA CC,1993ApJ___408__484S,no survey
HD 250034,SHASSA C,1993ApJ___408__484S,no survey
HD 250034,SHASSA Sm,1993ApJ___408__484S,no survey
LP   53-7,Mellinger Red,1983AJ_____88_1489M,exception
LP   53-7,Mellinger Green,1983AJ_____88_1489M,exception
LP   53-7,Mellinger Blue,1983AJ_____88_1489M,exception
LP   53-7,SHASSA H,1983AJ_____88_1489M,no survey
LP   53-7,SHASSA CC,1983AJ_____88_1489M,no survey
LP   53-7,SHASSA C,1983AJ_____88_1489M,no survey
LP   53-7,SHASSA Sm,1983AJ_____88_1489M,no survey
Mrk  116,Mellinger Red,1996ApJ___471__211K,exception
Mrk  116,Mellinger Green,1996ApJ___471__211K,exception
Mrk  116,Mellinger Blue,1996ApJ___471__211K,exception
Mrk  116,SHASSA H,1996ApJ___471__211K,no survey
Mrk  116,SHASSA CC,1996ApJ___471__211K,no survey
Mrk  116,SHASSA C,1996ApJ___471__211K,no survey
Mrk  116,SHASSA Sm,1996ApJ___471__211K,no survey
GAL 000.04+00.03,DSS2 Blue,1993ApJ___418__235Z,no survey
2MASS J00401151+5836007,Mellinger Red,1996AJ____111__902H,exception
2MASS J00401151+5836007,Mellinger Green,1996AJ____111__902H,exception
2MASS J00401151+5836007,Mellinger Blue,1996AJ____111__902H,exception
2MASS J00401151+5836007,SHASSA H,1996AJ____111__902H,no survey
2MASS J00401151+5836007,SHASSA CC,1996AJ____111__902H,no survey
2MASS J00401151+5836007,SHASSA C,1996AJ____111__902H,no survey
2MASS J00401151+5836007,SHASSA Sm,1996AJ____111__902H,no survey
SDSS J113258.90+555506.1,SHASSA H,1977ApJ___211__684T,no survey
SDSS J113258.90+555506.1,SHASSA CC,1977ApJ___211__684T,no survey
SDSS J113258.90+555506.1,SHASSA C,1977ApJ___211__684T,no survey
SDSS J113258.90+555506.1,SHASSA Sm,1977ApJ___211__684T,no survey
4C 11.72,Mellinger Red,1983AJ_____88__709H,exception
4C 11.72,Mellinger Green,1983AJ_____88__709H,exception
4C 11.72,Mellinger Blue,1983AJ_____88__709H,exception
4C 11.72,SHASSA H,1983AJ_____88__709H,no survey
4C 11.72,SHASSA CC,1983AJ_____88__709H,no survey
4C 11.72,SHASSA C,1983AJ_____88__709H,no survey
4C 11.72,SHASSA Sm,1983AJ_____88__709H,no survey
[CHH92] 6162,DSS,1992AJ____104_1721C,no survey
[CHH92] 6162,DSS1 Blue,1992AJ____104_1721C,no survey
[CHH92] 6162,DSS1 Red,1992AJ____104_1721C,no survey
[CHH92] 6162,DSS2 Red,1992AJ____104_1721C,no survey
[CHH92] 6162,DSS2 Blue,1992AJ____104_1721C,no survey
[CHH92] 6162,DSS2 IR,1992AJ____104_1721C,no survey
[JHR80] D-37,DSS1 Blue,1980ApJ___242__132J,no survey
[JHR80] D-37,DSS1 Red,1980ApJ___242__132J,no survey
[JHR80] D-37,DSS2 Blue,1980ApJ___242__132J,no survey
WRAY 16-98,Mellinger Red,1967ApJS___14__154W,exception
WRAY 16-98,Mellinger Green,1967ApJS___14__154W,exception
WRAY 16-98,Mellinger Blue,1967ApJS___14__154W,exception
WRAY 16-98,SHASSA H,1967ApJS___14__154W,no survey
WRAY 16-98,SHASSA CC,1967ApJS___14__154W,no survey
WRAY 16-98,SHASSA C,1967ApJS___14__154W,no survey
WRAY 16-98,SHASSA Sm,1967ApJS___14__154W,no survey
[LM93]  36,DSS,1993AJ____106___66L,no survey
[LM93]  36,DSS1 Blue,1993AJ____106___66L,no survey
[LM93]  36,DSS1 Red,1993AJ____106___66L,no survey
[LM93]  36,DSS2 Red,1993AJ____106___66L,no survey
[LM93]  36,DSS2 Blue,1993AJ____106___66L,no survey
[LM93]  36,DSS2 IR,1993AJ____106___66L,no survey
[LM93] 367,DSS,1993AJ____106___66L,no survey
[LM93] 367,DSS1 Blue,1993AJ____106___66L,no survey
[LM93] 367,DSS1 Red,1993AJ____106___66L,no survey
[LM93] 367,DSS2 Red,1993AJ____106___66L,no survey
[LM93] 367,DSS2 Blue,1993AJ____106___66L,no survey
[LM93] 367,DSS2 IR,1993AJ____106___66L,no survey
V* V1728 Cyg,Mellinger Red,1997AJ____113_1315J,exception
V* V1728 Cyg,Mellinger Green,1997AJ____113_1315J,exception
V* V1728 Cyg,Mellinger Blue,1997AJ____113_1315J,exception
V* V1728 Cyg,SHASSA H,1997AJ____113_1315J,no survey
V* V1728 Cyg,SHASSA CC,1997AJ____113_1315J,no survey
V* V1728 Cyg,SHASSA C,1997AJ____113_1315J,no survey
V* V1728 Cyg,SHASSA Sm,1997AJ____113_1315J,no survey
PGMW 2227,DSS1 Blue,1992AJ____103_1205P,no survey
PGMW 2227,DSS1 Red,1992AJ____103_1205P,no survey
BD+37  4108,Mellinger Red,1984ApJS___54__271C,exception
BD+37  4108,Mellinger Green,1984ApJS___54__271C,exception
BD+37  4108,Mellinger Blue,1984ApJS___54__271C,exception
BD+37  4108,SHASSA H,1984ApJS___54__271C,no survey
BD+37  4108,SHASSA CC,1984ApJS___54__271C,no survey
BD+37  4108,SHASSA C,1984ApJS___54__271C,no survey
BD+37  4108,SHASSA Sm,1984ApJS___54__271C,no survey
Ton  1388,Mellinger Red,1986ApJS___61__305G,exception
Ton  1388,Mellinger Green,1986ApJS___61__305G,exception
Ton  1388,Mellinger Blue,1986ApJS___61__305G,exception
Ton  1388,SHASSA H,1986ApJS___61__305G,no survey
Ton  1388,SHASSA CC,1986ApJS___61__305G,no survey
Ton  1388,SHASSA C,1986ApJS___61__305G,no survey
Ton  1388,SHASSA Sm,1986ApJS___61__305G,no survey
SDSS J122942.96+104525.0,Mellinger Red,1984AJ_____89__919S,exception
SDSS J122942.96+104525.0,Mellinger Green,1984AJ_____89__919S,exception
SDSS J122942.96+104525.0,Mellinger Blue,1984AJ_____89__919S,exception
SDSS J122942.96+104525.0,SHASSA H,1984AJ_____89__919S,no survey
SDSS J122942.96+104525.0,SHASSA CC,1984AJ_____89__919S,no survey
SDSS J122942.96+104525.0,SHASSA C,1984AJ_____89__919S,no survey
SDSS J122942.96+104525.0,SHASSA Sm,1984AJ_____89__919S,no survey
UCAC3 73-7870,Mellinger Red,1997AJ____114_1356C,exception
UCAC3 73-7870,Mellinger Green,1997AJ____114_1356C,exception
UCAC3 73-7870,Mellinger Blue,1997AJ____114_1356C,exception
UCAC3 73-7870,SHASSA H,1997AJ____114_1356C,no survey
UCAC3 73-7870,SHASSA CC,1997AJ____114_1356C,no survey
UCAC3 73-7870,SHASSA C,1997AJ____114_1356C,no survey
UCAC3 73-7870,SHASSA Sm,1997AJ____114_1356C,no survey
V* NP Ser,DSS2 Blue,1970ApJ___161L_169K,no survey
NGC  3603    68,DSS1 Blue,1973ApJ___182L__21W,no survey
NGC  3603    68,DSS1 Red,1973ApJ___182L__21W,no survey
NGC  3603    68,DSS2 Blue,1973ApJ___182L__21W,no survey
ICRF J152122.5+042030,SUMSS 843 MHz,1995ApJS___97__347G,no survey
ICRF J152122.5+042030,WENSS,1995ApJS___97__347G,no survey
Cl* NGC 2632      S     105,Mellinger Red,1983AJ_____88__215J,exception
Cl* NGC 2632      S     105,Mellinger Green,1983AJ_____88__215J,exception
Cl* NGC 2632      S     105,Mellinger Blue,1983AJ_____88__215J,exception
Cl* NGC 2632      S     105,SHASSA H,1983AJ_____88__215J,no survey
Cl* NGC 2632      S     105,SHASSA CC,1983AJ_____88__215J,no survey
Cl* NGC 2632      S     105,SHASSA C,1983AJ_____88__215J,no survey
Cl* NGC 2632      S     105,SHASSA Sm,1983AJ_____88__215J,no survey
HD 195481,Mellinger Red,1987AJ_____93__688M,exception
HD 195481,Mellinger Green,1987AJ_____93__688M,exception
HD 195481,Mellinger Blue,1987AJ_____93__688M,exception
HD 195481,SHASSA H,1987AJ_____93__688M,no survey
HD 195481,SHASSA CC,1987AJ_____93__688M,no survey
HD 195481,SHASSA C,1987AJ_____93__688M,no survey
HD 195481,SHASSA Sm,1987AJ_____93__688M,no survey
NGC   663    47,Mellinger Red,1978AJ_____83_1075V,exception
NGC   663    47,Mellinger Green,1978AJ_____83_1075V,exception
NGC   663    47,Mellinger Blue,1978AJ_____83_1075V,exception
NGC   663    47,SHASSA H,1978AJ_____83_1075V,no survey
NGC   663    47,SHASSA CC,1978AJ_____83_1075V,no survey
NGC   663    47,SHASSA C,1978AJ_____83_1075V,no survey
NGC   663    47,SHASSA Sm,1978AJ_____83_1075V,no survey
BD+56   579,SHASSA H,1949ApJ___110__387M,no survey
BD+56   579,SHASSA CC,1949ApJ___110__387M,no survey
BD+56   579,SHASSA C,1949ApJ___110__387M,no survey
BD+56   579,SHASSA Sm,1949ApJ___110__387M,no survey
* iot Lep,Mellinger Red,1954ApJ___119__146S,exception
* iot Lep,Mellinger Green,1954ApJ___119__146S,exception
* iot Lep,Mellinger Blue,1954ApJ___119__146S,exception
* iot Lep,SHASSA H,1954ApJ___119__146S,no survey
* iot Lep,SHASSA CC,1954ApJ___119__146S,no survey
* iot Lep,SHASSA C,1954ApJ___119__146S,no survey
* iot Lep,SHASSA Sm,1954ApJ___119__146S,no survey
ESO 105-13,DSS1 Blue,1995ApJS___96___39B,no survey
ESO 105-13,DSS1 Red,1995ApJS___96___39B,no survey
* nu.02 Sco,Mellinger Red,1981AJ_____86__885H,exception
* nu.02 Sco,Mellinger Green,1981AJ_____86__885H,exception
* nu.02 Sco,Mellinger Blue,1981AJ_____86__885H,exception
* nu.02 Sco,SHASSA H,1981AJ_____86__885H,no survey
* nu.02 Sco,SHASSA CC,1981AJ_____86__885H,no survey
* nu.02 Sco,SHASSA C,1981AJ_____86__885H,no survey
* nu.02 Sco,SHASSA Sm,1981AJ_____86__885H,no survey
GPSR 347.602+0.246,DSS1 Blue,1990ApJS___74__181Z,no survey
GPSR 347.602+0.246,DSS1 Red,1990ApJS___74__181Z,no survey
GPSR 347.602+0.246,DSS2 Blue,1990ApJS___74__181Z,no survey
LB  9802,Mellinger Red,1994AJ____107__751M,exception
LB  9802,Mellinger Green,1994AJ____107__751M,exception
LB  9802,Mellinger Blue,1994AJ____107__751M,exception
LB  9802,SHASSA H,1994AJ____107__751M,no survey
LB  9802,SHASSA CC,1994AJ____107__751M,no survey
LB  9802,SHASSA C,1994AJ____107__751M,no survey
LB  9802,SHASSA Sm,1994AJ____107__751M,no survey
[H69] NGC 1365  16,DSS,1969ApJS___18___73H,no survey
[H69] NGC 1365  16,DSS1 Blue,1969ApJS___18___73H,no survey
[H69] NGC 1365  16,DSS1 Red,1969ApJS___18___73H,no survey
[H69] NGC 1365  16,DSS2 Red,1969ApJS___18___73H,no survey
[H69] NGC 1365  16,DSS2 Blue,1969ApJS___18___73H,no survey
[H69] NGC 1365  16,DSS2 IR,1969ApJS___18___73H,no survey
2MASS J06073127-0627371,IRAS  12 micron,1997AJ____114__198C,no images
2MASS J06073127-0627371,IRAS  25 micron,1997AJ____114__198C,no images
2MASS J06073127-0627371,IRAS  60 micron,1997AJ____114__198C,no images
2MASS J06073127-0627371,IRAS 100 micron,1997AJ____114__198C,no survey
ESO 207-7,Mellinger Red,1995ApJS___96___39B,exception
ESO 207-7,Mellinger Green,1995ApJS___96___39B,exception
ESO 207-7,Mellinger Blue,1995ApJS___96___39B,exception
ESO 207-7,SHASSA H,1995ApJS___96___39B,no survey
ESO 207-7,SHASSA CC,1995ApJS___96___39B,no survey
ESO 207-7,SHASSA C,1995ApJS___96___39B,no survey
ESO 207-7,SHASSA Sm,1995ApJS___96___39B,no survey
PG 1350-090,Mellinger Red,1986ApJS___61__305G,exception
PG 1350-090,Mellinger Green,1986ApJS___61__305G,exception
PG 1350-090,Mellinger Blue,1986ApJS___61__305G,exception
PG 1350-090,SHASSA H,1986ApJS___61__305G,no survey
PG 1350-090,SHASSA CC,1986ApJS___61__305G,no survey
PG 1350-090,SHASSA C,1986ApJS___61__305G,no survey
PG 1350-090,SHASSA Sm,1986ApJS___61__305G,no survey
CN A106   9,DSS,1984ApJS___56__143C,no survey
CN A106   9,DSS1 Blue,1984ApJS___56__143C,no survey
CN A106   9,DSS1 Red,1984ApJS___56__143C,no survey
CN A106   9,DSS2 Red,1984ApJS___56__143C,no survey
CN A106   9,DSS2 Blue,1984ApJS___56__143C,no survey
CN A106   9,DSS2 IR,1984ApJS___56__143C,no survey
2MASX J01364138-6225336,DSS1 Blue,1995ApJS___96___39B,no survey
2MASX J01364138-6225336,DSS1 Red,1995ApJS___96___39B,no survey
HD  14422,Mellinger Red,1965ApJ___142__979S,exception
HD  14422,Mellinger Green,1965ApJ___142__979S,exception
HD  14422,Mellinger Blue,1965ApJ___142__979S,exception
HD  14422,SHASSA H,1965ApJ___142__979S,no survey
HD  14422,SHASSA CC,1965ApJ___142__979S,no survey
HD  14422,SHASSA C,1965ApJ___142__979S,no survey
HD  14422,SHASSA Sm,1965ApJ___142__979S,no survey
M  33,Mellinger Red,1994ApJ___434__536R,exception
M  33,Mellinger Green,1994ApJ___434__536R,exception
M  33,Mellinger Blue,1994ApJ___434__536R,exception
M  33,SHASSA H,1994ApJ___434__536R,no survey
M  33,SHASSA CC,1994ApJ___434__536R,no survey
M  33,SHASSA C,1994ApJ___434__536R,no survey
M  33,SHASSA Sm,1994ApJ___434__536R,no survey
[MM63] 1-23,Mellinger Red,1963AJ_____68__319M,exception
[MM63] 1-23,Mellinger Green,1963AJ_____68__319M,exception
[MM63] 1-23,Mellinger Blue,1963AJ_____68__319M,exception
[MM63] 1-23,SHASSA H,1963AJ_____68__319M,no survey
[MM63] 1-23,SHASSA CC,1963AJ_____68__319M,no survey
[MM63] 1-23,SHASSA C,1963AJ_____68__319M,no survey
[MM63] 1-23,SHASSA Sm,1963AJ_____68__319M,no survey
2MASS J03290915+3121445,IRAS  12 micron,1996AJ____111_1964L,no images
2MASS J03290915+3121445,IRAS  25 micron,1996AJ____111_1964L,no images
2MASS J03290915+3121445,IRAS  60 micron,1996AJ____111_1964L,no images
2MASS J03290915+3121445,IRAS 100 micron,1996AJ____111_1964L,no survey
[HS66] 134,DSS1 Blue,1966AJ_____71__363H,no survey
[HS66] 134,DSS1 Red,1966AJ_____71__363H,no survey
[HS66] 134,DSS2 Blue,1966AJ_____71__363H,no survey
4C 05.07,SUMSS 843 MHz,1977ApJS___35__359G,no survey
4C 05.07,WENSS,1977ApJS___35__359G,no survey
US 2356,Mellinger Red,1982ApJS___49___27U,exception
US 2356,Mellinger Green,1982ApJS___49___27U,exception
US 2356,Mellinger Blue,1982ApJS___49___27U,exception
US 2356,SHASSA H,1982ApJS___49___27U,no survey
US 2356,SHASSA CC,1982ApJS___49___27U,no survey
US 2356,SHASSA C,1982ApJS___49___27U,no survey
US 2356,SHASSA Sm,1982ApJS___49___27U,no survey
IC 2943,Mellinger Red,1973ApJ___183___29W,exception
IC 2943,Mellinger Green,1973ApJ___183___29W,exception
IC 2943,Mellinger Blue,1973ApJ___183___29W,exception
IC 2943,SHASSA H,1973ApJ___183___29W,no survey
IC 2943,SHASSA CC,1973ApJ___183___29W,no survey
IC 2943,SHASSA C,1973ApJ___183___29W,no survey
IC 2943,SHASSA Sm,1973ApJ___183___29W,no survey
HD 151108,Mellinger Red,1996ApJS__104__101S,exception
HD 151108,Mellinger Green,1996ApJS__104__101S,exception
HD 151108,Mellinger Blue,1996ApJS__104__101S,exception
HD 151108,SHASSA H,1996ApJS__104__101S,no survey
HD 151108,SHASSA CC,1996ApJS__104__101S,no survey
HD 151108,SHASSA C,1996ApJS__104__101S,no survey
HD 151108,SHASSA Sm,1996ApJS__104__101S,no survey
NGC   741,SUMSS 843 MHz,1967ApJ___150____1D,no survey
NGC   741,WENSS,1967ApJ___150____1D,no survey
IC 1101,Mellinger Red,1990AJ_____99___14B,exception
IC 1101,Mellinger Green,1990AJ_____99___14B,exception
IC 1101,Mellinger Blue,1990AJ_____99___14B,exception
IC 1101,SHASSA H,1990AJ_____99___14B,no survey
IC 1101,SHASSA CC,1990AJ_____99___14B,no survey
IC 1101,SHASSA C,1990AJ_____99___14B,no survey
IC 1101,SHASSA Sm,1990AJ_____99___14B,no survey
BPS BS 16542-0001,Mellinger Red,1996ApJ___465__825M,exception
BPS BS 16542-0001,Mellinger Green,1996ApJ___465__825M,exception
BPS BS 16542-0001,Mellinger Blue,1996ApJ___465__825M,exception
BPS BS 16542-0001,SHASSA H,1996ApJ___465__825M,no survey
BPS BS 16542-0001,SHASSA CC,1996ApJ___465__825M,no survey
BPS BS 16542-0001,SHASSA C,1996ApJ___465__825M,no survey
BPS BS 16542-0001,SHASSA Sm,1996ApJ___465__825M,no survey
2MASX J04243078-6313173,DSS1 Blue,1995ApJS___96___39B,no survey
2MASX J04243078-6313173,DSS1 Red,1995ApJS___96___39B,no survey
HD 164494,DSS2 Blue,1996ApJS__104__101S,no survey
V* V367 Vel,Mellinger Red,1996ApJS__106__489P,exception
V* V367 Vel,Mellinger Green,1996ApJS__106__489P,exception
V* V367 Vel,Mellinger Blue,1996ApJS__106__489P,exception
V* V367 Vel,SHASSA H,1996ApJS__106__489P,no survey
V* V367 Vel,SHASSA CC,1996ApJS__106__489P,no survey
V* V367 Vel,SHASSA C,1996ApJS__106__489P,no survey
V* V367 Vel,SHASSA Sm,1996ApJS__106__489P,no survey
NGC  5897   272,Mellinger Red,1968ApJ___153__569S,exception
NGC  5897   272,Mellinger Green,1968ApJ___153__569S,exception
NGC  5897   272,Mellinger Blue,1968ApJ___153__569S,exception
NGC  5897   272,SHASSA H,1968ApJ___153__569S,no survey
NGC  5897   272,SHASSA CC,1968ApJ___153__569S,no survey
NGC  5897   272,SHASSA C,1968ApJ___153__569S,no survey
NGC  5897   272,SHASSA Sm,1968ApJ___153__569S,no survey
UGC  4457,Mellinger Red,1973ApJS___26__115S,exception
UGC  4457,Mellinger Green,1973ApJS___26__115S,exception
UGC  4457,Mellinger Blue,1973ApJS___26__115S,exception
UGC  4457,SHASSA H,1973ApJS___26__115S,no survey
UGC  4457,SHASSA CC,1973ApJS___26__115S,no survey
UGC  4457,SHASSA C,1973ApJS___26__115S,no survey
UGC  4457,SHASSA Sm,1973ApJS___26__115S,no survey
GD 246,Mellinger Red,1988ApJ___331__876V,exception
GD 246,Mellinger Green,1988ApJ___331__876V,exception
GD 246,Mellinger Blue,1988ApJ___331__876V,exception
GD 246,SHASSA H,1988ApJ___331__876V,no survey
GD 246,SHASSA CC,1988ApJ___331__876V,no survey
GD 246,SHASSA C,1988ApJ___331__876V,no survey
GD 246,SHASSA Sm,1988ApJ___331__876V,no survey
Cl* NGC 7419    BMD     666,DSS,1994ApJS___93__187B,no survey
Cl* NGC 7419    BMD     666,DSS1 Blue,1994ApJS___93__187B,no survey
Cl* NGC 7419    BMD     666,DSS1 Red,1994ApJS___93__187B,no survey
Cl* NGC 7419    BMD     666,DSS2 Red,1994ApJS___93__187B,no survey
Cl* NGC 7419    BMD     666,DSS2 Blue,1994ApJS___93__187B,no survey
Cl* NGC 7419    BMD     666,DSS2 IR,1994ApJS___93__187B,no survey
V* V2170 Ori,Mellinger Red,1996AJ____111__846O,exception
V* V2170 Ori,Mellinger Green,1996AJ____111__846O,exception
V* V2170 Ori,Mellinger Blue,1996AJ____111__846O,exception
V* V2170 Ori,SHASSA H,1996AJ____111__846O,no survey
V* V2170 Ori,SHASSA CC,1996AJ____111__846O,no survey
V* V2170 Ori,SHASSA C,1996AJ____111__846O,no survey
V* V2170 Ori,SHASSA Sm,1996AJ____111__846O,no survey
LMC-BM  25-4,Mellinger Red,1990AJ____100__674B,exception
LMC-BM  25-4,Mellinger Green,1990AJ____100__674B,exception
LMC-BM  25-4,Mellinger Blue,1990AJ____100__674B,exception
LMC-BM  25-4,SHASSA H,1990AJ____100__674B,no survey
LMC-BM  25-4,SHASSA CC,1990AJ____100__674B,no survey
LMC-BM  25-4,SHASSA C,1990AJ____100__674B,no survey
LMC-BM  25-4,SHASSA Sm,1990AJ____100__674B,no survey
US 3337,Mellinger Red,1984ApJS___56__393H,exception
US 3337,Mellinger Green,1984ApJS___56__393H,exception
US 3337,Mellinger Blue,1984ApJS___56__393H,exception
US 3337,SHASSA H,1984ApJS___56__393H,no survey
US 3337,SHASSA CC,1984ApJS___56__393H,no survey
US 3337,SHASSA C,1984ApJS___56__393H,no survey
US 3337,SHASSA Sm,1984ApJS___56__393H,no survey
LEDA   41822,Mellinger Red,1984AJ_____89__919S,exception
LEDA   41822,Mellinger Green,1984AJ_____89__919S,exception
LEDA   41822,Mellinger Blue,1984AJ_____89__919S,exception
LEDA   41822,SHASSA H,1984AJ_____89__919S,no survey
LEDA   41822,SHASSA CC,1984AJ_____89__919S,no survey
LEDA   41822,SHASSA C,1984AJ_____89__919S,no survey
LEDA   41822,SHASSA Sm,1984AJ_____89__919S,no survey
BPS BS 16081-0039,Mellinger Red,1988ApJS___66__309S,exception
BPS BS 16081-0039,Mellinger Green,1988ApJS___66__309S,exception
BPS BS 16081-0039,Mellinger Blue,1988ApJS___66__309S,exception
BPS BS 16081-0039,SHASSA H,1988ApJS___66__309S,no survey
BPS BS 16081-0039,SHASSA CC,1988ApJS___66__309S,no survey
BPS BS 16081-0039,SHASSA C,1988ApJS___66__309S,no survey
BPS BS 16081-0039,SHASSA Sm,1988ApJS___66__309S,no survey
2MASS J05351898-0537234,Mellinger Red,1995AJ____109__709A,exception
2MASS J05351898-0537234,Mellinger Green,1995AJ____109__709A,exception
2MASS J05351898-0537234,Mellinger Blue,1995AJ____109__709A,exception
2MASS J05351898-0537234,SHASSA H,1995AJ____109__709A,no survey
2MASS J05351898-0537234,SHASSA CC,1995AJ____109__709A,no survey
2MASS J05351898-0537234,SHASSA C,1995AJ____109__709A,no survey
2MASS J05351898-0537234,SHASSA Sm,1995AJ____109__709A,no survey
NGC  3226,Mellinger Red,1980ApJS___43__365T,exception
NGC  3226,Mellinger Green,1980ApJS___43__365T,exception
NGC  3226,Mellinger Blue,1980ApJS___43__365T,exception
NGC  3226,SHASSA H,1980ApJS___43__365T,no survey
NGC  3226,SHASSA CC,1980ApJS___43__365T,no survey
NGC  3226,SHASSA C,1980ApJS___43__365T,no survey
NGC  3226,SHASSA Sm,1980ApJS___43__365T,no survey
[DAB78] 2S 0142+614 10,DSS,1980AJ_____85_1062R,no survey
[DAB78] 2S 0142+614 10,DSS1 Blue,1980AJ_____85_1062R,no survey
[DAB78] 2S 0142+614 10,DSS1 Red,1980AJ_____85_1062R,no survey
[DAB78] 2S 0142+614 10,DSS2 Red,1980AJ_____85_1062R,no survey
[DAB78] 2S 0142+614 10,DSS2 Blue,1980AJ_____85_1062R,no survey
[DAB78] 2S 0142+614 10,DSS2 IR,1980AJ_____85_1062R,no survey
EM* RJHA   56,Mellinger Red,1989AJ_____98_1354R,exception
EM* RJHA   56,Mellinger Green,1989AJ_____98_1354R,exception
EM* RJHA   56,Mellinger Blue,1989AJ_____98_1354R,exception
EM* RJHA   56,SHASSA H,1989AJ_____98_1354R,no survey
EM* RJHA   56,SHASSA CC,1989AJ_____98_1354R,no survey
EM* RJHA   56,SHASSA C,1989AJ_____98_1354R,no survey
EM* RJHA   56,SHASSA Sm,1989AJ_____98_1354R,no survey
NGC  7479,Mellinger Red,1995ApJ___441__549Q,exception
NGC  7479,Mellinger Green,1995ApJ___441__549Q,exception
NGC  7479,Mellinger Blue,1995ApJ___441__549Q,exception
NGC  7479,SHASSA H,1995ApJ___441__549Q,no survey
NGC  7479,SHASSA CC,1995ApJ___441__549Q,no survey
NGC  7479,SHASSA C,1995ApJ___441__549Q,no survey
NGC  7479,SHASSA Sm,1995ApJ___441__549Q,no survey
OGLE LMC-ECL-1882,DSS1 Blue,1996ApJS__104___71O,no survey
OGLE LMC-ECL-1882,DSS1 Red,1996ApJS__104___71O,no survey
* psi UMa,Mellinger Red,1917ApJ____46__313A,exception
* psi UMa,Mellinger Green,1917ApJ____46__313A,exception
* psi UMa,Mellinger Blue,1917ApJ____46__313A,exception
* psi UMa,SHASSA H,1917ApJ____46__313A,no survey
* psi UMa,SHASSA CC,1917ApJ____46__313A,no survey
* psi UMa,SHASSA C,1917ApJ____46__313A,no survey
* psi UMa,SHASSA Sm,1917ApJ____46__313A,no survey
QSO B1103-006,Mellinger Red,1989AJ_____98___54J,exception
QSO B1103-006,Mellinger Green,1989AJ_____98___54J,exception
QSO B1103-006,Mellinger Blue,1989AJ_____98___54J,exception
QSO B1103-006,SHASSA H,1989AJ_____98___54J,no survey
QSO B1103-006,SHASSA CC,1989AJ_____98___54J,no survey
QSO B1103-006,SHASSA C,1989AJ_____98___54J,no survey
QSO B1103-006,SHASSA Sm,1989AJ_____98___54J,no survey
UCAC2  20298468,Mellinger Red,1988AJ_____95__739C,exception
UCAC2  20298468,Mellinger Green,1988AJ_____95__739C,exception
UCAC2  20298468,Mellinger Blue,1988AJ_____95__739C,exception
UCAC2  20298468,SHASSA H,1988AJ_____95__739C,no survey
UCAC2  20298468,SHASSA CC,1988AJ_____95__739C,no survey
UCAC2  20298468,SHASSA C,1988AJ_____95__739C,no survey
UCAC2  20298468,SHASSA Sm,1988AJ_____95__739C,no survey
Cl* Trumpler   14     MJ      96,DSS1 Blue,1993AJ____105__980M,no survey
Cl* Trumpler   14     MJ      96,DSS1 Red,1993AJ____105__980M,no survey
Cl* Trumpler   14     MJ      96,DSS2 Blue,1993AJ____105__980M,no survey
SV* HV 11459,Mellinger Red,1975AJ_____80__510H,exception
SV* HV 11459,Mellinger Green,1975AJ_____80__510H,exception
SV* HV 11459,Mellinger Blue,1975AJ_____80__510H,exception
SV* HV 11459,SHASSA H,1975AJ_____80__510H,no survey
SV* HV 11459,SHASSA CC,1975AJ_____80__510H,no survey
SV* HV 11459,SHASSA C,1975AJ_____80__510H,no survey
SV* HV 11459,SHASSA Sm,1975AJ_____80__510H,no survey
[KS86] G0035-3719,DSS1 Blue,1986AJ_____91__761K,no survey
[KS86] G0035-3719,DSS1 Red,1986AJ_____91__761K,no survey
[B86]  25,Mellinger Red,1986AJ_____91__290B,exception
[B86]  25,Mellinger Green,1986AJ_____91__290B,exception
[B86]  25,Mellinger Blue,1986AJ_____91__290B,exception
[B86]  25,SHASSA H,1986AJ_____91__290B,no survey
[B86]  25,SHASSA CC,1986AJ_____91__290B,no survey
[B86]  25,SHASSA C,1986AJ_____91__290B,no survey
[B86]  25,SHASSA Sm,1986AJ_____91__290B,no survey
HD   1086,Mellinger Red,1971AJ_____76__338S,exception
HD   1086,Mellinger Green,1971AJ_____76__338S,exception
HD   1086,Mellinger Blue,1971AJ_____76__338S,exception
HD   1086,SHASSA H,1971AJ_____76__338S,no survey
HD   1086,SHASSA CC,1971AJ_____76__338S,no survey
HD   1086,SHASSA C,1971AJ_____76__338S,no survey
HD   1086,SHASSA Sm,1971AJ_____76__338S,no survey
NGC  2552,Mellinger Red,1993AJ____106_1797H,exception
NGC  2552,Mellinger Green,1993AJ____106_1797H,exception
NGC  2552,Mellinger Blue,1993AJ____106_1797H,exception
NGC  2552,SHASSA H,1993AJ____106_1797H,no survey
NGC  2552,SHASSA CC,1993AJ____106_1797H,no survey
NGC  2552,SHASSA C,1993AJ____106_1797H,no survey
NGC  2552,SHASSA Sm,1993AJ____106_1797H,no survey
HD 154218,Mellinger Red,1974AJ_____79____1P,exception
HD 154218,Mellinger Green,1974AJ_____79____1P,exception
HD 154218,Mellinger Blue,1974AJ_____79____1P,exception
HD 154218,SHASSA H,1974AJ_____79____1P,no survey
HD 154218,SHASSA CC,1974AJ_____79____1P,no survey
HD 154218,SHASSA C,1974AJ_____79____1P,no survey
HD 154218,SHASSA Sm,1974AJ_____79____1P,no survey
Cl* NGC 6637     HS  1-10,DSS,1968ApJ___153__715H,no survey
Cl* NGC 6637     HS  1-10,DSS1 Blue,1968ApJ___153__715H,no survey
Cl* NGC 6637     HS  1-10,DSS1 Red,1968ApJ___153__715H,no survey
Cl* NGC 6637     HS  1-10,DSS2 Red,1968ApJ___153__715H,no survey
Cl* NGC 6637     HS  1-10,DSS2 Blue,1968ApJ___153__715H,no survey
Cl* NGC 6637     HS  1-10,DSS2 IR,1968ApJ___153__715H,no survey
MODS deep 1845,GOODS: VLT VIMOS U,1997AJ____113__474H,no survey
MODS deep 1845,GOODS: VLT VIMOS R,1997AJ____113__474H,no survey
MODS deep 1845,Hawaii HDF HK,1997AJ____113__474H,no images
MODS deep 1845,GOODS: HST NICMOS,1997AJ____113__474H,no survey
MODS deep 1845,GOODS: VLT ISAAC J,1997AJ____113__474H,no survey
MODS deep 1845,GOODS: VLT ISAAC H,1997AJ____113__474H,no survey
MODS deep 1845,GOODS: VLT ISAAC Ks,1997AJ____113__474H,no survey
MODS deep 1845,HUDF: VLT ISAAC Ks,1997AJ____113__474H,no survey
MODS deep 1845,CDFS: LESS,1997AJ____113__474H,no survey
2MASX J15170926+3353250,Mellinger Red,1995AJ____109_2318C,exception
2MASX J15170926+3353250,Mellinger Green,1995AJ____109_2318C,exception
2MASX J15170926+3353250,Mellinger Blue,1995AJ____109_2318C,exception
2MASX J15170926+3353250,SHASSA H,1995AJ____109_2318C,no survey
2MASX J15170926+3353250,SHASSA CC,1995AJ____109_2318C,no survey
2MASX J15170926+3353250,SHASSA C,1995AJ____109_2318C,no survey
2MASX J15170926+3353250,SHASSA Sm,1995AJ____109_2318C,no survey
Ruiz 207-6,DSS1 Blue,1993AJ____106_2575R,no survey
Ruiz 207-6,DSS1 Red,1993AJ____106_2575R,no survey
HD 225206,Mellinger Red,1971AJ_____76__338S,exception
HD 225206,Mellinger Green,1971AJ_____76__338S,exception
HD 225206,Mellinger Blue,1971AJ_____76__338S,exception
HD 225206,SHASSA H,1971AJ_____76__338S,no survey
HD 225206,SHASSA CC,1971AJ_____76__338S,no survey
HD 225206,SHASSA C,1971AJ_____76__338S,no survey
HD 225206,SHASSA Sm,1971AJ_____76__338S,no survey
Ford M 31 191,Mellinger Red,1989ApJ___339___53C,exception
Ford M 31 191,Mellinger Green,1989ApJ___339___53C,exception
Ford M 31 191,Mellinger Blue,1989ApJ___339___53C,exception
Ford M 31 191,SHASSA H,1989ApJ___339___53C,no survey
Ford M 31 191,SHASSA CC,1989ApJ___339___53C,no survey
Ford M 31 191,SHASSA C,1989ApJ___339___53C,no survey
Ford M 31 191,SHASSA Sm,1989ApJ___339___53C,no survey
OGLE LMC-LPV-6839,DSS1 Blue,1996ApJS__104___71O,no survey
OGLE LMC-LPV-6839,DSS1 Red,1996ApJS__104___71O,no survey
* tet01 Ori D,Mellinger Red,1996AJ____111__846O,exception
* tet01 Ori D,Mellinger Green,1996AJ____111__846O,exception
* tet01 Ori D,Mellinger Blue,1996AJ____111__846O,exception
* tet01 Ori D,SHASSA H,1996AJ____111__846O,no survey
* tet01 Ori D,SHASSA CC,1996AJ____111__846O,no survey
* tet01 Ori D,SHASSA C,1996AJ____111__846O,no survey
* tet01 Ori D,SHASSA Sm,1996AJ____111__846O,no survey
CD-45 10108,Mellinger Red,1968ApJ___153L__87J,exception
CD-45 10108,Mellinger Green,1968ApJ___153L__87J,exception
CD-45 10108,Mellinger Blue,1968ApJ___153L__87J,exception
CD-45 10108,SHASSA H,1968ApJ___153L__87J,no survey
CD-45 10108,SHASSA CC,1968ApJ___153L__87J,no survey
CD-45 10108,SHASSA C,1968ApJ___153L__87J,no survey
CD-45 10108,SHASSA Sm,1968ApJ___153L__87J,no survey
[DOG93] 5,DSS,1993ApJ___404L__45D,no survey
[DOG93] 5,DSS1 Blue,1993ApJ___404L__45D,no survey
[DOG93] 5,DSS1 Red,1993ApJ___404L__45D,no survey
[DOG93] 5,DSS2 Red,1993ApJ___404L__45D,no survey
[DOG93] 5,DSS2 Blue,1993ApJ___404L__45D,no survey
[DOG93] 5,DSS2 IR,1993ApJ___404L__45D,no survey
Cl* NGC 2682    MMJ    6346,Mellinger Red,1993AJ____106__181M,exception
Cl* NGC 2682    MMJ    6346,Mellinger Green,1993AJ____106__181M,exception
Cl* NGC 2682    MMJ    6346,Mellinger Blue,1993AJ____106__181M,exception
Cl* NGC 2682    MMJ    6346,SHASSA H,1993AJ____106__181M,no survey
Cl* NGC 2682    MMJ    6346,SHASSA CC,1993AJ____106__181M,no survey
Cl* NGC 2682    MMJ    6346,SHASSA C,1993AJ____106__181M,no survey
Cl* NGC 2682    MMJ    6346,SHASSA Sm,1993AJ____106__181M,no survey
Cl* NGC 5904    ARP    3008,Mellinger Red,1993AJ____106_1524R,exception
Cl* NGC 5904    ARP    3008,Mellinger Green,1993AJ____106_1524R,exception
Cl* NGC 5904    ARP    3008,Mellinger Blue,1993AJ____106_1524R,exception
Cl* NGC 5904    ARP    3008,SHASSA H,1993AJ____106_1524R,no survey
Cl* NGC 5904    ARP    3008,SHASSA CC,1993AJ____106_1524R,no survey
Cl* NGC 5904    ARP    3008,SHASSA C,1993AJ____106_1524R,no survey
Cl* NGC 5904    ARP    3008,SHASSA Sm,1993AJ____106_1524R,no survey
NGC   129    85,Mellinger Red,1959ApJ___130___80A,exception
NGC   129    85,Mellinger Green,1959ApJ___130___80A,exception
NGC   129    85,Mellinger Blue,1959ApJ___130___80A,exception
NGC   129    85,SHASSA H,1959ApJ___130___80A,no survey
NGC   129    85,SHASSA CC,1959ApJ___130___80A,no survey
NGC   129    85,SHASSA C,1959ApJ___130___80A,no survey
NGC   129    85,SHASSA Sm,1959ApJ___130___80A,no survey
Cl* NGC 2808    SAW V6,Mellinger Red,1989AJ_____97__414C,exception
Cl* NGC 2808    SAW V6,Mellinger Green,1989AJ_____97__414C,exception
Cl* NGC 2808    SAW V6,Mellinger Blue,1989AJ_____97__414C,exception
Cl* NGC 2808    SAW V6,SHASSA H,1989AJ_____97__414C,no survey
Cl* NGC 2808    SAW V6,SHASSA CC,1989AJ_____97__414C,no survey
Cl* NGC 2808    SAW V6,SHASSA C,1989AJ_____97__414C,no survey
Cl* NGC 2808    SAW V6,SHASSA Sm,1989AJ_____97__414C,no survey
VSST 12,DSS1 Blue,1976AJ_____81__317V,no survey
VSST 12,DSS1 Red,1976AJ_____81__317V,no survey
IRAS 03385+5927,Mellinger Red,1997AJ____113_1315J,exception
IRAS 03385+5927,Mellinger Green,1997AJ____113_1315J,exception
IRAS 03385+5927,Mellinger Blue,1997AJ____113_1315J,exception
IRAS 03385+5927,SHASSA H,1997AJ____113_1315J,no survey
IRAS 03385+5927,SHASSA CC,1997AJ____113_1315J,no survey
IRAS 03385+5927,SHASSA C,1997AJ____113_1315J,no survey
IRAS 03385+5927,SHASSA Sm,1997AJ____113_1315J,no survey
NGC  1084,IRAS  12 micron,1967ApJ___150____1D,no images
NGC  1084,IRAS  25 micron,1967ApJ___150____1D,no images
NGC  1084,IRAS  60 micron,1967ApJ___150____1D,no images
NGC  1084,IRAS 100 micron,1967ApJ___150____1D,no survey
LIN 300,DSS1 Blue,1961AJ_____66__169L,no survey
LIN 300,DSS1 Red,1961AJ_____66__169L,no survey
HD 308148,Mellinger Red,1993ApJS___85__119T,exception
HD 308148,Mellinger Green,1993ApJS___85__119T,exception
HD 308148,Mellinger Blue,1993ApJS___85__119T,exception
HD 308148,SHASSA H,1993ApJS___85__119T,no survey
HD 308148,SHASSA CC,1993ApJS___85__119T,no survey
HD 308148,SHASSA C,1993ApJS___85__119T,no survey
HD 308148,SHASSA Sm,1993ApJS___85__119T,no survey
EUVE J1058+19.0,DSS2 IR,1994ApJS___93__569B,no survey
NGC  2071,Mellinger Red,1990ApJ___354__232G,exception
NGC  2071,Mellinger Green,1990ApJ___354__232G,exception
NGC  2071,Mellinger Blue,1990ApJ___354__232G,exception
NGC  2071,SHASSA H,1990ApJ___354__232G,no survey
NGC  2071,SHASSA CC,1990ApJ___354__232G,no survey
NGC  2071,SHASSA C,1990ApJ___354__232G,no survey
NGC  2071,SHASSA Sm,1990ApJ___354__232G,no survey
OGLE Scl 1457,DSS1 Blue,1995AJ____110_2747S,no survey
OGLE Scl 1457,DSS1 Red,1995AJ____110_2747S,no survey
LHA 115-N  67,DSS1 Blue,1977ApJ___211___68D,no survey
LHA 115-N  67,DSS1 Red,1977ApJ___211___68D,no survey
M  31,WISE 4.6,1996ApJ___468__175K,no survey
M  31,WISE 12,1996ApJ___468__175K,no survey
M  31,WISE 22,1996ApJ___468__175K,no survey
Cl* Melotte   25     VA     646,Mellinger Red,1969AJ_____74____2V,exception
Cl* Melotte   25     VA     646,Mellinger Green,1969AJ_____74____2V,exception
Cl* Melotte   25     VA     646,Mellinger Blue,1969AJ_____74____2V,exception
Cl* Melotte   25     VA     646,SHASSA H,1969AJ_____74____2V,no survey
Cl* Melotte   25     VA     646,SHASSA CC,1969AJ_____74____2V,no survey
Cl* Melotte   25     VA     646,SHASSA C,1969AJ_____74____2V,no survey
Cl* Melotte   25     VA     646,SHASSA Sm,1969AJ_____74____2V,no survey
QSO B0414+009,Mellinger Red,1984ApJS___56__507W,exception
QSO B0414+009,Mellinger Green,1984ApJS___56__507W,exception
QSO B0414+009,Mellinger Blue,1984ApJS___56__507W,exception
QSO B0414+009,SHASSA H,1984ApJS___56__507W,no survey
QSO B0414+009,SHASSA CC,1984ApJS___56__507W,no survey
QSO B0414+009,SHASSA C,1984ApJS___56__507W,no survey
QSO B0414+009,SHASSA Sm,1984ApJS___56__507W,no survey
2MASS J06074869-0619193,Mellinger Red,1997AJ____114__198C,exception
2MASS J06074869-0619193,Mellinger Green,1997AJ____114__198C,exception
2MASS J06074869-0619193,Mellinger Blue,1997AJ____114__198C,exception
2MASS J06074869-0619193,SHASSA H,1997AJ____114__198C,no survey
2MASS J06074869-0619193,SHASSA CC,1997AJ____114__198C,no survey
2MASS J06074869-0619193,SHASSA C,1997AJ____114__198C,no survey
2MASS J06074869-0619193,SHASSA Sm,1997AJ____114__198C,no survey
DEM S  80,Mellinger Red,1997AJ____113_1011C,exception
DEM S  80,Mellinger Green,1997AJ____113_1011C,exception
DEM S  80,Mellinger Blue,1997AJ____113_1011C,exception
DEM S  80,SHASSA H,1997AJ____113_1011C,no survey
DEM S  80,SHASSA CC,1997AJ____113_1011C,no survey
DEM S  80,SHASSA C,1997AJ____113_1011C,no survey
DEM S  80,SHASSA Sm,1997AJ____113_1011C,no survey
[SWM2014] GOODS-N 18256,Mellinger Red,1996AJ____112_1335W,exception
[SWM2014] GOODS-N 18256,Mellinger Green,1996AJ____112_1335W,exception
[SWM2014] GOODS-N 18256,Mellinger Blue,1996AJ____112_1335W,exception
[SWM2014] GOODS-N 18256,SHASSA H,1996AJ____112_1335W,no survey
[SWM2014] GOODS-N 18256,SHASSA CC,1996AJ____112_1335W,no survey
[SWM2014] GOODS-N 18256,SHASSA C,1996AJ____112_1335W,no survey
[SWM2014] GOODS-N 18256,SHASSA Sm,1996AJ____112_1335W,no survey
[DGI91] 364,DSS,1991AJ____101__911D,no survey
[DGI91] 364,DSS1 Blue,1991AJ____101__911D,no survey
[DGI91] 364,DSS1 Red,1991AJ____101__911D,no survey
[DGI91] 364,DSS2 Red,1991AJ____101__911D,no survey
[DGI91] 364,DSS2 Blue,1991AJ____101__911D,no survey
[DGI91] 364,DSS2 IR,1991AJ____101__911D,no survey
[TP95] Tol 1238-364  14,DSS1 Blue,1995ApJS__101__287T,no survey
[TP95] Tol 1238-364  14,DSS1 Red,1995ApJS__101__287T,no survey
PG 1429+406,Mellinger Red,1986ApJS___61__305G,exception
PG 1429+406,Mellinger Green,1986ApJS___61__305G,exception
PG 1429+406,Mellinger Blue,1986ApJS___61__305G,exception
PG 1429+406,SHASSA H,1986ApJS___61__305G,no survey
PG 1429+406,SHASSA CC,1986ApJS___61__305G,no survey
PG 1429+406,SHASSA C,1986ApJS___61__305G,no survey
PG 1429+406,SHASSA Sm,1986ApJS___61__305G,no survey
[EKS96] NGC 4639   9,Mellinger Red,1996ApJS__105___93E,exception
[EKS96] NGC 4639   9,Mellinger Green,1996ApJS__105___93E,exception
[EKS96] NGC 4639   9,Mellinger Blue,1996ApJS__105___93E,exception
[EKS96] NGC 4639   9,SHASSA H,1996ApJS__105___93E,no survey
[EKS96] NGC 4639   9,SHASSA CC,1996ApJS__105___93E,no survey
[EKS96] NGC 4639   9,SHASSA C,1996ApJS__105___93E,no survey
[EKS96] NGC 4639   9,SHASSA Sm,1996ApJS__105___93E,no survey
HD 164359,Mellinger Red,1995ApJS___96__605S,exception
HD 164359,Mellinger Green,1995ApJS___96__605S,exception
HD 164359,Mellinger Blue,1995ApJS___96__605S,exception
HD 164359,SHASSA H,1995ApJS___96__605S,no survey
HD 164359,SHASSA CC,1995ApJS___96__605S,no survey
HD 164359,SHASSA C,1995ApJS___96__605S,no survey
HD 164359,SHASSA Sm,1995ApJS___96__605S,no survey
LMC-BM  42-28,DSS1 Blue,1990AJ____100__674B,no survey
LMC-BM  42-28,DSS1 Red,1990AJ____100__674B,no survey
* q Pup,Mellinger Red,1975ApJS___29__137S,exception
* q Pup,Mellinger Green,1975ApJS___29__137S,exception
* q Pup,Mellinger Blue,1975ApJS___29__137S,exception
* q Pup,SHASSA H,1975ApJS___29__137S,no survey
* q Pup,SHASSA CC,1975ApJS___29__137S,no survey
* q Pup,SHASSA C,1975ApJS___29__137S,no survey
* q Pup,SHASSA Sm,1975ApJS___29__137S,no survey
Cl* Trumpler   14      Y     460,Mellinger Red,1993AJ____105_1822C,exception
Cl* Trumpler   14      Y     460,Mellinger Green,1993AJ____105_1822C,exception
Cl* Trumpler   14      Y     460,Mellinger Blue,1993AJ____105_1822C,exception
Cl* Trumpler   14      Y     460,SHASSA H,1993AJ____105_1822C,no survey
Cl* Trumpler   14      Y     460,SHASSA CC,1993AJ____105_1822C,no survey
Cl* Trumpler   14      Y     460,SHASSA C,1993AJ____105_1822C,no survey
Cl* Trumpler   14      Y     460,SHASSA Sm,1993AJ____105_1822C,no survey
SK   73,DSS1 Blue,1997AJ____113_1011C,no survey
SK   73,DSS1 Red,1997AJ____113_1011C,no survey
2MASS J06464454+0117277,Mellinger Red,1997AJ____113_1788H,exception
2MASS J06464454+0117277,Mellinger Green,1997AJ____113_1788H,exception
2MASS J06464454+0117277,Mellinger Blue,1997AJ____113_1788H,exception
2MASS J06464454+0117277,SHASSA H,1997AJ____113_1788H,no survey
2MASS J06464454+0117277,SHASSA CC,1997AJ____113_1788H,no survey
2MASS J06464454+0117277,SHASSA C,1997AJ____113_1788H,no survey
2MASS J06464454+0117277,SHASSA Sm,1997AJ____113_1788H,no survey
US 1990,Mellinger Red,1982ApJS___49___27U,exception
US 1990,Mellinger Green,1982ApJS___49___27U,exception
US 1990,Mellinger Blue,1982ApJS___49___27U,exception
US 1990,SHASSA H,1982ApJS___49___27U,no survey
US 1990,SHASSA CC,1982ApJS___49___27U,no survey
US 1990,SHASSA C,1982ApJS___49___27U,no survey
US 1990,SHASSA Sm,1982ApJS___49___27U,no survey
QSO B1136+122,Mellinger Red,1992ApJ___394___51M,exception
QSO B1136+122,Mellinger Green,1992ApJ___394___51M,exception
QSO B1136+122,Mellinger Blue,1992ApJ___394___51M,exception
QSO B1136+122,SHASSA H,1992ApJ___394___51M,no survey
QSO B1136+122,SHASSA CC,1992ApJ___394___51M,no survey
QSO B1136+122,SHASSA C,1992ApJ___394___51M,no survey
QSO B1136+122,SHASSA Sm,1992ApJ___394___51M,no survey
GPSR 100.166+0.525,DSS,1990ApJS___74__181Z,no survey
GPSR 100.166+0.525,DSS1 Blue,1990ApJS___74__181Z,no survey
GPSR 100.166+0.525,DSS1 Red,1990ApJS___74__181Z,no survey
GPSR 100.166+0.525,DSS2 Red,1990ApJS___74__181Z,no survey
GPSR 100.166+0.525,DSS2 Blue,1990ApJS___74__181Z,no survey
GPSR 100.166+0.525,DSS2 IR,1990ApJS___74__181Z,no survey
[OGC93]   792,DSS,1993AJ____105_1762O,no survey
[OGC93]   792,DSS1 Blue,1993AJ____105_1762O,no survey
[OGC93]   792,DSS1 Red,1993AJ____105_1762O,no survey
[OGC93]   792,DSS2 Red,1993AJ____105_1762O,no survey
[OGC93]   792,DSS2 Blue,1993AJ____105_1762O,no survey
[OGC93]   792,DSS2 IR,1993AJ____105_1762O,no survey
EGGR 176,Mellinger Red,1967ApJ___150__927E,exception
EGGR 176,Mellinger Green,1967ApJ___150__927E,exception
EGGR 176,Mellinger Blue,1967ApJ___150__927E,exception
EGGR 176,SHASSA H,1967ApJ___150__927E,no survey
EGGR 176,SHASSA CC,1967ApJ___150__927E,no survey
EGGR 176,SHASSA C,1967ApJ___150__927E,no survey
EGGR 176,SHASSA Sm,1967ApJ___150__927E,no survey
V* V5562 Sgr,Mellinger Red,1995ApJS___96__605S,exception
V* V5562 Sgr,Mellinger Green,1995ApJS___96__605S,exception
V* V5562 Sgr,Mellinger Blue,1995ApJS___96__605S,exception
V* V5562 Sgr,SHASSA H,1995ApJS___96__605S,no survey
V* V5562 Sgr,SHASSA CC,1995ApJS___96__605S,no survey
V* V5562 Sgr,SHASSA C,1995ApJS___96__605S,no survey
V* V5562 Sgr,SHASSA Sm,1995ApJS___96__605S,no survey
ESO 348-8,Mellinger Red,1995ApJS___96___39B,exception
ESO 348-8,Mellinger Green,1995ApJS___96___39B,exception
ESO 348-8,Mellinger Blue,1995ApJS___96___39B,exception
ESO 348-8,SHASSA H,1995ApJS___96___39B,no survey
ESO 348-8,SHASSA CC,1995ApJS___96___39B,no survey
ESO 348-8,SHASSA C,1995ApJS___96___39B,no survey
ESO 348-8,SHASSA Sm,1995ApJS___96___39B,no survey
HD  45866,Mellinger Red,1912ApJ____36__169P,exception
HD  45866,Mellinger Green,1912ApJ____36__169P,exception
HD  45866,Mellinger Blue,1912ApJ____36__169P,exception
HD  45866,SHASSA H,1912ApJ____36__169P,no survey
HD  45866,SHASSA CC,1912ApJ____36__169P,no survey
HD  45866,SHASSA C,1912ApJ____36__169P,no survey
HD  45866,SHASSA Sm,1912ApJ____36__169P,no survey
US 1348,Mellinger Red,1982ApJS___49___27U,exception
US 1348,Mellinger Green,1982ApJS___49___27U,exception
US 1348,Mellinger Blue,1982ApJS___49___27U,exception
US 1348,SHASSA H,1982ApJS___49___27U,no survey
US 1348,SHASSA CC,1982ApJS___49___27U,no survey
US 1348,SHASSA C,1982ApJS___49___27U,no survey
US 1348,SHASSA Sm,1982ApJS___49___27U,no survey
3C 273,Mellinger Red,1994ApJS___90__909S,exception
3C 273,Mellinger Green,1994ApJS___90__909S,exception
3C 273,Mellinger Blue,1994ApJS___90__909S,exception
3C 273,SHASSA H,1994ApJS___90__909S,no survey
3C 273,SHASSA CC,1994ApJS___90__909S,no survey
3C 273,SHASSA C,1994ApJS___90__909S,no survey
3C 273,SHASSA Sm,1994ApJS___90__909S,no survey
2MASX J02570210+0613352,Mellinger Red,1992ApJ___400__410B,exception
2MASX J02570210+0613352,Mellinger Green,1992ApJ___400__410B,exception
2MASX J02570210+0613352,Mellinger Blue,1992ApJ___400__410B,exception
2MASX J02570210+0613352,SHASSA H,1992ApJ___400__410B,no survey
2MASX J02570210+0613352,SHASSA CC,1992ApJ___400__410B,no survey
2MASX J02570210+0613352,SHASSA C,1992ApJ___400__410B,no survey
2MASX J02570210+0613352,SHASSA Sm,1992ApJ___400__410B,no survey
HD 259597,Mellinger Red,1993ApJ___408__484S,exception
HD 259597,Mellinger Green,1993ApJ___408__484S,exception
HD 259597,Mellinger Blue,1993ApJ___408__484S,exception
HD 259597,SHASSA H,1993ApJ___408__484S,no survey
HD 259597,SHASSA CC,1993ApJ___408__484S,no survey
HD 259597,SHASSA C,1993ApJ___408__484S,no survey
HD 259597,SHASSA Sm,1993ApJ___408__484S,no survey
Bol 174,Mellinger Red,1977AJ_____82__947S,exception
Bol 174,Mellinger Green,1977AJ_____82__947S,exception
Bol 174,Mellinger Blue,1977AJ_____82__947S,exception
Bol 174,SHASSA H,1977AJ_____82__947S,no survey
Bol 174,SHASSA CC,1977AJ_____82__947S,no survey
Bol 174,SHASSA C,1977AJ_____82__947S,no survey
Bol 174,SHASSA Sm,1977AJ_____82__947S,no survey
2MASX J11035805+4103579,Mellinger Red,1995ApJS___98___41P,exception
2MASX J11035805+4103579,Mellinger Green,1995ApJS___98___41P,exception
2MASX J11035805+4103579,Mellinger Blue,1995ApJS___98___41P,exception
2MASX J11035805+4103579,SHASSA H,1995ApJS___98___41P,no survey
2MASX J11035805+4103579,SHASSA CC,1995ApJS___98___41P,no survey
2MASX J11035805+4103579,SHASSA C,1995ApJS___98___41P,no survey
2MASX J11035805+4103579,SHASSA Sm,1995ApJS___98___41P,no survey
NAME Sgr A Region,DSS2 Blue,1993ApJ___411L__21H,no survey
*  14 Aur,Mellinger Red,1972AJ_____77___35M,exception
*  14 Aur,Mellinger Green,1972AJ_____77___35M,exception
*  14 Aur,Mellinger Blue,1972AJ_____77___35M,exception
*  14 Aur,SHASSA H,1972AJ_____77___35M,no survey
*  14 Aur,SHASSA CC,1972AJ_____77___35M,no survey
*  14 Aur,SHASSA C,1972AJ_____77___35M,no survey
*  14 Aur,SHASSA Sm,1972AJ_____77___35M,no survey
HD 118660,Mellinger Red,1970ApJS___19__281B,exception
HD 118660,Mellinger Green,1970ApJS___19__281B,exception
HD 118660,Mellinger Blue,1970ApJS___19__281B,exception
HD 118660,SHASSA H,1970ApJS___19__281B,no survey
HD 118660,SHASSA CC,1970ApJS___19__281B,no survey
HD 118660,SHASSA C,1970ApJS___19__281B,no survey
HD 118660,SHASSA Sm,1970ApJS___19__281B,no survey
QSO B0132-4055,Mellinger Red,1980ApJS___42__333O,exception
QSO B0132-4055,Mellinger Green,1980ApJS___42__333O,exception
QSO B0132-4055,Mellinger Blue,1980ApJS___42__333O,exception
QSO B0132-4055,SHASSA H,1980ApJS___42__333O,no survey
QSO B0132-4055,SHASSA CC,1980ApJS___42__333O,no survey
QSO B0132-4055,SHASSA C,1980ApJS___42__333O,no survey
QSO B0132-4055,SHASSA Sm,1980ApJS___42__333O,no survey
HD 168791,Mellinger Red,1983ApJS___52__169L,exception
HD 168791,Mellinger Green,1983ApJS___52__169L,exception
HD 168791,Mellinger Blue,1983ApJS___52__169L,exception
HD 168791,SHASSA H,1983ApJS___52__169L,no survey
HD 168791,SHASSA CC,1983ApJS___52__169L,no survey
HD 168791,SHASSA C,1983ApJS___52__169L,no survey
HD 168791,SHASSA Sm,1983ApJS___52__169L,no survey
[MTG95] C-770,DSS,1995AJ____109__173M,no survey
[MTG95] C-770,DSS1 Blue,1995AJ____109__173M,no survey
[MTG95] C-770,DSS1 Red,1995AJ____109__173M,no survey
[MTG95] C-770,DSS2 Red,1995AJ____109__173M,no survey
[MTG95] C-770,DSS2 Blue,1995AJ____109__173M,no survey
[MTG95] C-770,DSS2 IR,1995AJ____109__173M,no survey
HD 206267,Mellinger Red,1954ApJ___119__334S,exception
HD 206267,Mellinger Green,1954ApJ___119__334S,exception
HD 206267,Mellinger Blue,1954ApJ___119__334S,exception
HD 206267,SHASSA H,1954ApJ___119__334S,no survey
HD 206267,SHASSA CC,1954ApJ___119__334S,no survey
HD 206267,SHASSA C,1954ApJ___119__334S,no survey
HD 206267,SHASSA Sm,1954ApJ___119__334S,no survey
3C 273,Mellinger Red,1996ApJS__106__341M,exception
3C 273,Mellinger Green,1996ApJS__106__341M,exception
3C 273,Mellinger Blue,1996ApJS__106__341M,exception
3C 273,SHASSA H,1996ApJS__106__341M,no survey
3C 273,SHASSA CC,1996ApJS__106__341M,no survey
3C 273,SHASSA C,1996ApJS__106__341M,no survey
3C 273,SHASSA Sm,1996ApJS__106__341M,no survey
SDSS J164031.86+373437.3,Mellinger Red,1988AJ_____96__816C,exception
SDSS J164031.86+373437.3,Mellinger Green,1988AJ_____96__816C,exception
SDSS J164031.86+373437.3,Mellinger Blue,1988AJ_____96__816C,exception
SDSS J164031.86+373437.3,SHASSA H,1988AJ_____96__816C,no survey
SDSS J164031.86+373437.3,SHASSA CC,1988AJ_____96__816C,no survey
SDSS J164031.86+373437.3,SHASSA C,1988AJ_____96__816C,no survey
SDSS J164031.86+373437.3,SHASSA Sm,1988AJ_____96__816C,no survey
ESO 462-1,Mellinger Red,1995ApJS___96___39B,exception
ESO 462-1,Mellinger Green,1995ApJS___96___39B,exception
ESO 462-1,Mellinger Blue,1995ApJS___96___39B,exception
ESO 462-1,SHASSA H,1995ApJS___96___39B,no survey
ESO 462-1,SHASSA CC,1995ApJS___96___39B,no survey
ESO 462-1,SHASSA C,1995ApJS___96___39B,no survey
ESO 462-1,SHASSA Sm,1995ApJS___96___39B,no survey
4C 53.16,Mellinger Red,1979AJ_____84_1478B,exception
4C 53.16,Mellinger Green,1979AJ_____84_1478B,exception
4C 53.16,Mellinger Blue,1979AJ_____84_1478B,exception
4C 53.16,SHASSA H,1979AJ_____84_1478B,no survey
4C 53.16,SHASSA CC,1979AJ_____84_1478B,no survey
4C 53.16,SHASSA C,1979AJ_____84_1478B,no survey
4C 53.16,SHASSA Sm,1979AJ_____84_1478B,no survey
2MASS J05404470-0738048,Mellinger Red,1988AJ_____96__680V,exception
2MASS J05404470-0738048,Mellinger Green,1988AJ_____96__680V,exception
2MASS J05404470-0738048,Mellinger Blue,1988AJ_____96__680V,exception
2MASS J05404470-0738048,SHASSA H,1988AJ_____96__680V,no survey
2MASS J05404470-0738048,SHASSA CC,1988AJ_____96__680V,no survey
2MASS J05404470-0738048,SHASSA C,1988AJ_____96__680V,no survey
2MASS J05404470-0738048,SHASSA Sm,1988AJ_____96__680V,no survey
NGC  7099   100,SHASSA H,1989ApJS___71__713S,no survey
NGC  7099   100,SHASSA CC,1989ApJS___71__713S,no survey
NGC  7099   100,SHASSA C,1989ApJS___71__713S,no survey
NGC  7099   100,SHASSA Sm,1989ApJS___71__713S,no survey
Cl* NGC 7419    BMD     948,DSS,1994ApJS___93__187B,no survey
Cl* NGC 7419    BMD     948,DSS1 Blue,1994ApJS___93__187B,no survey
Cl* NGC 7419    BMD     948,DSS1 Red,1994ApJS___93__187B,no survey
Cl* NGC 7419    BMD     948,DSS2 Red,1994ApJS___93__187B,no survey
Cl* NGC 7419    BMD     948,DSS2 Blue,1994ApJS___93__187B,no survey
Cl* NGC 7419    BMD     948,DSS2 IR,1994ApJS___93__187B,no survey
NGC   897,SHASSA H,1995ApJS___96___39B,no survey
NGC   897,SHASSA CC,1995ApJS___96___39B,no survey
NGC   897,SHASSA C,1995ApJS___96___39B,no survey
NGC   897,SHASSA Sm,1995ApJS___96___39B,no survey
HD  89108,Mellinger Red,1912ApJ____36__169P,exception
HD  89108,Mellinger Green,1912ApJ____36__169P,exception
HD  89108,Mellinger Blue,1912ApJ____36__169P,exception
HD  89108,SHASSA H,1912ApJ____36__169P,no survey
HD  89108,SHASSA CC,1912ApJ____36__169P,no survey
HD  89108,SHASSA C,1912ApJ____36__169P,no survey
HD  89108,SHASSA Sm,1912ApJ____36__169P,no survey
Cl* NGC 5466     BS      24,DSS,1987ApJ___316__172N,no survey
Cl* NGC 5466     BS      24,DSS1 Blue,1987ApJ___316__172N,no survey
Cl* NGC 5466     BS      24,DSS1 Red,1987ApJ___316__172N,no survey
Cl* NGC 5466     BS      24,DSS2 Red,1987ApJ___316__172N,no survey
Cl* NGC 5466     BS      24,DSS2 Blue,1987ApJ___316__172N,no survey
Cl* NGC 5466     BS      24,DSS2 IR,1987ApJ___316__172N,no survey
NGC  6118,Mellinger Red,1996ApJS__107____1A,exception
NGC  6118,Mellinger Green,1996ApJS__107____1A,exception
NGC  6118,Mellinger Blue,1996ApJS__107____1A,exception
NGC  6118,SHASSA H,1996ApJS__107____1A,no survey
NGC  6118,SHASSA CC,1996ApJS__107____1A,no survey
NGC  6118,SHASSA C,1996ApJS__107____1A,no survey
NGC  6118,SHASSA Sm,1996ApJS__107____1A,no survey
IC 4553,SUMSS 843 MHz,1987ApJ___315__480J,no survey
IC 4553,WENSS,1987ApJ___315__480J,no survey
2MASS J05351945-0516083,IRAS  12 micron,1995AJ____109__709A,no images
2MASS J05351945-0516083,IRAS  25 micron,1995AJ____109__709A,no images
2MASS J05351945-0516083,IRAS  60 micron,1995AJ____109__709A,no images
2MASS J05351945-0516083,IRAS 100 micron,1995AJ____109__709A,no survey
NAME PKS 1400+162 Group,DSS,1983ApJ___271__471W,no survey
NAME PKS 1400+162 Group,DSS1 Blue,1983ApJ___271__471W,no survey
NAME PKS 1400+162 Group,DSS1 Red,1983ApJ___271__471W,no survey
NAME PKS 1400+162 Group,DSS2 Red,1983ApJ___271__471W,no survey
NAME PKS 1400+162 Group,DSS2 Blue,1983ApJ___271__471W,no survey
NAME PKS 1400+162 Group,DSS2 IR,1983ApJ___271__471W,no survey
M  87,CO,1993AJ____106_1371C,no survey
M  87,VLA FIRST (1.4 GHz),1993AJ____106_1371C,exception
M  87,Stripe82VLA,1993AJ____106_1371C,no survey
HD  62910,Mellinger Red,1966ApJ___143__770H,exception
HD  62910,Mellinger Green,1966ApJ___143__770H,exception
HD  62910,Mellinger Blue,1966ApJ___143__770H,exception
HD  62910,SHASSA H,1966ApJ___143__770H,no survey
HD  62910,SHASSA CC,1966ApJ___143__770H,no survey
HD  62910,SHASSA C,1966ApJ___143__770H,no survey
HD  62910,SHASSA Sm,1966ApJ___143__770H,no survey
Mrk 1506,Mellinger Red,1995ApJ___441__582B,exception
Mrk 1506,Mellinger Green,1995ApJ___441__582B,exception
Mrk 1506,Mellinger Blue,1995ApJ___441__582B,exception
Mrk 1506,SHASSA H,1995ApJ___441__582B,no survey
Mrk 1506,SHASSA CC,1995ApJ___441__582B,no survey
Mrk 1506,SHASSA C,1995ApJ___441__582B,no survey
Mrk 1506,SHASSA Sm,1995ApJ___441__582B,no survey
GPSR 085.383-0.428,DSS,1990ApJS___74__181Z,no survey
GPSR 085.383-0.428,DSS1 Blue,1990ApJS___74__181Z,no survey
GPSR 085.383-0.428,DSS1 Red,1990ApJS___74__181Z,no survey
GPSR 085.383-0.428,DSS2 Red,1990ApJS___74__181Z,no survey
GPSR 085.383-0.428,DSS2 Blue,1990ApJS___74__181Z,no survey
GPSR 085.383-0.428,DSS2 IR,1990ApJS___74__181Z,no survey
NGC  2439   106,Mellinger Red,1975ApJ___197___67W,exception
NGC  2439   106,Mellinger Green,1975ApJ___197___67W,exception
NGC  2439   106,Mellinger Blue,1975ApJ___197___67W,exception
NGC  2439   106,SHASSA H,1975ApJ___197___67W,no survey
NGC  2439   106,SHASSA CC,1975ApJ___197___67W,no survey
NGC  2439   106,SHASSA C,1975ApJ___197___67W,no survey
NGC  2439   106,SHASSA Sm,1975ApJ___197___67W,no survey
Cl* IC 4651    MEI   11810,DSS1 Blue,1987AJ_____94_1222A,no survey
Cl* IC 4651    MEI   11810,DSS1 Red,1987AJ_____94_1222A,no survey
Cl* IC 4651    MEI   11810,DSS2 Blue,1987AJ_____94_1222A,no survey
[VV2006] J163435.7+392544,Mellinger Red,1988AJ_____96__816C,exception
[VV2006] J163435.7+392544,Mellinger Green,1988AJ_____96__816C,exception
[VV2006] J163435.7+392544,Mellinger Blue,1988AJ_____96__816C,exception
[VV2006] J163435.7+392544,SHASSA H,1988AJ_____96__816C,no survey
[VV2006] J163435.7+392544,SHASSA CC,1988AJ_____96__816C,no survey
[VV2006] J163435.7+392544,SHASSA C,1988AJ_____96__816C,no survey
[VV2006] J163435.7+392544,SHASSA Sm,1988AJ_____96__816C,no survey
UGC  4610,IRAS  12 micron,1993AJ____106_1771K,no images
UGC  4610,IRAS  25 micron,1993AJ____106_1771K,no images
UGC  4610,IRAS  60 micron,1993AJ____106_1771K,no images
UGC  4610,IRAS 100 micron,1993AJ____106_1771K,no survey
HD  44173,Mellinger Red,1993ApJ___408__484S,exception
HD  44173,Mellinger Green,1993ApJ___408__484S,exception
HD  44173,Mellinger Blue,1993ApJ___408__484S,exception
HD  44173,SHASSA H,1993ApJ___408__484S,no survey
HD  44173,SHASSA CC,1993ApJ___408__484S,no survey
HD  44173,SHASSA C,1993ApJ___408__484S,no survey
HD  44173,SHASSA Sm,1993ApJ___408__484S,no survey
IC 1605,Mellinger Red,1995ApJS___96___39B,exception
IC 1605,Mellinger Green,1995ApJS___96___39B,exception
IC 1605,Mellinger Blue,1995ApJS___96___39B,exception
IC 1605,SHASSA H,1995ApJS___96___39B,no survey
IC 1605,SHASSA CC,1995ApJS___96___39B,no survey
IC 1605,SHASSA C,1995ApJS___96___39B,no survey
IC 1605,SHASSA Sm,1995ApJS___96___39B,no survey
MCG-06-08-024,DSS1 Blue,1989AJ_____98__367F,no survey
MCG-06-08-024,DSS1 Red,1989AJ_____98__367F,no survey
CSO  476,Mellinger Red,1989ApJS___70__163P,exception
CSO  476,Mellinger Green,1989ApJS___70__163P,exception
CSO  476,Mellinger Blue,1989ApJS___70__163P,exception
CSO  476,SHASSA H,1989ApJS___70__163P,no survey
CSO  476,SHASSA CC,1989ApJS___70__163P,no survey
CSO  476,SHASSA C,1989ApJS___70__163P,no survey
CSO  476,SHASSA Sm,1989ApJS___70__163P,no survey
Cl* NGC 1851   STET     388,DSS,1981AJ_____86__687S,no survey
Cl* NGC 1851   STET     388,DSS1 Blue,1981AJ_____86__687S,no survey
Cl* NGC 1851   STET     388,DSS1 Red,1981AJ_____86__687S,no survey
Cl* NGC 1851   STET     388,DSS2 Red,1981AJ_____86__687S,no survey
Cl* NGC 1851   STET     388,DSS2 Blue,1981AJ_____86__687S,no survey
Cl* NGC 1851   STET     388,DSS2 IR,1981AJ_____86__687S,no survey
[EKS96] NGC 6300 180,Mellinger Red,1996ApJS__105___93E,exception
[EKS96] NGC 6300 180,Mellinger Green,1996ApJS__105___93E,exception
[EKS96] NGC 6300 180,Mellinger Blue,1996ApJS__105___93E,exception
[EKS96] NGC 6300 180,SHASSA H,1996ApJS__105___93E,no survey
[EKS96] NGC 6300 180,SHASSA CC,1996ApJS__105___93E,no survey
[EKS96] NGC 6300 180,SHASSA C,1996ApJS__105___93E,no survey
[EKS96] NGC 6300 180,SHASSA Sm,1996ApJS__105___93E,no survey
US 1844,Mellinger Red,1982ApJS___49___27U,exception
US 1844,Mellinger Green,1982ApJS___49___27U,exception
US 1844,Mellinger Blue,1982ApJS___49___27U,exception
US 1844,SHASSA H,1982ApJS___49___27U,no survey
US 1844,SHASSA CC,1982ApJS___49___27U,no survey
US 1844,SHASSA C,1982ApJS___49___27U,no survey
US 1844,SHASSA Sm,1982ApJS___49___27U,no survey
US  410,Mellinger Red,1981ApJS___46__117U,exception
US  410,Mellinger Green,1981ApJS___46__117U,exception
US  410,Mellinger Blue,1981ApJS___46__117U,exception
US  410,SHASSA H,1981ApJS___46__117U,no survey
US  410,SHASSA CC,1981ApJS___46__117U,no survey
US  410,SHASSA C,1981ApJS___46__117U,no survey
US  410,SHASSA Sm,1981ApJS___46__117U,no survey
PMN J2040+0023,SUMSS 843 MHz,1995ApJS___97__347G,no survey
PMN J2040+0023,WENSS,1995ApJS___97__347G,no survey
PMN J0941+0908,SUMSS 843 MHz,1995ApJS___97__347G,no survey
PMN J0941+0908,WENSS,1995ApJS___97__347G,no survey
NGC   129   149,Mellinger Red,1959ApJ___130___80A,exception
NGC   129   149,Mellinger Green,1959ApJ___130___80A,exception
NGC   129   149,Mellinger Blue,1959ApJ___130___80A,exception
NGC   129   149,SHASSA H,1959ApJ___130___80A,no survey
NGC   129   149,SHASSA CC,1959ApJ___130___80A,no survey
NGC   129   149,SHASSA C,1959ApJ___130___80A,no survey
NGC   129   149,SHASSA Sm,1959ApJ___130___80A,no survey
[HCS2000] NIC J141726.75+522449.0,Mellinger Red,1996ApJ___465L__15V,exception
[HCS2000] NIC J141726.75+522449.0,Mellinger Green,1996ApJ___465L__15V,exception
[HCS2000] NIC J141726.75+522449.0,Mellinger Blue,1996ApJ___465L__15V,exception
[HCS2000] NIC J141726.75+522449.0,SHASSA H,1996ApJ___465L__15V,no survey
[HCS2000] NIC J141726.75+522449.0,SHASSA CC,1996ApJ___465L__15V,no survey
[HCS2000] NIC J141726.75+522449.0,SHASSA C,1996ApJ___465L__15V,no survey
[HCS2000] NIC J141726.75+522449.0,SHASSA Sm,1996ApJ___465L__15V,no survey
Cl* NGC 7089      D      F,SHASSA H,1987AJ_____93__856C,no survey
Cl* NGC 7089      D      F,SHASSA CC,1987AJ_____93__856C,no survey
Cl* NGC 7089      D      F,SHASSA C,1987AJ_____93__856C,no survey
Cl* NGC 7089      D      F,SHASSA Sm,1987AJ_____93__856C,no survey
Cl* NGC 2164     HF      30,DSS,1993AJ____105__146W,no survey
Cl* NGC 2164     HF      30,DSS1 Blue,1993AJ____105__146W,no survey
Cl* NGC 2164     HF      30,DSS1 Red,1993AJ____105__146W,no survey
Cl* NGC 2164     HF      30,DSS2 Red,1993AJ____105__146W,no survey
Cl* NGC 2164     HF      30,DSS2 Blue,1993AJ____105__146W,no survey
Cl* NGC 2164     HF      30,DSS2 IR,1993AJ____105__146W,no survey
NGC  1744,Mellinger Red,1988ApJS___68___91R,exception
NGC  1744,Mellinger Green,1988ApJS___68___91R,exception
NGC  1744,Mellinger Blue,1988ApJS___68___91R,exception
NGC  1744,SHASSA H,1988ApJS___68___91R,no survey
NGC  1744,SHASSA CC,1988ApJS___68___91R,no survey
NGC  1744,SHASSA C,1988ApJS___68___91R,no survey
NGC  1744,SHASSA Sm,1988ApJS___68___91R,no survey
[SC95] ZET 184,DSS1 Blue,1995ApJS___96__605S,no survey
[SC95] ZET 184,DSS1 Red,1995ApJS___96__605S,no survey
[SC95] ZET 184,DSS2 Blue,1995ApJS___96__605S,no survey
4C 58.17,SUMSS 843 MHz,1994ApJ___430__467V,no survey
EV* M31 V0515,Mellinger Red,1965AJ_____70__212B,exception
EV* M31 V0515,Mellinger Green,1965AJ_____70__212B,exception
EV* M31 V0515,Mellinger Blue,1965AJ_____70__212B,exception
EV* M31 V0515,SHASSA H,1965AJ_____70__212B,no survey
EV* M31 V0515,SHASSA CC,1965AJ_____70__212B,no survey
EV* M31 V0515,SHASSA C,1965AJ_____70__212B,no survey
EV* M31 V0515,SHASSA Sm,1965AJ_____70__212B,no survey
[S84c]  72,DSS,1984AJ_____89__630S,no survey
[S84c]  72,DSS1 Blue,1984AJ_____89__630S,no survey
[S84c]  72,DSS1 Red,1984AJ_____89__630S,no survey
[S84c]  72,DSS2 Red,1984AJ_____89__630S,no survey
[S84c]  72,DSS2 Blue,1984AJ_____89__630S,no survey
[S84c]  72,DSS2 IR,1984AJ_____89__630S,no survey
LIN 337,Mellinger Red,1961AJ_____66__169L,exception
LIN 337,Mellinger Green,1961AJ_____66__169L,exception
LIN 337,Mellinger Blue,1961AJ_____66__169L,exception
LIN 337,SHASSA H,1961AJ_____66__169L,no survey
LIN 337,SHASSA CC,1961AJ_____66__169L,no survey
LIN 337,SHASSA C,1961AJ_____66__169L,no survey
LIN 337,SHASSA Sm,1961AJ_____66__169L,no survey
MCG+05-31-046,Mellinger Red,1978AJ_____83___73S,exception
MCG+05-31-046,Mellinger Green,1978AJ_____83___73S,exception
MCG+05-31-046,Mellinger Blue,1978AJ_____83___73S,exception
MCG+05-31-046,SHASSA H,1978AJ_____83___73S,no survey
MCG+05-31-046,SHASSA CC,1978AJ_____83___73S,no survey
MCG+05-31-046,SHASSA C,1978AJ_____83___73S,no survey
MCG+05-31-046,SHASSA Sm,1978AJ_____83___73S,no survey
[HIB95] 130-6,Mellinger Red,1995ApJS___98__595H,exception
[HIB95] 130-6,Mellinger Green,1995ApJS___98__595H,exception
[HIB95] 130-6,Mellinger Blue,1995ApJS___98__595H,exception
[HIB95] 130-6,SHASSA H,1995ApJS___98__595H,no survey
[HIB95] 130-6,SHASSA CC,1995ApJS___98__595H,no survey
[HIB95] 130-6,SHASSA C,1995ApJS___98__595H,no survey
[HIB95] 130-6,SHASSA Sm,1995ApJS___98__595H,no survey
V* V2314 Oph,Mellinger Red,1983AJ_____88__853L,exception
V* V2314 Oph,Mellinger Green,1983AJ_____88__853L,exception
V* V2314 Oph,Mellinger Blue,1983AJ_____88__853L,exception
V* V2314 Oph,SHASSA H,1983AJ_____88__853L,no survey
V* V2314 Oph,SHASSA CC,1983AJ_____88__853L,no survey
V* V2314 Oph,SHASSA C,1983AJ_____88__853L,no survey
V* V2314 Oph,SHASSA Sm,1983AJ_____88__853L,no survey
[DKF89] G,DSS,1990ApJ___350__149D,no survey
[DKF89] G,DSS1 Blue,1990ApJ___350__149D,no survey
[DKF89] G,DSS1 Red,1990ApJ___350__149D,no survey
[DKF89] G,DSS2 Red,1990ApJ___350__149D,no survey
[DKF89] G,DSS2 Blue,1990ApJ___350__149D,no survey
[DKF89] G,DSS2 IR,1990ApJ___350__149D,no survey
SV* HV  1427,SHASSA H,1986ApJ___301__664M,no survey
SV* HV  1427,SHASSA CC,1986ApJ___301__664M,no survey
SV* HV  1427,SHASSA C,1986ApJ___301__664M,no survey
SV* HV  1427,SHASSA Sm,1986ApJ___301__664M,no survey
NGC  6656  1011,Mellinger Red,1983AJ_____88_1330A,exception
NGC  6656  1011,Mellinger Green,1983AJ_____88_1330A,exception
NGC  6656  1011,Mellinger Blue,1983AJ_____88_1330A,exception
NGC  6656  1011,SHASSA H,1983AJ_____88_1330A,no survey
NGC  6656  1011,SHASSA CC,1983AJ_____88_1330A,no survey
NGC  6656  1011,SHASSA C,1983AJ_____88_1330A,no survey
NGC  6656  1011,SHASSA Sm,1983AJ_____88_1330A,no survey
[H69] Ho    V   4,DSS,1969ApJS___18___73H,no survey
[H69] Ho    V   4,DSS1 Blue,1969ApJS___18___73H,no survey
[H69] Ho    V   4,DSS1 Red,1969ApJS___18___73H,no survey
[H69] Ho    V   4,DSS2 Red,1969ApJS___18___73H,no survey
[H69] Ho    V   4,DSS2 Blue,1969ApJS___18___73H,no survey
[H69] Ho    V   4,DSS2 IR,1969ApJS___18___73H,no survey
IC 5179,Mellinger Red,1980AJ_____85__637D,exception
IC 5179,Mellinger Green,1980AJ_____85__637D,exception
IC 5179,Mellinger Blue,1980AJ_____85__637D,exception
IC 5179,SHASSA H,1980AJ_____85__637D,no survey
IC 5179,SHASSA CC,1980AJ_____85__637D,no survey
IC 5179,SHASSA C,1980AJ_____85__637D,no survey
IC 5179,SHASSA Sm,1980AJ_____85__637D,no survey
QSO B1936-623,DSS1 Blue,1989AJ_____98___54J,no survey
QSO B1936-623,DSS1 Red,1989AJ_____98___54J,no survey
4C 11.32,Mellinger Red,1973AJ_____78__521W,exception
4C 11.32,Mellinger Green,1973AJ_____78__521W,exception
4C 11.32,Mellinger Blue,1973AJ_____78__521W,exception
4C 11.32,SHASSA H,1973AJ_____78__521W,no survey
4C 11.32,SHASSA CC,1973AJ_____78__521W,no survey
4C 11.32,SHASSA C,1973AJ_____78__521W,no survey
4C 11.32,SHASSA Sm,1973AJ_____78__521W,no survey
NAME Sgr A West,DSS2 Blue,1993ApJ___410L__27Y,no survey
NAME Lupus Complex,DSS1 Blue,1988ApJ___330__964B,no survey
NAME Lupus Complex,DSS1 Red,1988ApJ___330__964B,no survey
GPSR 048.488-0.340,DSS,1990ApJS___74__181Z,no survey
GPSR 048.488-0.340,DSS1 Blue,1990ApJS___74__181Z,no survey
GPSR 048.488-0.340,DSS1 Red,1990ApJS___74__181Z,no survey
GPSR 048.488-0.340,DSS2 Red,1990ApJS___74__181Z,no survey
GPSR 048.488-0.340,DSS2 Blue,1990ApJS___74__181Z,no survey
GPSR 048.488-0.340,DSS2 IR,1990ApJS___74__181Z,no survey
DEM L 174,DSS1 Blue,1986ApJ___306__130K,no survey
DEM L 174,DSS1 Red,1986ApJ___306__130K,no survey
DEM L 174,DSS2 Blue,1986ApJ___306__130K,no survey
Cl* NGC  346    MPG     790,DSS1 Blue,1989AJ_____98_1305M,no survey
Cl* NGC  346    MPG     790,DSS1 Red,1989AJ_____98_1305M,no survey
[KD96] LLIV6,DSS,1996ApJ___457__703K,no survey
[KD96] LLIV6,DSS1 Blue,1996ApJ___457__703K,no survey
[KD96] LLIV6,DSS1 Red,1996ApJ___457__703K,no survey
[KD96] LLIV6,DSS2 Red,1996ApJ___457__703K,no survey
[KD96] LLIV6,DSS2 Blue,1996ApJ___457__703K,no survey
[KD96] LLIV6,DSS2 IR,1996ApJ___457__703K,no survey
LF  1 C 124,SHASSA H,1959ApJ___130__178W,no survey
LF  1 C 124,SHASSA CC,1959ApJ___130__178W,no survey
LF  1 C 124,SHASSA C,1959ApJ___130__178W,no survey
LF  1 C 124,SHASSA Sm,1959ApJ___130__178W,no survey
* alf Eri,Mellinger Red,1957AJ_____62___69D,exception
* alf Eri,Mellinger Green,1957AJ_____62___69D,exception
* alf Eri,Mellinger Blue,1957AJ_____62___69D,exception
* alf Eri,SHASSA H,1957AJ_____62___69D,no survey
* alf Eri,SHASSA CC,1957AJ_____62___69D,no survey
* alf Eri,SHASSA C,1957AJ_____62___69D,no survey
* alf Eri,SHASSA Sm,1957AJ_____62___69D,no survey
LEDA 2790925,Mellinger Red,1995ApJS___98___41P,exception
LEDA 2790925,Mellinger Green,1995ApJS___98___41P,exception
LEDA 2790925,Mellinger Blue,1995ApJS___98___41P,exception
LEDA 2790925,SHASSA H,1995ApJS___98___41P,no survey
LEDA 2790925,SHASSA CC,1995ApJS___98___41P,no survey
LEDA 2790925,SHASSA C,1995ApJS___98___41P,no survey
LEDA 2790925,SHASSA Sm,1995ApJS___98___41P,no survey
MCG+06-32-058a,Mellinger Red,1987ApJS___63__809S,exception
MCG+06-32-058a,Mellinger Green,1987ApJS___63__809S,exception
MCG+06-32-058a,Mellinger Blue,1987ApJS___63__809S,exception
MCG+06-32-058a,SHASSA H,1987ApJS___63__809S,no survey
MCG+06-32-058a,SHASSA CC,1987ApJS___63__809S,no survey
MCG+06-32-058a,SHASSA C,1987ApJS___63__809S,no survey
MCG+06-32-058a,SHASSA Sm,1987ApJS___63__809S,no survey
LMC-BM  35-17,DSS1 Blue,1990AJ____100__674B,no survey
LMC-BM  35-17,DSS1 Red,1990AJ____100__674B,no survey
V* V1282 Tau,Mellinger Red,1986ApJ___309__311B,exception
V* V1282 Tau,Mellinger Green,1986ApJ___309__311B,exception
V* V1282 Tau,Mellinger Blue,1986ApJ___309__311B,exception
V* V1282 Tau,SHASSA H,1986ApJ___309__311B,no survey
V* V1282 Tau,SHASSA CC,1986ApJ___309__311B,no survey
V* V1282 Tau,SHASSA C,1986ApJ___309__311B,no survey
V* V1282 Tau,SHASSA Sm,1986ApJ___309__311B,no survey
2MASS J05351463-0516461,Mellinger Red,1988AJ_____95_1755J,exception
2MASS J05351463-0516461,Mellinger Green,1988AJ_____95_1755J,exception
2MASS J05351463-0516461,Mellinger Blue,1988AJ_____95_1755J,exception
2MASS J05351463-0516461,SHASSA H,1988AJ_____95_1755J,no survey
2MASS J05351463-0516461,SHASSA CC,1988AJ_____95_1755J,no survey
2MASS J05351463-0516461,SHASSA C,1988AJ_____95_1755J,no survey
2MASS J05351463-0516461,SHASSA Sm,1988AJ_____95_1755J,no survey
NVSS J192744+154543,VLA FIRST (1.4 GHz),1996ApJS__107__239T,no survey
NVSS J192744+154543,Stripe82VLA,1996ApJS__107__239T,no survey
HD 215191,SHASSA H,1955ApJ___121__554H,no survey
HD 215191,SHASSA CC,1955ApJ___121__554H,no survey
HD 215191,SHASSA C,1955ApJ___121__554H,no survey
HD 215191,SHASSA Sm,1955ApJ___121__554H,no survey
ESO 242-16,Mellinger Red,1995ApJS___96___39B,exception
ESO 242-16,Mellinger Green,1995ApJS___96___39B,exception
ESO 242-16,Mellinger Blue,1995ApJS___96___39B,exception
ESO 242-16,SHASSA H,1995ApJS___96___39B,no survey
ESO 242-16,SHASSA CC,1995ApJS___96___39B,no survey
ESO 242-16,SHASSA C,1995ApJS___96___39B,no survey
ESO 242-16,SHASSA Sm,1995ApJS___96___39B,no survey
NGC  5898,Mellinger Red,1990AJ____100_1489W,exception
NGC  5898,Mellinger Green,1990AJ____100_1489W,no survey
NGC  5898,Mellinger Blue,1990AJ____100_1489W,exception
NGC  5898,SHASSA H,1990AJ____100_1489W,no survey
NGC  5898,SHASSA CC,1990AJ____100_1489W,no survey
NGC  5898,SHASSA C,1990AJ____100_1489W,no survey
NGC  5898,SHASSA Sm,1990AJ____100_1489W,no survey
[SBH97] HH 42-128 IRS 14,DSS,1997AJ____114__272S,no survey
[SBH97] HH 42-128 IRS 14,DSS1 Blue,1997AJ____114__272S,no survey
[SBH97] HH 42-128 IRS 14,DSS1 Red,1997AJ____114__272S,no survey
[SBH97] HH 42-128 IRS 14,DSS2 Red,1997AJ____114__272S,no survey
[SBH97] HH 42-128 IRS 14,DSS2 Blue,1997AJ____114__272S,no survey
[SBH97] HH 42-128 IRS 14,DSS2 IR,1997AJ____114__272S,no survey
2MASS J06464623+0120447,Mellinger Red,1997AJ____113_1788H,exception
2MASS J06464623+0120447,Mellinger Green,1997AJ____113_1788H,exception
2MASS J06464623+0120447,Mellinger Blue,1997AJ____113_1788H,exception
2MASS J06464623+0120447,SHASSA H,1997AJ____113_1788H,no survey
2MASS J06464623+0120447,SHASSA CC,1997AJ____113_1788H,no survey
2MASS J06464623+0120447,SHASSA C,1997AJ____113_1788H,no survey
2MASS J06464623+0120447,SHASSA Sm,1997AJ____113_1788H,no survey
NVSS J201036+325024,VLA FIRST (1.4 GHz),1990ApJS___74__181Z,no survey
NVSS J201036+325024,Stripe82VLA,1990ApJS___74__181Z,no survey
MODS wide  5593,GOODS: VLT VIMOS U,1996AJ____112_1335W,no survey
MODS wide  5593,GOODS: VLT VIMOS R,1996AJ____112_1335W,no survey
MODS wide  5593,Hawaii HDF HK,1996AJ____112_1335W,no images
MODS wide  5593,GOODS: VLT ISAAC J,1996AJ____112_1335W,no survey
MODS wide  5593,GOODS: VLT ISAAC H,1996AJ____112_1335W,no survey
MODS wide  5593,GOODS: VLT ISAAC Ks,1996AJ____112_1335W,no survey
MODS wide  5593,HUDF: VLT ISAAC Ks,1996AJ____112_1335W,no survey
MODS wide  5593,CDFS: LESS,1996AJ____112_1335W,no survey
HD 157921,Mellinger Red,1995ApJS___96__605S,exception
HD 157921,Mellinger Green,1995ApJS___96__605S,exception
HD 157921,Mellinger Blue,1995ApJS___96__605S,exception
HD 157921,SHASSA H,1995ApJS___96__605S,no survey
HD 157921,SHASSA CC,1995ApJS___96__605S,no survey
HD 157921,SHASSA C,1995ApJS___96__605S,no survey
HD 157921,SHASSA Sm,1995ApJS___96__605S,no survey
GAL 008.14+00.23,IRAS  12 micron,1989ApJS___69__831W,no images
GAL 008.14+00.23,IRAS  25 micron,1989ApJS___69__831W,no images
GAL 008.14+00.23,IRAS  60 micron,1989ApJS___69__831W,no images
GAL 008.14+00.23,IRAS 100 micron,1989ApJS___69__831W,no survey
NGC  4261,SUMSS 843 MHz,1969AJ_____74__335W,no survey
NGC  4261,WENSS,1969AJ_____74__335W,no survey
[LS95] 174153.3-291532,DSS2 Blue,1995ApJS___98__259L,no survey
3C 403.0,Mellinger Red,1995ApJS___99___27M,exception
3C 403.0,Mellinger Green,1995ApJS___99___27M,exception
3C 403.0,Mellinger Blue,1995ApJS___99___27M,exception
3C 403.0,SHASSA H,1995ApJS___99___27M,no survey
3C 403.0,SHASSA CC,1995ApJS___99___27M,no survey
3C 403.0,SHASSA C,1995ApJS___99___27M,no survey
3C 403.0,SHASSA Sm,1995ApJS___99___27M,no survey
NVSS J202319+351502,VLA FIRST (1.4 GHz),1996ApJS__107__239T,no survey
NVSS J202319+351502,Stripe82VLA,1996ApJS__107__239T,no survey
2MASS J05374535-0648282,Mellinger Red,1988AJ_____96__680V,exception
2MASS J05374535-0648282,Mellinger Green,1988AJ_____96__680V,exception
2MASS J05374535-0648282,Mellinger Blue,1988AJ_____96__680V,exception
2MASS J05374535-0648282,SHASSA H,1988AJ_____96__680V,no survey
2MASS J05374535-0648282,SHASSA CC,1988AJ_____96__680V,no survey
2MASS J05374535-0648282,SHASSA C,1988AJ_____96__680V,no survey
2MASS J05374535-0648282,SHASSA Sm,1988AJ_____96__680V,no survey
AzV 214,SHASSA H,1997AJ____113_1011C,no survey
AzV 214,SHASSA CC,1997AJ____113_1011C,no survey
AzV 214,SHASSA C,1997AJ____113_1011C,no survey
AzV 214,SHASSA Sm,1997AJ____113_1011C,no survey
PMN J1640-0100,VLA FIRST (1.4 GHz),1995ApJS___97__347G,no survey
PMN J1640-0100,Stripe82VLA,1995ApJS___97__347G,no survey
4C 24.08A,SUMSS 843 MHz,1973AJ_____78__673K,no survey
4C 24.08A,WENSS,1973AJ_____78__673K,no survey
[BHG88] 40  778,SHASSA H,1988AJ_____96_1884H,no survey
[BHG88] 40  778,SHASSA CC,1988AJ_____96_1884H,no survey
[BHG88] 40  778,SHASSA C,1988AJ_____96_1884H,no survey
[BHG88] 40  778,SHASSA Sm,1988AJ_____96_1884H,no survey
2MASS J02394011-3434024,Mellinger Red,1991AJ____102__914M,exception
2MASS J02394011-3434024,Mellinger Green,1991AJ____102__914M,exception
2MASS J02394011-3434024,Mellinger Blue,1991AJ____102__914M,exception
2MASS J02394011-3434024,SHASSA H,1991AJ____102__914M,no survey
2MASS J02394011-3434024,SHASSA CC,1991AJ____102__914M,no survey
2MASS J02394011-3434024,SHASSA C,1991AJ____102__914M,no survey
2MASS J02394011-3434024,SHASSA Sm,1991AJ____102__914M,no survey
Z  42-108,Mellinger Red,1983ApJS___53__375R,exception
Z  42-108,Mellinger Green,1983ApJS___53__375R,exception
Z  42-108,Mellinger Blue,1983ApJS___53__375R,exception
Z  42-108,SHASSA H,1983ApJS___53__375R,no survey
Z  42-108,SHASSA CC,1983ApJS___53__375R,no survey
Z  42-108,SHASSA C,1983ApJS___53__375R,no survey
Z  42-108,SHASSA Sm,1983ApJS___53__375R,no survey
SV* HV  1355,Mellinger Red,1975AJ_____80__510H,exception
SV* HV  1355,Mellinger Green,1975AJ_____80__510H,exception
SV* HV  1355,Mellinger Blue,1975AJ_____80__510H,exception
SV* HV  1355,SHASSA H,1975AJ_____80__510H,no survey
SV* HV  1355,SHASSA CC,1975AJ_____80__510H,no survey
SV* HV  1355,SHASSA C,1975AJ_____80__510H,no survey
SV* HV  1355,SHASSA Sm,1975AJ_____80__510H,no survey
V* AM Her,Mellinger Red,1982ApJ___252__269Y,exception
V* AM Her,Mellinger Green,1982ApJ___252__269Y,exception
V* AM Her,Mellinger Blue,1982ApJ___252__269Y,exception
V* AM Her,SHASSA H,1982ApJ___252__269Y,no survey
V* AM Her,SHASSA CC,1982ApJ___252__269Y,no survey
V* AM Her,SHASSA C,1982ApJ___252__269Y,no survey
V* AM Her,SHASSA Sm,1982ApJ___252__269Y,no survey
OGLE LMC-LPV-81213,Mellinger Red,1996ApJS__104___71O,exception
OGLE LMC-LPV-81213,Mellinger Green,1996ApJS__104___71O,exception
OGLE LMC-LPV-81213,Mellinger Blue,1996ApJS__104___71O,exception
OGLE LMC-LPV-81213,SHASSA H,1996ApJS__104___71O,no survey
OGLE LMC-LPV-81213,SHASSA CC,1996ApJS__104___71O,no survey
OGLE LMC-LPV-81213,SHASSA C,1996ApJS__104___71O,no survey
OGLE LMC-LPV-81213,SHASSA Sm,1996ApJS__104___71O,no survey
IRAS 05339-0646,Mellinger Red,1991ApJ___372__505M,exception
IRAS 05339-0646,Mellinger Green,1991ApJ___372__505M,exception
IRAS 05339-0646,Mellinger Blue,1991ApJ___372__505M,exception
IRAS 05339-0646,SHASSA H,1991ApJ___372__505M,no survey
IRAS 05339-0646,SHASSA CC,1991ApJ___372__505M,no survey
IRAS 05339-0646,SHASSA C,1991ApJ___372__505M,no survey
IRAS 05339-0646,SHASSA Sm,1991ApJ___372__505M,no survey
NAME Sgr B2,DSS2 Blue,1989ApJ___343__177L,no survey
2MASX J23192784+2044521,Mellinger Red,1996ApJS__105__343Z,exception
2MASX J23192784+2044521,Mellinger Green,1996ApJS__105__343Z,exception
2MASX J23192784+2044521,Mellinger Blue,1996ApJS__105__343Z,exception
2MASX J23192784+2044521,SHASSA H,1996ApJS__105__343Z,no survey
2MASX J23192784+2044521,SHASSA CC,1996ApJS__105__343Z,no survey
2MASX J23192784+2044521,SHASSA C,1996ApJS__105__343Z,no survey
2MASX J23192784+2044521,SHASSA Sm,1996ApJS__105__343Z,no survey
PG 1706+357,Mellinger Red,1986ApJS___61__305G,exception
PG 1706+357,Mellinger Green,1986ApJS___61__305G,exception
PG 1706+357,Mellinger Blue,1986ApJS___61__305G,exception
PG 1706+357,SHASSA H,1986ApJS___61__305G,no survey
PG 1706+357,SHASSA CC,1986ApJS___61__305G,no survey
PG 1706+357,SHASSA C,1986ApJS___61__305G,no survey
PG 1706+357,SHASSA Sm,1986ApJS___61__305G,no survey
Z  42-108,GOODS: Chandra ACIS HB,1983ApJS___53__375R,no survey
Z  42-108,GOODS: Chandra ACIS FB,1983ApJS___53__375R,no survey
Z  42-108,GOODS: Chandra ACIS SB,1983ApJS___53__375R,no survey
Z  42-108,GOODS: VLT VIMOS U,1983ApJS___53__375R,no survey
Z  42-108,GOODS: VLT VIMOS R,1983ApJS___53__375R,no survey
Z  42-108,GOODS: HST ACS B,1983ApJS___53__375R,no survey
Z  42-108,GOODS: HST ACS V,1983ApJS___53__375R,no survey
Z  42-108,GOODS: HST ACS I,1983ApJS___53__375R,no survey
Z  42-108,GOODS: HST ACS Z,1983ApJS___53__375R,no survey
Z  42-108,Hawaii HDF U,1983ApJS___53__375R,no survey
Z  42-108,Hawaii HDF B,1983ApJS___53__375R,no survey
Z  42-108,Hawaii HDF V0201,1983ApJS___53__375R,no survey
Z  42-108,Hawaii HDF V0401,1983ApJS___53__375R,no survey
Z  42-108,Hawaii HDF R,1983ApJS___53__375R,no survey
Z  42-108,Hawaii HDF I,1983ApJS___53__375R,no survey
Z  42-108,Hawaii HDF z,1983ApJS___53__375R,no survey
Z  42-108,Hawaii HDF HK,1983ApJS___53__375R,no images
Z  42-108,GOODS: HST NICMOS,1983ApJS___53__375R,no survey
Z  42-108,GOODS: VLT ISAAC J,1983ApJS___53__375R,no survey
Z  42-108,GOODS: VLT ISAAC H,1983ApJS___53__375R,no survey
Z  42-108,GOODS: VLT ISAAC Ks,1983ApJS___53__375R,no survey
Z  42-108,HUDF: VLT ISAAC Ks,1983ApJS___53__375R,no survey
Z  42-108,GOODS: Spitzer IRAC 3.6,1983ApJS___53__375R,no survey
Z  42-108,GOODS: Spitzer IRAC 4.5,1983ApJS___53__375R,no survey
Z  42-108,GOODS: Spitzer IRAC 5.8,1983ApJS___53__375R,no survey
Z  42-108,GOODS: Spitzer IRAC 8.0,1983ApJS___53__375R,no survey
Z  42-108,GOODS: Spitzer MIPS 24,1983ApJS___53__375R,no survey
Z  42-108,GOODS: Herschel 100,1983ApJS___53__375R,no survey
Z  42-108,GOODS: Herschel 160,1983ApJS___53__375R,no survey
Z  42-108,GOODS: Herschel 250,1983ApJS___53__375R,no survey
Z  42-108,GOODS: Herschel 350,1983ApJS___53__375R,no survey
Z  42-108,GOODS: Herschel 500,1983ApJS___53__375R,no survey
Z  42-108,CDFS: LESS,1983ApJS___53__375R,no survey
Z  42-108,GOODS: VLA North,1983ApJS___53__375R,no survey
Bol 101,Mellinger Red,1977AJ_____82__947S,exception
Bol 101,Mellinger Green,1977AJ_____82__947S,exception
Bol 101,Mellinger Blue,1977AJ_____82__947S,exception
Bol 101,SHASSA H,1977AJ_____82__947S,no survey
Bol 101,SHASSA CC,1977AJ_____82__947S,no survey
Bol 101,SHASSA C,1977AJ_____82__947S,no survey
Bol 101,SHASSA Sm,1977AJ_____82__947S,no survey
PG 1530+459,Mellinger Red,1986ApJS___61__305G,exception
PG 1530+459,Mellinger Green,1986ApJS___61__305G,exception
PG 1530+459,Mellinger Blue,1986ApJS___61__305G,exception
PG 1530+459,H-Alpha Comp,1986ApJS___61__305G,no survey
PG 1530+459,SHASSA H,1986ApJS___61__305G,no survey
PG 1530+459,SHASSA CC,1986ApJS___61__305G,no survey
PG 1530+459,SHASSA C,1986ApJS___61__305G,no survey
PG 1530+459,SHASSA Sm,1986ApJS___61__305G,no survey
[HS80] B354,DSS1 Blue,1996ApJ___469__629M,no survey
GAL 315+21,DSS1 Blue,1988ApJ___325__320O,no survey
GAL 315+21,DSS1 Red,1988ApJ___325__320O,no survey
HD 190275,Mellinger Red,1958ApJS____3__141B,exception
HD 190275,Mellinger Green,1958ApJS____3__141B,exception
HD 190275,Mellinger Blue,1958ApJS____3__141B,exception
HD 190275,SHASSA H,1958ApJS____3__141B,no survey
HD 190275,SHASSA CC,1958ApJS____3__141B,no survey
HD 190275,SHASSA C,1958ApJS____3__141B,no survey
HD 190275,SHASSA Sm,1958ApJS____3__141B,no survey
[EKS96] NGC 5033 236,Mellinger Red,1996ApJS__105___93E,exception
[EKS96] NGC 5033 236,Mellinger Green,1996ApJS__105___93E,exception
[EKS96] NGC 5033 236,Mellinger Blue,1996ApJS__105___93E,exception
[EKS96] NGC 5033 236,SHASSA H,1996ApJS__105___93E,no survey
[EKS96] NGC 5033 236,SHASSA CC,1996ApJS__105___93E,no survey
[EKS96] NGC 5033 236,SHASSA C,1996ApJS__105___93E,no survey
[EKS96] NGC 5033 236,SHASSA Sm,1996ApJS__105___93E,no survey
NAME SMC,DSS1 Blue,1994AJ____108__932S,no survey
NAME SMC,DSS1 Red,1994AJ____108__932S,no survey
[H69] NGC 2403 104,DSS,1969ApJS___18___73H,no survey
[H69] NGC 2403 104,DSS1 Blue,1969ApJS___18___73H,no survey
[H69] NGC 2403 104,DSS1 Red,1969ApJS___18___73H,no survey
[H69] NGC 2403 104,DSS2 Red,1969ApJS___18___73H,no survey
[H69] NGC 2403 104,DSS2 Blue,1969ApJS___18___73H,no survey
[H69] NGC 2403 104,DSS2 IR,1969ApJS___18___73H,no survey
V* AM Her,Mellinger Red,1983ApJ___264L__61P,exception
V* AM Her,Mellinger Green,1983ApJ___264L__61P,exception
V* AM Her,Mellinger Blue,1983ApJ___264L__61P,exception
V* AM Her,SHASSA H,1983ApJ___264L__61P,no survey
V* AM Her,SHASSA CC,1983ApJ___264L__61P,no survey
V* AM Her,SHASSA C,1983ApJ___264L__61P,no survey
V* AM Her,SHASSA Sm,1983ApJ___264L__61P,no survey
ICRF J110538.9+020257,Mellinger Red,1995ApJS___97__347G,exception
ICRF J110538.9+020257,Mellinger Green,1995ApJS___97__347G,exception
ICRF J110538.9+020257,Mellinger Blue,1995ApJS___97__347G,exception
ICRF J110538.9+020257,SHASSA H,1995ApJS___97__347G,no survey
ICRF J110538.9+020257,SHASSA CC,1995ApJS___97__347G,no survey
ICRF J110538.9+020257,SHASSA C,1995ApJS___97__347G,no survey
ICRF J110538.9+020257,SHASSA Sm,1995ApJS___97__347G,no survey
* c Per,Mellinger Red,1988ApJ___326__339P,exception
* c Per,Mellinger Green,1988ApJ___326__339P,exception
* c Per,Mellinger Blue,1988ApJ___326__339P,exception
* c Per,SHASSA H,1988ApJ___326__339P,no survey
* c Per,SHASSA CC,1988ApJ___326__339P,no survey
* c Per,SHASSA C,1988ApJ___326__339P,no survey
* c Per,SHASSA Sm,1988ApJ___326__339P,no survey
4C 58.17,VLA FIRST (1.4 GHz),1994ApJ___430__467V,exception
4C 58.17,Stripe82VLA,1994ApJ___430__467V,no survey
[LBS72] Star K,Mellinger Red,1976ApJ___203__193L,exception
[LBS72] Star K,Mellinger Green,1976ApJ___203__193L,exception
[LBS72] Star K,Mellinger Blue,1976ApJ___203__193L,exception
[LBS72] Star K,SHASSA H,1976ApJ___203__193L,no survey
[LBS72] Star K,SHASSA CC,1976ApJ___203__193L,no survey
[LBS72] Star K,SHASSA C,1976ApJ___203__193L,no survey
[LBS72] Star K,SHASSA Sm,1976ApJ___203__193L,no survey
[S87b] IRS 76,Mellinger Red,1993AJ____105_1822C,exception
[S87b] IRS 76,Mellinger Green,1993AJ____105_1822C,exception
[S87b] IRS 76,Mellinger Blue,1993AJ____105_1822C,exception
[S87b] IRS 76,SHASSA H,1993AJ____105_1822C,no survey
[S87b] IRS 76,SHASSA CC,1993AJ____105_1822C,no survey
[S87b] IRS 76,SHASSA C,1993AJ____105_1822C,no survey
[S87b] IRS 76,SHASSA Sm,1993AJ____105_1822C,no survey
NGC  6121   526,GOODS: Chandra ACIS HB,1990AJ_____99_1491C,no survey
NGC  6121   526,GOODS: Chandra ACIS FB,1990AJ_____99_1491C,no survey
NGC  6121   526,GOODS: Chandra ACIS SB,1990AJ_____99_1491C,no survey
NGC  6121   526,GOODS: VLT VIMOS U,1990AJ_____99_1491C,no survey
NGC  6121   526,GOODS: VLT VIMOS R,1990AJ_____99_1491C,no survey
NGC  6121   526,GOODS: HST ACS B,1990AJ_____99_1491C,no survey
NGC  6121   526,GOODS: HST ACS V,1990AJ_____99_1491C,no survey
NGC  6121   526,GOODS: HST ACS I,1990AJ_____99_1491C,no survey
NGC  6121   526,GOODS: HST ACS Z,1990AJ_____99_1491C,no survey
NGC  6121   526,Hawaii HDF U,1990AJ_____99_1491C,no survey
NGC  6121   526,Hawaii HDF B,1990AJ_____99_1491C,no survey
NGC  6121   526,Hawaii HDF V0201,1990AJ_____99_1491C,no survey
NGC  6121   526,Hawaii HDF V0401,1990AJ_____99_1491C,no survey
NGC  6121   526,Hawaii HDF R,1990AJ_____99_1491C,no survey
NGC  6121   526,Hawaii HDF I,1990AJ_____99_1491C,no survey
NGC  6121   526,Hawaii HDF z,1990AJ_____99_1491C,no survey
NGC  6121   526,Hawaii HDF HK,1990AJ_____99_1491C,no images
NGC  6121   526,GOODS: HST NICMOS,1990AJ_____99_1491C,no survey
NGC  6121   526,GOODS: VLT ISAAC J,1990AJ_____99_1491C,no survey
NGC  6121   526,GOODS: VLT ISAAC H,1990AJ_____99_1491C,no survey
NGC  6121   526,GOODS: VLT ISAAC Ks,1990AJ_____99_1491C,no survey
NGC  6121   526,HUDF: VLT ISAAC Ks,1990AJ_____99_1491C,no survey
NGC  6121   526,GOODS: Spitzer IRAC 3.6,1990AJ_____99_1491C,no survey
NGC  6121   526,GOODS: Spitzer IRAC 4.5,1990AJ_____99_1491C,no survey
NGC  6121   526,GOODS: Spitzer IRAC 5.8,1990AJ_____99_1491C,no survey
NGC  6121   526,GOODS: Spitzer IRAC 8.0,1990AJ_____99_1491C,no survey
NGC  6121   526,GOODS: Spitzer MIPS 24,1990AJ_____99_1491C,no survey
NGC  6121   526,GOODS: Herschel 100,1990AJ_____99_1491C,no survey
NGC  6121   526,GOODS: Herschel 160,1990AJ_____99_1491C,no survey
NGC  6121   526,GOODS: Herschel 250,1990AJ_____99_1491C,no survey
NGC  6121   526,GOODS: Herschel 350,1990AJ_____99_1491C,no survey
NGC  6121   526,GOODS: Herschel 500,1990AJ_____99_1491C,no survey
NGC  6121   526,CDFS: LESS,1990AJ_____99_1491C,no survey
NGC  6121   526,GOODS: VLA North,1990AJ_____99_1491C,no survey
HD 207134,Mellinger Red,1953ApJ___117__241K,exception
HD 207134,Mellinger Green,1953ApJ___117__241K,exception
HD 207134,Mellinger Blue,1953ApJ___117__241K,exception
HD 207134,SHASSA H,1953ApJ___117__241K,no survey
HD 207134,SHASSA CC,1953ApJ___117__241K,no survey
HD 207134,SHASSA C,1953ApJ___117__241K,no survey
HD 207134,SHASSA Sm,1953ApJ___117__241K,no survey
CPD-53  7954,Mellinger Red,1968AJ_____73__590D,exception
CPD-53  7954,Mellinger Green,1968AJ_____73__590D,exception
CPD-53  7954,Mellinger Blue,1968AJ_____73__590D,exception
CPD-53  7954,SHASSA H,1968AJ_____73__590D,no survey
CPD-53  7954,SHASSA CC,1968AJ_____73__590D,no survey
CPD-53  7954,SHASSA C,1968AJ_____73__590D,no survey
CPD-53  7954,SHASSA Sm,1968AJ_____73__590D,no survey
[WSL93] 16,DSS1 Red,1993AJ____106_1354W,no survey
Cl* NGC 6656    ALC    2076,DSS,1986AJ_____92__348C,no survey
Cl* NGC 6656    ALC    2076,DSS1 Blue,1986AJ_____92__348C,no survey
Cl* NGC 6656    ALC    2076,DSS1 Red,1986AJ_____92__348C,no survey
Cl* NGC 6656    ALC    2076,DSS2 Red,1986AJ_____92__348C,no survey
Cl* NGC 6656    ALC    2076,DSS2 Blue,1986AJ_____92__348C,no survey
Cl* NGC 6656    ALC    2076,DSS2 IR,1986AJ_____92__348C,no survey
QSO B1426+428,Mellinger Red,1994AJ____107__751M,exception
QSO B1426+428,Mellinger Green,1994AJ____107__751M,exception
QSO B1426+428,Mellinger Blue,1994AJ____107__751M,exception
QSO B1426+428,SHASSA H,1994AJ____107__751M,no survey
QSO B1426+428,SHASSA CC,1994AJ____107__751M,no survey
QSO B1426+428,SHASSA C,1994AJ____107__751M,no survey
QSO B1426+428,SHASSA Sm,1994AJ____107__751M,no survey
NAME M33 FUV 420,DSS1 Blue,1996ApJ___469__629M,no survey
[D77] IRS 1,DSS,1986AJ_____91__870W,no survey
[D77] IRS 1,DSS1 Blue,1986AJ_____91__870W,no survey
[D77] IRS 1,DSS1 Red,1986AJ_____91__870W,no survey
[D77] IRS 1,DSS2 Red,1986AJ_____91__870W,no survey
[D77] IRS 1,DSS2 Blue,1986AJ_____91__870W,no survey
[D77] IRS 1,DSS2 IR,1986AJ_____91__870W,no survey
LEDA 2802278,Mellinger Red,1990ApJS___72__715T,exception
LEDA 2802278,Mellinger Green,1990ApJS___72__715T,exception
LEDA 2802278,Mellinger Blue,1990ApJS___72__715T,exception
LEDA 2802278,SHASSA H,1990ApJS___72__715T,no survey
LEDA 2802278,SHASSA CC,1990ApJS___72__715T,no survey
LEDA 2802278,SHASSA C,1990ApJS___72__715T,no survey
LEDA 2802278,SHASSA Sm,1990ApJS___72__715T,no survey
[EKS96] NGC 6300 167,Mellinger Red,1996ApJS__105___93E,exception
[EKS96] NGC 6300 167,Mellinger Green,1996ApJS__105___93E,exception
[EKS96] NGC 6300 167,Mellinger Blue,1996ApJS__105___93E,exception
[EKS96] NGC 6300 167,SHASSA H,1996ApJS__105___93E,no survey
[EKS96] NGC 6300 167,SHASSA CC,1996ApJS__105___93E,no survey
[EKS96] NGC 6300 167,SHASSA C,1996ApJS__105___93E,no survey
[EKS96] NGC 6300 167,SHASSA Sm,1996ApJS__105___93E,no survey
Bol 456,Mellinger Red,1985ApJ___288__494C,exception
Bol 456,Mellinger Green,1985ApJ___288__494C,exception
Bol 456,Mellinger Blue,1985ApJ___288__494C,exception
Bol 456,SHASSA H,1985ApJ___288__494C,no survey
Bol 456,SHASSA CC,1985ApJ___288__494C,no survey
Bol 456,SHASSA C,1985ApJ___288__494C,no survey
Bol 456,SHASSA Sm,1985ApJ___288__494C,no survey
Cl Trumpler   16    59,Mellinger Red,1993AJ____105_1822C,exception
Cl Trumpler   16    59,Mellinger Green,1993AJ____105_1822C,exception
Cl Trumpler   16    59,Mellinger Blue,1993AJ____105_1822C,exception
Cl Trumpler   16    59,SHASSA H,1993AJ____105_1822C,no survey
Cl Trumpler   16    59,SHASSA CC,1993AJ____105_1822C,no survey
Cl Trumpler   16    59,SHASSA C,1993AJ____105_1822C,no survey
Cl Trumpler   16    59,SHASSA Sm,1993AJ____105_1822C,no survey
NGC  6369,Mellinger Red,1988ApJ___326__368P,exception
NGC  6369,Mellinger Green,1988ApJ___326__368P,exception
NGC  6369,Mellinger Blue,1988ApJ___326__368P,exception
NGC  6369,SHASSA H,1988ApJ___326__368P,no survey
NGC  6369,SHASSA CC,1988ApJ___326__368P,no survey
NGC  6369,SHASSA C,1988ApJ___326__368P,no survey
NGC  6369,SHASSA Sm,1988ApJ___326__368P,no survey
[SC96] GC 264,DSS2 Blue,1996ApJS__104__101S,no survey
ICRF J020157.1-113233,Mellinger Red,1968ApJ___154L_101S,exception
ICRF J020157.1-113233,Mellinger Green,1968ApJ___154L_101S,exception
ICRF J020157.1-113233,Mellinger Blue,1968ApJ___154L_101S,exception
ICRF J020157.1-113233,SHASSA H,1968ApJ___154L_101S,no survey
ICRF J020157.1-113233,SHASSA CC,1968ApJ___154L_101S,no survey
ICRF J020157.1-113233,SHASSA C,1968ApJ___154L_101S,no survey
ICRF J020157.1-113233,SHASSA Sm,1968ApJ___154L_101S,no survey
ACO  2151,Mellinger Red,1977ApJ___211__684T,exception
ACO  2151,Mellinger Green,1977ApJ___211__684T,exception
ACO  2151,Mellinger Blue,1977ApJ___211__684T,exception
ACO  2151,SHASSA H,1977ApJ___211__684T,no survey
ACO  2151,SHASSA CC,1977ApJ___211__684T,no survey
ACO  2151,SHASSA C,1977ApJ___211__684T,no survey
ACO  2151,SHASSA Sm,1977ApJ___211__684T,no survey
3C 196,Mellinger Red,1988ApJS___68__643B,exception
3C 196,Mellinger Green,1988ApJS___68__643B,exception
3C 196,Mellinger Blue,1988ApJS___68__643B,exception
3C 196,SHASSA H,1988ApJS___68__643B,no survey
3C 196,SHASSA CC,1988ApJS___68__643B,no survey
3C 196,SHASSA C,1988ApJS___68__643B,no survey
3C 196,SHASSA Sm,1988ApJS___68__643B,no survey
IC 4845,DSS1 Blue,1993AJ____106_1394B,no survey
IC 4845,DSS1 Red,1993AJ____106_1394B,no survey
NGC  1855,DSS1 Blue,1989AJ_____98__590K,no survey
NGC  1855,DSS1 Red,1989AJ_____98__590K,no survey
NGC  1855,DSS2 Blue,1989AJ_____98__590K,no survey
SNR G029.7-00.2,VLA FIRST (1.4 GHz),1989ApJS___70__181A,no survey
SNR G029.7-00.2,Stripe82VLA,1989ApJS___70__181A,no survey
AGC 120682,Mellinger Red,1992ApJ___400__410B,exception
AGC 120682,Mellinger Green,1992ApJ___400__410B,exception
AGC 120682,Mellinger Blue,1992ApJ___400__410B,exception
AGC 120682,SHASSA H,1992ApJ___400__410B,no survey
AGC 120682,SHASSA CC,1992ApJ___400__410B,no survey
AGC 120682,SHASSA C,1992ApJ___400__410B,no survey
AGC 120682,SHASSA Sm,1992ApJ___400__410B,no survey
[VV2006] J110152.8+003249,Mellinger Red,1991AJ____101_1183C,exception
[VV2006] J110152.8+003249,Mellinger Green,1991AJ____101_1183C,exception
[VV2006] J110152.8+003249,Mellinger Blue,1991AJ____101_1183C,exception
[VV2006] J110152.8+003249,SHASSA H,1991AJ____101_1183C,no survey
[VV2006] J110152.8+003249,SHASSA CC,1991AJ____101_1183C,no survey
[VV2006] J110152.8+003249,SHASSA C,1991AJ____101_1183C,no survey
[VV2006] J110152.8+003249,SHASSA Sm,1991AJ____101_1183C,no survey
[GMP94] 307,DSS1 Blue,1994AJ____108_1256G,no survey
[GMP94] 307,DSS1 Red,1994AJ____108_1256G,no survey
[GMP94] 307,DSS2 Blue,1994AJ____108_1256G,no survey
Cl* NGC 2682   SAND     986,Mellinger Red,1991AJ____101__541G,exception
Cl* NGC 2682   SAND     986,Mellinger Green,1991AJ____101__541G,exception
Cl* NGC 2682   SAND     986,Mellinger Blue,1991AJ____101__541G,exception
Cl* NGC 2682   SAND     986,SHASSA H,1991AJ____101__541G,no survey
Cl* NGC 2682   SAND     986,SHASSA CC,1991AJ____101__541G,no survey
Cl* NGC 2682   SAND     986,SHASSA C,1991AJ____101__541G,no survey
Cl* NGC 2682   SAND     986,SHASSA Sm,1991AJ____101__541G,no survey
LMC-BM  21-17,Mellinger Red,1990AJ____100__674B,exception
LMC-BM  21-17,Mellinger Green,1990AJ____100__674B,exception
LMC-BM  21-17,Mellinger Blue,1990AJ____100__674B,exception
LMC-BM  21-17,SHASSA H,1990AJ____100__674B,no survey
LMC-BM  21-17,SHASSA CC,1990AJ____100__674B,no survey
LMC-BM  21-17,SHASSA C,1990AJ____100__674B,no survey
LMC-BM  21-17,SHASSA Sm,1990AJ____100__674B,no survey
NAME LMC,DSS1 Blue,1996ApJ___468__633H,no survey
NAME LMC,DSS1 Red,1996ApJ___468__633H,no survey
NAME LMC,DSS2 Blue,1996ApJ___468__633H,no survey
CD-55  6678,Mellinger Red,1968AJ_____73__590D,exception
CD-55  6678,Mellinger Green,1968AJ_____73__590D,exception
CD-55  6678,Mellinger Blue,1968AJ_____73__590D,exception
CD-55  6678,SHASSA H,1968AJ_____73__590D,no survey
CD-55  6678,SHASSA CC,1968AJ_____73__590D,no survey
CD-55  6678,SHASSA C,1968AJ_____73__590D,no survey
CD-55  6678,SHASSA Sm,1968AJ_____73__590D,no survey
SNR G015.0-00.6,DSS2 Blue,1972ApJS___24___49R,no survey
NGC  7790   146,Mellinger Red,1984ApJ___286__563P,exception
NGC  7790   146,Mellinger Green,1984ApJ___286__563P,exception
NGC  7790   146,Mellinger Blue,1984ApJ___286__563P,exception
NGC  7790   146,SHASSA H,1984ApJ___286__563P,no survey
NGC  7790   146,SHASSA CC,1984ApJ___286__563P,no survey
NGC  7790   146,SHASSA C,1984ApJ___286__563P,no survey
NGC  7790   146,SHASSA Sm,1984ApJ___286__563P,no survey
HD 107193,Mellinger Red,1912ApJ____36__169P,exception
HD 107193,Mellinger Green,1912ApJ____36__169P,exception
HD 107193,Mellinger Blue,1912ApJ____36__169P,exception
HD 107193,SHASSA H,1912ApJ____36__169P,no survey
HD 107193,SHASSA CC,1912ApJ____36__169P,no survey
HD 107193,SHASSA C,1912ApJ____36__169P,no survey
HD 107193,SHASSA Sm,1912ApJ____36__169P,no survey
PGMW 1375,DSS1 Blue,1992AJ____103_1205P,no survey
PGMW 1375,DSS1 Red,1992AJ____103_1205P,no survey
[H69] NGC 3184  51,DSS,1969ApJS___18___73H,no survey
[H69] NGC 3184  51,DSS1 Blue,1969ApJS___18___73H,no survey
[H69] NGC 3184  51,DSS1 Red,1969ApJS___18___73H,no survey
[H69] NGC 3184  51,DSS2 Red,1969ApJS___18___73H,no survey
[H69] NGC 3184  51,DSS2 Blue,1969ApJS___18___73H,no survey
[H69] NGC 3184  51,DSS2 IR,1969ApJS___18___73H,no survey
US 1347,Mellinger Red,1982ApJS___49___27U,exception
US 1347,Mellinger Green,1982ApJS___49___27U,exception
US 1347,Mellinger Blue,1982ApJS___49___27U,exception
US 1347,SHASSA H,1982ApJS___49___27U,no survey
US 1347,SHASSA CC,1982ApJS___49___27U,no survey
US 1347,SHASSA C,1982ApJS___49___27U,no survey
US 1347,SHASSA Sm,1982ApJS___49___27U,no survey
SNR G006.4-00.1,DSS2 Blue,1987ApJ___314__203H,no survey
EM* AS  505,Mellinger Red,1959ApJ___130___69B,exception
EM* AS  505,Mellinger Green,1959ApJ___130___69B,exception
EM* AS  505,Mellinger Blue,1959ApJ___130___69B,exception
EM* AS  505,SHASSA H,1959ApJ___130___69B,no survey
EM* AS  505,SHASSA CC,1959ApJ___130___69B,no survey
EM* AS  505,SHASSA C,1959ApJ___130___69B,no survey
EM* AS  505,SHASSA Sm,1959ApJ___130___69B,no survey
LMC-BM  32-20,DSS1 Blue,1990AJ____100__674B,no survey
LMC-BM  32-20,DSS1 Red,1990AJ____100__674B,no survey
M  58,SUMSS 843 MHz,1982ApJS___50____1W,no survey
M  58,WENSS,1982ApJS___50____1W,no survey
V* BH CVn,Mellinger Red,1994ApJS___90__433F,exception
V* BH CVn,Mellinger Green,1994ApJS___90__433F,exception
V* BH CVn,Mellinger Blue,1994ApJS___90__433F,exception
V* BH CVn,SHASSA H,1994ApJS___90__433F,no survey
V* BH CVn,SHASSA CC,1994ApJS___90__433F,no survey
V* BH CVn,SHASSA C,1994ApJS___90__433F,no survey
V* BH CVn,SHASSA Sm,1994ApJS___90__433F,no survey
LEDA   89873,IRAS  12 micron,1996AJ____111_1025M,no images
LEDA   89873,IRAS  25 micron,1996AJ____111_1025M,no images
LEDA   89873,IRAS  60 micron,1996AJ____111_1025M,no images
LEDA   89873,IRAS 100 micron,1996AJ____111_1025M,no survey
SHV 0549349-702836,Mellinger Red,1989AJ_____97_1634H,exception
SHV 0549349-702836,Mellinger Green,1989AJ_____97_1634H,exception
SHV 0549349-702836,Mellinger Blue,1989AJ_____97_1634H,exception
SHV 0549349-702836,SHASSA H,1989AJ_____97_1634H,no survey
SHV 0549349-702836,SHASSA CC,1989AJ_____97_1634H,no survey
SHV 0549349-702836,SHASSA C,1989AJ_____97_1634H,no survey
SHV 0549349-702836,SHASSA Sm,1989AJ_____97_1634H,no survey
PG 1729+272,Mellinger Red,1986ApJS___61__305G,exception
PG 1729+272,Mellinger Green,1986ApJS___61__305G,exception
PG 1729+272,Mellinger Blue,1986ApJS___61__305G,exception
PG 1729+272,SHASSA H,1986ApJS___61__305G,no survey
PG 1729+272,SHASSA CC,1986ApJS___61__305G,no survey
PG 1729+272,SHASSA C,1986ApJS___61__305G,no survey
PG 1729+272,SHASSA Sm,1986ApJS___61__305G,no survey
CD-36 13163,Mellinger Red,1997AJ____114_1544W,exception
CD-36 13163,Mellinger Green,1997AJ____114_1544W,exception
CD-36 13163,Mellinger Blue,1997AJ____114_1544W,exception
CD-36 13163,SHASSA H,1997AJ____114_1544W,no survey
CD-36 13163,SHASSA CC,1997AJ____114_1544W,no survey
CD-36 13163,SHASSA C,1997AJ____114_1544W,no survey
CD-36 13163,SHASSA Sm,1997AJ____114_1544W,no survey
LBQS 0058+0155,Mellinger Red,1978ApJ___221__468S,exception
LBQS 0058+0155,Mellinger Green,1978ApJ___221__468S,exception
LBQS 0058+0155,Mellinger Blue,1978ApJ___221__468S,exception
LBQS 0058+0155,SHASSA H,1978ApJ___221__468S,no survey
LBQS 0058+0155,SHASSA CC,1978ApJ___221__468S,no survey
LBQS 0058+0155,SHASSA C,1978ApJ___221__468S,no survey
LBQS 0058+0155,SHASSA Sm,1978ApJ___221__468S,no survey
2MASX J02590063+1336373,Mellinger Red,1977ApJ___212____8H,exception
2MASX J02590063+1336373,Mellinger Green,1977ApJ___212____8H,exception
2MASX J02590063+1336373,Mellinger Blue,1977ApJ___212____8H,exception
2MASX J02590063+1336373,SHASSA H,1977ApJ___212____8H,no survey
2MASX J02590063+1336373,SHASSA CC,1977ApJ___212____8H,no survey
2MASX J02590063+1336373,SHASSA C,1977ApJ___212____8H,no survey
2MASX J02590063+1336373,SHASSA Sm,1977ApJ___212____8H,no survey
SCMS  168,DSS1 Blue,1995AJ____110_2747S,no survey
SCMS  168,DSS1 Red,1995AJ____110_2747S,no survey
* alf Boo,Mellinger Red,1967ApJ___147__117W,exception
* alf Boo,Mellinger Green,1967ApJ___147__117W,exception
* alf Boo,Mellinger Blue,1967ApJ___147__117W,exception
* alf Boo,SHASSA H,1967ApJ___147__117W,no survey
* alf Boo,SHASSA CC,1967ApJ___147__117W,no survey
* alf Boo,SHASSA C,1967ApJ___147__117W,no survey
* alf Boo,SHASSA Sm,1967ApJ___147__117W,no survey
SB 715,Mellinger Red,1971AJ_____76__338S,exception
SB 715,Mellinger Green,1971AJ_____76__338S,exception
SB 715,Mellinger Blue,1971AJ_____76__338S,exception
SB 715,SHASSA H,1971AJ_____76__338S,no survey
SB 715,SHASSA CC,1971AJ_____76__338S,no survey
SB 715,SHASSA C,1971AJ_____76__338S,no survey
SB 715,SHASSA Sm,1971AJ_____76__338S,no survey
BASW 446,Mellinger Red,1965AJ_____70__212B,exception
BASW 446,Mellinger Green,1965AJ_____70__212B,exception
BASW 446,Mellinger Blue,1965AJ_____70__212B,exception
BASW 446,SHASSA H,1965AJ_____70__212B,no survey
BASW 446,SHASSA CC,1965AJ_____70__212B,no survey
BASW 446,SHASSA C,1965AJ_____70__212B,no survey
BASW 446,SHASSA Sm,1965AJ_____70__212B,no survey
V* V2189 Cyg,VLA FIRST (1.4 GHz),1991AJ____101_1408M,no survey
V* V2189 Cyg,Stripe82VLA,1991AJ____101_1408M,no survey
Cl* NGC 6791    KIN      n,DSS,1965ApJ___142__655K,no survey
Cl* NGC 6791    KIN      n,DSS1 Blue,1965ApJ___142__655K,no survey
Cl* NGC 6791    KIN      n,DSS1 Red,1965ApJ___142__655K,no survey
Cl* NGC 6791    KIN      n,DSS2 Red,1965ApJ___142__655K,no survey
Cl* NGC 6791    KIN      n,DSS2 Blue,1965ApJ___142__655K,no survey
Cl* NGC 6791    KIN      n,DSS2 IR,1965ApJ___142__655K,no survey
*  10 Lac,GOODS: Chandra ACIS HB,1990AJ_____99__323B,no survey
*  10 Lac,GOODS: Chandra ACIS FB,1990AJ_____99__323B,no survey
*  10 Lac,GOODS: Chandra ACIS SB,1990AJ_____99__323B,no survey
*  10 Lac,GOODS: VLT VIMOS U,1990AJ_____99__323B,no survey
*  10 Lac,GOODS: VLT VIMOS R,1990AJ_____99__323B,no survey
*  10 Lac,GOODS: HST ACS B,1990AJ_____99__323B,no survey
*  10 Lac,GOODS: HST ACS V,1990AJ_____99__323B,no survey
*  10 Lac,GOODS: HST ACS I,1990AJ_____99__323B,no survey
*  10 Lac,GOODS: HST ACS Z,1990AJ_____99__323B,no survey
*  10 Lac,Hawaii HDF U,1990AJ_____99__323B,no survey
*  10 Lac,Hawaii HDF B,1990AJ_____99__323B,no survey
*  10 Lac,Hawaii HDF V0201,1990AJ_____99__323B,no survey
*  10 Lac,Hawaii HDF V0401,1990AJ_____99__323B,no survey
*  10 Lac,Hawaii HDF R,1990AJ_____99__323B,no survey
*  10 Lac,Hawaii HDF I,1990AJ_____99__323B,no survey
*  10 Lac,Hawaii HDF z,1990AJ_____99__323B,no survey
*  10 Lac,Hawaii HDF HK,1990AJ_____99__323B,no images
*  10 Lac,GOODS: HST NICMOS,1990AJ_____99__323B,no survey
*  10 Lac,GOODS: VLT ISAAC J,1990AJ_____99__323B,no survey
*  10 Lac,GOODS: VLT ISAAC H,1990AJ_____99__323B,no survey
*  10 Lac,GOODS: VLT ISAAC Ks,1990AJ_____99__323B,no survey
*  10 Lac,HUDF: VLT ISAAC Ks,1990AJ_____99__323B,no survey
*  10 Lac,GOODS: Spitzer IRAC 3.6,1990AJ_____99__323B,no survey
*  10 Lac,GOODS: Spitzer IRAC 4.5,1990AJ_____99__323B,no survey
*  10 Lac,GOODS: Spitzer IRAC 5.8,1990AJ_____99__323B,no survey
*  10 Lac,GOODS: Spitzer IRAC 8.0,1990AJ_____99__323B,no survey
*  10 Lac,GOODS: Spitzer MIPS 24,1990AJ_____99__323B,no survey
*  10 Lac,GOODS: Herschel 100,1990AJ_____99__323B,no survey
*  10 Lac,GOODS: Herschel 160,1990AJ_____99__323B,no survey
*  10 Lac,GOODS: Herschel 250,1990AJ_____99__323B,no survey
*  10 Lac,GOODS: Herschel 350,1990AJ_____99__323B,no survey
*  10 Lac,GOODS: Herschel 500,1990AJ_____99__323B,no survey
*  10 Lac,CDFS: LESS,1990AJ_____99__323B,no survey
*  10 Lac,GOODS: VLA North,1990AJ_____99__323B,no survey
NGC  7052,Mellinger Red,1978ApJ___221__456C,exception
NGC  7052,Mellinger Green,1978ApJ___221__456C,exception
NGC  7052,Mellinger Blue,1978ApJ___221__456C,exception
NGC  7052,SHASSA H,1978ApJ___221__456C,no survey
NGC  7052,SHASSA CC,1978ApJ___221__456C,no survey
NGC  7052,SHASSA C,1978ApJ___221__456C,no survey
NGC  7052,SHASSA Sm,1978ApJ___221__456C,no survey
V* V1328 Ori,Mellinger Red,1988AJ_____95_1755J,exception
V* V1328 Ori,Mellinger Green,1988AJ_____95_1755J,exception
V* V1328 Ori,Mellinger Blue,1988AJ_____95_1755J,exception
V* V1328 Ori,SHASSA H,1988AJ_____95_1755J,no survey
V* V1328 Ori,SHASSA CC,1988AJ_____95_1755J,no survey
V* V1328 Ori,SHASSA C,1988AJ_____95_1755J,no survey
V* V1328 Ori,SHASSA Sm,1988AJ_____95_1755J,no survey
*  64 Aql,Mellinger Red,1971ApJ___163___75S,exception
*  64 Aql,Mellinger Green,1971ApJ___163___75S,exception
*  64 Aql,Mellinger Blue,1971ApJ___163___75S,exception
*  64 Aql,SHASSA H,1971ApJ___163___75S,no survey
*  64 Aql,SHASSA CC,1971ApJ___163___75S,no survey
*  64 Aql,SHASSA C,1971ApJ___163___75S,no survey
*  64 Aql,SHASSA Sm,1971ApJ___163___75S,no survey
SCMS  499,DSS1 Blue,1995AJ____110_2747S,no survey
SCMS  499,DSS1 Red,1995AJ____110_2747S,no survey
2MASS J04565104-6624521,Mellinger Red,1992AJ____103_1205P,exception
2MASS J04565104-6624521,Mellinger Green,1992AJ____103_1205P,exception
2MASS J04565104-6624521,Mellinger Blue,1992AJ____103_1205P,exception
2MASS J04565104-6624521,SHASSA H,1992AJ____103_1205P,no survey
2MASS J04565104-6624521,SHASSA CC,1992AJ____103_1205P,no survey
2MASS J04565104-6624521,SHASSA C,1992AJ____103_1205P,no survey
2MASS J04565104-6624521,SHASSA Sm,1992AJ____103_1205P,no survey
V* R Aqr,Mellinger Red,1986AJ_____91_1400G,exception
V* R Aqr,Mellinger Green,1986AJ_____91_1400G,exception
V* R Aqr,Mellinger Blue,1986AJ_____91_1400G,exception
V* R Aqr,SHASSA H,1986AJ_____91_1400G,no survey
V* R Aqr,SHASSA CC,1986AJ_____91_1400G,no survey
V* R Aqr,SHASSA C,1986AJ_____91_1400G,no survey
V* R Aqr,SHASSA Sm,1986AJ_____91_1400G,no survey
NGC  2287    66,Mellinger Red,1954ApJ___119__188C,exception
NGC  2287    66,Mellinger Green,1954ApJ___119__188C,exception
NGC  2287    66,Mellinger Blue,1954ApJ___119__188C,exception
NGC  2287    66,SHASSA H,1954ApJ___119__188C,no survey
NGC  2287    66,SHASSA CC,1954ApJ___119__188C,no survey
NGC  2287    66,SHASSA C,1954ApJ___119__188C,no survey
NGC  2287    66,SHASSA Sm,1954ApJ___119__188C,no survey
NGC  7790     6,Mellinger Red,1958ApJ___128__150S,exception
NGC  7790     6,Mellinger Green,1958ApJ___128__150S,exception
NGC  7790     6,Mellinger Blue,1958ApJ___128__150S,exception
NGC  7790     6,SHASSA H,1958ApJ___128__150S,no survey
NGC  7790     6,SHASSA CC,1958ApJ___128__150S,no survey
NGC  7790     6,SHASSA C,1958ApJ___128__150S,no survey
NGC  7790     6,SHASSA Sm,1958ApJ___128__150S,no survey
* pi. Cap,Mellinger Red,1914ApJ____40___43K,exception
* pi. Cap,Mellinger Green,1914ApJ____40___43K,exception
* pi. Cap,Mellinger Blue,1914ApJ____40___43K,exception
* pi. Cap,SHASSA H,1914ApJ____40___43K,no survey
* pi. Cap,SHASSA CC,1914ApJ____40___43K,no survey
* pi. Cap,SHASSA C,1914ApJ____40___43K,no survey
* pi. Cap,SHASSA Sm,1914ApJ____40___43K,no survey
[DB2002b] G236.69-34.00,DSS1 Blue,1988ApJ___334__815D,no survey
[DB2002b] G236.69-34.00,DSS1 Red,1988ApJ___334__815D,no survey
[VV2006] J142501.5+382100,Mellinger Red,1989ApJS___70__163P,exception
[VV2006] J142501.5+382100,Mellinger Green,1989ApJS___70__163P,exception
[VV2006] J142501.5+382100,Mellinger Blue,1989ApJS___70__163P,exception
[VV2006] J142501.5+382100,SHASSA H,1989ApJS___70__163P,no survey
[VV2006] J142501.5+382100,SHASSA CC,1989ApJS___70__163P,no survey
[VV2006] J142501.5+382100,SHASSA C,1989ApJS___70__163P,no survey
[VV2006] J142501.5+382100,SHASSA Sm,1989ApJS___70__163P,no survey
[SC96] GC 599,DSS1 Blue,1996ApJS__104__101S,no survey
[SC96] GC 599,DSS1 Red,1996ApJS__104__101S,no survey
[SC96] GC 599,DSS2 Blue,1996ApJS__104__101S,no survey
2C   26,Mellinger Red,1983AJ_____88__709H,exception
2C   26,Mellinger Green,1983AJ_____88__709H,exception
2C   26,Mellinger Blue,1983AJ_____88__709H,exception
2C   26,SHASSA H,1983AJ_____88__709H,no survey
2C   26,SHASSA CC,1983AJ_____88__709H,no survey
2C   26,SHASSA C,1983AJ_____88__709H,no survey
2C   26,SHASSA Sm,1983AJ_____88__709H,no survey
EDCC 154,DSS1 Blue,1996AJ____112_2454L,no survey
EDCC 154,DSS1 Red,1996AJ____112_2454L,no survey
PGMW 3245,DSS1 Blue,1992AJ____103_1205P,no survey
PGMW 3245,DSS1 Red,1992AJ____103_1205P,no survey
BD+22  1268,Mellinger Red,1964ApJ___139__493P,exception
BD+22  1268,Mellinger Green,1964ApJ___139__493P,exception
BD+22  1268,Mellinger Blue,1964ApJ___139__493P,exception
BD+22  1268,SHASSA H,1964ApJ___139__493P,no survey
BD+22  1268,SHASSA CC,1964ApJ___139__493P,no survey
BD+22  1268,SHASSA C,1964ApJ___139__493P,no survey
BD+22  1268,SHASSA Sm,1964ApJ___139__493P,no survey
V* RT Hya,Mellinger Red,1995ApJS___98__701C,exception
V* RT Hya,Mellinger Green,1995ApJS___98__701C,exception
V* RT Hya,Mellinger Blue,1995ApJS___98__701C,exception
V* RT Hya,SHASSA H,1995ApJS___98__701C,no survey
V* RT Hya,SHASSA CC,1995ApJS___98__701C,no survey
V* RT Hya,SHASSA C,1995ApJS___98__701C,no survey
V* RT Hya,SHASSA Sm,1995ApJS___98__701C,no survey
SB 879,Mellinger Red,1971AJ_____76__338S,exception
SB 879,Mellinger Green,1971AJ_____76__338S,exception
SB 879,Mellinger Blue,1971AJ_____76__338S,exception
SB 879,SHASSA H,1971AJ_____76__338S,no survey
SB 879,SHASSA CC,1971AJ_____76__338S,no survey
SB 879,SHASSA C,1971AJ_____76__338S,no survey
SB 879,SHASSA Sm,1971AJ_____76__338S,no survey
[TP95] NGC  1566 252,DSS1 Blue,1995ApJS__101__287T,no survey
[TP95] NGC  1566 252,DSS1 Red,1995ApJS__101__287T,no survey
HD 269891,DSS1 Blue,1977ApJ___215___53W,no survey
HD 269891,DSS1 Red,1977ApJ___215___53W,no survey
LEDA  127612,Mellinger Red,1995ApJS___96___39B,exception
LEDA  127612,Mellinger Green,1995ApJS___96___39B,exception
LEDA  127612,Mellinger Blue,1995ApJS___96___39B,exception
LEDA  127612,SHASSA H,1995ApJS___96___39B,no survey
LEDA  127612,SHASSA CC,1995ApJS___96___39B,no survey
LEDA  127612,SHASSA C,1995ApJS___96___39B,no survey
LEDA  127612,SHASSA Sm,1995ApJS___96___39B,no survey
HD  14605,Mellinger Red,1933ApJ____78___87M,exception
HD  14605,Mellinger Green,1933ApJ____78___87M,exception
HD  14605,Mellinger Blue,1933ApJ____78___87M,exception
HD  14605,SHASSA H,1933ApJ____78___87M,no survey
HD  14605,SHASSA CC,1933ApJ____78___87M,no survey
HD  14605,SHASSA C,1933ApJ____78___87M,no survey
HD  14605,SHASSA Sm,1933ApJ____78___87M,no survey
NGC  6624,DSS2 Blue,1980ApJ___239L__61S,no survey
M  66,CO,1962ApJ___135____1M,no survey
M  66,VLA FIRST (1.4 GHz),1962ApJ___135____1M,exception
M  66,Stripe82VLA,1962ApJ___135____1M,no survey
*  35 Peg,Mellinger Red,1982ApJ___260__655Z,exception
*  35 Peg,Mellinger Green,1982ApJ___260__655Z,exception
*  35 Peg,Mellinger Blue,1982ApJ___260__655Z,exception
*  35 Peg,SHASSA H,1982ApJ___260__655Z,no survey
*  35 Peg,SHASSA CC,1982ApJ___260__655Z,no survey
*  35 Peg,SHASSA C,1982ApJ___260__655Z,no survey
*  35 Peg,SHASSA Sm,1982ApJ___260__655Z,no survey
NGC  1741,Mellinger Red,1991AJ____101_1957W,exception
NGC  1741,Mellinger Green,1991AJ____101_1957W,exception
NGC  1741,Mellinger Blue,1991AJ____101_1957W,exception
NGC  1741,SHASSA H,1991AJ____101_1957W,no survey
NGC  1741,SHASSA CC,1991AJ____101_1957W,no survey
NGC  1741,SHASSA C,1991AJ____101_1957W,no survey
NGC  1741,SHASSA Sm,1991AJ____101_1957W,no survey
Cl* Westerlund    2    MSP     168,Mellinger Red,1991AJ____102__642M,exception
Cl* Westerlund    2    MSP     168,Mellinger Green,1991AJ____102__642M,exception
Cl* Westerlund    2    MSP     168,Mellinger Blue,1991AJ____102__642M,exception
Cl* Westerlund    2    MSP     168,SHASSA H,1991AJ____102__642M,no survey
Cl* Westerlund    2    MSP     168,SHASSA CC,1991AJ____102__642M,no survey
Cl* Westerlund    2    MSP     168,SHASSA C,1991AJ____102__642M,no survey
Cl* Westerlund    2    MSP     168,SHASSA Sm,1991AJ____102__642M,no survey
IFM-R 383,Mellinger Red,1993ApJS___89___85I,exception
IFM-R 383,Mellinger Green,1993ApJS___89___85I,exception
IFM-R 383,Mellinger Blue,1993ApJS___89___85I,exception
IFM-R 383,SHASSA H,1993ApJS___89___85I,no survey
IFM-R 383,SHASSA CC,1993ApJS___89___85I,no survey
IFM-R 383,SHASSA C,1993ApJS___89___85I,no survey
IFM-R 383,SHASSA Sm,1993ApJS___89___85I,no survey
SB 844,DSS1 Blue,1971AJ_____76__338S,no survey
HD 162349,DSS1 Blue,1995AJ____110_1229P,no survey
HD 162349,DSS1 Red,1995AJ____110_1229P,no survey
HD 162349,DSS2 Blue,1995AJ____110_1229P,no survey
MCG-04-33-015,Mellinger Red,1991AJ____101__410S,exception
MCG-04-33-015,Mellinger Green,1991AJ____101__410S,exception
MCG-04-33-015,Mellinger Blue,1991AJ____101__410S,exception
MCG-04-33-015,SHASSA H,1991AJ____101__410S,no survey
MCG-04-33-015,SHASSA CC,1991AJ____101__410S,no survey
MCG-04-33-015,SHASSA C,1991AJ____101__410S,no survey
MCG-04-33-015,SHASSA Sm,1991AJ____101__410S,no survey
NGC  4151,Mellinger Red,1985AJ_____90__197B,exception
NGC  4151,Mellinger Green,1985AJ_____90__197B,exception
NGC  4151,Mellinger Blue,1985AJ_____90__197B,exception
NGC  4151,SHASSA H,1985AJ_____90__197B,no survey
NGC  4151,SHASSA CC,1985AJ_____90__197B,no survey
NGC  4151,SHASSA C,1985AJ_____90__197B,no survey
NGC  4151,SHASSA Sm,1985AJ_____90__197B,no survey
NGC  4809,Mellinger Red,1984ApJ___281___31T,exception
NGC  4809,Mellinger Green,1984ApJ___281___31T,exception
NGC  4809,Mellinger Blue,1984ApJ___281___31T,exception
NGC  4809,SHASSA H,1984ApJ___281___31T,no survey
NGC  4809,SHASSA CC,1984ApJ___281___31T,no survey
NGC  4809,SHASSA C,1984ApJ___281___31T,no survey
NGC  4809,SHASSA Sm,1984ApJ___281___31T,no survey
NGC  4060,Mellinger Red,1988AJ_____95_1340D,exception
NGC  4060,Mellinger Green,1988AJ_____95_1340D,exception
NGC  4060,Mellinger Blue,1988AJ_____95_1340D,exception
NGC  4060,SHASSA H,1988AJ_____95_1340D,no survey
NGC  4060,SHASSA CC,1988AJ_____95_1340D,no survey
NGC  4060,SHASSA C,1988AJ_____95_1340D,no survey
NGC  4060,SHASSA Sm,1988AJ_____95_1340D,no survey
IFM-B  894,DSS1 Blue,1993ApJS___89___85I,no survey
[SC96] GC  84,DSS1 Blue,1996ApJS__104__101S,no survey
[SC96] GC  84,DSS1 Red,1996ApJS__104__101S,no survey
[SC96] GC  84,DSS2 Blue,1996ApJS__104__101S,no survey
V* EP Lyr,Mellinger Red,1951ApJ___113___60R,exception
V* EP Lyr,Mellinger Green,1951ApJ___113___60R,exception
V* EP Lyr,Mellinger Blue,1951ApJ___113___60R,exception
V* EP Lyr,SHASSA H,1951ApJ___113___60R,no survey
V* EP Lyr,SHASSA CC,1951ApJ___113___60R,no survey
V* EP Lyr,SHASSA C,1951ApJ___113___60R,no survey
V* EP Lyr,SHASSA Sm,1951ApJ___113___60R,no survey
HD  31841,DSS1 Blue,1993AJ____105_1886S,no survey
HD  31841,DSS1 Red,1993AJ____105_1886S,no survey
US 2581,SHASSA H,1984ApJS___56__393H,no survey
US 2581,SHASSA CC,1984ApJS___56__393H,no survey
US 2581,SHASSA C,1984ApJS___56__393H,no survey
US 2581,SHASSA Sm,1984ApJS___56__393H,no survey
LHA 120-N  14,TESS,1986ApJ___306__130K,no survey
LHA 120-N  14,Mellinger Red,1986ApJ___306__130K,exception
LHA 120-N  14,Mellinger Green,1986ApJ___306__130K,exception
LHA 120-N  14,Mellinger Blue,1986ApJ___306__130K,exception
LHA 120-N  14,SHASSA H,1986ApJ___306__130K,no survey
LHA 120-N  14,SHASSA CC,1986ApJ___306__130K,no survey
LHA 120-N  14,SHASSA C,1986ApJ___306__130K,no survey
LHA 120-N  14,SHASSA Sm,1986ApJ___306__130K,no survey
StRS  80,Mellinger Red,1992AJ____103__263S,exception
StRS  80,Mellinger Green,1992AJ____103__263S,exception
StRS  80,Mellinger Blue,1992AJ____103__263S,exception
StRS  80,SHASSA H,1992AJ____103__263S,no survey
StRS  80,SHASSA CC,1992AJ____103__263S,no survey
StRS  80,SHASSA C,1992AJ____103__263S,no survey
StRS  80,SHASSA Sm,1992AJ____103__263S,no survey
BD+07  4096,Mellinger Red,1949ApJ___109__426M,exception
BD+07  4096,Mellinger Green,1949ApJ___109__426M,exception
BD+07  4096,Mellinger Blue,1949ApJ___109__426M,exception
BD+07  4096,SHASSA H,1949ApJ___109__426M,no survey
BD+07  4096,SHASSA CC,1949ApJ___109__426M,no survey
BD+07  4096,SHASSA C,1949ApJ___109__426M,no survey
BD+07  4096,SHASSA Sm,1949ApJ___109__426M,no survey
V* RS Pup,Mellinger Red,1975AJ_____80__208V,exception
V* RS Pup,Mellinger Green,1975AJ_____80__208V,exception
V* RS Pup,Mellinger Blue,1975AJ_____80__208V,exception
V* RS Pup,SHASSA H,1975AJ_____80__208V,no survey
V* RS Pup,SHASSA CC,1975AJ_____80__208V,no survey
V* RS Pup,SHASSA C,1975AJ_____80__208V,no survey
V* RS Pup,SHASSA Sm,1975AJ_____80__208V,no survey
HD  52081,Mellinger Red,1974AJ_____79_1022C,exception
HD  52081,Mellinger Green,1974AJ_____79_1022C,exception
HD  52081,Mellinger Blue,1974AJ_____79_1022C,exception
HD  52081,SHASSA H,1974AJ_____79_1022C,no survey
HD  52081,SHASSA CC,1974AJ_____79_1022C,no survey
HD  52081,SHASSA C,1974AJ_____79_1022C,no survey
HD  52081,SHASSA Sm,1974AJ_____79_1022C,no survey
HD 169119,DSS2 Blue,1984ApJS___55__101C,no survey
*  27 Mon,Mellinger Red,1982ApJ___260__655Z,exception
*  27 Mon,Mellinger Green,1982ApJ___260__655Z,exception
*  27 Mon,Mellinger Blue,1982ApJ___260__655Z,exception
*  27 Mon,SHASSA H,1982ApJ___260__655Z,no survey
*  27 Mon,SHASSA CC,1982ApJ___260__655Z,no survey
*  27 Mon,SHASSA C,1982ApJ___260__655Z,no survey
*  27 Mon,SHASSA Sm,1982ApJ___260__655Z,no survey
HD 173740,Mellinger Red,1996AJ____112_2238S,exception
HD 173740,Mellinger Green,1996AJ____112_2238S,exception
HD 173740,Mellinger Blue,1996AJ____112_2238S,exception
HD 173740,SHASSA H,1996AJ____112_2238S,no survey
HD 173740,SHASSA CC,1996AJ____112_2238S,no survey
HD 173740,SHASSA C,1996AJ____112_2238S,no survey
HD 173740,SHASSA Sm,1996AJ____112_2238S,no survey
Bol D150,SHASSA H,1992AJ____103__824R,no survey
Bol D150,SHASSA CC,1992AJ____103__824R,no survey
Bol D150,SHASSA C,1992AJ____103__824R,no survey
Bol D150,SHASSA Sm,1992AJ____103__824R,no survey
Cl* NGC 7078     SS      11,DSS,1995AJ____110__704S,no survey
Cl* NGC 7078     SS      11,DSS1 Blue,1995AJ____110__704S,no survey
Cl* NGC 7078     SS      11,DSS1 Red,1995AJ____110__704S,no survey
Cl* NGC 7078     SS      11,DSS2 Red,1995AJ____110__704S,no survey
Cl* NGC 7078     SS      11,DSS2 Blue,1995AJ____110__704S,no survey
Cl* NGC 7078     SS      11,DSS2 IR,1995AJ____110__704S,no survey
MCG+04-33-028,Mellinger Red,1987ApJS___63__265W,exception
MCG+04-33-028,Mellinger Green,1987ApJS___63__265W,exception
MCG+04-33-028,Mellinger Blue,1987ApJS___63__265W,exception
MCG+04-33-028,SHASSA H,1987ApJS___63__265W,no survey
MCG+04-33-028,SHASSA CC,1987ApJS___63__265W,no survey
MCG+04-33-028,SHASSA C,1987ApJS___63__265W,no survey
MCG+04-33-028,SHASSA Sm,1987ApJS___63__265W,no survey
V* V4237 Sgr,Mellinger Red,1992AJ____103_1872B,exception
V* V4237 Sgr,Mellinger Green,1992AJ____103_1872B,exception
V* V4237 Sgr,Mellinger Blue,1992AJ____103_1872B,exception
V* V4237 Sgr,SHASSA H,1992AJ____103_1872B,no survey
V* V4237 Sgr,SHASSA CC,1992AJ____103_1872B,no survey
V* V4237 Sgr,SHASSA C,1992AJ____103_1872B,no survey
V* V4237 Sgr,SHASSA Sm,1992AJ____103_1872B,no survey
ESO  85-47,Mellinger Red,1995ApJS___96___39B,exception
ESO  85-47,Mellinger Green,1995ApJS___96___39B,exception
ESO  85-47,Mellinger Blue,1995ApJS___96___39B,exception
ESO  85-47,SHASSA H,1995ApJS___96___39B,no survey
ESO  85-47,SHASSA CC,1995ApJS___96___39B,no survey
ESO  85-47,SHASSA C,1995ApJS___96___39B,no survey
ESO  85-47,SHASSA Sm,1995ApJS___96___39B,no survey
PMN J0114-3302,CO,1996ApJS__103__145W,no survey
PMN J0114-3302,VLA FIRST (1.4 GHz),1996ApJS__103__145W,no survey
PMN J0114-3302,Stripe82VLA,1996ApJS__103__145W,no survey
PMN J0114-3302,EBHIS,1996ApJS__103__145W,no survey
UGC  3843,Mellinger Red,1996AJ____112_1803M,exception
UGC  3843,Mellinger Green,1996AJ____112_1803M,exception
UGC  3843,Mellinger Blue,1996AJ____112_1803M,exception
UGC  3843,SHASSA H,1996AJ____112_1803M,no survey
UGC  3843,SHASSA CC,1996AJ____112_1803M,no survey
UGC  3843,SHASSA C,1996AJ____112_1803M,no survey
UGC  3843,SHASSA Sm,1996AJ____112_1803M,no survey
